Fecha,Temperatura_Abrigo_150cm,Temperatura_Abrigo_150cm_Maxima,Temperatura_Abrigo_150cm_Minima,Temperatura_Intemperie_5cm_Minima,Temperatura_Intemperie_50cm_Minima,Temperatura_Suelo_5cm_Media,Temperatura_Suelo_10cm_Media,Temperatura_Inte_5cm,Temperatura_Intemperie_150cm_Minima,Humedad_Suelo,Precipitacion_Pluviometrica,Precipitacion_Cronologica,Precipitacion_Maxima_30minutos,Heliofania_Efectiva,Heliofania_Relativa,Tesion_Vapor_Media,Humedad_Media,Humedad_Media_8_14_20,Rocio_Medio,Duracion_Follaje_Mojado,Velocidad_Viento_200cm_Media,Direccion_Viento_200cm,Velocidad_Viento_1000cm_Media,Direccion_Viento_1000cm,Velocidad_Viento_Maxima,Presion_Media,Radiacion_Global,Horas_Frio,Unidades_Frio
2012-10-25 00:00:00.0,,,,,,,,,,,,,,,,,,,,,,  ,,  ,,,,,
2012-10-26 00:00:00.0,18.89375,28.2,11.1,,,,18.84097,,,,0.0,0.0,0.0,,,15.94413,73,69,13.84617,,,C ,,C ,,,,0.0,-12.53301
2012-10-27 00:00:00.0,17.57292,25.3,12.9,,,,19.39861,,,,0.0,0.0,0.0,,,15.77232,85,82,13.52439,,,C ,,C ,,,,0.0,-8.465997
2012-10-28 00:00:00.0,14.52847,27.0,4.4,,,,18.67778,,,,0.0,0.0,0.0,,,12.95635,75,69,10.39963,,,C ,,C ,,,,4.979998,-2.904999
2012-10-29 00:00:00.0,17.17986,23.7,13.7,,,,19.33404,,,,23.75,2.25,0.75,,,18.12426,95,93,15.92535,,,C ,,C ,,,,0.0,-10.043
2012-10-30 00:00:00.0,17.03472,22.9,12.6,,,,19.59513,,,,0.0,21.5,5.75,,,15.87696,84,77,13.86248,,,C ,,C ,,,,0.0,-10.292
2012-10-31 00:00:00.0,15.6442,24.4,8.3,,,,,,,,,,,,,,,,,,,  ,,  ,,,,,
2012-11-01 00:00:00.0,,,,,,,,,,,,,,,,,,,,,,  ,,  ,,,,,
2012-11-02 00:00:00.0,20.4875,29.7,11.7,,,,21.12153,,,,0.0,0.0,0.0,,,14.96169,65,59,12.88702,,,C ,,C ,,,,0.0,-14.11001
2012-11-03 00:00:00.0,19.81458,26.9,13.8,,,,21.03611,,,,0.0,0.0,0.0,,,15.47391,73,70,13.30865,,,C ,,C ,,,,0.0,-13.19701
2012-11-04 00:00:00.0,15.69445,28.4,3.4,,,,20.36528,,,,0.0,0.0,0.0,,,12.49472,71,64,9.993461,,,C ,,C ,,,,3.651999,-4.315999
2012-11-05 00:00:00.0,21.36736,31.5,13.1,,,,21.79444,,,,0.0,0.0,0.0,,,17.98501,70,73,15.58456,,,C ,,C ,,,,0.0,-15.52101
2012-11-06 00:00:00.0,21.55555,32.1,10.9,,,,22.72222,,,,0.0,0.0,0.0,,,17.79388,72,66,15.51822,,,C ,,C ,,,,0.0,-14.52501
2012-11-07 00:00:00.0,25.07986,33.4,18.7,,,,23.8257,,,,0.0,0.0,0.0,,,20.23166,69,66,17.66456,,,C ,,C ,,,,0.0,-23.65503
2012-11-08 00:00:00.0,23.94722,34.1,15.8,,,,24.44722,,,,0.0,0.0,0.0,,,19.63047,69,64,17.13857,,,C ,,C ,,,,0.0,-19.67102
2012-11-09 00:00:00.0,19.98194,29.4,14.6,,,,23.28542,,,,9.5,9.5,2.25,,,17.6138,84,84,15.03399,,,C ,,C ,,,,0.0,-13.61201
2012-11-10 00:00:00.0,11.22222,18.3,3.6,,,,19.66112,,,,0.0,0.0,0.0,,,10.43822,81,74,7.480312,,,C ,,C ,,,,6.971997,8.465995
2012-11-11 00:00:00.0,13.28194,21.7,6.7,,,,20.23472,,,,0.0,0.0,0.0,,,12.0153,79,72,9.608036,,,C ,,C ,,,,0.166,-0.0830001
2012-11-12 00:00:00.0,14.57986,23.2,6.4,,,,20.70556,,,,3.75,3.75,3.75,,,11.64575,74,69,9.117154,,,C ,,C ,,,,2.822,-1.493999
2012-11-13 00:00:00.0,14.4243,24.9,2.8,,,,20.97431,,,,0.0,0.0,0.0,,,10.89979,70,63,8.051456,,,C ,,C ,,,,6.971997,-2.572999
2012-11-14 00:00:00.0,16.00209,24.8,6.5,,,,21.18889,,,,0.0,0.0,0.0,,,12.84841,75,68,10.56966,,,C ,,C ,,,,1.494,-5.145999
2012-11-15 00:00:00.0,17.9382,27.7,7.5,,,,21.57083,,,,0.0,0.0,0.0,,,14.77477,74,70,12.71497,,,C ,,C ,,,,0.0,-8.631998
2012-11-16 00:00:00.0,19.1125,28.7,9.3,,,,22.6625,,,,0.0,0.0,0.0,,,15.64289,74,63,13.49132,,,C ,,C ,,,,0.0,-12.36701
2012-11-17 00:00:00.0,21.02917,29.6,11.6,,,,23.75001,,,,0.0,0.0,0.0,,,16.94969,73,63,14.83819,,,C ,,C ,,,,0.0,-15.85301
2012-11-18 00:00:00.0,20.18264,28.3,15.1,,,,23.44166,,,,23.0,21.25,14.0,,,19.61698,86,84,17.16557,,,C ,,C ,,,,0.0,-18.67502
2012-11-19 00:00:00.0,18.9,26.0,12.9,,,,23.075,,,,0.0,1.75,7.25,,,18.37467,84,75,16.10042,,,C ,,C ,,,,0.0,-13.69501
2012-11-20 00:00:00.0,20.1625,28.4,14.9,,,,24.50417,,,,0.0,0.0,0.0,,,18.95961,83,72,16.63157,,,C ,,C ,,,,0.0,-14.94001
2012-11-21 00:00:00.0,21.94097,30.6,16.5,,,,24.82986,,,,0.0,0.0,0.0,,,21.72022,81,76,18.73601,,,C ,,C ,,,,0.0,-19.58802
2012-11-22 00:00:00.0,20.57153,27.7,17.3,,,,23.95069,,,,9.75,9.75,2.25,,,20.1633,89,88,17.58602,,,C ,,C ,,,,0.0,-19.33902
2012-11-23 00:00:00.0,17.81875,24.2,13.2,,,,23.02292,,,,7.0,0.0,0.0,,,14.47315,74,68,12.43003,,,C ,,C ,,,,0.0,-11.371
2012-11-24 00:00:00.0,15.09097,22.7,8.6,,,,21.97985,,,,0.0,7.0,7.0,,,11.48006,75,64,8.796307,,,C ,,C ,,,,0.0,-1.992
2012-11-25 00:00:00.0,13.73472,25.1,3.3,,,,21.05903,,,,1.25,0.0,0.0,,,9.921726,63,59,6.661704,,,C ,,C ,,,,5.145998,-2.49
2012-11-26 00:00:00.0,17.51389,26.1,11.0,,,,22.26528,,,,0.0,1.25,0.75,,,14.646,76,72,12.61815,,,C ,,C ,,,,0.0,-9.212999
2012-11-27 00:00:00.0,19.89028,30.8,12.1,,,,22.52084,,,,0.75,0.75,0.75,,,14.67579,68,62,12.52222,,,C ,,C ,,,,0.0,-12.61601
2012-11-28 00:00:00.0,15.91666,24.2,7.5,,,,22.2125,,,,0.0,0.0,0.0,,,12.20679,74,69,9.832304,,,C ,,C ,,,,0.0,-2.656
2012-11-29 00:00:00.0,13.67153,22.9,4.2,,,,21.71458,,,,0.0,0.0,0.0,,,11.12092,73,65,8.4406,,,C ,,C ,,,,4.979998,-1.743001
2012-11-30 00:00:00.0,17.08112,26.0,9.7,,,,21.51538,,,,10.75,10.75,4.25,,,16.78883,83,83,14.58434,,,C ,,C ,,,,0.0,-11.288
2012-12-01 00:00:00.0,20.07847,29.1,12.3,,,,21.90489,,,,,0.0,0.0,,,13.67295,62,55,11.55466,,,C ,,C ,,,,0.0,-14.27601
2012-12-02 00:00:00.0,,,,,,,,,,,,,,,,,,,,,,  ,,  ,,,,,
2012-12-03 00:00:00.0,,,,,,,,,,,,,,,,,,,,,,  ,,  ,,,,,
2012-12-04 00:00:00.0,,,,,,,,,,,,,,,,,,,,,,  ,,  ,,,,,
2012-12-05 00:00:00.0,,,,,,,,,,,,,,,,,,,,,,  ,,  ,,,,,
2012-12-06 00:00:00.0,,,,,,,,,,,,,,,,,,,,,,  ,,  ,,,,,
2012-12-07 00:00:00.0,,,,,,,,,,,,,,,,,,,,,,  ,,  ,,,,,
2012-12-08 00:00:00.0,,,,,,,,,,,,,,,,,,,,,,  ,,  ,,,,,
2012-12-09 00:00:00.0,,,,,,,,,,,,,,,,,,,,,,  ,,  ,,,,,
2012-12-10 00:00:00.0,,,,,,,,,,,,,,,,,,,,,,  ,,  ,,,,,
2012-12-11 00:00:00.0,,,,,,,,,,,,,,,,,,,,,,  ,,  ,,,,,
2012-12-12 00:00:00.0,,,,,,,,,,,,,,,,,,,,,,  ,,  ,,,,,
2012-12-13 00:00:00.0,,,,,,,,,,,,,,,,,,,,,,  ,,  ,,,,,
2012-12-14 00:00:00.0,,,,,,,,,,,,,,,,,,,,,,  ,,  ,,,,,
2012-12-15 00:00:00.0,,,,,,,,,,,,,,,,,,,,,,  ,,  ,,,,,
2012-12-16 00:00:00.0,,,,,,,,,,,,,,,,,,,,,,  ,,  ,,,,,
2012-12-17 00:00:00.0,,,,,,,,,,,,,,,,,,,,,,  ,,  ,,,,,
2012-12-18 00:00:00.0,,,,,,,,,,,,,,,,,,,,,,  ,,  ,,,,,
2012-12-19 00:00:00.0,,,,,,,,,,,,,,,,,,,,,,  ,,  ,,,,,
2012-12-20 00:00:00.0,,,,,,,,,,,,,,,,,,,,,,  ,,  ,,,,,
2012-12-21 00:00:00.0,,,,,,,,,,,,,,,,,,,,,,  ,,  ,,,,,
2012-12-22 00:00:00.0,,,,,,,,,,,,,,,,,,,,,,  ,,  ,,,,,
2012-12-23 00:00:00.0,,,,,,,,,,,,,,,,,,,,,,  ,,  ,,,,,
2012-12-24 00:00:00.0,,,,,,,,,,,,,,,,,,,,,,  ,,  ,,,,,
2012-12-25 00:00:00.0,,,,,,,,,,,,,,,,,,,,,,  ,,  ,,,,,
2012-12-26 00:00:00.0,,,,,,,,,,,,,,,,,,,,,,  ,,  ,,,,,
2012-12-27 00:00:00.0,,,,,,,,,,,,,,,,,,,,,,  ,,  ,,,,,
2012-12-28 00:00:00.0,,,,,,,,,,,,,,,,,,,,,,  ,,  ,,,,,
2012-12-29 00:00:00.0,,,,,,,,,,,,,,,,,,,,,,  ,,  ,,,,,
2012-12-30 00:00:00.0,,,,,,,,,,,,,,,,,,,,,,  ,,  ,,,,,
2012-12-31 00:00:00.0,,,,,,,,,,,,,,,,,,,,,,  ,,  ,,,,,
2013-01-01 00:00:00.0,,,,,,,,,,,,,,,,,,,,,,  ,,  ,,,,,
2013-01-02 00:00:00.0,,,,,,,,,,,,,,,,,,,,,,  ,,  ,,,,,
2013-01-03 00:00:00.0,,,,,,,,,,,,,,,,,,,,,,  ,,  ,,,,,
2013-01-04 00:00:00.0,,,,,,,,,,,,,,,,,,,,,,  ,,  ,,,,,
2013-01-05 00:00:00.0,23.22222,30.2,20.0,,,,23.96874,,,,0.0,0.0,0.0,,,24.21288,87,79,20.5484,,,C ,,C ,,,,0.0,-23.90403
2013-01-06 00:00:00.0,22.56944,31.7,16.0,,,,24.55,,,,0.0,0.0,0.0,,,19.99591,75,65,17.47644,,,C ,,C ,,,,0.0,-20.08603
2013-01-07 00:00:00.0,24.81944,31.2,19.7,,,,25.18958,,,,0.0,0.0,0.0,,,20.81681,73,66,17.9458,,,C ,,C ,,,,0.0,-22.49303
2013-01-08 00:00:00.0,18.82083,28.1,8.5,,,,23.48402,,,,0.0,0.0,0.0,,,15.21744,73,66,13.14697,,,C ,,C ,,,,0.0,-10.458
2013-01-09 00:00:00.0,20.33264,31.3,8.9,,,,23.26459,,,,0.0,0.0,0.0,,,14.68814,65,57,12.64409,,,C ,,C ,,,,0.0,-12.69901
2013-01-10 00:00:00.0,23.76806,34.2,14.0,,,,24.32916,,,,0.0,0.0,0.0,,,19.67569,69,63,17.17543,,,C ,,C ,,,,0.0,-17.51302
2013-01-11 00:00:00.0,25.54444,34.5,15.2,,,,25.26458,,,,0.0,0.0,0.0,,,19.36939,66,57,16.88759,,,C ,,C ,,,,0.0,-20.91603
2013-01-12 00:00:00.0,25.98263,34.2,19.9,,,,25.83958,,,,0.0,0.0,0.0,,,21.24512,68,65,18.3717,,,C ,,C ,,,,0.0,-23.90403
2013-01-13 00:00:00.0,24.40139,31.6,16.0,,,,25.61875,,,,0.0,0.0,0.0,,,20.34654,72,69,17.71941,,,C ,,C ,,,,0.0,-22.07803
2013-01-14 00:00:00.0,21.98055,30.7,17.0,,,,25.4236,,,,0.0,0.0,0.0,,,20.20622,77,69,17.63325,,,C ,,C ,,,,0.0,-20.25203
2013-01-15 00:00:00.0,24.54027,33.8,14.8,,,,25.64028,,,,0.0,0.0,0.0,,,20.65108,71,65,17.96955,,,C ,,C ,,,,0.0,-21.41403
2013-01-16 00:00:00.0,24.73402,31.9,18.5,,,,25.71458,,,,0.0,0.0,0.0,,,21.90144,79,73,18.92501,,,C ,,C ,,,,0.0,-23.24003
2013-01-17 00:00:00.0,20.67847,26.6,16.4,,,,24.39792,,,,0.0,0.0,0.0,,,20.65096,86,83,17.99464,,,C ,,C ,,,,0.0,-20.75003
2013-01-18 00:00:00.0,18.97153,24.7,16.3,,,,23.49792,,,,0.0,0.0,0.0,,,18.76303,87,82,16.41749,,,C ,,C ,,,,0.0,-16.76602
2013-01-19 00:00:00.0,17.76597,24.8,10.9,,,,22.50694,,,,0.0,0.0,0.0,,,15.26892,79,73,13.23659,,,C ,,C ,,,,0.0,-9.628
2013-01-20 00:00:00.0,16.62847,28.5,7.2,,,,22.04375,,,,0.0,0.0,0.0,,,14.21063,75,69,11.99942,,,C ,,C ,,,,0.0,-6.971998
2013-01-21 00:00:00.0,20.2632,29.9,11.8,,,,22.98472,,,,0.0,0.0,0.0,,,16.76764,74,67,14.65267,,,C ,,C ,,,,0.0,-14.02701
2013-01-22 00:00:00.0,22.92153,31.5,16.4,,,,23.82639,,,,0.0,0.0,0.0,,,19.35234,72,65,16.96046,,,C ,,C ,,,,0.0,-19.75402
2013-01-23 00:00:00.0,24.38958,34.0,16.4,,,,24.51945,,,,0.0,0.0,0.0,,,20.20223,70,61,17.61817,,,C ,,C ,,,,0.0,-21.08203
2013-01-24 00:00:00.0,22.95,31.9,18.3,,,,24.64861,,,,0.0,0.0,0.0,,,20.12697,81,75,17.4955,,,C ,,C ,,,,0.0,-21.66302
2013-01-25 00:00:00.0,16.09792,22.7,10.1,,,,22.00765,,,,0.0,0.0,0.0,,,12.02937,71,63,9.460505,,,C ,,C ,,,,0.0,-6.722996
2013-01-26 00:00:00.0,17.50417,30.7,7.9,,,,21.30208,,,,0.0,0.0,0.0,,,10.86787,58,47,8.101362,,,C ,,C ,,,,0.0,-7.469997
2013-01-27 00:00:00.0,22.79722,33.5,12.4,,,,22.80486,,,,0.0,0.0,0.0,,,14.69437,55,50,12.568,,,C ,,C ,,,,0.0,-16.10201
2013-01-28 00:00:00.0,27.93958,38.5,18.9,,,,24.7882,,,,0.0,0.0,0.0,,,19.47138,55,52,16.97859,,,C ,,C ,,,,0.0,-23.90403
2013-01-29 00:00:00.0,27.83264,37.3,20.2,,,,25.58611,,,,0.0,0.0,0.0,,,18.78547,57,60,16.45783,,,C ,,C ,,,,0.0,-23.90403
2013-01-30 00:00:00.0,23.19236,31.5,17.8,,,,25.0125,,,,0.0,0.0,0.0,,,20.97128,76,74,18.23422,,,C ,,C ,,,,0.0,-23.24003
2013-01-31 00:00:00.0,23.26667,32.5,16.7,,,,25.12501,,,,0.0,0.0,0.0,,,21.8419,78,69,18.89196,,,C ,,C ,,,,0.0,-22.82503
2013-02-01 00:00:00.0,26.7125,35.9,20.2,,,,26.025,,,,0.0,0.0,0.0,,,23.52802,70,63,20.08828,,,C ,,C ,,,,0.0,-23.90403
2013-02-02 00:00:00.0,21.97223,34.2,12.1,,,,24.84583,,,,0.0,0.0,0.0,,,14.70202,67,60,12.31158,,,C ,,C ,,,,0.0,-16.51702
2013-02-03 00:00:00.0,16.06181,26.7,6.3,,,,22.4382,,,,0.0,0.0,0.0,,,10.318,64,53,7.29074,,,C ,,C ,,,,1.66,-3.900999
2013-02-04 00:00:00.0,19.37639,30.6,9.5,,,,22.75973,,,,0.0,0.0,0.0,,,12.35772,61,55,10.05021,,,C ,,C ,,,,0.0,-10.458
2013-02-05 00:00:00.0,22.07362,33.8,11.0,,,,23.4125,,,,0.0,0.0,0.0,,,12.88246,53,48,10.59024,,,C ,,C ,,,,0.0,-14.27601
2013-02-06 00:00:00.0,24.37986,35.0,14.3,,,,24.44237,,,,0.0,0.0,0.0,,,16.56987,60,55,14.48709,,,C ,,C ,,,,0.0,-19.33902
2013-02-07 00:00:00.0,24.7132,34.3,17.4,,,,25.03124,,,,0.0,0.0,0.0,,,17.95398,64,55,15.68768,,,C ,,C ,,,,0.0,-22.49303
2013-02-08 00:00:00.0,24.13333,35.4,13.2,,,,25.14514,,,,0.0,0.0,0.0,,,18.44943,67,60,16.15859,,,C ,,C ,,,,0.0,-18.92402
2013-02-09 00:00:00.0,24.98055,35.3,16.5,,,,25.50208,,,,0.0,0.0,0.0,,,18.56965,67,57,16.1697,,,C ,,C ,,,,0.0,-21.16503
2013-02-10 00:00:00.0,25.97153,36.0,20.2,,,,26.04375,,,,0.0,0.0,0.0,,,25.21519,78,73,21.20781,,,C ,,C ,,,,0.0,-23.90403
2013-02-11 00:00:00.0,25.65973,34.9,20.3,,,,26.43263,,,,0.0,0.0,0.0,,,22.6425,72,63,19.33548,,,C ,,C ,,,,0.0,-23.90403
2013-02-12 00:00:00.0,25.35556,33.0,17.8,,,,25.84652,,,,0.0,0.0,0.0,,,19.09681,66,59,16.60145,,,C ,,C ,,,,0.0,-23.65503
2013-02-13 00:00:00.0,22.77778,34.0,10.2,,,,24.91945,,,,0.0,0.0,0.0,,,13.91303,60,46,11.45535,,,C ,,C ,,,,0.0,-14.60801
2013-02-14 00:00:00.0,22.65278,35.1,10.9,,,,24.80139,,,,0.0,0.0,0.0,,,15.49672,65,53,13.30767,,,C ,,C ,,,,0.0,-14.69101
2013-02-15 00:00:00.0,25.94791,37.1,18.1,,,,25.79029,,,,0.0,0.0,0.0,,,19.94434,66,55,17.14189,,,C ,,C ,,,,0.0,-23.90403
2013-02-16 00:00:00.0,26.37848,36.1,19.3,,,,26.3632,,,,0.0,0.0,0.0,,,22.89885,72,65,19.57906,,,C ,,C ,,,,0.0,-23.90403
2013-02-17 00:00:00.0,24.31458,31.3,17.1,,,,25.82917,,,,0.0,0.0,0.0,,,20.69688,78,77,17.68935,,,C ,,C ,,,,0.0,-19.67102
2013-02-18 00:00:00.0,17.1875,26.5,7.9,,,,23.25069,,,,0.0,0.0,0.0,,,12.0462,66,55,9.502129,,,C ,,C ,,,,0.0,-8.382998
2013-02-19 00:00:00.0,17.75417,28.0,9.9,,,,22.52223,,,,0.0,0.0,0.0,,,11.19715,63,52,8.332563,,,C ,,C ,,,,0.0,-7.469999
2013-02-20 00:00:00.0,17.9375,28.7,7.1,,,,21.96319,,,,0.0,0.0,0.0,,,10.90151,62,53,8.075065,,,C ,,C ,,,,0.0,-6.390998
2013-02-21 00:00:00.0,19.10972,28.9,9.9,,,,22.23889,,,,0.0,0.0,0.0,,,12.94329,65,54,10.62561,,,C ,,C ,,,,0.0,-10.624
2013-02-22 00:00:00.0,20.75903,31.2,9.7,,,,22.74722,,,,0.0,0.0,0.0,,,14.00122,65,52,11.65325,,,C ,,C ,,,,0.0,-13.44601
2013-02-23 00:00:00.0,21.7757,28.0,17.4,,,,23.16319,,,,0.0,0.0,0.0,,,18.87418,77,73,16.55291,,,C ,,C ,,,,0.0,-21.08203
2013-02-24 00:00:00.0,21.91181,31.8,18.2,,,,23.64792,,,,0.0,0.0,0.0,,,18.36217,77,66,15.80508,,,C ,,C ,,,,0.0,-22.41003
2013-02-25 00:00:00.0,17.08263,22.3,13.6,,,,21.67014,,,,0.0,0.0,0.0,,,13.39336,72,66,11.09156,,,C ,,C ,,,,0.0,-9.711
2013-02-26 00:00:00.0,14.7632,22.3,9.1,,,,19.43124,,,,0.0,0.0,0.0,,,11.77986,72,67,9.3605,,,C ,,C ,,,,0.0,-5.228999
2013-02-27 00:00:00.0,14.78264,25.5,6.2,,,,19.36736,,,,0.0,0.0,0.0,,,12.13244,80,72,9.760663,,,E ,,C ,15.4,,,0.83,0.6639994
2013-02-28 00:00:00.0,16.52986,26.8,7.8,,,,20.03333,,,,0.0,0.0,0.0,,,13.57956,74,64,11.41551,,2.95625,E ,3.695313,  ,21.4,,,0.0,-5.892999
2013-03-01 00:00:00.0,17.36667,24.5,11.7,,,,20.20347,,,,0.0,0.0,0.0,,,18.09547,88,82,15.81096,,3.443056,E ,4.30382,  ,26.6,,,0.0,-14.02701
2013-03-02 00:00:00.0,18.94305,22.6,17.0,,,,20.06111,,,,0.0,0.0,0.0,,,19.43827,91,85,16.96806,,10.31041,W ,12.88802,  ,46.4,,,0.0,-18.59202
2013-03-03 00:00:00.0,17.0757,23.3,13.5,,,,19.35486,,,,0.0,0.0,0.0,,,14.49413,80,74,12.45905,,10.00903,S ,12.51128,  ,35.4,,,0.0,-8.631997
2013-03-04 00:00:00.0,14.55278,21.6,9.5,,,,18.52708,,,,0.0,0.0,0.0,,,12.56552,81,76,10.30601,,5.245833,S ,6.557291,  ,35.6,,,0.0,-1.162
2013-03-05 00:00:00.0,15.81388,26.9,7.1,,,,18.23889,,,,0.0,0.0,0.0,,,13.0371,72,59,10.80135,,1.710417,C ,2.138021,  ,18.3,,,0.0,-5.561
2013-03-06 00:00:00.0,19.40069,28.7,10.3,,,,19.06111,,,,0.0,0.0,0.0,,,14.99067,71,65,12.93217,,3.414583,W ,4.268229,  ,27.2,,,0.0,-9.794001
2013-03-07 00:00:00.0,16.24791,26.4,7.6,,,,18.77153,,,,0.0,0.0,0.0,,,12.99604,77,76,10.70478,,1.766667,C ,2.208333,  ,17.2,,,0.0,-5.477996
2013-03-08 00:00:00.0,18.85845,30.0,9.8,,,,19.64225,,,,0.0,0.0,0.0,,,17.20984,78,73,14.97351,,1.459155,C ,1.823944,  ,14.1,,,0.0,-12.28401
2013-03-09 00:00:00.0,23.56251,32.0,17.4,,,,21.67361,,,,0.0,0.0,0.0,,,21.17381,74,68,18.39795,,2.239583,W ,2.799479,  ,20.3,,,0.0,-22.74203
2013-03-10 00:00:00.0,19.64722,23.9,12.0,,,,20.98959,,,,0.0,0.0,0.0,,,13.7902,70,65,11.53217,,9.243057,S ,11.55382,  ,38.4,,,0.0,-12.94801
2013-03-11 00:00:00.0,15.79236,26.0,7.4,,,,19.06112,,,,0.0,0.0,0.0,,,12.70552,73,66,10.38457,,4.446528,W ,5.55816,  ,23.3,,,0.0,-5.146
2013-03-12 00:00:00.0,15.10764,23.8,5.4,,,,18.75525,,,,0.0,0.0,0.0,,,10.46842,69,58,7.592185,,2.886714,C ,3.608392,  ,20.5,,,1.992,-1.992
2013-03-13 00:00:00.0,12.63077,20.6,7.8,,,,17.7375,,,,0.0,0.0,0.0,,,10.45364,80,73,7.489028,,3.795835,C ,4.744793,  ,23.6,,,2.822,6.556999
2013-03-14 00:00:00.0,9.872919,18.9,2.3,,,,16.11667,,,,0.0,0.0,0.0,,,9.404849,79,76,5.963531,,3.104861,C ,3.881077,  ,20.9,,,7.967996,8.880996
2013-03-15 00:00:00.0,10.06458,17.3,4.8,,,,15.49305,,,,0.0,0.0,0.0,,,9.533315,83,81,6.227599,,2.367361,C ,2.959201,  ,22.0,,,10.79,13.03101
2013-03-16 00:00:00.0,10.0,20.3,1.4,,,,14.78958,,,,0.0,0.0,0.0,,,8.824881,76,72,5.051031,,2.730555,C ,3.413194,  ,18.9,,,10.292,5.228998
2013-03-17 00:00:00.0,9.886109,20.5,0.7,,,,14.50139,,,,0.0,0.0,0.0,,,9.018767,77,70,5.336023,,2.306945,E ,2.883681,  ,25.4,,,9.295999,4.730996
2013-03-18 00:00:00.0,12.26875,19.6,4.8,,,,14.91597,,,,0.0,0.0,0.0,,,12.91942,85,84,10.49139,,2.3125,E ,2.890625,  ,22.7,,,4.647998,0.7469969
2013-03-19 00:00:00.0,15.02987,23.2,7.0,,,,15.75071,,,,0.0,0.0,0.0,,,15.1716,85,80,12.95398,,3.169444,E ,3.961805,  ,22.9,,,0.0,-7.055004
2013-03-20 00:00:00.0,19.44722,24.7,16.4,,,,17.63473,,,,0.0,0.0,0.0,,,19.6643,87,84,17.21912,,3.310417,E ,4.138022,  ,24.0,,,0.0,-18.42602
2013-03-21 00:00:00.0,19.47292,27.1,12.1,,,,18.4007,,,,0.0,0.0,0.0,,,16.53387,80,77,14.03825,,7.467361,S ,9.334202,  ,34.4,,,0.0,-11.786
2013-03-22 00:00:00.0,14.61875,25.7,5.3,,,,16.925,,,,0.0,0.0,0.0,,,8.948683,59,52,5.325369,,3.500695,W ,4.375869,  ,20.3,,,4.481998,-0.9960003
2013-03-23 00:00:00.0,15.57361,27.0,6.0,,,,16.75903,,,,0.0,0.0,0.0,,,12.07678,72,64,9.478816,,2.637501,C ,3.296876,  ,21.4,,,3.485999,-2.407
2013-03-24 00:00:00.0,17.0507,28.3,8.9,,,,17.50764,,,,0.0,0.0,0.0,,,14.41356,76,71,12.26192,,1.986805,C ,2.483507,  ,17.2,,,0.0,-8.632004
2013-03-25 00:00:00.0,17.92986,25.1,14.1,,,,18.23541,,,,0.0,0.0,0.0,,,16.98788,88,87,14.90896,,2.992362,C ,3.740452,  ,19.9,,,0.0,-9.544999
2013-03-26 00:00:00.0,15.50556,25.1,8.0,,,,17.54653,,,,0.0,0.0,0.0,,,12.95404,78,66,10.65801,,2.121528,C ,2.651911,  ,14.9,,,0.0,-2.904999
2013-03-27 00:00:00.0,17.48055,29.2,8.7,,,,17.49444,,,,0.0,0.0,0.0,,,13.02863,69,60,10.85247,,1.585417,C ,1.981771,  ,16.3,,,0.0,-7.968001
2013-03-28 00:00:00.0,18.7,28.2,11.1,,,,17.75764,,,,0.0,0.0,0.0,,,13.44693,68,63,11.28603,,1.790973,C ,2.238716,  ,19.1,,,0.0,-9.129999
2013-03-29 00:00:00.0,18.58194,29.3,9.2,,,,17.84861,,,,0.0,0.0,0.0,,,15.00621,74,68,12.92397,,1.783333,C ,2.229167,  ,17.5,,,0.0,-9.794001
2013-03-30 00:00:00.0,19.87431,29.9,11.0,,,,18.35972,,,,0.0,0.0,0.0,,,16.14152,75,70,14.03283,,1.449305,C ,1.811632,  ,13.4,,,0.0,-13.11401
2013-03-31 00:00:00.0,18.24027,25.4,13.6,,,,18.61736,,,,0.0,0.0,0.0,,,18.94553,91,91,16.61271,,4.459722,SE,5.574653,  ,24.3,,,0.0,-13.36301
2013-04-01 00:00:00.0,17.87556,,,,,,18.65,,,,,,,,,19.54146,94,94,17.13256,,,E ,,C ,28.8,,,,-15.93601
2013-04-02 00:00:00.0,18.67305,20.4,17.8,,,,18.80555,,,,0.0,0.0,0.0,,,20.9859,98,97,18.25935,,4.611805,E ,5.764756,  ,26.1,,,0.0,-20.91603
2013-04-03 00:00:00.0,,,,,,,,,,,,,,,,,,,,,,  ,,  ,,,,,
2013-04-04 00:00:00.0,,,,,,,,,,,,,,,,,,,,,,  ,,  ,,,,,
2013-04-05 00:00:00.0,17.66597,25.8,11.3,,,,18.73056,,,,0.0,0.0,0.0,,,15.96588,81,76,13.92855,,3.529861,C ,4.412327,  ,20.9,,,0.0,-9.711
2013-04-06 00:00:00.0,14.34375,17.9,11.1,,,,17.40139,,,,0.0,0.0,0.0,,,10.71229,71,66,7.351038,,7.781944,W ,9.72743,  ,43.3,,,0.0,2.656
2013-04-07 00:00:00.0,12.51181,23.6,3.3,,,,15.50625,,,,0.0,0.0,0.0,,,9.411402,67,60,5.927075,,3.315278,W ,4.144097,  ,22.8,,,7.137997,2.738999
2013-04-08 00:00:00.0,15.12708,27.0,5.5,,,,15.84653,,,,0.0,0.0,0.0,,,11.61217,70,66,9.08498,,1.85625,E ,2.320313,  ,15.0,,,2.158,-3.153999
2013-04-09 00:00:00.0,16.45625,25.6,9.6,,,,16.54514,,,,0.0,0.0,0.0,,,14.70104,82,77,12.63559,,2.031945,E ,2.539931,  ,17.5,,,0.0,-4.896997
2013-04-10 00:00:00.0,15.20625,22.9,10.0,,,,16.58333,,,,0.5,0.0,0.0,,,14.00341,80,77,11.85856,,2.166667,E ,2.708333,  ,19.1,,,0.0,-6.557003
2013-04-11 00:00:00.0,17.68472,21.7,14.1,,,,17.21181,,,,0.0,0.5,0.25,,,18.77443,93,93,16.48325,,3.281249,E ,4.101562,  ,25.5,,,0.0,-14.60801
2013-04-12 00:00:00.0,14.47917,18.5,8.0,,,,16.27708,,,,0.0,0.0,0.0,,,11.13245,76,68,8.064869,,12.8882,S ,16.11024,  ,43.0,,,3.319999,3.319999
2013-04-13 00:00:00.0,9.9625,19.1,2.8,,,,14.03959,,,,0.0,0.0,0.0,,,7.764194,68,59,3.312376,,6.298611,W ,7.873264,  ,34.2,,,7.635996,9.212998
2013-04-14 00:00:00.0,14.12917,24.9,7.3,,,,14.18333,,,,0.0,0.0,0.0,,,10.35036,64,60,7.390425,,5.677778,W ,7.097223,  ,25.8,,,0.0,-1.577001
2013-04-15 00:00:00.0,14.1625,21.8,9.0,,,,14.60903,,,,0.0,0.0,0.0,,,12.50926,79,78,10.24642,,9.117359,S ,11.3967,  ,33.1,,,0.0,-1.245001
2013-04-16 00:00:00.0,13.87986,21.5,10.4,,,,14.89583,,,,0.0,0.0,0.0,,,12.18691,81,79,9.860463,,3.568751,C ,4.460938,  ,17.8,,,0.0,2.655999
2013-04-17 00:00:00.0,13.16042,24.1,4.9,,,,14.44792,,,,0.0,0.0,0.0,,,13.34336,84,79,10.94483,,1.927778,C ,2.409722,  ,18.6,,,4.481998,0.2489997
2013-04-18 00:00:00.0,18.48263,29.1,11.4,,,,15.81875,,,,0.0,0.0,0.0,,,17.17203,79,75,14.93068,,2.775695,W ,3.469619,  ,19.4,,,0.0,-12.28401
2013-04-19 00:00:00.0,19.61598,30.0,12.0,,,,16.66528,,,,0.0,0.0,0.0,,,15.28204,73,64,13.28062,,2.600694,W ,3.250868,  ,16.2,,,0.0,-11.703
2013-04-20 00:00:00.0,19.18334,31.2,9.9,,,,16.47569,,,,0.0,0.0,0.0,,,14.2518,70,62,12.19107,,1.152778,C ,1.440972,  ,9.0,,,0.0,-9.711
2013-04-21 00:00:00.0,16.7868,29.7,3.5,,,,15.95833,,,,0.0,0.0,0.0,,,13.96025,78,76,11.56922,,1.211805,C ,1.514757,  ,13.0,,,4.647998,-4.066998
2013-04-22 00:00:00.0,17.42431,27.8,11.1,,,,16.55695,,,,0.25,0.0,0.0,,,16.77818,86,84,14.63685,,1.371528,C ,1.71441,  ,11.6,,,0.0,-7.137999
2013-04-23 00:00:00.0,16.325,23.6,13.3,,,,17.17569,,,,0.0,0.25,0.25,,,17.99196,95,92,15.77299,,0.9277777,C ,1.159722,  ,11.0,,,0.0,-9.794004
2013-04-24 00:00:00.0,18.79028,26.0,16.1,,,,17.84097,,,,0.0,0.0,0.0,,,18.98824,89,86,16.68267,,1.052084,C ,1.315104,  ,11.7,,,0.0,-16.43402
2013-04-25 00:00:00.0,18.62778,27.7,11.8,,,,17.7375,,,,0.0,0.0,0.0,,,17.02821,82,75,14.93007,,1.729167,C ,2.161458,  ,14.4,,,0.0,-12.28401
2013-04-26 00:00:00.0,15.61666,19.5,10.5,,,,17.14166,,,,0.25,0.25,0.25,,,17.1494,99,98,14.99472,,2.411806,E ,3.014758,  ,15.4,,,0.0,-4.897001
2013-04-27 00:00:00.0,18.14444,23.4,14.5,,,,17.76181,,,,15.75,0.75,0.75,,,19.89312,92,90,17.4038,,2.093056,E ,2.61632,  ,21.7,,,0.0,-19.17302
2013-04-28 00:00:00.0,18.62361,24.2,15.4,,,,18.15209,,,,0.75,15.75,8.25,,,18.95864,93,86,16.56188,,3.055555,W ,3.819444,  ,20.3,,,0.0,-14.94002
2013-04-29 00:00:00.0,16.22639,20.4,13.2,,,,17.36596,,,,0.0,0.0,0.0,,,16.57325,93,91,14.49584,,6.740973,S ,8.426216,  ,24.1,,,0.0,-6.556996
2013-04-30 00:00:00.0,13.12917,23.2,6.3,,,,15.98472,,,,0.25,0.0,0.0,,,14.51539,94,89,12.18332,,1.072222,C ,1.340277,  ,10.5,,,2.158,2.49
2013-05-01 00:00:00.0,14.47361,19.4,11.3,,,,15.90695,,,,6.75,7.0,2.0,,,15.99942,96,95,13.93818,,1.399305,C ,1.749132,  ,16.5,,,0.0,-1.909
2013-05-02 00:00:00.0,15.17083,18.9,12.2,,,,16.21111,,,,0.0,0.0,0.0,,,16.32596,96,94,14.28456,,2.530555,C ,3.163194,  ,16.0,,,0.0,-3.153998
2013-05-03 00:00:00.0,11.92639,13.5,10.6,,,,15.19584,,,,6.0,5.75,2.0,,,13.01312,98,98,10.79176,,3.771528,E ,4.71441,  ,22.0,,,1.826,11.28801
2013-05-04 00:00:00.0,11.31667,21.6,4.6,,,,13.75764,,,,0.0,0.25,0.25,,,12.2506,88,85,9.656298,,2.995833,W ,3.744792,  ,24.1,,,7.635996,5.063001
2013-05-05 00:00:00.0,11.72986,19.8,5.2,,,,13.60347,,,,0.0,0.0,0.0,,,10.5231,81,76,7.654088,,2.915972,C ,3.644965,  ,18.4,,,5.975997,6.473998
2013-05-06 00:00:00.0,11.77153,20.8,7.5,,,,13.09376,,,,1.75,1.75,1.5,,,11.90088,88,80,9.411594,,6.379168,S ,7.973959,  ,43.0,,,0.0,9.627995
2013-05-07 00:00:00.0,9.38264,17.3,3.5,,,,12.33125,,,,0.0,0.0,0.0,,,8.802693,78,75,5.087207,,4.223612,W ,5.279515,  ,28.6,,,7.801996,14.02701
2013-05-08 00:00:00.0,13.25556,24.1,7.1,,,,12.35277,,,,0.0,0.0,0.0,,,11.03169,72,66,8.207747,,5.750694,W ,7.188367,  ,33.7,,,0.0,2.573
2013-05-09 00:00:00.0,14.22014,25.6,5.3,,,,12.97917,,,,0.0,0.0,0.0,,,13.81167,84,79,11.50971,,1.294445,C ,1.618056,  ,13.4,,,1.826,-1.245
2013-05-10 00:00:00.0,15.45486,23.2,10.6,,,,13.8375,,,,0.0,0.0,0.0,,,16.03044,90,87,13.93122,,1.578472,C ,1.97309,  ,10.8,,,0.0,-4.731001
2013-05-11 00:00:00.0,15.27222,20.8,7.9,,,,14.23195,,,,0.0,0.0,0.0,,,12.50216,79,73,10.00226,,4.357638,S ,5.447047,  ,21.9,,,0.0,-1.244999
2013-05-12 00:00:00.0,12.17083,21.0,6.4,,,,13.12014,,,,0.0,0.0,0.0,,,11.18625,81,75,8.557281,,2.2375,C ,2.796875,  ,15.6,,,0.83,6.059001
2013-05-13 00:00:00.0,11.91042,20.4,5.4,,,,12.57778,,,,0.0,0.0,0.0,,,9.363194,72,66,5.966363,,1.910418,C ,2.388022,  ,12.5,,,4.813998,6.141998
2013-05-14 00:00:00.0,11.275,18.8,4.1,,,,12.21041,,,,0.0,0.0,0.0,,,9.735634,77,75,6.468277,,3.225694,C ,4.032118,  ,18.5,,,4.979998,9.544997
2013-05-15 00:00:00.0,6.37986,10.2,0.8,,,,10.69167,,,,0.0,0.0,0.0,,,5.921834,66,62,-0.7594817,,10.22986,W ,12.78733,  ,39.1,,,17.26402,
2013-05-16 00:00:00.0,6.523611,14.1,0.9,,,,9.655556,,,,0.0,0.0,0.0,,,7.423795,79,77,2.643322,,5.290277,W ,6.612846,  ,20.5,,,15.10601,15.43802
2013-05-17 00:00:00.0,7.964583,17.7,0.4,,,,9.619446,,,,0.0,0.0,0.0,,,7.316151,71,68,2.451889,,3.443751,W ,4.304688,  ,20.9,,,13.11401,11.454
2013-05-18 00:00:00.0,7.177779,14.3,-0.5,,,,9.35902,,,,2.75,1.0,0.25,,,9.670211,91,91,6.229871,,1.254167,C ,1.567708,  ,15.2,,,9.129998,14.27601
2013-05-19 00:00:00.0,9.567356,12.6,8.1,,,,10.53265,,,,4.0,5.25,0.75,,,11.94083,98,98,9.559222,,3.049999,C ,3.812499,  ,13.1,,,0.0,15.85301
2013-05-20 00:00:00.0,11.47083,17.2,8.3,,,,11.36388,,,,0.0,0.5,0.25,,,12.53942,94,91,10.25922,,2.647223,C ,3.309029,  ,16.4,,,0.166,8.798003
2013-05-21 00:00:00.0,11.47083,19.4,6.8,,,,11.75138,,,,0.25,0.0,0.0,,,11.96499,91,85,9.583701,,2.383332,C ,2.979166,  ,11.4,,,0.498,7.220998
2013-05-22 00:00:00.0,9.220137,19.9,2.7,,,,11.05625,,,,0.0,0.25,0.25,,,10.35905,89,82,7.267978,,1.590278,C ,1.987847,  ,10.2,,,8.963998,12.11801
2013-05-23 00:00:00.0,10.28542,19.3,3.6,,,,10.82639,,,,0.75,0.75,0.5,,,11.71635,92,88,9.07217,,3.127084,W ,3.908855,  ,20.4,,,7.137997,9.379003
2013-05-24 00:00:00.0,10.85972,16.9,3.9,,,,11.12153,,,,0.0,0.0,0.0,,,10.06666,85,81,6.797983,,5.841665,S ,7.302082,  ,26.5,,,6.473997,9.461997
2013-05-25 00:00:00.0,7.06111,18.1,-1.6,,,,9.436805,,,,0.0,0.0,0.0,,,9.595181,88,87,5.916442,,1.4875,C ,1.859375,  ,17.4,,,8.797997,5.560998
2013-05-26 00:00:00.0,13.26528,20.7,8.0,,,,11.06111,,,,0.25,0.0,0.0,,,13.63573,89,86,11.52756,,4.552777,W ,5.690971,  ,24.5,,,0.0,1.411
2013-05-27 00:00:00.0,10.14028,18.4,3.9,,,,11.26528,,,,0.0,0.25,0.25,,,12.09552,96,93,9.50346,,1.034722,C ,1.293402,  ,9.5,,,6.307997,11.537
2013-05-28 00:00:00.0,12.09583,15.9,9.6,,,,11.74236,,,,22.5,22.25,8.25,,,14.04344,100,100,11.9469,,2.924305,E ,3.655382,  ,23.6,,,0.0,7.885006
2013-05-29 00:00:00.0,10.91111,18.2,5.5,,,,11.51666,,,,0.0,0.25,0.25,,,10.35306,85,81,7.43466,,4.020139,W ,5.025174,  ,18.3,,,6.141997,12.53301
2013-05-30 00:00:00.0,8.712502,16.4,2.2,,,,10.56389,,,,0.0,0.0,0.0,,,9.166202,79,75,5.635345,,5.46736,W ,6.834201,  ,29.7,,,8.465997,12.53301
2013-05-31 00:00:00.0,11.80347,16.5,8.0,,,,10.82917,,,,0.0,0.0,0.0,,,11.27721,82,80,8.679716,,3.656945,W ,4.571181,  ,23.1,,,0.0,8.549
2013-06-01 00:00:00.0,11.75348,22.2,4.1,,,,10.95485,,,,0.5,0.5,0.5,,,10.02166,75,73,6.907064,,4.190277,W ,5.237846,  ,42.5,,,5.477998,5.727001
2013-06-02 00:00:00.0,10.33958,16.6,4.9,,,,10.64791,,,,0.0,0.0,0.0,,,8.762772,76,78,5.028516,,6.209027,W ,7.761284,  ,34.2,,,9.461999,14.44201
2013-06-03 00:00:00.0,9.488195,17.3,3.5,,,,10.15765,,,,0.0,0.0,0.0,,,10.41693,82,80,7.454926,,3.269444,W ,4.086805,  ,19.3,,,6.307997,11.454
2013-06-04 00:00:00.0,12.96597,18.7,6.1,,,,11.01319,,,,0.0,0.0,0.0,,,10.44715,76,76,7.575988,,7.088197,W ,8.860246,  ,33.1,,,4.481998,7.054996
2013-06-05 00:00:00.0,10.32083,19.2,5.2,,,,10.54445,,,,0.25,0.25,0.25,,,10.17196,80,71,7.041504,,7.511805,W ,9.389756,  ,37.1,,,5.145998,10.209
2013-06-06 00:00:00.0,9.198614,15.0,3.7,,,,10.325,,,,0.25,0.25,0.25,,,9.431414,87,87,6.095425,,4.702083,S ,5.877604,  ,26.2,,,10.956,17.43002
2013-06-07 00:00:00.0,8.364582,18.6,3.5,,,,9.614584,,,,0.0,0.0,0.0,,,8.271874,77,73,4.040859,,6.385416,W ,7.98177,  ,35.9,,,14.44201,14.94001
2013-06-08 00:00:00.0,6.52639,15.8,-0.1,,,,8.68958,,,,0.0,0.0,0.0,,,7.352279,77,75,2.418707,,2.557639,W ,3.197049,  ,12.4,,,14.94001,10.956
2013-06-09 00:00:00.0,8.713888,13.7,4.2,,,,9.081951,,,,0.0,0.0,0.0,,,11.52477,97,97,8.870449,,2.324306,C ,2.905382,  ,20.4,,,7.137997,14.19301
2013-06-10 00:00:00.0,12.60208,19.6,8.0,,,,10.57431,,,,0.0,0.0,0.0,,,12.45243,87,83,10.17165,,3.666667,W ,4.583333,  ,20.5,,,0.0,4.897
2013-06-11 00:00:00.0,11.68889,20.6,5.1,,,,10.70416,,,,0.0,0.0,0.0,,,13.13623,91,87,10.70468,,3.610416,W ,4.51302,  ,18.9,,,4.813998,4.398998
2013-06-12 00:00:00.0,15.61458,17.4,13.1,,,,12.60625,,,,0.25,0.0,0.0,,,16.70179,98,96,14.55559,,4.229166,W ,5.286457,  ,20.8,,,0.0,-3.154
2013-06-13 00:00:00.0,12.0632,22.9,5.0,,,,12.04097,,,,0.0,0.25,0.25,,,12.02266,86,84,9.410241,,3.686111,S ,4.607639,  ,20.5,,,6.473997,6.308001
2013-06-14 00:00:00.0,7.56389,13.5,2.0,,,,10.59514,,,,0.0,0.0,0.0,,,7.504842,81,76,2.751028,,4.445833,C ,5.557292,  ,29.4,,,14.77401,16.68302
2013-06-15 00:00:00.0,6.139584,13.2,-0.5,,,,9.023621,,,,5.5,0.0,0.0,,,8.411937,83,78,4.316164,,2.836806,C ,3.546008,  ,22.6,,,8.963998,11.45401
2013-06-16 00:00:00.0,9.022223,12.5,4.5,,,,9.850691,,,,6.5,12.0,3.0,,,10.39859,96,97,7.3692,,2.963888,W ,3.70486,  ,20.9,,,6.141997,
2013-06-17 00:00:00.0,4.390277,13.4,-2.2,,,,7.992361,,,,0.25,0.25,0.25,,,6.719583,84,80,1.234025,,1.403473,C ,1.754341,  ,14.4,,,16.93201,8.216998
2013-06-18 00:00:00.0,5.73611,15.0,0.4,,,,7.362503,,,,0.0,0.0,0.0,,,8.112957,87,89,3.596479,,4.277777,W ,5.347221,  ,27.1,,,15.43801,9.960005
2013-06-19 00:00:00.0,3.358333,11.8,-3.2,,,,6.552776,,,,0.0,0.0,0.0,,,5.011497,68,63,-2.726655,,4.597223,W ,5.746529,  ,20.4,,,17.43002,
2013-06-20 00:00:00.0,3.496528,13.1,-2.5,,,,5.883334,,,,0.0,0.0,0.0,,,5.015688,67,63,-2.762765,,4.374999,W ,5.468748,  ,22.7,,,17.26402,7.635998
2013-06-21 00:00:00.0,4.320138,13.5,-2.5,,,,5.863194,,,,0.0,0.0,0.0,,,6.339067,74,73,0.3730275,,4.566665,W ,5.708332,  ,26.1,,,16.26801,10.458
2013-06-22 00:00:00.0,7.799998,13.0,2.5,,,,6.80208,,,,0.0,0.0,0.0,,,7.265148,74,77,2.285119,,6.388887,S ,7.986109,  ,24.1,,,12.118,16.26801
2013-06-23 00:00:00.0,4.397917,14.4,-3.1,,,,5.795834,,,,0.0,0.0,0.0,,,5.831571,71,66,-0.699133,,2.727778,W ,3.409722,  ,19.8,,,16.10201,9.877
2013-06-24 00:00:00.0,5.922222,16.2,-1.8,,,,5.815279,,,,0.0,0.0,0.0,,,6.624548,74,68,0.9952759,,1.569445,C ,1.961806,  ,9.2,,,14.77401,10.126
2013-06-25 00:00:00.0,4.952083,15.0,-1.9,,,,5.793056,,,,0.0,0.0,0.0,,,7.613885,90,85,2.800263,,0.5840276,C ,0.7300346,  ,9.3,,,16.60001,7.552999
2013-06-26 00:00:00.0,5.014583,15.7,-1.7,,,,5.934027,,,,0.0,0.0,0.0,,,8.754395,93,87,4.623271,,2.134722,W ,2.668403,  ,11.4,,,13.44601,11.03901
2013-06-27 00:00:00.0,9.925001,20.3,4.1,,,,7.061112,,,,0.0,0.0,0.0,,,10.04921,81,77,6.918116,,2.488889,C ,3.111111,  ,17.0,,,8.465997,8.964001
2013-06-28 00:00:00.0,11.51944,18.2,7.4,,,,8.411807,,,,0.0,0.0,0.0,,,12.15189,91,89,9.759214,,1.779167,C ,2.223959,  ,13.0,,,0.664,8.881
2013-06-29 00:00:00.0,8.189583,15.7,2.5,,,,8.071527,,,,0.0,0.0,0.0,,,7.406081,78,70,2.6027,,5.864582,C ,7.330728,  ,32.7,,,15.27201,14.35901
2013-06-30 00:00:00.0,5.051389,13.9,0.7,,,,6.964584,,,,0.0,0.0,0.0,,,5.990317,72,67,-0.4242696,,4.208334,W ,5.260417,  ,27.9,,,16.43401,10.37501
2013-07-01 00:00:00.0,5.434027,15.6,-1.1,,,,6.183332,,,,0.0,0.0,0.0,,,6.347437,69,68,0.1956558,,3.316666,W ,4.145833,  ,20.6,,,14.11001,9.877
2013-07-02 00:00:00.0,10.52014,19.4,5.3,,,,7.345142,,,,0.0,0.0,0.0,,,8.964725,71,67,5.361963,,5.026389,W ,6.282987,  ,26.5,,,5.975997,7.719002
2013-07-03 00:00:00.0,11.11458,21.0,3.5,,,,7.924302,,,,0.0,0.0,0.0,,,11.07231,84,84,8.1301,,1.965278,C ,2.456597,  ,22.3,,,8.299996,7.221002
2013-07-04 00:00:00.0,12.88403,19.6,8.6,,,,9.49722,,,,1.75,0.75,0.5,,,14.35362,96,94,12.26099,,5.940278,SE,7.425347,  ,23.1,,,0.0,3.651998
2013-07-05 00:00:00.0,11.54931,14.2,10.2,,,,10.35555,,,,0.75,1.5,0.5,,,13.76956,100,100,11.68818,,5.92014,E ,7.400175,  ,19.4,,,0.0,8.715008
2013-07-06 00:00:00.0,10.9368,13.7,7.0,,,,10.51597,,,,0.0,0.25,0.25,,,11.76369,95,94,9.233014,,9.93264,S ,12.4158,  ,40.5,,,2.324,13.19702
2013-07-07 00:00:00.0,5.347918,12.4,0.0,,,,8.654862,,,,0.0,0.0,0.0,,,7.322528,89,87,2.37571,,5.365973,S ,6.707466,  ,27.0,,,17.43002,
2013-07-08 00:00:00.0,3.597222,14.3,-2.6,,,,6.74236,,,,0.25,0.25,0.25,,,6.760796,86,80,1.192672,,1.195139,C ,1.493924,  ,11.6,,,16.60001,7.469996
2013-07-09 00:00:00.0,4.53472,11.9,-1.2,,,,6.476389,,,,6.75,6.75,4.75,,,9.267298,98,98,5.341299,,1.299306,C ,1.624132,  ,16.6,,,9.627999,
2013-07-10 00:00:00.0,8.905559,11.5,6.0,,,,8.136809,,,,1.25,0.0,0.0,,,11.50353,98,98,8.976525,,1.340278,C ,1.675347,  ,11.9,,,1.328,
2013-07-11 00:00:00.0,10.97986,13.2,9.6,,,,9.36597,,,,0.5,1.75,0.25,,,12.92293,100,100,10.72951,,3.91736,C ,4.8967,  ,18.7,,,0.332,11.70301
2013-07-12 00:00:00.0,7.427778,10.0,2.0,,,,9.181255,,,,0.25,0.0,0.0,,,10.15078,100,100,7.066665,,2.326388,W ,2.907985,  ,16.1,,,12.28401,
2013-07-13 00:00:00.0,8.309724,12.4,5.8,,,,9.213885,,,,0.0,0.25,0.25,,,11.07157,98,98,8.382503,,4.261806,W ,5.327258,  ,34.1,,,6.141997,
2013-07-14 00:00:00.0,7.824304,13.8,3.1,,,,8.618748,,,,0.0,0.0,0.0,,,7.93743,82,80,3.568488,,6.433336,W ,8.04167,  ,27.7,,,15.60401,17.67902
2013-07-15 00:00:00.0,5.945139,15.5,-0.5,,,,7.468748,,,,0.0,0.0,0.0,,,7.347958,79,75,2.453124,,4.395833,W ,5.494791,  ,25.1,,,13.77801,9.96
2013-07-16 00:00:00.0,9.102776,20.4,0.9,,,,7.888889,,,,0.0,0.0,0.0,,,8.899196,79,78,5.133662,,5.16736,W ,6.4592,  ,27.5,,,9.794,6.888997
2013-07-17 00:00:00.0,7.753474,16.0,-1.0,,,,7.939585,,,,0.0,0.0,0.0,,,9.13642,88,85,5.460212,,5.662499,E ,7.078124,  ,33.0,,,12.28401,13.94401
2013-07-18 00:00:00.0,5.320834,10.0,-1.2,,,,7.432635,,,,0.0,0.0,0.0,,,7.146697,87,81,2.078046,,11.60764,S ,14.50955,  ,36.7,,,17.26402,
2013-07-19 00:00:00.0,2.818055,9.8,-2.8,,,,6.106945,,,,0.0,0.0,0.0,,,5.696168,80,77,-1.029551,,5.691666,W ,7.114583,  ,27.1,,,18.42602,
2013-07-20 00:00:00.0,3.315279,11.1,-1.5,,,,5.838888,,,,0.75,0.75,0.5,,,6.690658,86,84,1.149825,,5.713888,W ,7.14236,  ,30.0,,,16.60001,
2013-07-21 00:00:00.0,2.647916,9.4,-1.6,,,,5.661111,,,,1.0,1.0,0.5,,,7.18831,94,91,2.120393,,8.488194,W ,10.61024,  ,31.3,,,20.25202,
2013-07-22 00:00:00.0,5.076388,9.5,2.3,,,,5.925694,,,,0.25,0.25,0.25,,,8.593284,96,96,4.707987,,13.22014,S ,16.52518,  ,36.2,,,17.26402,
2013-07-23 00:00:00.0,4.335417,10.5,-1.7,,,,5.910415,,,,0.0,0.0,0.0,,,6.413495,80,76,0.5204813,,5.439581,W ,6.799476,  ,29.8,,,18.09402,
2013-07-24 00:00:00.0,5.925695,13.0,1.0,,,,6.302781,,,,0.0,0.0,0.0,,,7.618979,86,82,2.989075,,4.015277,W ,5.019097,  ,18.9,,,15.93601,15.18901
2013-07-25 00:00:00.0,5.502777,15.6,-0.6,,,,6.028471,,,,0.0,0.0,0.0,,,6.827345,77,72,1.485043,,4.033333,W ,5.041667,  ,28.1,,,14.60801,9.544999
2013-07-26 00:00:00.0,7.516665,16.8,0.8,,,,6.543749,,,,0.0,0.0,0.0,,,8.362324,81,79,4.276232,,2.79236,C ,3.49045,  ,21.1,,,8.631997,13.28001
2013-07-27 00:00:00.0,10.45417,19.0,4.5,,,,7.638195,,,,0.0,0.0,0.0,,,9.333622,82,81,5.835144,,2.525001,C ,3.156251,  ,16.6,,,7.801996,9.710999
2013-07-28 00:00:00.0,6.455147,,,,,,,,,,,,,,,,,,,,,  ,,  ,,,,,
2013-08-06 00:00:00.0,,,,,,,,,,,,,,,,,,,,,,  ,,  ,,,,,
2013-08-07 00:00:00.0,11.58681,17.7,7.0,,,,9.440278,,,,0.0,0.0,0.0,,,10.17199,74,73,7.158919,,3.829166,W ,4.786458,  ,21.8,,,0.0,8.051007
2013-08-08 00:00:00.0,9.43125,14.8,2.5,,,,9.299999,,,,0.0,0.0,0.0,,,7.316061,72,72,2.376953,,7.077778,S ,8.847222,  ,25.8,,,9.96,11.95201
2013-08-09 00:00:00.0,4.851388,14.9,-3.8,,,,7.708333,,,,0.0,0.0,0.0,,,6.758584,78,73,1.213862,,4.159027,C ,5.198783,  ,23.4,,,13.44601,9.046998
2013-08-10 00:00:00.0,6.738196,16.7,-1.4,,,,7.34792,,,,0.0,0.0,0.0,,,5.663924,63,56,-1.120272,,4.59236,W ,5.740449,  ,31.2,,,12.94801,7.386996
2013-08-11 00:00:00.0,8.361806,14.1,4.5,,,,8.006245,,,,4.25,4.0,1.0,,,8.120113,73,73,3.67225,,5.584723,W ,6.980903,  ,36.7,,,3.651999,19.09002
2013-08-12 00:00:00.0,5.833333,11.6,0.1,,,,7.701386,,,,2.25,2.5,1.0,,,8.059738,92,94,3.525648,,9.722918,S ,12.15365,  ,42.2,,,15.77001,
2013-08-13 00:00:00.0,2.498611,11.2,-4.8,,,,6.048609,,,,0.0,0.0,0.0,,,5.532014,78,73,-1.464247,,5.314582,S ,6.643228,  ,24.5,,,16.76601,
2013-08-14 00:00:00.0,4.265974,14.0,-2.8,,,,5.674998,,,,0.0,0.0,0.0,,,5.44006,68,62,-1.683246,,3.093055,W ,3.866319,  ,20.2,,,16.10201,10.624
2013-08-15 00:00:00.0,7.129167,16.0,0.8,,,,6.321527,,,,0.0,0.0,0.0,,,5.96472,60,53,-0.3496883,,6.819445,W ,8.524305,  ,32.9,,,9.461999,12.36701
2013-08-16 00:00:00.0,9.311803,16.8,2.1,,,,7.107639,,,,0.0,0.0,0.0,,,6.330929,63,60,0.443733,,8.760415,S ,10.95052,  ,40.2,,,13.94401,10.624
2013-08-17 00:00:00.0,4.624999,16.5,-6.1,,,,6.207639,,,,0.25,0.0,0.0,,,6.62639,81,77,0.8289802,,1.783333,C ,2.229167,  ,15.2,,,15.10601,7.718996
2013-08-18 00:00:00.0,8.946527,20.5,1.8,,,,7.360415,,,,0.0,0.25,0.25,,,9.189045,81,79,5.582685,,2.859029,C ,3.573787,  ,25.6,,,10.458,6.639997
2013-08-19 00:00:00.0,13.22292,23.7,5.1,,,,8.72986,,,,0.0,0.0,0.0,,,11.62782,77,72,8.988334,,3.805555,W ,4.756944,  ,26.3,,,4.149999,1.659999
2013-08-20 00:00:00.0,11.46528,22.7,0.0,,,,9.193053,,,,0.0,0.0,0.0,,,10.11893,77,74,6.635889,,2.918751,E ,3.648438,  ,23.0,,,7.967996,-1.079
2013-08-21 00:00:00.0,11.63403,18.0,7.4,,,,9.884719,,,,0.0,0.0,0.0,,,11.60573,88,85,9.108024,,4.202779,E ,5.253473,  ,37.9,,,0.498,10.624
2013-08-22 00:00:00.0,6.921527,11.1,1.3,,,,8.583336,,,,0.25,0.25,0.25,,,6.83412,75,70,1.345453,,18.91112,S ,23.6389,  ,60.0,,,15.27201,
2013-08-23 00:00:00.0,3.015972,12.4,-4.8,,,,6.822915,,,,0.0,0.0,0.0,,,5.552044,77,76,-1.457531,,6.901389,S ,8.626736,  ,31.8,,,16.26801,
2013-08-24 00:00:00.0,3.449305,11.0,-2.5,,,,6.49514,,,,0.0,0.0,0.0,,,5.804122,80,78,-0.7961962,,4.02986,C ,5.037324,  ,20.6,,,16.60001,
2013-08-25 00:00:00.0,0.5215275,10.5,-7.4,,,,5.356945,,,,0.0,0.0,0.0,,,4.900959,81,79,-3.220977,,4.958334,C ,6.197917,  ,28.9,,,17.59602,
2013-08-26 00:00:00.0,2.772223,12.2,-5.7,,,,5.392362,,,,0.0,0.0,0.0,,,5.960307,77,67,-0.4631257,,5.611804,S ,7.014756,  ,25.8,,,15.93601,
2013-08-27 00:00:00.0,5.056252,13.8,-3.3,,,,5.705552,,,,0.25,0.25,0.25,,,6.304598,69,64,0.2603082,,4.510416,W ,5.63802,  ,33.5,,,8.963998,5.312001
2013-08-28 00:00:00.0,14.40416,25.9,5.3,,,,8.231947,,,,0.0,0.0,0.0,,,8.396004,54,46,4.365104,,6.796525,W ,8.495657,  ,42.5,,,4.149999,-0.5809999
2013-08-29 00:00:00.0,16.05208,29.5,5.7,,,,9.754168,,,,0.0,0.0,0.0,,,8.921075,54,47,5.296215,,5.83264,W ,7.2908,  ,28.2,,,3.153999,-2.987999
2013-08-30 00:00:00.0,15.49028,28.6,2.7,,,,10.57917,,,,0.0,0.0,0.0,,,9.160374,59,52,5.651148,,3.205555,W ,4.006944,  ,19.8,,,5.311998,-1.328
2013-08-31 00:00:00.0,13.47847,23.0,5.2,,,,10.84236,,,,0.0,0.0,0.0,,,9.866657,74,71,6.733914,,5.193056,E ,6.49132,  ,26.3,,,6.639997,5.643998
2013-09-01 00:00:00.0,12.37986,27.0,3.7,,,,11.09027,,,,0.0,0.0,0.0,,,10.04635,77,68,6.917826,,3.349305,C ,4.186631,  ,19.7,,,10.126,6.224997
2013-09-02 00:00:00.0,9.299305,13.2,4.4,,,,10.39861,,,,0.25,0.25,0.25,,,10.08714,86,85,7.033887,,4.923611,S ,6.154514,  ,22.8,,,5.145998,16.35102
2013-09-03 00:00:00.0,7.088193,13.8,-0.1,,,,9.300695,,,,0.0,0.0,0.0,,,7.019308,80,75,1.766978,,9.161805,S ,11.45226,  ,34.2,,,14.44201,12.94801
2013-09-04 00:00:00.0,4.30764,15.9,-5.8,,,,8.093747,,,,0.0,0.0,0.0,,,6.368375,74,72,0.2657941,,1.934028,C ,2.417534,  ,15.3,,,12.94801,9.046998
2013-09-05 00:00:00.0,10.62917,16.7,6.2,,,,9.560417,,,,0.25,0.0,0.0,,,10.83119,86,84,8.101121,,2.74375,E ,3.429688,  ,16.9,,,2.158,11.78601
2013-09-06 00:00:00.0,11.47291,23.9,2.5,,,,10.20139,,,,0.5,0.75,0.5,,,11.17295,80,74,8.23195,,1.366667,C ,1.708334,  ,15.1,,,7.635996,2.075
2013-09-07 00:00:00.0,12.38958,15.3,7.8,,,,11.15834,,,,24.75,24.5,7.25,,,14.30846,100,100,12.19408,,2.260417,C ,2.825521,  ,17.8,,,0.0,6.142003
2013-09-08 00:00:00.0,14.5,22.4,10.2,,,,12.05069,,,,0.0,0.25,0.25,,,12.72316,80,74,10.48637,,5.461111,W ,6.826389,  ,24.9,,,0.0,-1.162001
2013-09-09 00:00:00.0,18.94444,30.1,10.2,,,,13.36597,,,,0.0,0.0,0.0,,,17.63798,72,69,15.05281,,5.977083,W ,7.471354,  ,22.6,,,0.0,-13.69501
2013-09-10 00:00:00.0,23.13611,27.8,17.8,,,,15.91459,,,,0.0,0.0,0.0,,,16.12188,60,50,13.54386,,9.720833,E ,12.15104,  ,34.0,,,0.0,-20.58402
2013-09-11 00:00:00.0,14.94514,18.4,12.5,,,,13.76737,,,,19.25,0.25,0.25,,,10.31247,64,62,7.207331,,13.43611,E ,16.79514,  ,44.7,,,0.0,-3.070999
2013-09-12 00:00:00.0,12.23611,13.6,9.8,,,,12.89862,,,,0.25,19.0,6.0,,,13.64768,99,98,11.54401,,18.41389,E ,23.01736,  ,48.5,,,0.0,6.806001
2013-09-13 00:00:00.0,7.576388,9.8,0.7,,,,10.94445,,,,0.25,0.25,0.25,,,9.024306,95,95,5.268029,,15.76944,SE,19.71181,  ,39.5,,,10.292,
2013-09-14 00:00:00.0,3.81111,11.7,-1.8,,,,8.581944,,,,0.0,0.25,0.25,,,6.834716,85,83,1.451689,,9.482637,SE,11.8533,  ,36.9,,,15.93601,
2013-09-15 00:00:00.0,6.211111,12.4,0.6,,,,8.409028,,,,12.75,3.5,1.25,,,9.452938,93,90,5.986565,,15.85972,SE,19.82466,  ,46.8,,,8.133996,
2013-09-16 00:00:00.0,6.76389,8.2,5.8,,,,8.384724,,,,18.25,25.75,2.25,,,9.578388,99,100,6.340014,,15.76458,SE,19.70573,  ,35.8,,,20.25202,
2013-09-17 00:00:00.0,6.031943,9.2,3.8,,,,7.749995,,,,0.25,2.0,0.5,,,8.260874,92,90,4.195269,,19.03542,S ,23.79427,  ,42.4,,,17.09801,
2013-09-18 00:00:00.0,7.177085,15.5,0.4,,,,7.62847,,,,0.0,0.0,0.0,,,6.969419,70,63,1.789237,,10.17847,W ,12.72309,  ,40.5,,,11.62,11.12201
2013-09-19 00:00:00.0,10.9558,22.2,1.6,,,,8.8,,,,,,,,,7.401227,58,52,2.512823,,,W ,,C ,27.1,,,,2.407001
2013-09-20 00:00:00.0,13.31049,21.0,6.6,,,,10.19861,,,,0.0,0.0,0.0,,,9.915215,69,63,6.807415,,3.308334,C ,4.135417,  ,18.2,,,1.992,2.074999
2013-09-21 00:00:00.0,8.934723,16.2,0.6,,,,9.839583,,,,0.0,0.0,0.0,,,8.104633,78,70,3.889877,,5.486112,C ,6.857639,  ,23.9,,,11.952,12.45001
2013-09-22 00:00:00.0,6.865971,14.7,-0.9,,,,9.003472,,,,0.0,0.0,0.0,,,7.418204,81,77,2.58374,,5.333334,C ,6.666667,  ,28.4,,,12.94801,9.960006
2013-09-23 00:00:00.0,5.669445,14.9,-1.4,,,,8.394446,,,,0.5,0.25,0.25,,,7.5748,85,78,2.804304,,4.41111,C ,5.513888,  ,28.8,,,13.44601,7.718998
2013-09-24 00:00:00.0,5.566667,15.2,-3.1,,,,8.041668,,,,0.0,0.25,0.25,,,6.755846,77,72,1.261728,,3.229861,C ,4.037326,  ,20.3,,,13.28001,8.299998
2013-09-25 00:00:00.0,6.368055,18.2,-5.2,,,,8.28403,,,,0.0,0.0,0.0,,,7.683943,80,80,2.718072,,2.247917,E ,2.809896,  ,19.6,,,11.952,6.058998
2013-09-26 00:00:00.0,11.45417,21.0,4.6,,,,9.896529,,,,0.0,0.0,0.0,,,9.713205,75,69,6.436574,,2.893057,E ,3.616321,  ,21.4,,,4.979998,5.477998
2013-09-27 00:00:00.0,12.81389,21.5,5.2,,,,11.00347,,,,0.0,0.0,0.0,,,11.32532,78,70,8.72102,,4.291667,E ,5.364583,  ,21.3,,,2.158,1.659999
2013-09-28 00:00:00.0,13.0743,18.6,9.2,,,,11.60208,,,,62.5,23.75,6.25,,,13.40416,88,85,11.29948,,7.269446,E ,9.086808,  ,34.6,,,0.0,2.738999
2013-09-29 00:00:00.0,10.57431,13.3,6.5,,,,11.58819,,,,12.75,51.5,12.25,,,11.92788,100,100,9.359999,,2.881945,C ,3.602431,  ,25.4,,,4.315999,13.11401
2013-09-30 00:00:00.0,8.197914,13.9,4.2,,,,10.35625,,,,5.25,4.75,1.75,,,10.80504,95,92,8.02645,,3.980556,C ,4.975695,  ,22.8,,,6.639997,16.26801
2013-10-01 00:00:00.0,11.37639,16.3,7.0,,,,10.97153,,,,0.0,0.5,0.25,,,12.97793,95,92,10.80054,,12.14097,E ,15.17622,  ,41.3,,,0.0,7.885007
2013-10-02 00:00:00.0,12.73056,18.9,9.1,,,,11.93056,,,,0.0,0.0,0.0,,,12.90037,89,86,10.70022,,5.574307,E ,6.967884,  ,19.4,,,0.0,2.738998
2013-10-03 00:00:00.0,13.32222,21.4,8.2,,,,12.7625,,,,0.0,0.0,0.0,,,12.66996,84,78,10.42199,,3.14375,E ,3.929688,  ,16.0,,,0.0,0.996005
2013-10-04 00:00:00.0,12.70417,18.3,8.6,,,,13.02361,,,,0.25,0.0,0.0,,,12.41881,89,89,10.12142,,7.540277,E ,9.425346,  ,25.9,,,0.83,6.141997
2013-10-05 00:00:00.0,11.51875,20.3,6.2,,,,13.09722,,,,0.0,0.25,0.25,,,12.18381,88,86,9.741377,,2.141667,W ,2.677083,  ,15.0,,,4.979998,5.561
2013-10-06 00:00:00.0,15.23472,25.7,7.0,,,,13.8507,,,,0.0,0.0,0.0,,,12.91391,76,65,10.66032,,3.216667,W ,4.020833,  ,18.3,,,0.0,-2.655999
2013-10-07 00:00:00.0,16.67847,25.8,8.2,,,,14.48125,,,,0.0,0.0,0.0,,,11.64864,67,57,9.14909,,3.351388,W ,4.189236,  ,21.0,,,0.0,-5.228994
2013-10-08 00:00:00.0,16.07292,24.3,9.6,,,,14.95694,,,,0.0,0.0,0.0,,,13.6344,76,70,11.46208,,3.522917,E ,4.403646,  ,24.5,,,0.0,-7.552999
2013-10-09 00:00:00.0,15.15416,19.4,13.1,,,,14.93195,,,,21.0,21.0,7.5,,,16.33108,96,92,14.31733,,2.734722,C ,3.418403,  ,20.6,,,0.0,-1.992
2013-10-10 00:00:00.0,15.59236,23.6,6.1,,,,14.98541,,,,0.25,0.0,0.0,,,13.32921,78,71,11.09368,,3.765972,E ,4.707465,  ,19.8,,,1.826,-3.402999
2013-10-11 00:00:00.0,11.50833,16.3,5.8,,,,14.34583,,,,0.0,0.25,0.25,,,10.66668,86,81,7.875584,,8.992359,E ,11.24045,  ,41.3,,,5.809998,12.20101
2013-10-12 00:00:00.0,13.44375,21.9,5.8,,,,14.25347,,,,0.0,0.0,0.0,,,13.61139,86,82,11.47284,,6.401388,E ,8.001736,  ,31.5,,,0.332,-1.411
2013-10-13 00:00:00.0,15.29237,23.5,8.7,,,,15.13195,,,,0.0,0.0,0.0,,,15.40378,87,84,13.34512,,4.858332,E ,6.072915,  ,28.5,,,0.0,-5.561
2013-10-14 00:00:00.0,18.31528,26.8,13.2,,,,16.38125,,,,0.0,0.0,0.0,,,16.38778,81,76,14.27432,,3.188194,W ,3.985243,  ,22.0,,,0.0,-10.624
2013-10-15 00:00:00.0,17.68889,28.5,7.0,,,,16.29235,,,,0.0,0.0,0.0,,,12.89426,67,56,10.57409,,1.8,C ,2.25,  ,13.3,,,0.0,-7.552998
2013-10-16 00:00:00.0,19.77222,27.3,13.8,,,,17.1743,,,,7.0,7.0,3.0,,,18.4881,79,72,16.17964,,2.010417,C ,2.513021,  ,17.0,,,0.0,-16.51702
2013-10-17 00:00:00.0,18.36458,24.7,14.4,,,,17.68958,,,,0.0,0.0,0.0,,,17.76767,89,88,15.57969,,6.788889,S ,8.486112,  ,26.6,,,0.0,-11.371
2013-10-18 00:00:00.0,17.10347,27.0,10.0,,,,17.32569,,,,22.5,22.25,20.25,,,15.90131,82,76,13.81049,,4.242362,S ,5.302953,  ,50.5,,,0.0,-7.884998
2013-10-19 00:00:00.0,20.16111,28.7,12.6,,,,17.35764,,,,27.75,0.25,0.25,,,17.81915,75,67,15.62451,,3.466666,W ,4.333333,  ,19.7,,,0.0,-17.18102
2013-10-20 00:00:00.0,18.60347,23.8,12.9,,,,18.09861,,,,0.5,28.25,13.75,,,16.34474,84,83,14.17101,,4.985417,W ,6.231771,  ,24.9,,,0.0,-11.62001
2013-10-21 00:00:00.0,11.1382,15.9,7.6,,,,16.0007,,,,1.0,1.0,1.0,,,10.48472,84,84,7.590443,,7.442359,SE,9.302949,  ,33.1,,,2.656,12.28401
2013-10-22 00:00:00.0,11.12709,17.9,5.0,,,,14.35487,,,,12.5,0.0,0.0,,,11.45413,81,77,8.800846,,2.265278,E ,2.831597,  ,18.6,,,5.477998,6.556998
2013-10-23 00:00:00.0,13.11042,17.0,10.5,,,,14.5,,,,14.5,27.0,3.75,,,13.90097,95,94,11.76124,,6.209028,S ,7.761285,  ,31.5,,,0.664,5.311997
2013-10-24 00:00:00.0,10.07153,16.0,2.7,,,,13.75625,,,,0.0,0.0,0.0,,,9.072125,77,69,5.507665,,7.213891,S ,9.017364,  ,28.8,,,8.631997,13.69501
2013-10-25 00:00:00.0,10.01528,18.5,2.2,,,,12.83403,,,,1.0,0.75,0.25,,,10.70204,84,74,7.712786,,1.829167,C ,2.286458,  ,15.7,,,5.975997,8.051003
2013-10-26 00:00:00.0,15.57292,24.3,6.8,,,,14.52569,,,,0.0,0.25,0.25,,,14.45605,81,80,12.21957,,3.646528,W ,4.55816,  ,29.7,,,0.332,-6.058995
2013-10-27 00:00:00.0,14.09306,21.5,5.7,,,,15.09236,,,,0.0,0.0,0.0,,,9.581745,67,55,6.21055,,4.486111,S ,5.607639,  ,22.0,,,0.83,0.8299983
2013-10-28 00:00:00.0,13.62222,22.6,4.7,,,,14.44652,,,,0.0,0.0,0.0,,,10.31694,68,59,7.346867,,2.158333,W ,2.697916,  ,18.7,,,4.979998,-2.158
2013-10-29 00:00:00.0,16.49861,23.9,10.9,,,,15.45694,,,,0.0,0.0,0.0,,,13.47439,75,67,11.29255,,2.3875,E ,2.984375,  ,16.5,,,0.0,-6.473996
2013-10-30 00:00:00.0,15.65454,24.5,6.3,,,,15.64545,,,,0.25,0.25,0.25,,,13.08473,75,67,10.84569,,4.198602,E ,5.248253,  ,24.9,,,0.332,-4.814
2013-10-31 00:00:00.0,17.24931,20.7,14.1,,,,16.28057,,,,0.75,0.5,0.5,,,17.37109,87,82,15.26866,,5.704167,E ,7.130209,  ,29.4,,,0.0,-14.02701
2013-11-01 00:00:00.0,17.64791,20.1,16.3,,,,16.73334,,,,13.75,14.0,3.25,,,19.819,99,99,17.33959,,4.353472,S ,5.44184,  ,24.5,,,0.0,-15.60401
2013-11-02 00:00:00.0,15.97361,20.2,11.8,,,,16.59444,,,,0.0,0.0,0.0,,,15.17283,90,89,13.1296,,12.66458,S ,15.83073,  ,31.5,,,0.0,-4.647994
2013-11-03 00:00:00.0,14.00278,23.7,7.3,,,,15.8993,,,,0.0,0.0,0.0,,,12.62787,82,80,10.31921,,8.015278,S ,10.0191,  ,28.6,,,0.0,1.494002
2013-11-04 00:00:00.0,15.08889,21.8,9.2,,,,16.27778,,,,0.0,0.0,0.0,,,12.53396,74,66,10.28705,,5.25486,E ,6.568575,  ,30.2,,,0.0,-4.564997
2013-11-05 00:00:00.0,16.57153,25.9,7.6,,,,16.81319,,,,0.25,0.0,0.0,,,14.24253,77,72,12.13197,,2.353472,W ,2.94184,  ,18.3,,,0.0,-7.220997
2013-11-06 00:00:00.0,18.73681,26.7,12.5,,,,17.84306,,,,0.25,0.25,0.25,,,15.41185,73,67,13.38628,,3.755555,E ,4.694444,  ,26.0,,,0.0,-15.02301
2013-11-07 00:00:00.0,17.20069,22.6,14.3,,,,17.56945,,,,3.0,3.0,1.0,,,16.67739,89,84,14.63688,,2.954167,C ,3.692708,  ,35.3,,,0.0,-8.631997
2013-11-08 00:00:00.0,18.08611,27.1,9.1,,,,17.56875,,,,0.0,0.25,0.25,,,15.29491,78,77,13.22469,,2.215972,W ,2.769966,  ,14.0,,,0.0,-8.548998
2013-11-09 00:00:00.0,17.0375,24.9,10.2,,,,18.07153,,,,0.25,0.0,0.0,,,14.79294,79,67,12.71155,,5.739583,E ,7.174478,  ,33.3,,,0.0,-9.295999
2013-11-10 00:00:00.0,16.10416,18.8,12.3,,,,17.41388,,,,0.75,1.0,0.5,,,18.52026,98,98,16.24927,,4.935416,E ,6.16927,  ,20.7,,,0.0,-9.130005
2013-11-11 00:00:00.0,18.24583,25.3,14.1,,,,17.725,,,,0.25,0.25,0.25,,,17.24022,87,84,15.12783,,6.148611,S ,7.685764,  ,25.1,,,0.0,-10.79
2013-11-12 00:00:00.0,16.84931,25.6,9.5,,,,17.55555,,,,0.0,0.0,0.0,,,12.4735,74,64,10.04126,,7.242362,C ,9.052953,  ,41.1,,,1.162,-2.738999
2013-11-13 00:00:00.0,15.58889,26.9,5.8,,,,16.61042,,,,0.0,0.0,0.0,,,13.51332,73,60,11.22857,,2.043056,C ,2.55382,  ,18.6,,,2.822,-6.308003
2013-11-14 00:00:00.0,23.86805,33.1,14.7,,,,18.65972,,,,24.25,19.25,6.25,,,17.67786,64,54,15.53144,,5.7375,W ,7.171875,  ,34.3,,,0.0,-19.67102
2013-11-15 00:00:00.0,17.075,22.6,12.1,,,,18.23542,,,,0.25,5.25,4.75,,,14.73589,83,79,12.54559,,10.85486,S ,13.56857,  ,48.3,,,0.0,-6.141996
2013-11-16 00:00:00.0,15.94792,26.6,6.5,,,,17.30764,,,,0.0,0.0,0.0,,,13.44506,74,64,11.17956,,3.738889,W ,4.673611,  ,17.1,,,1.826,-5.726998
2013-11-17 00:00:00.0,20.4,28.8,12.1,,,,18.65486,,,,0.25,0.0,0.0,,,15.06148,68,58,13.061,,3.211111,W ,4.013888,  ,20.8,,,0.0,-13.36301
2013-11-18 00:00:00.0,19.32917,28.3,13.8,,,,18.79722,,,,0.0,0.25,0.25,,,16.27875,76,71,14.12625,,6.858333,SE,8.572916,  ,37.5,,,0.0,-12.53301
2013-11-19 00:00:00.0,16.40278,23.5,11.5,,,,18.09444,,,,0.0,0.0,0.0,,,12.17714,73,67,9.771835,,5.214585,E ,6.518231,  ,25.0,,,0.0,-4.232997
2013-11-20 00:00:00.0,15.56459,26.1,6.3,,,,17.20624,,,,0.25,0.0,0.0,,,16.27286,85,81,13.83167,,2.014583,E ,2.518229,  ,13.4,,,2.49,-6.639999
2013-11-21 00:00:00.0,18.07222,29.6,9.8,,,,18.15625,,,,0.0,0.25,0.25,,,16.69112,83,85,14.42808,,4.254167,E ,5.317708,  ,28.6,,,0.0,-7.718999
2013-11-22 00:00:00.0,20.40764,30.0,12.4,,,,19.2,,,,0.0,0.0,0.0,,,17.22092,72,64,15.03829,,2.527778,E ,3.159722,  ,19.0,,,0.0,-17.84502
2013-11-23 00:00:00.0,23.80903,32.1,18.1,,,,20.43958,,,,0.0,0.0,0.0,,,18.28945,67,58,16.06637,,3.791667,W ,4.739583,  ,20.7,,,0.0,-22.41003
2013-11-24 00:00:00.0,23.09514,31.8,17.0,,,,20.84584,,,,32.0,24.25,12.25,,,21.0081,77,66,18.27472,,4.245833,E ,5.307291,  ,37.1,,,0.0,-20.08602
2013-11-25 00:00:00.0,18.11944,22.8,13.5,,,,19.84375,,,,1.0,8.75,3.0,,,19.27523,97,97,16.73412,,8.766666,S ,10.95833,  ,33.5,,,0.0,-13.36301
2013-11-26 00:00:00.0,15.15695,20.0,12.6,,,,18.46597,,,,2.25,1.5,1.0,,,13.53219,81,75,11.45152,,7.841665,E ,9.802082,  ,31.8,,,0.0,-5.892997
2013-11-27 00:00:00.0,13.99931,17.9,11.9,,,,17.46181,,,,0.5,1.25,0.5,,,14.26163,91,94,12.22899,,5.978475,S ,7.473093,  ,27.4,,,0.0,2.406999
2013-11-28 00:00:00.0,17.43056,29.3,7.6,,,,17.67916,,,,0.0,0.0,0.0,,,13.14554,71,60,10.81163,,5.938889,W ,7.423611,  ,30.4,,,0.0,-4.730995
2013-11-29 00:00:00.0,15.83959,25.1,7.2,,,,17.52222,,,,0.25,0.0,0.0,,,10.83375,65,56,8.013973,,2.813889,E ,3.517361,  ,21.2,,,0.0,-4.647995
2013-11-30 00:00:00.0,18.37222,29.2,11.3,,,,18.02916,,,,11.5,11.5,6.75,,,18.27677,83,79,15.80807,,3.541666,E ,4.427083,  ,38.8,,,0.0,-10.956
2013-12-01 00:00:00.0,21.83334,31.1,13.6,,,,19.53611,,,,12.5,12.75,10.75,,,19.85897,78,78,17.26358,,3.350695,E ,4.188369,  ,32.0,,,0.0,-16.35102
2013-12-02 00:00:00.0,21.50288,33.1,11.7,,,,20.2,,,,,,,,,17.84502,76,68,15.38047,,,C ,,C ,44.2,,,,-10.126
2013-12-03 00:00:00.0,15.56357,,,,,,18.05,,,,0.0,,,,,9.952923,60,54,6.836856,,,W ,,C ,30.5,,,,-5.809998
2013-12-04 00:00:00.0,18.60208,27.9,10.8,,,,18.14792,,,,0.0,0.0,0.0,,,12.21548,60,52,9.849348,,8.12986,W ,10.16232,  ,34.7,,,0.0,-9.462
2013-12-05 00:00:00.0,14.82431,21.8,7.1,,,,17.21597,,,,0.0,0.0,0.0,,,10.59731,72,57,7.745294,,7.488193,S ,9.360241,  ,36.9,,,2.324,-0.7469997
2013-12-06 00:00:00.0,15.14722,26.7,3.7,,,,16.58056,,,,0.0,0.0,0.0,,,10.2122,60,51,7.197393,,2.649999,W ,3.312499,  ,23.2,,,5.311998,-6.474003
2013-12-07 00:00:00.0,22.85972,33.1,13.1,,,,18.58472,,,,0.0,0.0,0.0,,,15.34815,55,47,13.19268,,3.668751,W ,4.585938,  ,24.9,,,0.0,-18.17702
2013-12-08 00:00:00.0,25.24305,34.8,17.5,,,,20.20139,,,,28.25,23.5,13.25,,,21.541,72,66,18.62232,,4.115278,W ,5.144098,  ,36.7,,,0.0,-23.57203
2013-12-09 00:00:00.0,17.85625,21.7,12.3,,,,19.42848,,,,0.0,4.75,1.25,,,16.55478,88,84,14.36778,,8.3,S ,10.375,  ,31.2,,,0.0,-10.62401
2013-12-10 00:00:00.0,16.58958,25.5,7.2,,,,18.19167,,,,0.0,0.0,0.0,,,13.64864,74,64,11.49934,,1.834722,C ,2.293403,  ,16.0,,,0.0,-7.054996
2013-12-11 00:00:00.0,19.79792,30.4,9.2,,,,18.9625,,,,0.0,0.0,0.0,,,15.33266,69,64,13.21908,,1.93125,C ,2.414063,  ,18.2,,,0.0,-11.86901
2013-12-12 00:00:00.0,22.51597,32.3,13.1,,,,19.9875,,,,0.0,0.0,0.0,,,17.44579,67,54,15.27666,,1.849305,C ,2.311632,  ,14.5,,,0.0,-17.59602
2013-12-13 00:00:00.0,23.81459,34.3,14.6,,,,20.83402,,,,0.0,0.0,0.0,,,18.30015,64,53,16.04979,,2.569445,W ,3.211806,  ,20.6,,,0.0,-19.58802
2013-12-14 00:00:00.0,23.85348,31.7,17.0,,,,20.96805,,,,0.25,0.25,0.25,,,19.78429,69,66,17.25806,,1.495139,C ,1.868924,  ,18.6,,,0.0,-22.65903
2013-12-15 00:00:00.0,27.10486,37.0,17.3,,,,21.59513,,,,0.0,0.0,0.0,,,20.60131,64,52,17.92301,,3.097917,W ,3.872396,  ,24.8,,,0.0,-21.66302
2013-12-16 00:00:00.0,23.40139,33.5,11.7,,,,21.73264,,,,0.0,0.0,0.0,,,17.57783,67,56,15.41044,,2.971527,E ,3.714409,  ,18.0,,,0.0,-18.01102
2013-12-17 00:00:00.0,25.86666,37.7,16.3,,,,22.52848,,,,0.0,0.0,0.0,,,22.10817,69,62,18.9962,,2.019444,C ,2.524306,  ,17.9,,,0.0,-21.41402
2013-12-18 00:00:00.0,22.43194,27.0,15.5,,,,22.16458,,,,0.0,0.0,0.0,,,15.86288,68,62,13.75305,,8.920833,S ,11.15104,  ,36.1,,,0.0,-19.09002
2013-12-19 00:00:00.0,22.12708,32.9,12.9,,,,21.92778,,,,0.0,0.0,0.0,,,20.33535,76,68,17.70268,,3.195834,E ,3.994793,  ,18.6,,,0.0,-19.67102
2013-12-20 00:00:00.0,25.05972,34.8,16.3,,,,22.86389,,,,0.25,0.0,0.0,,,21.16541,72,62,18.35027,,2.030555,C ,2.538194,  ,16.7,,,0.0,-21.74603
2013-12-21 00:00:00.0,25.42083,35.7,16.6,,,,23.27015,,,,0.0,0.25,0.25,,,20.54277,70,59,17.85785,,2.284028,E ,2.855034,  ,20.7,,,0.0,-21.33102
2013-12-22 00:00:00.0,26.88472,38.2,17.5,,,,23.66666,,,,0.0,0.0,0.0,,,21.96203,67,54,18.93991,,2.164584,E ,2.705729,  ,20.9,,,0.0,-23.40603
2013-12-23 00:00:00.0,26.95625,39.2,16.5,,,,24.02848,,,,0.0,0.0,0.0,,,21.89518,68,59,18.84133,,1.747916,C ,2.184896,  ,21.1,,,0.0,-22.41003
2013-12-24 00:00:00.0,28.23611,39.1,19.8,,,,24.45208,,,,0.0,0.0,0.0,,,21.68728,64,50,18.74816,,2.786805,W ,3.483506,  ,22.3,,,0.0,-23.90403
2013-12-25 00:00:00.0,24.74166,32.6,19.5,,,,24.07083,,,,0.0,0.0,0.0,,,23.29543,76,72,19.91265,,4.504864,E ,5.63108,  ,24.7,,,0.0,-23.90403
2013-12-26 00:00:00.0,26.14375,36.3,18.6,,,,23.83403,,,,0.5,0.5,0.25,,,21.1597,71,67,18.13136,,3.502084,W ,4.377604,  ,35.4,,,0.0,-22.32703
2013-12-27 00:00:00.0,23.8743,37.1,10.1,,,,22.95903,,,,0.0,0.0,0.0,,,13.73323,58,38,11.38485,,4.511111,W ,5.638889,  ,30.2,,,0.0,-13.36301
2013-12-28 00:00:00.0,24.44791,37.7,9.2,,,,22.88055,,,,0.0,0.0,0.0,,,12.83661,49,31,10.57411,,2.288194,C ,2.860243,  ,20.6,,,0.0,-15.27201
2013-12-29 00:00:00.0,28.23055,40.9,14.7,,,,23.74653,,,,0.0,0.0,0.0,,,14.79845,46,30,12.3936,,3.91875,W ,4.898438,  ,26.3,,,0.0,-19.17302
2013-12-30 00:00:00.0,27.30207,37.1,18.2,,,,23.77153,,,,0.0,0.0,0.0,,,11.99954,42,30,9.249015,,6.223612,W ,7.779515,  ,26.9,,,0.0,-21.58002
2013-12-31 00:00:00.0,23.51736,34.2,10.6,,,,23.00416,,,,0.0,0.0,0.0,,,11.62775,49,29,8.793495,,2.492361,C ,3.115451,  ,24.1,,,0.0,-16.43402
2014-01-01 00:00:00.0,24.68472,34.9,18.3,,,,23.20556,,,,0.0,0.0,0.0,,,15.65768,57,42,13.55161,,5.026389,W ,6.282987,  ,25.3,,,0.0,-23.73803
2014-01-02 00:00:00.0,20.47153,29.3,15.1,,,,21.97501,,,,0.0,0.0,0.0,,,12.63865,59,50,10.09073,,6.263195,S ,7.828994,  ,34.6,,,0.0,-13.94401
2014-01-03 00:00:00.0,16.04583,24.4,5.4,,,,20.0243,,,,0.0,0.0,0.0,,,7.078931,46,32,1.792967,,7.231943,W ,9.039928,  ,43.4,,,3.983999,-4.647995
2014-01-04 00:00:00.0,19.97639,34.1,7.7,,,,20.19028,,,,0.0,0.0,0.0,,,9.835969,50,33,6.661681,,5.670832,W ,7.08854,  ,35.3,,,0.0,-8.714997
2014-01-05 00:00:00.0,20.15695,33.6,7.5,,,,20.88195,,,,0.0,0.0,0.0,,,11.95212,59,44,9.31013,,3.41875,E ,4.273438,  ,28.2,,,0.0,-10.956
2014-01-06 00:00:00.0,26.92937,39.7,15.4,,,,22.67693,,,,0.0,0.0,0.0,,,14.88142,48,35,12.59182,,3.619579,W ,4.524474,  ,29.8,,,0.0,-19.09002
2014-01-07 00:00:00.0,27.80625,40.3,16.0,,,,23.63125,,,,0.0,0.0,0.0,,,15.70479,52,45,13.261,,6.997222,C ,8.746528,  ,32.9,,,0.0,-19.09002
2014-01-08 00:00:00.0,20.8132,34.1,5.8,,,,22.24791,,,,0.0,0.0,0.0,,,11.65851,57,42,8.824505,,2.246528,C ,2.80816,  ,15.2,,,0.498,-10.292
2014-01-09 00:00:00.0,21.89445,34.2,12.3,,,,22.19098,,,,5.25,5.0,4.75,,,19.17086,75,53,16.69688,,2.302083,C ,2.877604,  ,37.0,,,0.0,-17.67902
2014-01-10 00:00:00.0,24.07778,33.3,15.9,,,,22.42222,,,,0.0,0.25,0.25,,,14.46812,55,41,11.93974,,6.400001,S ,8.000001,  ,26.8,,,0.0,-21.82903
2014-01-11 00:00:00.0,17.8875,25.8,7.2,,,,20.74097,,,,0.0,0.0,0.0,,,9.769329,59,45,6.50684,,7.736804,S ,9.671005,  ,33.8,,,0.0,-6.141997
2014-01-12 00:00:00.0,16.90069,29.1,4.1,,,,19.95695,,,,0.0,0.0,0.0,,,10.8621,62,47,7.96898,,2.988194,E ,3.735242,  ,23.7,,,4.149999,-7.137998
2014-01-13 00:00:00.0,22.06181,32.5,13.8,,,,21.50973,,,,0.0,0.0,0.0,,,15.72708,63,50,13.67171,,2.724305,E ,3.405382,  ,20.5,,,0.0,-17.34702
2014-01-14 00:00:00.0,24.67291,36.2,12.6,,,,22.78889,,,,0.0,0.0,0.0,,,17.63213,63,51,15.38688,,2.130555,C ,2.663194,  ,14.5,,,0.0,-18.75802
2014-01-15 00:00:00.0,26.37639,40.2,17.4,,,,23.79584,,,,6.75,6.75,6.75,,,18.71617,64,49,16.379,,5.70347,W ,7.129337,  ,33.9,,,0.0,-22.24403
2014-01-16 00:00:00.0,23.49791,33.3,15.4,,,,23.23125,,,,0.5,0.0,0.0,,,17.72006,63,53,15.31107,,4.852779,E ,6.065974,  ,22.4,,,0.0,-20.41802
2014-01-17 00:00:00.0,29.15625,41.2,20.9,,,,24.38334,,,,0.0,0.5,0.5,,,22.54163,60,49,19.09932,,2.545833,W ,3.182291,  ,27.7,,,0.0,-23.90403
2014-01-18 00:00:00.0,30.89513,42.1,22.5,,,,25.39931,,,,0.0,0.0,0.0,,,19.88187,53,50,17.22836,,4.566666,W ,5.708333,  ,31.9,,,0.0,-23.90403
2014-01-19 00:00:00.0,23.06736,29.8,14.9,,,,24.47916,,,,0.0,0.0,0.0,,,13.89544,57,50,11.51337,,5.781249,E ,7.226562,  ,24.9,,,0.0,-19.17302
2014-01-20 00:00:00.0,25.52777,39.5,14.3,,,,24.27569,,,,40.75,2.0,1.75,,,21.8955,66,52,18.76476,,2.834723,W ,3.543403,  ,26.0,,,0.0,-18.17702
2014-01-21 00:00:00.0,25.52777,33.9,18.5,,,,24.0139,,,,0.25,38.75,17.0,,,20.96009,73,70,18.10432,,4.834028,W ,6.042535,  ,60.4,,,0.0,-23.90403
2014-01-22 00:00:00.0,25.96875,38.0,15.5,,,,24.45625,,,,38.75,4.75,2.75,,,22.26479,70,58,18.92772,,3.047223,W ,3.809028,  ,26.1,,,0.0,-20.99903
2014-01-23 00:00:00.0,21.3375,26.4,18.7,,,,23.30487,,,,106.25,136.0,34.5,,,24.53239,100,99,20.75119,,3.161111,E ,3.951389,  ,26.1,,,0.0,-23.90403
2014-01-24 00:00:00.0,18.85903,22.5,13.9,,,,21.33543,,,,0.0,4.5,3.25,,,14.00796,73,64,11.52485,,12.7875,S ,15.98438,  ,45.4,,,0.0,-12.61601
2014-01-25 00:00:00.0,16.00486,24.9,7.6,,,,19.67362,,,,0.0,0.0,0.0,,,11.34951,66,53,8.752341,,1.932639,C ,2.415799,  ,15.3,,,0.0,-6.639997
2014-01-26 00:00:00.0,19.34305,28.8,9.8,,,,20.17431,,,,0.0,0.0,0.0,,,14.87436,69,56,12.79149,,2.147917,C ,2.684896,  ,19.7,,,0.0,-13.03101
2014-01-27 00:00:00.0,24.05764,33.4,16.0,,,,21.87015,,,,0.25,0.0,0.0,,,21.38418,73,66,18.47378,,1.951389,C ,2.439237,  ,15.3,,,0.0,-20.99902
2014-01-28 00:00:00.0,23.51667,29.5,20.8,,,,22.77918,,,,2.0,2.25,1.0,,,25.79367,93,90,21.56969,,2.076388,C ,2.595485,  ,22.4,,,0.0,-23.90403
2014-01-29 00:00:00.0,23.13125,31.6,16.7,,,,22.50417,,,,0.25,0.0,0.0,,,22.27494,81,77,19.20001,,1.988194,C ,2.485243,  ,14.7,,,0.0,-22.49303
2014-01-30 00:00:00.0,25.39237,33.8,18.7,,,,23.29792,,,,0.25,0.5,0.25,,,22.98841,74,69,19.6689,,2.147917,C ,2.684896,  ,17.6,,,0.0,-23.90403
2014-01-31 00:00:00.0,26.15486,33.7,19.7,,,,23.76459,,,,0.0,0.0,0.0,,,21.29006,68,59,18.07506,,7.172916,W ,8.966145,  ,29.6,,,0.0,-22.16103
2014-02-01 00:00:00.0,19.25278,26.8,12.8,,,,22.05348,,,,0.0,0.0,0.0,,,17.74569,79,77,15.54355,,2.130556,E ,2.663195,  ,15.7,,,0.0,-16.60001
2014-02-02 00:00:00.0,23.10764,30.9,18.2,,,,22.47569,,,,0.0,0.0,0.0,,,21.96257,80,79,18.96264,,1.980556,C ,2.475695,  ,15.9,,,0.0,-23.40603
2014-02-03 00:00:00.0,23.02728,32.2,16.5,,,,22.55873,,,,0.0,0.0,0.0,,,21.79008,79,74,18.82403,,1.436364,C ,1.795455,  ,13.6,,,0.0,-21.74603
2014-02-04 00:00:00.0,24.63125,33.1,17.0,,,,23.04306,,,,2.25,0.0,0.0,,,22.88331,76,64,19.60802,,2.042361,E ,2.552952,  ,18.6,,,0.0,-22.41003
2014-02-05 00:00:00.0,21.39375,23.2,20.0,,,,22.8493,,,,33.5,35.75,6.25,,,24.55502,100,100,20.76896,,2.036111,C ,2.545139,  ,15.6,,,0.0,-23.73803
2014-02-06 00:00:00.0,20.97569,28.3,13.8,,,,22.11735,,,,0.25,0.0,0.0,,,17.97249,76,67,15.7665,,2.170139,C ,2.712674,  ,21.3,,,0.0,-17.67902
2014-02-07 00:00:00.0,21.4375,29.8,15.3,,,,22.01944,,,,0.0,0.25,0.25,,,20.61588,81,78,17.82044,,2.717361,W ,3.396702,  ,23.9,,,0.0,-18.09402
2014-02-08 00:00:00.0,21.7514,31.1,15.8,,,,22.00555,,,,7.75,7.75,1.5,,,22.72904,88,86,19.38468,,1.501388,C ,1.876736,  ,13.3,,,0.0,-20.91602
2014-02-09 00:00:00.0,21.77569,30.1,14.1,,,,21.83403,,,,0.0,0.0,0.0,,,16.8457,71,63,14.6614,,2.647917,E ,3.309896,  ,17.9,,,0.0,-17.01501
2014-02-10 00:00:00.0,22.10764,31.3,12.8,,,,21.51668,,,,0.0,0.0,0.0,,,18.10404,71,61,15.81135,,1.502083,C ,1.877604,  ,21.1,,,0.0,-17.67902
2014-02-11 00:00:00.0,22.8618,29.0,19.6,,,,22.25068,,,,16.25,16.25,7.5,,,24.26768,90,86,20.55465,,2.777778,C ,3.472222,  ,22.1,,,0.0,-23.24003
2014-02-12 00:00:00.0,21.16598,28.8,16.0,,,,21.80138,,,,0.0,0.0,0.0,,,19.55139,83,77,17.03905,,5.754167,S ,7.192708,  ,28.3,,,0.0,-16.60001
2014-02-13 00:00:00.0,17.99514,25.2,12.9,,,,20.63056,,,,0.25,0.0,0.0,,,15.34262,80,74,13.28963,,6.402778,S ,8.003472,  ,27.0,,,0.0,-9.877001
2014-02-14 00:00:00.0,15.05069,22.9,7.2,,,,19.0125,,,,0.0,0.25,0.25,,,12.90077,77,69,10.65165,,4.715278,C ,5.894098,  ,32.3,,,0.0,-3.651999
2014-02-15 00:00:00.0,17.51806,25.3,10.5,,,,19.00487,,,,0.0,0.0,0.0,,,15.25687,74,66,13.22238,,3.242362,E ,4.052952,  ,21.7,,,0.0,-13.03101
2014-02-16 00:00:00.0,20.84653,26.6,15.7,,,,19.95138,,,,0.0,0.0,0.0,,,19.4774,79,74,17.07417,,3.893057,E ,4.866321,  ,27.4,,,0.0,-20.91602
2014-02-17 00:00:00.0,22.77986,29.6,18.6,,,,20.97291,,,,0.25,0.25,0.25,,,22.53135,83,81,19.39289,,2.836112,E ,3.545139,  ,21.3,,,0.0,-23.90403
2014-02-18 00:00:00.0,22.57014,28.1,20.2,,,,21.62222,,,,35.25,4.5,4.0,,,24.85277,91,89,20.99036,,1.4,C ,1.75,  ,14.8,,,0.0,-23.90403
2014-02-19 00:00:00.0,21.8618,28.4,18.6,,,,21.58471,,,,7.0,37.5,16.5,,,24.2085,94,92,20.55582,,1.138194,C ,1.422743,  ,13.2,,,0.0,-23.90403
2014-02-20 00:00:00.0,21.75138,29.2,17.9,,,,21.64168,,,,25.0,25.0,18.0,,,23.3482,92,98,19.94502,,3.547222,S ,4.434027,  ,24.6,,,0.0,-23.24003
2014-02-21 00:00:00.0,20.39792,25.0,16.9,,,,21.22569,,,,0.25,0.25,0.25,,,20.36509,89,88,17.75453,,4.183334,S ,5.229167,  ,17.0,,,0.0,-18.26002
2014-02-22 00:00:00.0,18.72916,27.6,10.6,,,,20.05418,,,,0.0,0.25,0.25,,,15.7163,77,69,13.68013,,1.470833,C ,1.838542,  ,12.1,,,0.0,-10.873
2014-02-23 00:00:00.0,20.24236,29.5,11.4,,,,19.85069,,,,0.25,0.0,0.0,,,17.61942,76,68,15.38748,,1.395139,C ,1.743923,  ,12.5,,,0.0,-14.94001
2014-02-24 00:00:00.0,18.5125,24.4,13.6,,,,19.67916,,,,0.0,0.25,0.25,,,16.81812,84,81,14.66245,,7.372222,S ,9.215278,  ,37.4,,,0.0,-11.288
2014-02-25 00:00:00.0,15.78542,22.0,11.0,,,,18.50486,,,,0.0,0.0,0.0,,,13.45144,80,73,11.34438,,7.914582,S ,9.893228,  ,27.7,,,0.0,-6.639994
2014-02-26 00:00:00.0,14.03333,23.1,6.7,,,,17.28264,,,,0.0,0.0,0.0,,,12.09759,78,75,9.730601,,4.181249,S ,5.226561,  ,23.0,,,0.332,-0.6640012
2014-02-27 00:00:00.0,15.53403,26.4,6.0,,,,16.88125,,,,0.25,0.0,0.0,,,13.30207,76,67,11.0366,,1.886111,C ,2.357638,  ,13.7,,,2.822,-4.232999
2014-02-28 00:00:00.0,17.95764,28.3,8.8,,,,17.32847,,,,0.0,0.25,0.25,,,15.44409,76,71,13.30888,,1.571528,C ,1.96441,  ,15.4,,,0.0,-10.624
2014-03-01 00:00:00.0,19.69583,29.7,10.6,,,,18.06527,,,,0.0,0.0,0.0,,,16.71763,76,62,14.62597,,1.197917,C ,1.497396,  ,12.0,,,0.0,-13.36301
2014-03-02 00:00:00.0,19.94375,29.4,11.0,,,,18.53542,,,,0.0,0.0,0.0,,,17.10159,78,68,14.97826,,1.73125,C ,2.164062,  ,15.3,,,0.0,-12.61601
2014-03-03 00:00:00.0,18.85556,27.4,11.0,,,,18.5625,,,,0.5,0.0,0.0,,,17.03057,79,73,14.87121,,2.182639,E ,2.728299,  ,18.5,,,0.0,-12.94801
2014-03-04 00:00:00.0,19.45486,22.7,17.0,,,,19.25903,,,,29.25,29.75,9.0,,,21.43177,95,94,18.54766,,3.942361,E ,4.927951,  ,26.5,,,0.0,-21.24802
2014-03-05 00:00:00.0,20.81875,28.4,16.1,,,,19.65903,,,,0.0,0.0,0.0,,,21.05999,86,84,18.30355,,3.035417,C ,3.794271,  ,20.0,,,0.0,-20.25202
2014-03-06 00:00:00.0,19.0007,24.6,12.6,,,,19.34722,,,,0.25,0.0,0.0,,,15.73028,80,75,13.63233,,5.908334,S ,7.385417,  ,24.1,,,0.0,-11.869
2014-03-07 00:00:00.0,17.22986,29.5,7.6,,,,17.87431,,,,3.0,3.25,2.25,,,14.7346,74,70,12.54452,,1.961111,C ,2.451389,  ,26.4,,,0.0,-10.707
2014-03-08 00:00:00.0,20.56667,29.4,13.0,,,,18.85486,,,,0.0,0.0,0.0,,,16.46473,70,61,14.40192,,2.83611,W ,3.545138,  ,19.9,,,0.0,-16.76602
2014-03-09 00:00:00.0,19.15417,24.6,16.1,,,,19.17361,,,,10.25,10.25,9.5,,,17.8503,84,79,15.6847,,3.184028,W ,3.980035,  ,24.8,,,0.0,-15.10601
2014-03-10 00:00:00.0,16.36528,23.2,9.1,,,,18.12708,,,,0.0,0.0,0.0,,,13.51502,79,75,11.39428,,4.986111,S ,6.232638,  ,20.8,,,0.0,-5.726994
2014-03-11 00:00:00.0,16.69236,26.9,8.7,,,,17.46528,,,,0.0,0.0,0.0,,,14.71039,76,69,12.58281,,3.202779,W ,4.003473,  ,24.6,,,0.0,-10.126
2014-03-12 00:00:00.0,20.59167,29.7,13.2,,,,18.54375,,,,0.25,0.0,0.0,,,17.69277,76,67,15.50587,,2.295834,C ,2.869792,  ,16.7,,,0.0,-15.10601
2014-03-13 00:00:00.0,21.77777,32.4,14.8,,,,19.00833,,,,0.0,0.25,0.25,,,18.61504,76,69,16.33273,,1.298611,C ,1.623264,  ,13.6,,,0.0,-16.18501
2014-03-14 00:00:00.0,19.92638,24.5,15.8,,,,19.51259,,,,77.75,44.0,10.5,,,22.48188,94,91,19.29544,,3.324306,E ,4.155383,  ,31.6,,,0.0,-20.08602
2014-03-15 00:00:00.0,19.26666,23.2,15.1,,,,18.95209,,,,0.0,33.75,9.75,,,16.31861,78,73,14.11125,,12.49861,S ,15.62327,  ,48.7,,,0.0,-14.69101
2014-03-16 00:00:00.0,18.20069,23.6,12.4,,,,18.51459,,,,0.0,0.0,0.0,,,18.76678,87,82,16.38291,,1.911111,C ,2.388889,  ,18.4,,,0.0,-15.35501
2014-03-17 00:00:00.0,16.20694,21.3,11.6,,,,17.98403,,,,0.5,0.5,0.25,,,13.44892,80,78,11.24423,,8.194444,W ,10.24305,  ,36.2,,,0.0,-4.813996
2014-03-18 00:00:00.0,12.86319,22.2,4.8,,,,16.30416,,,,0.0,0.0,0.0,,,11.3556,78,70,8.73866,,2.459723,C ,3.074654,  ,20.6,,,4.813998,0.7469988
2014-03-19 00:00:00.0,14.58958,23.2,9.7,,,,16.36459,,,,0.25,0.0,0.0,,,13.90524,84,77,11.82905,,1.609028,C ,2.011285,  ,15.3,,,0.0,-3.154
2014-03-20 00:00:00.0,17.00069,24.6,11.7,,,,16.78888,,,,0.25,0.25,0.25,,,16.2409,83,84,14.18572,,3.223611,W ,4.029513,  ,23.2,,,0.0,-9.711003
2014-03-21 00:00:00.0,14.07014,18.6,6.6,,,,16.35,,,,0.0,0.25,0.25,,,11.48167,81,83,8.853453,,11.29375,S ,14.11719,  ,42.2,,,2.158,5.892998
2014-03-22 00:00:00.0,12.01667,22.0,5.3,,,,15.0125,,,,0.0,0.0,0.0,,,9.761136,72,62,6.550909,,4.389583,W ,5.486979,  ,22.4,,,6.639997,3.485998
2014-03-23 00:00:00.0,15.41111,26.2,7.8,,,,15.41598,,,,0.25,0.0,0.0,,,12.75925,71,64,10.32445,,3.535416,W ,4.41927,  ,27.2,,,0.0,-3.651999
2014-03-24 00:00:00.0,16.45069,23.7,10.6,,,,16.1639,,,,0.0,0.25,0.25,,,15.9516,87,83,13.89956,,5.059721,C ,6.324651,  ,27.1,,,0.0,-7.221001
2014-03-25 00:00:00.0,17.56667,25.0,11.2,,,,16.74583,,,,0.0,0.0,0.0,,,17.37502,87,84,15.21473,,4.490973,SE,5.613717,  ,24.5,,,0.0,-10.209
2014-03-26 00:00:00.0,19.14513,28.3,12.7,,,,17.49167,,,,0.25,0.0,0.0,,,19.73906,87,84,17.16855,,2.552778,E ,3.190973,  ,17.6,,,0.0,-17.34702
2014-03-27 00:00:00.0,21.63264,28.1,18.4,,,,18.62292,,,,40.75,41.0,23.5,,,22.37595,89,87,19.282,,2.265278,E ,2.831598,  ,29.6,,,0.0,-23.48903
2014-03-28 00:00:00.0,20.51181,28.0,16.6,,,,18.83055,,,,0.5,0.25,0.25,,,22.01607,92,90,18.99001,,1.359028,C ,1.698785,  ,13.0,,,0.0,-20.00302
2014-03-29 00:00:00.0,22.35972,31.1,16.8,,,,19.24653,,,,2.75,0.25,0.25,,,23.13997,86,81,19.76264,,2.061806,C ,2.577257,  ,17.7,,,0.0,-20.75002
2014-03-30 00:00:00.0,19.25833,22.1,12.9,,,,19.43959,,,,23.25,25.75,7.0,,,20.32795,98,98,17.36233,,6.413196,E ,8.016495,  ,42.6,,,0.0,-13.61201
2014-03-31 00:00:00.0,14.12986,24.5,6.6,,,,17.15625,,,,0.0,0.25,0.25,,,12.5426,79,71,10.21698,,1.334722,C ,1.668403,  ,10.1,,,1.494,-1.577
2014-04-01 00:00:00.0,16.97569,25.5,10.8,,,,16.93819,,,,0.0,0.0,0.0,,,15.36649,82,78,13.30193,,2.295833,C ,2.869792,  ,18.2,,,0.0,-7.718998
2014-04-02 00:00:00.0,16.75625,24.2,11.5,,,,17.22361,,,,0.0,0.0,0.0,,,17.14082,87,82,14.99562,,3.443056,E ,4.30382,  ,21.1,,,0.0,-10.956
2014-04-03 00:00:00.0,18.98055,20.7,17.7,,,,17.97709,,,,10.75,10.0,1.75,,,21.71513,98,98,18.79361,,1.853473,E ,2.316841,  ,16.6,,,0.0,-22.74203
2014-04-04 00:00:00.0,20.90694,28.2,17.3,,,,18.61181,,,,3.0,3.75,1.25,,,23.18669,93,89,19.83055,,1.235417,C ,1.544272,  ,11.4,,,0.0,-23.24003
2014-04-05 00:00:00.0,20.23958,22.9,18.2,,,,19.1382,,,,0.5,0.25,0.25,,,23.11962,98,99,19.81802,,3.198611,E ,3.998264,  ,16.7,,,0.0,-23.90403
2014-04-06 00:00:00.0,20.65208,25.5,19.4,,,,19.50626,,,,0.75,0.75,0.25,,,23.6295,97,94,20.16516,,3.1875,E ,3.984375,  ,20.0,,,0.0,-23.90403
2014-04-07 00:00:00.0,20.79096,24.2,19.4,,,,19.82292,,,,79.0,12.5,5.0,,,24.24818,97,97,20.5841,,5.594444,E ,6.993055,  ,36.8,,,0.0,-23.90403
2014-04-08 00:00:00.0,20.34723,23.0,15.0,,,,19.86876,,,,12.0,78.5,28.5,,,18.80512,84,80,16.10859,,5.429168,W ,6.78646,  ,34.2,,,0.0,-17.84502
2014-04-09 00:00:00.0,16.85487,21.8,14.0,,,,18.38821,,,,0.0,0.25,0.25,,,15.02096,81,75,13.0284,,8.024306,W ,10.03038,  ,37.8,,,0.0,-9.545
2014-04-10 00:00:00.0,14.25209,19.3,10.9,,,,17.25485,,,,0.0,0.0,0.0,,,13.77089,88,88,11.69288,,3.1125,W ,3.890625,  ,29.1,,,0.0,1.991999
2014-04-11 00:00:00.0,14.40556,23.5,7.3,,,,16.29444,,,,0.0,0.0,0.0,,,11.93618,76,71,9.462725,,1.399305,C ,1.749132,  ,12.9,,,0.0,-1.162001
2014-04-12 00:00:00.0,11.62084,14.5,9.0,,,,15.48612,,,,2.75,2.5,1.25,,,11.62661,87,81,9.035972,,7.735417,W ,9.669271,  ,36.0,,,0.0,10.20901
2014-04-13 00:00:00.0,12.15347,16.7,7.0,,,,14.69029,,,,0.75,0.75,0.5,,,12.70612,92,95,10.4127,,7.321528,C ,9.15191,  ,27.7,,,0.166,9.877
2014-04-14 00:00:00.0,11.86111,19.4,6.6,,,,13.99445,,,,0.0,0.25,0.25,,,11.18227,82,80,8.584839,,2.326388,C ,2.907985,  ,21.4,,,0.332,5.893001
2014-04-15 00:00:00.0,14.12916,23.2,7.9,,,,14.33056,,,,0.25,0.0,0.0,,,12.76941,80,74,10.52278,,2.928472,W ,3.66059,  ,23.6,,,0.0,-0.83
2014-04-16 00:00:00.0,16.13195,25.8,9.9,,,,15.07432,,,,0.0,0.25,0.25,,,15.38053,84,77,13.28857,,2.66875,C ,3.335937,  ,25.8,,,0.0,-6.059001
2014-04-17 00:00:00.0,14.29306,19.9,6.8,,,,15.17986,,,,0.0,0.0,0.0,,,12.95338,87,85,10.46625,,3.722221,C ,4.652777,  ,25.3,,,1.826,1.162001
2014-04-18 00:00:00.0,10.27778,20.0,2.4,,,,13.39098,,,,0.0,0.0,0.0,,,9.357008,78,74,5.914606,,1.698611,C ,2.123264,  ,15.1,,,7.303997,8.382996
2014-04-19 00:00:00.0,11.125,19.7,3.7,,,,12.95486,,,,0.25,0.25,0.25,,,10.34207,82,77,7.369016,,2.659028,C ,3.323785,  ,15.3,,,6.141997,7.718995
2014-04-20 00:00:00.0,10.58333,21.3,4.3,,,,12.60486,,,,0.0,0.0,0.0,,,11.31557,89,84,8.647717,,0.7361111,C ,0.9201389,  ,10.1,,,6.805997,9.047005
2014-04-21 00:00:00.0,12.51945,20.2,6.7,,,,12.86528,,,,0.0,0.0,0.0,,,11.39443,84,83,8.748678,,4.217362,C ,5.271702,  ,23.2,,,4.813998,4.979997
2014-04-22 00:00:00.0,9.408333,19.8,1.9,,,,11.77084,,,,0.25,0.0,0.0,,,10.17898,85,83,6.992749,,1.224306,C ,1.530382,  ,13.6,,,7.801996,6.972003
2014-04-23 00:00:00.0,13.33958,23.4,6.2,,,,12.40833,,,,0.25,0.25,0.25,,,12.87791,85,87,10.54891,,1.900694,C ,2.375868,  ,15.4,,,0.83,2.158
2014-04-24 00:00:00.0,11.76181,19.2,6.8,,,,12.72292,,,,0.0,0.25,0.25,,,11.3645,89,86,8.717344,,2.054166,C ,2.567708,  ,12.3,,,4.813998,9.710999
2014-04-25 00:00:00.0,9.492361,19.7,1.4,,,,11.59445,,,,0.25,0.0,0.0,,,9.934209,84,82,6.634017,,1.127778,C ,1.409723,  ,16.7,,,8.631997,6.722999
2014-04-26 00:00:00.0,12.24514,22.4,6.4,,,,11.84097,,,,0.0,0.25,0.25,,,12.20533,84,84,9.790819,,1.540278,C ,1.925347,  ,19.2,,,4.813998,3.236998
2014-04-27 00:00:00.0,14.47708,22.4,9.0,,,,12.85069,,,,0.25,0.25,0.25,,,14.35042,86,85,12.27294,,1.624306,C ,2.030382,  ,14.3,,,0.0,-4.814001
2014-04-28 00:00:00.0,15.56181,22.1,10.9,,,,13.81597,,,,0.0,0.0,0.0,,,15.61316,92,90,13.55527,,2.668056,C ,3.335069,  ,17.7,,,0.0,-4.896994
2014-04-29 00:00:00.0,13.73333,20.0,9.6,,,,13.93473,,,,10.75,0.0,0.0,,,14.31371,89,87,12.29965,,2.688194,C ,3.360242,  ,16.2,,,0.0,-0.4980005
2014-04-30 00:00:00.0,14.1375,17.1,12.6,,,,14.30416,,,,11.75,22.5,2.5,,,16.39794,100,100,14.35667,,3.786806,S ,4.733507,  ,15.3,,,0.0,-1.66
2014-05-01 00:00:00.0,16.07986,24.4,9.5,,,,14.66528,,,,0.25,0.0,0.0,,,14.92838,87,84,12.90274,,3.234722,S ,4.043403,  ,13.7,,,0.0,-4.149994
2014-05-02 00:00:00.0,13.85069,21.7,7.6,,,,14.0132,,,,8.25,0.25,0.25,,,15.4152,93,91,13.17123,,0.8256943,C ,1.032118,  ,11.9,,,0.0,-0.7470008
2014-05-03 00:00:00.0,15.35625,17.4,13.7,,,,14.81249,,,,28.75,36.5,5.25,,,17.40632,100,100,15.30278,,2.325695,C ,2.907118,  ,19.7,,,0.0,-1.908999
2014-05-04 00:00:00.0,14.83819,22.6,10.2,,,,14.87986,,,,0.25,0.5,0.25,,,16.01116,96,92,13.92116,,1.4625,C ,1.828125,  ,9.4,,,0.0,-1.162001
2014-05-05 00:00:00.0,14.09583,18.5,11.9,,,,14.82638,,,,0.25,0.25,0.25,,,16.17714,99,96,14.10783,,0.9854167,C ,1.231771,  ,6.7,,,0.0,-0.6640008
2014-05-06 00:00:00.0,13.63195,18.0,9.6,,,,14.7375,,,,0.25,0.25,0.25,,,15.14263,98,95,13.15042,,0.8124999,C ,1.015625,  ,11.1,,,0.0,0.664
2014-05-07 00:00:00.0,14.75347,22.3,12.4,,,,14.79513,,,,4.5,4.75,2.5,,,15.87551,95,91,13.85883,,2.089583,C ,2.611979,  ,17.2,,,0.0,-3.651999
2014-05-08 00:00:00.0,13.92778,16.4,10.9,,,,14.66803,,,,0.75,0.75,0.5,,,14.89554,97,95,12.86158,,5.718751,S ,7.148438,  ,22.7,,,0.0,2.738999
2014-05-09 00:00:00.0,12.62708,19.7,7.9,,,,13.99376,,,,0.0,0.0,0.0,,,13.79441,92,91,11.63944,,1.390972,C ,1.738715,  ,16.6,,,0.0,2.075001
2014-05-10 00:00:00.0,14.75664,22.2,10.2,,,,14.2986,,,,9.0,0.0,0.0,,,14.42983,87,87,12.41025,,1.267832,C ,1.58479,  ,14.0,,,0.0,-3.237
2014-05-11 00:00:00.0,15.08462,19.9,12.7,,,,14.63427,,,,0.0,9.0,2.75,,,16.6243,96,93,14.59042,,1.176923,C ,1.471154,  ,8.6,,,0.0,-5.229001
2014-05-12 00:00:00.0,15.73819,21.6,12.5,,,,14.97779,,,,0.0,0.0,0.0,,,16.87657,94,91,14.81372,,0.7777779,C ,0.9722223,  ,8.6,,,0.0,-7.055002
2014-05-13 00:00:00.0,16.84583,22.9,13.8,,,,15.36805,,,,0.0,0.0,0.0,,,16.29141,88,84,14.28368,,2.794443,W ,3.493054,  ,15.9,,,0.0,-7.635997
2014-05-14 00:00:00.0,15.79444,20.0,13.0,,,,15.33125,,,,2.75,0.25,0.25,,,17.28692,95,94,15.1785,,2.414583,W ,3.018229,  ,18.2,,,0.0,-9.296002
2014-05-15 00:00:00.0,13.91944,16.5,7.8,,,,15.08541,,,,0.5,3.0,2.0,,,12.88889,89,86,10.43464,,5.140278,S ,6.425348,  ,24.1,,,2.49,5.228998
2014-05-16 00:00:00.0,8.978473,17.3,2.5,,,,12.8632,,,,6.75,6.5,2.25,,,10.24039,89,84,7.17581,,1.590972,C ,1.988715,  ,14.8,,,7.967996,12.86501
2014-05-17 00:00:00.0,9.815973,15.8,4.6,,,,12.45694,,,,0.0,0.25,0.25,,,9.462169,81,77,6.124345,,4.838888,W ,6.04861,  ,26.1,,,3.817999,15.35501
2014-05-18 00:00:00.0,10.79583,15.3,7.1,,,,12.20554,,,,0.0,0.0,0.0,,,12.21749,92,90,9.90443,,3.890971,W ,4.863714,  ,15.3,,,0.0,9.213009
2014-05-19 00:00:00.0,10.85,17.5,5.9,,,,12.38681,,,,0.0,0.0,0.0,,,10.89559,90,87,8.179214,,2.0,C ,2.5,  ,16.3,,,4.979998,12.36701
2014-05-20 00:00:00.0,8.346528,14.9,3.4,,,,11.29375,,,,0.75,0.25,0.25,,,10.38107,92,87,7.379637,,1.389583,C ,1.736979,  ,12.5,,,8.133996,14.94001
2014-05-21 00:00:00.0,8.943058,10.0,7.2,,,,11.50417,,,,23.75,23.25,2.75,,,11.513,100,100,9.033759,,3.922917,C ,4.903646,  ,23.5,,,0.0,
2014-05-22 00:00:00.0,10.38194,14.6,8.0,,,,11.46943,,,,0.0,1.0,0.5,,,10.92273,91,86,8.204165,,11.62709,S ,14.53386,  ,35.8,,,3.485999,13.52902
2014-05-23 00:00:00.0,7.81389,13.1,3.3,,,,10.78472,,,,0.25,0.0,0.0,,,9.232779,88,84,5.795295,,4.874306,W ,6.092883,  ,23.1,,,13.44601,19.75402
2014-05-24 00:00:00.0,8.65903,16.6,3.7,,,,10.34444,,,,0.25,0.25,0.25,,,10.00572,89,87,6.872133,,3.650001,W ,4.562501,  ,21.7,,,9.794,15.18901
2014-05-25 00:00:00.0,9.499306,18.2,4.4,,,,10.38681,,,,0.25,0.25,0.25,,,10.78853,92,90,7.853538,,2.590974,C ,3.238717,  ,18.8,,,11.62,13.61201
2014-05-26 00:00:00.0,8.65625,20.0,1.6,,,,9.859028,,,,0.0,0.25,0.25,,,9.441248,85,79,5.949325,,0.9180552,C ,1.147569,  ,8.9,,,9.96,9.960004
2014-05-27 00:00:00.0,9.650695,18.1,4.9,,,,9.65486,,,,0.25,0.0,0.0,,,9.971979,85,82,6.87515,,2.361807,N ,2.952258,  ,17.6,,,9.295999,13.52901
2014-05-28 00:00:00.0,7.855556,14.8,2.5,,,,9.531942,,,,0.25,0.5,0.25,,,10.53662,97,93,7.479718,,1.484028,C ,1.855035,  ,14.3,,,9.627999,17.18102
2014-05-29 00:00:00.0,10.93542,18.1,6.6,,,,10.20139,,,,0.0,0.0,0.25,,,12.52147,91,89,10.2112,,2.447917,C ,3.059896,  ,20.9,,,,8.549
2014-05-30 00:00:00.0,13.92153,18.8,10.4,,,,11.46388,,,,0.0,0.0,0.0,,,14.34823,91,90,12.32473,,1.850694,C ,2.313368,  ,13.1,,,0.0,1.659999
2014-05-31 00:00:00.0,12.00209,14.0,7.8,,,,12.03055,,,,0.0,0.0,0.0,,,13.14324,96,92,10.96129,,3.951388,S ,4.939235,  ,16.8,,,0.0,9.628008
2014-06-01 00:00:00.0,12.225,21.1,6.6,,,,11.57222,,,,0.0,0.0,0.0,,,10.66738,78,76,7.889843,,3.265973,W ,4.082466,  ,16.3,,,0.996,6.639997
2014-06-02 00:00:00.0,11.26528,20.4,4.9,,,,11.15556,,,,0.25,0.25,0.25,,,11.30353,87,86,8.650372,,2.445833,C ,3.057292,  ,15.4,,,4.647998,8.715002
2014-06-03 00:00:00.0,10.77569,19.0,5.9,,,,10.89305,,,,0.25,0.25,0.25,,,11.7743,89,89,9.267437,,2.222917,C ,2.778647,  ,20.5,,,6.307997,9.047002
2014-06-04 00:00:00.0,11.79375,14.7,10.0,,,,11.31944,,,,1.0,0.75,0.75,,,12.86952,95,95,10.65769,,1.829861,C ,2.287326,  ,16.5,,,0.664,10.04301
2014-06-05 00:00:00.0,9.068748,16.5,3.3,,,,10.50834,,,,0.0,0.25,0.25,,,9.099908,83,79,5.547557,,2.760417,C ,3.450521,  ,22.3,,,10.458,16.01901
2014-06-06 00:00:00.0,8.01389,17.3,2.1,,,,9.829167,,,,0.25,0.0,0.0,,,8.504919,84,80,4.567408,,2.122223,C ,2.652779,  ,15.0,,,14.60801,15.18901
2014-06-07 00:00:00.0,6.859027,12.2,2.1,,,,9.128472,,,,13.5,13.5,3.25,,,10.14392,100,100,6.975694,,1.277778,C ,1.597222,  ,14.0,,,11.952,
2014-06-08 00:00:00.0,7.487501,15.6,2.1,,,,8.916675,,,,0.0,0.25,0.25,,,8.947053,83,80,5.255122,,3.566668,W ,4.458335,  ,21.2,,,8.963998,15.60401
2014-06-09 00:00:00.0,10.24931,15.7,6.0,,,,9.366673,,,,0.0,0.0,0.0,,,9.168352,78,75,5.688395,,5.344445,W ,6.680556,  ,23.6,,,4.979998,15.60401
2014-06-10 00:00:00.0,10.20208,20.6,4.7,,,,9.363887,,,,0.0,0.0,0.0,,,10.93654,85,81,8.062536,,2.648611,N ,3.310764,  ,19.7,,,8.465997,7.636005
2014-06-11 00:00:00.0,11.86944,14.6,8.9,,,,10.09653,,,,3.75,3.75,1.25,,,14.03381,95,96,11.84148,,2.767361,E ,3.459201,  ,23.0,,,0.0,4.066998
2014-06-12 00:00:00.0,15.85556,19.9,11.3,,,,11.91041,,,,21.25,21.25,5.25,,,16.96939,99,100,14.73203,,6.269444,C ,7.836805,  ,49.4,,,0.0,-2.241
2014-06-13 00:00:00.0,9.249306,13.4,4.9,,,,11.13889,,,,0.0,0.0,0.0,,,9.928284,91,90,6.785331,,5.334026,W ,6.667533,  ,24.9,,,7.635996,18.92402
2014-06-14 00:00:00.0,6.688888,14.8,0.6,,,,8.914584,,,,0.25,0.0,0.0,,,8.663203,89,89,4.807469,,1.169444,C ,1.461805,  ,12.5,,,15.10601,17.01502
2014-06-15 00:00:00.0,7.597222,14.2,3.5,,,,8.625002,,,,0.25,0.25,0.25,,,11.12293,98,96,8.25198,,1.443056,C ,1.80382,  ,15.5,,,8.631997,15.77001
2014-06-16 00:00:00.0,10.31736,16.2,4.9,,,,9.566663,,,,0.25,0.25,0.25,,,10.72396,91,89,7.897101,,3.702082,C ,4.627603,  ,18.7,,,7.137997,15.10601
2014-06-17 00:00:00.0,6.261805,13.2,1.6,,,,8.580554,,,,0.0,0.25,0.25,,,8.590374,91,91,4.691954,,5.142361,W ,6.427951,  ,27.7,,,16.26801,17.59602
2014-06-18 00:00:00.0,6.640278,12.5,3.3,,,,8.222919,,,,0.0,0.0,0.0,,,8.379471,87,81,4.395943,,6.682641,W ,8.353301,  ,22.4,,,14.60801,
2014-06-19 00:00:00.0,5.216665,12.2,0.1,,,,7.698613,,,,0.0,0.0,0.0,,,7.430285,85,82,2.656149,,3.063889,N ,3.829861,  ,20.0,,,16.60001,
2014-06-20 00:00:00.0,7.705557,16.4,2.4,,,,7.839584,,,,0.0,0.0,0.0,,,9.229668,87,85,5.689953,,3.077779,W ,3.847223,  ,20.7,,,11.786,16.35101
2014-06-21 00:00:00.0,8.922915,17.4,4.1,,,,8.352083,,,,0.0,0.0,0.0,,,10.69091,90,86,7.836991,,1.508333,C ,1.885417,  ,11.0,,,8.299996,13.52901
2014-06-22 00:00:00.0,10.93056,12.8,9.6,,,,9.48473,,,,2.5,2.5,1.0,,,13.19543,99,100,11.04371,,0.9416665,C ,1.177083,  ,9.1,,,0.0,10.79001
2014-06-23 00:00:00.0,10.45695,12.2,8.2,,,,10.25555,,,,0.25,0.0,0.25,,,11.99906,100,100,9.579167,,1.021528,C ,1.27691,  ,8.3,,,1.826,
2014-06-24 00:00:00.0,8.678473,17.2,3.0,,,,9.181948,,,,0.0,0.25,0.25,,,10.26694,90,85,7.22471,,1.190278,C ,1.487847,  ,10.1,,,8.797997,15.60401
2014-06-25 00:00:00.0,9.152775,19.2,2.5,,,,8.773613,,,,0.25,0.25,0.25,,,8.996998,85,78,5.353392,,0.8527774,C ,1.065972,  ,7.0,,,12.45001,14.35901
2014-06-26 00:00:00.0,6.930556,16.8,0.9,,,,8.317362,,,,0.25,0.0,0.0,,,9.16346,91,87,5.502775,,0.8909723,C ,1.113715,  ,6.8,,,14.11001,14.44201
2014-06-27 00:00:00.0,8.002084,17.2,1.2,,,,7.701388,,,,0.0,0.25,0.25,,,8.214657,80,73,4.08757,,2.042361,C ,2.552951,  ,9.5,,,11.454,13.44601
2014-06-28 00:00:00.0,7.125694,17.6,-0.4,,,,7.131945,,,,0.25,0.25,0.25,,,8.650603,88,83,4.673718,,1.15,C ,1.4375,  ,9.4,,,14.44201,11.537
2014-06-29 00:00:00.0,6.649305,17.0,-2.5,,,,6.64236,,,,0.0,0.0,0.25,,,8.152735,88,83,3.75716,,0.9472226,C ,1.184028,  ,7.4,,,15.10601,9.545001
2014-06-30 00:00:00.0,4.709028,16.1,-2.3,,,,6.067359,,,,0.25,0.25,0.25,,,7.527059,89,84,2.652377,,0.7826388,C ,0.9782985,  ,9.3,,,16.76601,8.714998
2014-07-01 00:00:00.0,3.875,12.5,-3.7,,,,5.611112,,,,0.25,0.25,0.25,,,7.853177,95,94,3.16711,,1.888195,C ,2.360243,  ,12.1,,,17.92802,
2014-07-02 00:00:00.0,6.445138,13.5,2.1,,,,7.003471,,,,0.0,0.0,0.0,,,9.652071,94,90,6.338305,,1.297917,C ,1.622396,  ,10.9,,,9.461999,19.58802
2014-07-03 00:00:00.0,7.688888,12.7,4.0,,,,7.486109,,,,0.25,0.25,0.25,,,9.425541,94,91,6.053261,,2.667361,C ,3.334202,  ,17.0,,,14.60801,20.41802
2014-07-04 00:00:00.0,5.961111,15.8,-0.9,,,,6.890976,,,,1.5,0.0,0.0,,,9.459089,93,89,5.647325,,2.575694,E ,3.219618,  ,17.1,,,9.461999,7.967999
2014-07-05 00:00:00.0,11.89167,13.8,7.5,,,,8.708333,,,,5.0,6.5,2.25,,,14.27013,100,100,12.23055,,7.709722,E ,9.637153,  ,29.4,,,0.0,6.474003
2014-07-06 00:00:00.0,8.571529,11.8,6.2,,,,9.047225,,,,7.0,7.0,1.0,,,10.33578,97,95,7.410279,,10.02917,W ,12.53646,  ,38.2,,,5.145998,
2014-07-07 00:00:00.0,8.120139,15.0,3.9,,,,8.208333,,,,0.25,0.0,0.0,,,9.497935,91,90,6.086862,,5.985416,W ,7.48177,  ,24.6,,,14.60801,17.34702
2014-07-08 00:00:00.0,6.158333,14.5,-1.0,,,,7.265277,,,,0.0,0.25,0.25,,,8.957503,93,91,5.073457,,0.8673608,C ,1.084201,  ,13.2,,,13.11401,11.53701
2014-07-09 00:00:00.0,6.310417,12.9,-0.4,,,,7.325698,,,,0.25,0.0,0.0,,,9.628643,97,94,6.1074,,2.104861,C ,2.631076,  ,14.5,,,11.62,15.43802
2014-07-10 00:00:00.0,8.130556,12.6,3.8,,,,7.988191,,,,0.0,0.25,0.25,,,9.983705,92,91,6.865691,,1.602084,C ,2.002604,  ,12.5,,,9.96,18.50902
2014-07-11 00:00:00.0,9.877083,18.5,3.3,,,,8.520141,,,,0.25,0.0,0.0,,,11.86749,94,91,9.255001,,1.835417,E ,2.294271,  ,14.9,,,6.971997,11.371
2014-07-12 00:00:00.0,12.24166,16.2,8.7,,,,9.629871,,,,12.0,5.25,1.75,,,14.54321,97,97,12.50053,,3.611112,E ,4.513889,  ,26.4,,,0.0,4.149998
2014-07-13 00:00:00.0,14.84236,19.6,12.6,,,,11.07569,,,,0.25,7.0,3.0,,,16.44458,98,96,14.41843,,1.315278,C ,1.644098,  ,22.1,,,0.0,-3.070999
2014-07-14 00:00:00.0,13.58403,17.8,11.0,,,,11.59236,,,,7.0,0.25,0.25,,,15.917,100,100,13.82352,,2.974305,E ,3.717881,  ,24.8,,,0.0,2.904999
2014-07-15 00:00:00.0,14.14236,17.3,9.6,,,,12.13889,,,,0.5,7.25,4.75,,,14.71695,97,94,12.5323,,4.745833,C ,5.932291,  ,44.1,,,0.498,2.822
2014-07-16 00:00:00.0,9.607641,18.4,4.8,,,,10.2125,,,,0.25,0.25,0.25,,,10.90892,93,86,8.170774,,0.8125,C ,1.015625,  ,7.4,,,6.971997,14.85701
2014-07-17 00:00:00.0,9.584026,18.5,3.3,,,,9.24167,,,,0.25,0.25,0.25,,,10.76242,90,85,7.898314,,2.372223,C ,2.965278,  ,14.1,,,8.299996,13.36301
2014-07-18 00:00:00.0,7.829169,13.7,2.4,,,,9.004861,,,,0.25,0.25,0.25,,,9.912777,94,90,6.739962,,2.735417,W ,3.419271,  ,16.4,,,10.126,19.00702
2014-07-19 00:00:00.0,10.41667,20.3,4.7,,,,9.276387,,,,0.25,0.5,0.25,,,11.26941,89,85,8.584064,,2.159028,C ,2.698785,  ,11.4,,,8.299996,8.964005
2014-07-20 00:00:00.0,11.85695,20.1,7.0,,,,9.511804,,,,0.5,0.25,0.25,,,12.24458,89,86,9.883907,,3.022917,C ,3.778646,  ,24.8,,,0.0,6.889004
2014-07-21 00:00:00.0,11.96944,19.7,7.1,,,,9.919453,,,,0.5,0.5,0.25,,,13.5489,94,92,11.30161,,1.628472,C ,2.035591,  ,13.3,,,0.0,5.145994
2014-07-22 00:00:00.0,10.95417,13.6,8.4,,,,10.475,,,,0.0,0.25,0.25,,,12.17313,97,97,9.802752,,8.42153,S ,10.52691,  ,26.0,,,0.166,14.60802
2014-07-23 00:00:00.0,7.247221,13.9,0.6,,,,9.198612,,,,0.25,0.0,0.0,,,8.630345,91,88,4.678245,,3.850001,S ,4.812501,  ,19.1,,,15.10601,13.44601
2014-07-24 00:00:00.0,6.015278,14.6,0.6,,,,8.056248,,,,0.0,0.25,0.25,,,7.292728,80,76,2.379566,,3.398611,W ,4.248264,  ,17.7,,,14.60801,11.62
2014-07-25 00:00:00.0,6.375695,14.0,0.6,,,,7.843058,,,,0.25,0.25,0.25,,,7.722493,83,82,3.226008,,5.880556,W ,7.350695,  ,26.7,,,14.60801,14.85702
2014-07-26 00:00:00.0,4.353473,10.7,0.0,,,,7.322916,,,,0.0,0.0,0.0,,,6.890789,88,85,1.609736,,5.105554,W ,6.381942,  ,24.1,,,18.75802,
2014-07-27 00:00:00.0,3.515972,11.3,-1.9,,,,6.025001,,,,0.0,0.0,0.0,,,6.96278,88,84,1.702074,,1.283334,C ,1.604167,  ,13.5,,,17.26402,
2014-07-28 00:00:00.0,6.979168,14.7,1.7,,,,6.666669,,,,0.0,0.0,0.0,,,9.247519,86,83,5.694958,,2.971528,E ,3.71441,  ,27.5,,,8.631997,13.11401
2014-07-29 00:00:00.0,11.54583,14.7,9.2,,,,8.43888,,,,0.0,0.0,0.0,,,13.19403,94,94,11.00013,,1.729167,C ,2.161459,  ,11.4,,,0.0,6.308003
2014-07-30 00:00:00.0,12.26875,19.0,7.7,,,,9.348613,,,,0.0,0.0,0.0,,,11.16652,83,81,8.562572,,4.04514,W ,5.056425,  ,16.2,,,0.0,7.138
2014-07-31 00:00:00.0,9.827776,12.4,6.9,,,,9.287492,,,,39.25,39.25,20.0,,,12.48907,100,100,10.18023,,2.667361,E ,3.334202,  ,31.0,,,0.166,
2014-08-01 00:00:00.0,13.62917,20.4,10.1,,,,10.6507,,,,0.25,0.25,0.25,,,14.89032,95,90,12.8237,,2.787501,W ,3.484376,  ,13.2,,,0.0,0.9129992
2014-08-02 00:00:00.0,15.13889,21.5,11.3,,,,11.65625,,,,0.25,0.25,0.25,,,17.45211,99,100,15.21321,,2.739583,C ,3.424479,  ,20.6,,,0.0,-5.893
2014-08-03 00:00:00.0,14.93125,19.9,9.6,,,,11.84375,,,,0.0,0.0,0.0,,,11.87441,77,72,9.370007,,4.370138,W ,5.462673,  ,21.3,,,1.992,-0.4979994
2014-08-04 00:00:00.0,9.186109,14.8,4.8,,,,10.37708,,,,0.0,0.0,0.0,,,8.433325,74,70,4.498046,,6.788888,W ,8.486111,  ,28.7,,,8.299996,15.77001
2014-08-05 00:00:00.0,9.48889,17.0,4.3,,,,9.718052,,,,0.0,0.0,0.0,,,9.7262,83,81,6.503027,,3.176389,N ,3.970486,  ,23.0,,,8.299996,13.19701
2014-08-06 00:00:00.0,10.6625,17.2,6.7,,,,10.17223,,,,0.0,0.0,0.0,,,11.66624,89,85,9.211372,,2.021527,C ,2.526909,  ,13.1,,,0.498,11.95201
2014-08-07 00:00:00.0,10.29861,16.1,3.8,,,,10.13194,,,,0.0,0.0,0.0,,,8.882905,76,71,5.216126,,7.038889,W ,8.798611,  ,25.0,,,7.303997,14.77401
2014-08-08 00:00:00.0,8.934723,17.8,3.1,,,,9.39514,,,,0.0,0.0,0.0,,,8.54459,77,75,4.622971,,2.945832,W ,3.682291,  ,22.6,,,10.292,13.36301
2014-08-09 00:00:00.0,10.3618,17.9,4.4,,,,9.470833,,,,0.0,0.0,0.0,,,10.69044,82,76,7.828472,,4.443055,N ,5.553818,  ,20.5,,,7.635996,8.880998
2014-08-10 00:00:00.0,10.98333,14.1,5.4,,,,10.24722,,,,0.0,0.0,0.0,,,10.56199,88,87,7.659349,,4.928473,S ,6.160591,  ,26.1,,,5.975997,12.53301
2014-08-11 00:00:00.0,7.565279,16.2,1.9,,,,8.749302,,,,0.0,0.0,0.0,,,7.883387,78,70,3.499841,,3.749307,W ,4.686633,  ,20.4,,,12.28401,14.11001
2014-08-12 00:00:00.0,6.358334,12.5,1.2,,,,8.328472,,,,0.0,0.0,0.0,,,6.848222,77,71,1.472559,,11.10347,W ,13.87934,  ,46.2,,,15.43801,
2014-08-13 00:00:00.0,6.910417,15.6,0.7,,,,7.6875,,,,0.0,0.0,0.0,,,6.608805,68,64,0.993842,,5.160417,W ,6.450521,  ,24.3,,,12.28401,10.043
2014-08-14 00:00:00.0,8.443057,18.4,1.4,,,,8.073609,,,,0.0,0.0,0.0,,,8.052885,74,69,3.722082,,3.819444,W ,4.774304,  ,25.8,,,9.461999,11.45401
2014-08-15 00:00:00.0,9.806945,17.6,4.5,,,,8.611114,,,,0.0,0.0,0.0,,,9.399673,80,78,6.024832,,3.261806,C ,4.077257,  ,21.8,,,8.963998,12.78201
2014-08-16 00:00:00.0,11.175,21.5,2.7,,,,8.935419,,,,0.0,0.0,0.0,,,12.03772,87,87,9.439808,,2.023611,C ,2.529514,  ,14.3,,,7.303997,5.644002
2014-08-17 00:00:00.0,14.38611,24.1,7.3,,,,10.375,,,,0.0,0.0,0.0,,,14.50323,86,83,12.25016,,3.441667,N ,4.302084,  ,16.9,,,0.0,-1.328
2014-08-18 00:00:00.0,17.38959,25.9,11.2,,,,12.03125,,,,0.0,0.0,0.0,,,17.51264,89,86,15.28212,,3.557639,C ,4.447049,  ,25.5,,,0.0,-8.881
2014-08-19 00:00:00.0,14.28403,18.9,9.5,,,,12.39306,,,,0.0,0.0,0.0,,,12.4191,83,80,10.06977,,4.764582,E ,5.955728,  ,26.0,,,0.0,0.5809993
2014-08-20 00:00:00.0,16.3625,26.9,9.8,,,,13.03958,,,,0.0,0.0,0.0,,,18.04713,89,86,15.67448,,2.133333,C ,2.666667,  ,13.9,,,0.0,-11.288
2014-08-21 00:00:00.0,18.58889,26.7,11.9,,,,14.23403,,,,18.0,0.0,0.0,,,18.15974,92,96,15.80278,,5.843056,C ,7.30382,  ,34.7,,,0.0,-9.877
2014-08-22 00:00:00.0,12.25833,13.3,10.9,,,,13.27638,,,,29.5,47.25,9.5,,,14.61369,100,100,12.61619,,7.722915,E ,9.653644,  ,35.6,,,0.0,4.564999
2014-08-23 00:00:00.0,14.67361,16.0,13.3,,,,13.30278,,,,30.75,30.75,5.75,,,16.91085,100,100,14.86995,,5.862501,E ,7.328126,  ,35.0,,,0.0,0.0
2014-08-24 00:00:00.0,13.85694,16.3,11.3,,,,13.26806,,,,27.0,26.5,10.25,,,15.16563,100,100,13.13092,,7.395833,S ,9.244792,  ,32.6,,,0.0,3.734998
2014-08-25 00:00:00.0,8.4,11.2,6.2,,,,11.62638,,,,10.5,11.0,2.0,,,10.69055,99,99,7.889342,,13.3,W ,16.625,  ,49.5,,,6.639997,
2014-08-26 00:00:00.0,8.241665,10.4,7.1,,,,10.23333,,,,0.0,0.25,0.25,,,9.928583,93,92,6.852378,,24.30834,S ,30.38542,  ,55.2,,,2.49,
2014-08-27 00:00:00.0,7.234723,11.1,3.6,,,,9.57361,,,,0.0,0.0,0.0,,,8.561131,88,88,4.706385,,7.479166,S ,9.348957,  ,25.9,,,13.77801,
2014-08-28 00:00:00.0,6.388888,13.9,1.4,,,,8.833332,,,,0.25,0.0,0.0,,,8.693214,89,88,4.833772,,1.301389,C ,1.626736,  ,11.0,,,14.27601,14.85702
2014-08-29 00:00:00.0,9.523611,18.3,4.5,,,,9.25139,,,,0.25,0.25,0.25,,,10.73823,89,85,7.909656,,1.577083,C ,1.971354,  ,12.1,,,7.137997,12.118
2014-08-30 00:00:00.0,11.35139,17.7,6.9,,,,9.837505,,,,0.0,0.25,0.25,,,12.98319,94,91,10.67772,,1.538888,C ,1.923611,  ,12.9,,,,8.465998
2014-08-31 00:00:00.0,13.33055,20.1,10.1,,,,11.40069,,,,0.0,0.0,0.0,,,14.17012,93,92,12.11421,,3.380555,S ,4.225694,  ,12.8,,,0.0,2.240999
2014-09-01 00:00:00.0,11.82014,17.3,8.6,,,,11.96042,,,,0.0,0.0,0.0,,,13.57286,96,95,11.4187,,3.175694,E ,3.969618,  ,20.0,,,0.0,6.889
2014-09-02 00:00:00.0,14.03889,17.9,12.0,,,,12.26528,,,,2.0,0.25,0.25,,,15.40119,95,94,13.4067,,4.900001,E ,6.125001,  ,27.2,,,0.0,-0.747
2014-09-03 00:00:00.0,14.40695,16.8,12.8,,,,12.87638,,,,0.5,2.25,0.5,,,16.01997,97,96,14.02647,,4.84375,E ,6.054688,  ,22.5,,,0.0,-1.411
2014-09-04 00:00:00.0,15.20695,18.0,13.6,,,,13.22083,,,,3.75,0.0,0.0,,,15.668,91,88,13.69345,,6.020139,E ,7.525173,  ,38.3,,,0.0,-3.070999
2014-09-05 00:00:00.0,14.64584,16.0,13.2,,,,13.39235,,,,45.0,32.75,17.75,,,16.74021,99,100,14.68692,,3.651389,E ,4.564237,  ,32.0,,,0.0,-1.245
2014-09-06 00:00:00.0,14.51666,16.8,11.8,,,,13.58333,,,,17.25,33.25,9.25,,,14.49696,91,85,12.34806,,9.268055,W ,11.58507,  ,45.0,,,0.0,2.572999
2014-09-07 00:00:00.0,14.49931,21.6,9.6,,,,12.87916,,,,0.0,0.0,0.0,,,12.83335,76,73,10.59662,,6.047222,W ,7.559028,  ,25.9,,,0.0,-2.988
2014-09-08 00:00:00.0,16.40417,23.6,10.9,,,,13.60903,,,,4.5,0.0,0.0,,,14.8082,80,74,12.77871,,2.222917,E ,2.778646,  ,13.4,,,0.0,-8.964005
2014-09-09 00:00:00.0,14.35,17.2,10.0,,,,13.80348,,,,0.0,4.5,3.25,,,12.63234,82,80,10.11644,,11.15,S ,13.9375,  ,36.0,,,0.0,2.655999
2014-09-10 00:00:00.0,11.10973,16.3,6.4,,,,12.30764,,,,0.0,0.0,0.0,,,9.428972,72,62,6.0938,,8.061806,W ,10.07726,  ,41.3,,,1.66,11.03901
2014-09-11 00:00:00.0,11.7507,17.8,7.4,,,,12.02986,,,,0.0,0.0,0.0,,,10.47512,78,71,7.614082,,4.595835,C ,5.744793,  ,19.1,,,0.0,8.715001
2014-09-12 00:00:00.0,13.55069,20.3,8.2,,,,12.09722,,,,0.25,0.0,0.0,,,12.16853,80,74,9.846272,,2.919444,C ,3.649305,  ,24.4,,,0.0,-0.9960009
2014-09-13 00:00:00.0,12.43125,17.6,7.2,,,,11.9625,,,,0.0,0.25,0.25,,,13.52368,93,93,11.35662,,1.070139,C ,1.337673,  ,8.7,,,0.0,5.643996
2014-09-14 00:00:00.0,13.64514,18.3,9.6,,,,12.58334,,,,0.0,0.0,0.0,,,13.45238,88,89,11.35229,,3.713194,C ,4.641493,  ,16.9,,,0.0,2.406999
2014-09-15 00:00:00.0,12.51527,18.5,8.0,,,,12.49306,,,,0.25,0.0,0.0,,,11.15343,82,77,8.539033,,7.4625,S ,9.328125,  ,24.3,,,0.996,7.054995
2014-09-16 00:00:00.0,12.37778,21.7,6.2,,,,11.85833,,,,0.25,0.25,0.25,,,11.65923,80,80,9.128276,,1.734722,C ,2.168403,  ,13.5,,,6.473997,2.904997
2014-09-17 00:00:00.0,15.08333,23.2,9.5,,,,12.6125,,,,0.25,0.25,0.25,,,13.90462,83,81,11.81666,,1.978472,C ,2.47309,  ,14.9,,,0.0,-3.568998
2014-09-18 00:00:00.0,15.44444,22.5,10.5,,,,13.39931,,,,0.0,0.25,0.25,,,14.93966,86,86,12.9281,,1.802084,C ,2.252605,  ,18.1,,,0.0,-6.224999
2014-09-19 00:00:00.0,15.98264,24.8,9.6,,,,14.03333,,,,0.0,0.0,0.0,,,15.33747,86,85,13.25403,,2.435417,C ,3.044271,  ,14.6,,,0.0,-4.896998
2014-09-20 00:00:00.0,12.35972,15.3,10.2,,,,13.66528,,,,0.0,0.0,0.0,,,12.56136,90,88,10.33248,,14.25833,S ,17.82292,  ,37.2,,,0.0,8.715008
2014-09-21 00:00:00.0,12.75833,19.3,9.5,,,,13.52847,,,,0.25,0.0,0.0,,,12.99172,87,85,10.8086,,4.707638,E ,5.884547,  ,23.7,,,0.0,2.738999
2014-09-22 00:00:00.0,15.80903,22.9,11.3,,,,14.12084,,,,3.25,0.25,0.25,,,15.26774,84,79,13.23878,,5.124306,C ,6.405382,  ,28.6,,,0.0,-7.470003
2014-09-23 00:00:00.0,12.35903,16.8,10.2,,,,13.85695,,,,7.0,10.25,3.5,,,13.64921,99,99,11.56425,,2.911807,C ,3.639759,  ,24.6,,,0.0,8.134007
2014-09-24 00:00:00.0,13.35764,20.8,8.6,,,,13.18403,,,,0.0,0.0,0.0,,,11.05897,74,68,8.31187,,4.992361,W ,6.240451,  ,25.0,,,0.0,-1.494001
2014-09-25 00:00:00.0,14.76111,20.9,10.7,,,,13.5125,,,,0.0,0.0,0.0,,,12.98642,82,72,10.62953,,5.238195,W ,6.547744,  ,39.0,,,2.656,-0.8299994
2014-09-26 00:00:00.0,9.502779,16.8,3.1,,,,12.35417,,,,0.25,0.0,0.0,,,9.061702,80,75,5.49326,,5.969445,W ,7.461806,  ,30.0,,,10.292,12.94801
2014-09-27 00:00:00.0,11.7375,20.5,4.8,,,,12.07847,,,,0.0,0.25,0.25,,,10.56001,76,65,7.639413,,2.09375,C ,2.617188,  ,17.2,,,6.307997,2.406999
2014-09-28 00:00:00.0,12.77222,17.5,9.5,,,,12.53055,,,,7.25,7.25,3.5,,,14.47682,98,100,12.38911,,1.052084,C ,1.315104,  ,16.1,,,0.0,4.814
2014-09-29 00:00:00.0,15.15625,24.3,7.1,,,,12.91667,,,,0.25,0.25,0.25,,,13.9809,81,78,11.82355,,2.130556,C ,2.663195,  ,11.6,,,0.0,-4.731001
2014-09-30 00:00:00.0,15.40834,19.6,12.9,,,,13.93126,,,,1.0,1.0,0.25,,,15.13458,91,91,13.11609,,3.664583,C ,4.580729,  ,21.7,,,0.0,-2.075
2014-10-01 00:00:00.0,10.26805,15.4,5.3,,,,13.14306,,,,0.0,0.0,0.0,,,9.465674,84,79,6.106429,,9.723612,S ,12.15451,  ,27.7,,,7.967996,14.85702
2014-10-02 00:00:00.0,7.321528,14.9,1.2,,,,11.70764,,,,0.25,0.0,0.0,,,9.069548,85,77,5.401716,,3.765276,E ,4.706595,  ,27.9,,,6.971997,12.78202
2014-10-03 00:00:00.0,12.65556,18.3,7.6,,,,12.3757,,,,0.0,0.25,0.25,,,13.068,84,78,10.89115,,5.627082,E ,7.033853,  ,31.6,,,0.0,1.494001
2014-10-04 00:00:00.0,14.89097,16.6,13.8,,,,13.09306,,,,19.5,0.75,0.25,,,15.16362,88,86,13.18497,,7.325,E ,9.15625,  ,41.5,,,0.0,-1.66
2014-10-05 00:00:00.0,14.98264,15.6,14.3,,,,13.55695,,,,48.0,65.75,10.75,,,16.95514,99,100,14.90549,,4.768751,E ,5.960939,  ,24.8,,,0.0,0.0
2014-10-06 00:00:00.0,16.61459,21.4,14.7,,,,14.44722,,,,2.5,3.5,1.25,,,17.93063,96,90,15.76664,,3.648611,W ,4.560763,  ,18.8,,,0.0,-7.387003
2014-10-07 00:00:00.0,17.12778,22.4,14.1,,,,15.05348,,,,0.25,0.0,0.0,,,17.56158,90,86,15.44142,,3.437501,W ,4.296876,  ,18.4,,,0.0,-11.371
2014-10-08 00:00:00.0,20.16319,29.2,14.4,,,,15.71041,,,,0.5,0.25,0.25,,,20.10063,84,77,17.50745,,1.945138,C ,2.431423,  ,15.6,,,0.0,-16.60001
2014-10-09 00:00:00.0,16.28194,20.0,12.8,,,,15.95833,,,,0.0,0.5,0.5,,,16.39535,95,94,14.22507,,12.3007,S ,15.37587,  ,34.3,,,0.0,-2.904999
2014-10-10 00:00:00.0,11.80139,17.1,8.0,,,,14.18264,,,,0.0,0.0,0.0,,,9.822758,76,67,6.596426,,9.693057,S ,12.11632,  ,37.7,,,1.162,10.126
2014-10-11 00:00:00.0,12.07431,20.0,5.4,,,,13.3507,,,,0.0,0.0,0.0,,,10.04139,73,62,6.971546,,1.865973,C ,2.332466,  ,19.2,,,5.809998,2.655997
2014-10-12 00:00:00.0,15.30347,23.7,9.3,,,,13.90972,,,,0.5,0.25,0.25,,,14.44906,82,82,12.38272,,2.479861,C ,3.099826,  ,18.5,,,0.0,-5.809999
2014-10-13 00:00:00.0,17.18959,25.3,9.3,,,,14.65417,,,,5.75,6.0,3.25,,,11.98874,68,55,9.492638,,3.638194,W ,4.547743,  ,22.6,,,0.0,-7.220997
2014-10-14 00:00:00.0,17.41459,26.8,10.0,,,,15.45417,,,,0.0,0.0,0.0,,,13.49144,73,67,11.26025,,2.910417,E ,3.638021,  ,19.1,,,0.0,-7.884998
2014-10-15 00:00:00.0,17.91181,26.7,12.3,,,,16.25069,,,,0.25,0.0,0.0,,,16.50735,78,75,14.3328,,4.197916,E ,5.247395,  ,23.7,,,0.0,-13.36301
2014-10-16 00:00:00.0,20.02986,26.4,15.3,,,,17.09584,,,,0.25,0.25,0.25,,,16.95674,79,75,14.79739,,4.926389,C ,6.157987,  ,23.7,,,0.0,-14.69101
2014-10-17 00:00:00.0,16.17778,23.8,9.3,,,,15.87985,,,,0.0,0.25,0.25,,,13.61014,77,72,11.50015,,2.071528,E ,2.58941,  ,20.5,,,0.0,-7.718998
2014-10-18 00:00:00.0,17.89861,23.6,13.7,,,,16.30209,,,,0.0,0.0,0.0,,,17.81936,88,85,15.57727,,3.059027,C ,3.823784,  ,18.2,,,0.0,-11.288
2014-10-19 00:00:00.0,14.975,23.0,7.6,,,,15.74444,,,,0.0,0.0,0.0,,,13.38648,82,76,11.22202,,5.687499,S ,7.109373,  ,32.8,,,0.0,-1.992
2014-10-20 00:00:00.0,14.23958,22.4,6.5,,,,15.53404,,,,0.0,0.0,0.0,,,12.79351,78,68,10.46956,,1.455555,C ,1.819444,  ,14.9,,,0.83,-2.49
2014-10-21 00:00:00.0,20.29028,29.1,13.8,,,,16.89445,,,,0.0,0.0,0.0,,,18.30657,76,71,16.01558,,3.121528,W ,3.90191,  ,24.0,,,0.0,-17.34702
2014-10-22 00:00:00.0,23.12432,31.5,15.6,,,,18.0882,,,,0.0,0.0,0.0,,,18.9646,70,62,16.60416,,3.259722,W ,4.074653,  ,24.9,,,0.0,-20.08602
2014-10-23 00:00:00.0,20.12708,26.5,14.5,,,,18.37917,,,,4.75,1.25,1.25,,,14.85479,69,59,12.74872,,4.719444,E ,5.899305,  ,21.3,,,0.0,-16.26801
2014-10-24 00:00:00.0,19.64792,27.0,15.5,,,,18.38958,,,,0.25,3.75,2.0,,,19.85748,88,85,17.36658,,2.353473,E ,2.941841,  ,16.7,,,0.0,-16.60001
2014-10-25 00:00:00.0,21.59931,29.8,14.7,,,,18.9875,,,,0.0,0.0,0.0,,,21.46785,83,71,18.56813,,1.625694,C ,2.032118,  ,14.4,,,0.0,-19.92002
2014-10-26 00:00:00.0,23.43264,30.8,18.5,,,,19.71597,,,,0.0,0.0,0.0,,,24.40178,85,79,20.65383,,2.335417,W ,2.919271,  ,16.5,,,0.0,-23.90403
2014-10-27 00:00:00.0,21.67153,31.5,15.5,,,,19.72709,,,,20.25,20.25,18.5,,,21.15272,88,82,18.26854,,8.478472,S ,10.59809,  ,74.2,,,0.0,-17.26402
2014-10-28 00:00:00.0,15.56805,20.7,11.5,,,,17.96527,,,,30.0,28.5,4.0,,,17.26678,97,93,15.12356,,3.160417,E ,3.950521,  ,34.6,,,0.0,-5.644002
2014-10-29 00:00:00.0,16.59861,20.7,13.0,,,,17.47709,,,,20.0,21.25,5.5,,,17.43105,94,95,15.14941,,2.56875,C ,3.210938,  ,23.9,,,0.0,-8.299996
2014-10-30 00:00:00.0,16.37222,23.7,10.0,,,,17.04028,,,,0.25,0.25,0.25,,,11.36348,64,60,8.758765,,3.050695,C ,3.813368,  ,22.7,,,0.0,-6.805995
2014-10-31 00:00:00.0,13.79722,18.3,11.2,,,,16.47431,,,,0.0,0.25,0.25,,,10.76475,70,68,8.016757,,6.983334,E ,8.729168,  ,22.8,,,0.0,2.904999
2014-11-01 00:00:00.0,11.70347,15.4,7.3,,,,15.49375,,,,0.0,0.0,0.0,,,9.316891,70,66,5.939838,,11.00972,E ,13.76215,  ,38.7,,,0.0,9.877007
2014-11-02 00:00:00.0,11.05903,14.1,8.6,,,,14.65626,,,,6.75,1.0,0.25,,,11.02195,80,80,8.359543,,6.445831,E ,8.057288,  ,24.3,,,0.0,8.300008
2014-11-03 00:00:00.0,14.78125,19.1,11.8,,,,14.96319,,,,10.75,16.5,6.0,,,12.89531,76,79,10.59651,,6.606251,E ,8.257814,  ,38.2,,,0.0,-3.237
2014-11-04 00:00:00.0,14.80278,20.8,9.8,,,,15.68403,,,,0.0,0.0,0.0,,,12.26054,75,72,9.911767,,13.12917,NE,16.41146,  ,48.8,,,0.0,-2.573
2014-11-05 00:00:00.0,17.25625,25.9,8.6,,,,15.92291,,,,0.0,0.0,0.0,,,13.24077,66,63,10.89113,,1.961805,C ,2.452257,  ,14.7,,,0.0,-9.212999
2014-11-06 00:00:00.0,19.38542,27.2,13.4,,,,17.23056,,,,0.25,0.0,0.0,,,15.7103,71,68,13.60685,,1.802778,C ,2.253473,  ,20.7,,,0.0,-13.77801
2014-11-07 00:00:00.0,17.93819,24.3,11.8,,,,17.52292,,,,0.0,0.25,0.25,,,13.42942,70,64,11.25214,,6.9125,C ,8.640625,  ,42.2,,,0.0,-8.963998
2014-11-08 00:00:00.0,16.33611,24.7,9.3,,,,17.13125,,,,0.0,0.0,0.0,,,13.30129,74,66,11.1044,,5.127083,C ,6.408854,  ,24.3,,,0.0,-6.971994
2014-11-09 00:00:00.0,18.17708,27.4,8.9,,,,17.2125,,,,0.0,0.0,0.0,,,14.85911,71,60,12.60819,,2.600696,C ,3.25087,  ,22.7,,,0.0,-10.458
2014-11-10 00:00:00.0,17.16666,25.0,10.2,,,,16.98959,,,,2.25,2.25,0.75,,,16.00967,80,76,13.80848,,1.10625,C ,1.382813,  ,13.2,,,0.0,-10.707
2014-11-11 00:00:00.0,21.10208,29.4,13.8,,,,17.88334,,,,3.75,3.75,3.5,,,19.00631,77,78,16.47939,,1.793055,C ,2.241319,  ,46.4,,,0.0,-14.11001
2014-11-12 00:00:00.0,16.47223,22.3,9.6,,,,17.55556,,,,0.0,0.0,0.0,,,12.11256,73,67,9.554136,,9.140972,S ,11.42622,  ,34.3,,,2.324,-4.564998
2014-11-13 00:00:00.0,14.37639,24.0,5.1,,,,16.0007,,,,0.0,0.0,0.0,,,11.56734,70,59,8.850945,,1.843056,C ,2.30382,  ,17.7,,,5.145998,-4.647999
2014-11-14 00:00:00.0,20.02222,28.6,12.7,,,,17.57915,,,,0.0,0.0,0.0,,,15.84299,68,59,13.77019,,4.234028,E ,5.292535,  ,26.9,,,0.0,-17.67902
2014-11-15 00:00:00.0,23.15278,33.5,15.1,,,,18.9,,,,0.0,0.0,0.0,,,17.31891,69,63,15.10409,,4.22014,W ,5.275175,  ,31.4,,,0.0,-15.18901
2014-11-16 00:00:00.0,18.45347,28.4,9.3,,,,17.98403,,,,0.0,0.0,0.0,,,14.58453,71,60,12.54361,,2.126389,C ,2.657986,  ,15.8,,,0.0,-10.956
2014-11-17 00:00:00.0,21.48125,30.9,12.2,,,,18.80625,,,,0.0,0.0,0.0,,,17.00335,69,59,14.83331,,2.115972,W ,2.644965,  ,21.2,,,0.0,-18.01102
2014-11-18 00:00:00.0,24.56528,33.9,16.8,,,,20.24792,,,,10.5,0.0,0.0,,,22.11658,73,63,19.0555,,2.608334,W ,3.260417,  ,23.1,,,0.0,-22.57603
2014-11-19 00:00:00.0,19.58472,24.6,16.2,,,,19.63195,,,,7.0,17.5,5.0,,,19.01458,89,90,16.69489,,4.13125,S ,5.164063,  ,25.1,,,0.0,-16.76603
2014-11-20 00:00:00.0,18.60139,25.7,14.4,,,,19.01527,,,,0.0,0.0,0.0,,,17.14273,83,80,15.06098,,5.718057,S ,7.147571,  ,23.4,,,0.0,-11.454
2014-11-21 00:00:00.0,17.33472,21.5,14.7,,,,18.5875,,,,0.0,0.0,0.0,,,16.05595,83,76,14.00747,,3.671527,S ,4.589409,  ,17.6,,,0.0,-11.62
2014-11-22 00:00:00.0,19.04791,26.1,13.6,,,,18.86806,,,,0.0,0.0,0.0,,,15.21034,71,68,13.18867,,4.531944,S ,5.66493,  ,21.1,,,0.0,-15.02301
2014-11-23 00:00:00.0,22.02013,30.2,14.3,,,,19.84305,,,,2.25,0.0,0.0,,,17.39325,66,61,15.23352,,3.922223,C ,4.902778,  ,21.8,,,0.0,-19.09002
2014-11-24 00:00:00.0,20.75347,26.4,13.7,,,,19.85694,,,,0.25,2.25,2.0,,,17.17305,78,73,14.76458,,5.202777,C ,6.503472,  ,39.7,,,0.0,-15.60402
2014-11-25 00:00:00.0,17.04444,26.5,8.6,,,,18.17361,,,,0.0,0.25,0.25,,,12.85346,71,61,10.58382,,2.000695,C ,2.500868,  ,13.8,,,0.0,-7.552997
2014-11-26 00:00:00.0,19.675,30.0,10.0,,,,18.62014,,,,0.0,0.0,0.0,,,14.23963,65,55,12.18739,,3.161111,C ,3.951389,  ,26.3,,,0.0,-12.86501
2014-11-27 00:00:00.0,19.84723,28.2,11.0,,,,19.2243,,,,0.0,0.0,0.0,,,15.28402,72,62,13.28028,,2.911112,C ,3.63889,  ,19.0,,,0.0,-12.78201
2014-11-28 00:00:00.0,21.90833,31.5,13.5,,,,19.83749,,,,0.0,0.0,0.0,,,16.19054,66,51,14.05598,,2.46875,C ,3.085938,  ,25.8,,,0.0,-17.51302
2014-11-29 00:00:00.0,21.13056,27.2,17.1,,,,19.93681,,,,25.5,20.0,5.25,,,20.72237,85,77,18.02154,,3.253472,C ,4.06684,  ,35.0,,,0.0,-20.66702
2014-11-30 00:00:00.0,14.9125,19.7,12.8,,,,17.86736,,,,0.0,5.5,2.0,,,14.78109,93,94,12.77042,,15.58402,E ,19.48003,  ,37.0,,,0.0,-0.581
2014-12-01 00:00:00.0,15.54861,21.0,9.7,,,,17.15556,,,,0.0,0.0,0.0,,,12.43114,76,74,10.10029,,6.645138,S ,8.306422,  ,25.2,,,0.0,-4.813994
2014-12-02 00:00:00.0,16.05903,24.0,9.7,,,,17.22084,,,,0.0,0.0,0.0,,,14.20996,78,68,12.16944,,2.540278,C ,3.175348,  ,16.4,,,0.0,-8.548998
2014-12-03 00:00:00.0,20.42778,31.6,10.0,,,,17.92153,,,,0.0,0.0,0.0,,,15.45396,68,57,13.33154,,1.429167,C ,1.786459,  ,14.4,,,0.0,-14.02701
2014-12-04 00:00:00.0,24.39515,34.6,14.4,,,,19.43472,,,,0.0,0.0,0.0,,,18.70817,66,56,16.32972,,2.729167,W ,3.411458,  ,15.9,,,0.0,-19.67102
2014-12-05 00:00:00.0,24.73403,33.8,16.0,,,,20.59792,,,,0.0,0.0,0.0,,,18.25399,66,54,15.87844,,2.147223,W ,2.684028,  ,18.8,,,0.0,-21.33102
2014-12-06 00:00:00.0,25.88681,34.8,16.6,,,,21.31666,,,,7.75,0.0,0.0,,,22.50239,69,59,19.32876,,1.980556,W ,2.475695,  ,17.2,,,0.0,-21.99503
2014-12-07 00:00:00.0,21.81111,27.0,16.0,,,,21.06111,,,,3.75,11.5,3.5,,,21.41347,87,87,18.53801,,4.693055,C ,5.866319,  ,38.5,,,0.0,-21.16503
2014-12-08 00:00:00.0,23.41528,32.0,13.8,,,,20.7125,,,,0.0,0.0,0.0,,,19.10229,70,62,16.71277,,1.932639,C ,2.415799,  ,15.8,,,0.0,-18.67502
2014-12-09 00:00:00.0,24.69097,33.6,15.1,,,,21.40973,,,,1.0,0.75,0.75,,,23.0136,77,67,19.63665,,2.352084,C ,2.940104,  ,35.1,,,0.0,-20.08602
2014-12-10 00:00:00.0,18.6757,24.0,11.8,,,,20.47986,,,,0.0,0.25,0.25,,,13.13131,71,66,10.70698,,9.77222,NE,12.21527,  ,34.8,,,0.0,-9.544999
2014-12-11 00:00:00.0,16.11042,25.8,6.7,,,,18.36389,,,,0.0,0.0,0.0,,,12.43708,68,52,10.01111,,1.011111,C ,1.263889,  ,9.8,,,0.83,-8.217001
2014-12-12 00:00:00.0,21.52153,30.8,13.0,,,,19.69723,,,,2.5,0.0,0.0,,,16.37044,67,55,14.27478,,1.616667,C ,2.020833,  ,24.6,,,0.0,-17.51302
2014-12-13 00:00:00.0,19.97152,26.0,13.9,,,,19.65347,,,,0.0,2.5,1.0,,,15.00269,73,69,12.63111,,6.506944,S ,8.13368,  ,34.9,,,0.0,-13.69501
2014-12-14 00:00:00.0,17.69374,27.9,7.5,,,,18.24305,,,,0.0,0.0,0.0,,,12.034,65,49,9.594128,,1.586111,C ,1.982639,  ,14.0,,,0.0,-7.054996
2014-12-15 00:00:00.0,19.03959,28.1,7.6,,,,18.65,,,,0.0,0.0,0.0,,,15.92231,71,61,13.73381,,1.852777,W ,2.315972,  ,14.5,,,0.0,-14.35901
2014-12-16 00:00:00.0,23.97986,31.3,18.4,,,,20.45486,,,,16.75,16.5,13.75,,,20.44174,74,64,17.80898,,1.866667,C ,2.333333,  ,31.1,,,0.0,-22.49303
2014-12-17 00:00:00.0,21.66388,29.4,15.3,,,,20.39722,,,,0.0,0.25,0.25,,,18.36718,77,74,16.01546,,4.496528,C ,5.62066,  ,32.2,,,0.0,-15.52101
2014-12-18 00:00:00.0,21.22083,32.8,9.0,,,,19.71736,,,,0.0,0.0,0.0,,,17.28115,69,60,14.99999,,1.991667,W ,2.489583,  ,17.0,,,0.0,-14.85701
2014-12-19 00:00:00.0,26.54167,34.5,18.5,,,,21.45904,,,,10.5,0.75,0.75,,,18.40437,55,45,16.11291,,5.502777,W ,6.878471,  ,32.9,,,0.0,-23.82103
2014-12-20 00:00:00.0,19.56875,26.5,14.1,,,,20.64444,,,,0.25,10.0,5.0,,,17.57894,86,82,15.15625,,7.291667,E ,9.114584,  ,33.7,,,0.0,-13.28001
2014-12-21 00:00:00.0,16.00625,22.8,10.7,,,,19.07639,,,,0.0,0.0,0.0,,,11.89807,70,60,9.428977,,6.213194,S ,7.766492,  ,24.4,,,0.0,-5.975994
2014-12-22 00:00:00.0,13.99444,21.0,6.2,,,,17.69721,,,,0.0,0.0,0.0,,,10.84534,73,64,8.1217,,5.26111,C ,6.576388,  ,30.9,,,1.494,-0.7470007
2014-12-23 00:00:00.0,17.54098,28.1,6.3,,,,17.66666,,,,0.0,0.0,0.0,,,10.63792,57,46,7.805227,,3.261112,C ,4.07639,  ,26.5,,,0.996,-8.050999
2014-12-24 00:00:00.0,21.1243,30.1,10.9,,,,19.07223,,,,0.0,0.0,0.0,,,13.03138,56,44,10.68561,,3.114585,W ,3.893231,  ,27.1,,,0.0,-16.18501
2014-12-25 00:00:00.0,24.24166,32.8,15.5,,,,20.19305,,,,0.0,0.0,0.0,,,17.67899,64,50,15.33492,,1.521528,C ,1.90191,  ,13.7,,,0.0,-20.16902
2014-12-26 00:00:00.0,25.58611,35.9,17.8,,,,20.925,,,,3.25,3.25,3.25,,,22.11545,75,66,19.06367,,1.191667,C ,1.489583,  ,16.1,,,0.0,-23.48903
2014-12-27 00:00:00.0,24.78532,34.2,14.8,,,,,,,,,,,,,,,,,,,  ,,  ,,,,,
2015-01-09 00:00:00.0,,,,,,,,,,,0.0,,,,,,,,,,,  ,,  ,,,,,
2015-01-10 00:00:00.0,22.16666,32.7,11.3,,,,21.68611,,,,0.0,0.0,0.0,,,16.38915,66,54,14.14244,,1.220833,C ,1.526042,  ,9.5,,,0.0,-16.35102
2015-01-11 00:00:00.0,25.35764,35.8,18.3,,,,22.46389,,,,0.0,0.0,0.0,,,21.46871,75,67,18.37714,,4.168055,C ,5.210069,  ,28.1,,,0.0,-20.25202
2015-01-12 00:00:00.0,20.75555,31.7,11.1,,,,21.2368,,,,0.0,0.0,0.0,,,15.52494,69,56,13.50451,,6.200696,C ,7.75087,  ,35.1,,,0.0,-11.86901
2015-01-13 00:00:00.0,18.86597,26.9,13.2,,,,20.45973,,,,1.0,1.0,1.0,,,16.20042,73,67,14.05498,,2.422917,C ,3.028646,  ,16.8,,,0.0,-15.02301
2015-01-14 00:00:00.0,19.49931,31.5,13.3,,,,20.26458,,,,12.0,12.0,10.0,,,17.57752,83,84,15.05912,,6.278472,C ,7.848091,  ,38.4,,,0.0,-11.122
2015-01-15 00:00:00.0,17.22431,27.9,6.5,,,,19.4257,,,,0.0,0.0,0.0,,,13.93564,70,58,11.54627,,1.96875,C ,2.460938,  ,17.1,,,1.162,-9.877001
2015-01-16 00:00:00.0,23.2125,34.0,16.9,,,,21.30625,,,,31.0,31.0,19.25,,,22.2779,81,69,19.16179,,5.208334,W ,6.510417,  ,35.2,,,0.0,-20.41802
2015-01-17 00:00:00.0,17.94236,22.7,12.0,,,,20.49236,,,,0.0,0.0,0.0,,,14.45036,77,69,12.41133,,6.615278,NE,8.269098,  ,26.8,,,0.0,-10.043
2015-01-18 00:00:00.0,19.98472,28.4,11.2,,,,20.55417,,,,0.25,0.0,0.0,,,18.48819,76,70,16.0636,,1.79375,C ,2.242188,  ,18.1,,,0.0,-16.93201
2015-01-19 00:00:00.0,19.99861,24.0,15.7,,,,20.60694,,,,0.0,0.25,0.25,,,19.46408,87,84,16.9148,,7.793749,S ,9.742187,  ,27.8,,,0.0,-18.75802
2015-01-20 00:00:00.0,18.34792,25.0,12.0,,,,20.01042,,,,0.0,0.0,0.0,,,13.62857,70,60,11.53199,,5.62361,S ,7.029513,  ,21.4,,,0.0,-10.79
2015-01-21 00:00:00.0,18.68334,29.1,6.8,,,,20.05,,,,0.0,0.0,0.0,,,13.5174,67,52,11.32497,,1.643056,C ,2.05382,  ,16.3,,,0.498,-9.960001
2015-01-22 00:00:00.0,20.90972,30.4,11.8,,,,20.73819,,,,0.0,0.0,0.0,,,17.3334,72,61,15.14405,,2.454167,W ,3.067708,  ,20.5,,,0.0,-16.60001
2015-01-23 00:00:00.0,23.39375,31.9,18.2,,,,21.60208,,,,0.0,0.0,0.0,,,20.56609,75,65,17.92202,,2.241667,W ,2.802084,  ,16.9,,,0.0,-23.90403
2015-01-24 00:00:00.0,24.93125,33.5,17.5,,,,22.33889,,,,0.0,0.0,0.0,,,22.25147,73,67,19.16292,,1.276389,C ,1.595486,  ,10.6,,,0.0,-22.82503
2015-01-25 00:00:00.0,25.39792,33.7,19.8,,,,23.08056,,,,11.75,0.0,0.0,,,22.32636,74,65,19.09762,,4.56875,W ,5.710938,  ,25.2,,,0.0,-23.90403
2015-01-26 00:00:00.0,22.65486,31.4,18.6,,,,22.80972,,,,5.25,17.0,4.25,,,24.973,90,86,21.00357,,1.808334,C ,2.260417,  ,24.0,,,0.0,-23.90403
2015-01-27 00:00:00.0,27.34375,35.1,21.1,,,,23.84236,,,,14.75,13.25,9.75,,,25.60566,73,70,21.36811,,3.868751,W ,4.835938,  ,25.1,,,0.0,-23.73803
2015-01-28 00:00:00.0,20.44653,26.6,15.7,,,,22.28611,,,,0.0,1.5,0.75,,,16.78509,77,79,14.46122,,8.595836,S ,10.74479,  ,31.4,,,0.0,-19.25602
2015-01-29 00:00:00.0,17.23611,25.3,10.3,,,,20.59235,,,,0.0,0.0,0.0,,,13.54159,75,71,11.40544,,5.777082,S ,7.221353,  ,23.3,,,0.0,-6.971994
2015-01-30 00:00:00.0,17.19791,27.8,7.6,,,,20.06389,,,,0.0,0.0,0.0,,,13.77823,71,66,11.49618,,1.702777,C ,2.128472,  ,13.4,,,0.0,-8.133997
2015-01-31 00:00:00.0,20.79792,31.1,11.8,,,,20.91806,,,,0.0,0.0,0.0,,,17.86773,73,68,15.49212,,2.074306,W ,2.592882,  ,14.9,,,0.0,-15.18901
2015-02-01 00:00:00.0,23.12084,31.8,16.7,,,,21.93402,,,,0.0,0.0,0.0,,,20.26359,73,67,17.56544,,2.011806,W ,2.514757,  ,14.1,,,0.0,-21.16502
2015-02-02 00:00:00.0,23.55764,32.9,12.9,,,,22.32639,,,,0.25,0.0,0.0,,,20.53753,71,77,17.50943,,1.636806,C ,2.046007,  ,13.3,,,0.0,-19.42202
2015-02-03 00:00:00.0,24.67361,32.2,19.0,,,,23.08334,,,,0.0,0.25,0.25,,,20.33329,67,76,17.44682,,2.592361,W ,3.240451,  ,17.2,,,0.0,-23.90403
2015-02-04 00:00:00.0,24.50208,32.2,18.8,,,,23.31805,,,,30.5,19.0,10.25,,,21.89806,72,75,18.54746,,3.0125,W ,3.765625,  ,21.7,,,0.0,-23.90403
2015-02-05 00:00:00.0,23.41111,31.6,18.1,,,,23.1493,,,,0.25,11.75,4.25,,,21.77768,71,73,18.07542,,1.856945,C ,2.321181,  ,20.4,,,0.0,-23.90403
2015-02-06 00:00:00.0,25.85347,33.7,19.3,,,,23.7382,,,,0.0,0.0,0.0,,,23.03794,69,80,19.17986,,1.457639,C ,1.822049,  ,15.7,,,0.0,-23.90403
2015-02-07 00:00:00.0,24.85416,32.4,17.2,,,,24.00208,,,,0.0,0.0,0.0,,,22.52703,71,81,18.91199,,1.961806,C ,2.452257,  ,16.9,,,0.0,-23.57203
2015-02-08 00:00:00.0,24.97083,34.0,19.7,,,,24.30764,,,,0.0,0.0,0.0,,,23.01852,75,77,19.51331,,2.198612,W ,2.748265,  ,22.4,,,0.0,-23.90403
2015-02-09 00:00:00.0,24.0368,32.2,17.0,,,,23.89445,,,,0.75,0.5,0.25,,,18.67081,68,69,16.11616,,4.206944,W ,5.258679,  ,24.7,,,0.0,-22.65903
2015-02-10 00:00:00.0,21.47292,28.8,14.8,,,,23.03195,,,,0.0,0.25,0.5,,,13.54416,57,57,11.22276,,2.651389,C ,3.314237,  ,21.9,,,0.0,-15.68701
2015-02-11 00:00:00.0,21.80139,32.4,10.7,,,,22.12014,,,,0.0,0.0,0.0,,,14.82227,59,55,12.37815,,2.245139,C ,2.806424,  ,24.2,,,0.0,-15.02301
2015-02-12 00:00:00.0,21.8368,29.2,13.5,,,,21.99235,,,,0.0,0.0,0.0,,,16.97584,73,73,14.60774,,6.15625,W ,7.695313,  ,35.3,,,0.0,-16.60002
2015-02-13 00:00:00.0,16.23264,25.8,7.1,,,,20.21527,,,,0.0,0.0,0.0,,,12.19551,66,66,9.377604,,2.802778,C ,3.503472,  ,23.4,,,0.0,-6.224998
2015-02-14 00:00:00.0,18.22639,27.0,8.6,,,,20.38889,,,,0.0,0.0,0.0,,,12.42785,62,63,9.779645,,2.675,W ,3.34375,  ,21.0,,,0.0,-9.711
2015-02-15 00:00:00.0,19.57084,30.4,10.0,,,,20.43264,,,,0.0,0.0,0.0,,,16.5738,65,74,13.30818,,2.741668,W ,3.427085,  ,22.1,,,0.0,-14.35901
2015-02-16 00:00:00.0,23.09305,30.4,17.4,,,,21.61806,,,,0.0,0.0,0.0,,,18.84702,70,74,16.39499,,2.318055,W ,2.897569,  ,19.4,,,0.0,-20.66702
2015-02-17 00:00:00.0,23.04723,32.8,13.4,,,,21.91875,,,,0.0,0.0,0.0,,,18.53185,61,73,14.95781,,2.013889,W ,2.517361,  ,13.4,,,0.0,-19.00702
2015-02-18 00:00:00.0,22.41389,30.7,17.9,,,,22.13264,,,,5.25,5.25,1.75,,,20.9954,79,81,18.04556,,6.570834,W ,8.213542,  ,30.7,,,0.0,-23.32303
2015-02-19 00:00:00.0,17.49375,22.6,10.1,,,,20.46945,,,,0.0,0.0,0.0,,,14.14896,81,81,11.9788,,8.286805,NE,10.35851,  ,27.9,,,0.332,-6.888997
2015-02-20 00:00:00.0,14.17153,24.9,5.0,,,,18.49861,,,,0.0,0.0,0.0,,,11.83399,74,74,9.124729,,4.388195,C ,5.485244,  ,21.8,,,5.809998,-1.328
2015-02-21 00:00:00.0,16.32291,27.0,7.4,,,,18.68958,,,,1.5,1.25,0.5,,,15.95488,76,87,13.10915,,1.973611,C ,2.467014,  ,26.0,,,0.0,-9.876999
2015-02-22 00:00:00.0,22.30764,30.9,16.9,,,,20.40417,,,,0.25,0.25,0.25,,,16.07576,56,78,12.40065,,1.403472,C ,1.754341,  ,14.1,,,0.0,-21.24802
2015-02-23 00:00:00.0,24.65972,34.5,16.5,,,,21.30972,,,,0.0,0.25,0.25,,,15.80992,48,69,11.8984,,2.030555,C ,2.538193,  ,17.7,,,0.0,-22.07803
2015-02-24 00:00:00.0,26.20833,36.2,18.1,,,,22.03681,,,,34.75,32.25,11.0,,,17.21762,50,71,13.72458,,2.608333,C ,3.260416,  ,41.3,,,0.0,-23.24003
2015-02-25 00:00:00.0,19.05625,23.1,16.3,,,,20.61111,,,,0.0,2.5,1.0,,,17.83189,82,92,15.07468,,11.87153,S ,14.83941,  ,38.2,,,0.0,-17.92802
2015-02-26 00:00:00.0,19.95486,28.8,14.4,,,,20.43126,,,,0.0,0.0,0.0,,,19.50887,82,81,16.79783,,2.986112,S ,3.73264,  ,16.2,,,0.0,-15.60401
2015-02-27 00:00:00.0,18.21806,23.3,13.3,,,,20.22222,,,,0.0,0.0,0.0,,,13.41763,70,80,11.05165,,5.852084,C ,7.315105,  ,27.1,,,0.0,-10.043
2015-02-28 00:00:00.0,16.15139,28.4,5.7,,,,18.82639,,,,0.0,0.0,0.0,,,11.79125,63,73,8.574943,,1.261111,C ,1.576389,  ,17.5,,,3.485999,-4.648
2015-03-01 00:00:00.0,19.56875,27.5,13.0,,,,19.47639,,,,0.5,0.5,0.25,,,20.19721,83,85,17.37225,,2.134028,W ,2.667535,  ,17.4,,,0.0,-17.59602
2015-03-02 00:00:00.0,24.5743,34.0,18.5,,,,21.05,,,,0.0,0.0,0.0,,,19.74537,64,70,16.82681,,3.974307,W ,4.967884,  ,28.4,,,0.0,-23.90403
2015-03-03 00:00:00.0,23.54375,31.6,18.0,,,,21.39236,,,,1.25,0.75,0.5,,,22.94005,79,85,19.26667,,1.48125,C ,1.851562,  ,13.8,,,0.0,-23.82103
2015-03-04 00:00:00.0,21.18819,27.0,17.7,,,,21.26459,,,,0.25,0.5,0.25,,,18.36449,72,86,15.12329,,4.926389,S ,6.157986,  ,20.5,,,0.0,-21.66302
2015-03-05 00:00:00.0,20.44584,31.3,11.9,,,,20.89027,,,,0.0,0.25,0.25,,,16.25698,62,62,12.74086,,1.221528,C ,1.52691,  ,12.4,,,0.0,-14.94001
2015-03-06 00:00:00.0,22.63125,33.3,15.3,,,,21.42569,,,,0.25,0.0,0.0,,,15.16102,55,49,12.09931,,1.698611,C ,2.123264,  ,13.0,,,0.0,-17.26402
2015-03-07 00:00:00.0,23.22013,33.1,14.7,,,,21.5625,,,,0.0,0.25,0.25,,,18.216,61,61,14.97936,,2.131944,C ,2.66493,  ,19.5,,,0.0,-20.33502
2015-03-08 00:00:00.0,24.62847,34.5,17.3,,,,22.20417,,,,0.0,0.0,0.0,,,18.93186,60,75,15.61811,,1.8,C ,2.25,  ,14.3,,,0.0,-22.99103
2015-03-09 00:00:00.0,23.4507,33.8,13.7,,,,22.04513,,,,0.25,0.0,0.0,,,18.00679,60,74,14.76028,,1.343056,C ,1.67882,  ,12.1,,,0.0,-19.42202
2015-03-10 00:00:00.0,24.88473,33.7,17.8,,,,22.58193,,,,0.0,0.25,0.25,,,19.506,57,76,15.21202,,1.827083,W ,2.283854,  ,14.9,,,0.0,-23.82103
2015-03-11 00:00:00.0,25.81388,34.6,19.6,,,,22.99583,,,,0.0,0.0,0.0,,,20.46255,60,77,16.38574,,1.341666,C ,1.677083,  ,11.3,,,0.0,-23.90403
2015-03-12 00:00:00.0,24.88472,34.9,17.7,,,,22.92639,,,,0.0,0.0,0.0,,,19.53101,60,70,16.14703,,1.509028,C ,1.886285,  ,14.2,,,0.0,-23.48903
2015-03-13 00:00:00.0,25.43056,34.6,18.4,,,,23.13471,,,,0.0,0.0,0.0,,,17.20611,53,49,14.32028,,2.427084,C ,3.033855,  ,24.1,,,0.0,-23.90403
2015-03-14 00:00:00.0,20.93334,24.9,14.7,,,,21.95487,,,,0.0,0.0,0.0,,,17.98185,82,83,15.49679,,7.376388,S ,9.220485,  ,27.3,,,0.0,-16.68301
2015-03-15 00:00:00.0,16.49027,28.2,7.1,,,,19.77222,,,,0.0,0.0,0.0,,,12.4833,66,74,9.581337,,2.2875,C ,2.859375,  ,15.6,,,0.0,-5.975999
2015-03-16 00:00:00.0,18.64931,31.2,6.4,,,,19.66667,,,,0.0,0.0,0.0,,,13.89629,64,69,11.00803,,1.511111,C ,1.888888,  ,12.8,,,1.826,-8.466
2015-03-17 00:00:00.0,24.28541,36.6,15.6,,,,20.98125,,,,0.0,0.0,0.0,,,22.36577,70,73,18.64394,,1.338889,C ,1.673611,  ,11.2,,,0.0,-19.50502
2015-03-18 00:00:00.0,26.19236,35.1,20.0,,,,22.38195,,,,0.25,0.0,0.0,,,21.12527,66,76,18.07138,,2.071527,W ,2.589409,  ,17.6,,,0.0,-23.07403
2015-03-19 00:00:00.0,23.54792,33.4,16.3,,,,22.0118,,,,0.0,0.25,0.25,,,17.33654,58,74,14.23257,,1.767361,W ,2.209201,  ,20.3,,,0.0,-20.83302
2015-03-20 00:00:00.0,22.02778,31.9,15.1,,,,21.72917,,,,0.0,0.0,0.0,,,14.23511,57,66,11.27281,,8.53125,C ,10.66406,  ,47.3,,,0.0,-17.34702
2015-03-21 00:00:00.0,13.51458,20.6,8.1,,,,19.26666,,,,0.0,0.0,0.0,,,12.46279,84,88,10.00695,,6.542359,S ,8.177949,  ,29.9,,,0.0,1.909
2015-03-22 00:00:00.0,13.40486,21.3,7.0,,,,17.93542,,,,0.25,0.25,0.25,,,10.90489,69,73,7.967738,,2.57639,C ,3.220487,  ,19.4,,,0.0,-1.328003
2015-03-23 00:00:00.0,14.29653,25.3,5.3,,,,17.27917,,,,0.0,0.0,0.0,,,11.35947,73,69,8.626664,,1.319444,C ,1.649305,  ,11.6,,,1.826,-0.5810002
2015-03-24 00:00:00.0,16.32293,26.2,9.6,,,,17.38471,,,,1.0,0.0,0.0,,,14.20648,76,79,11.96187,,2.653472,C ,3.31684,  ,22.1,,,0.0,-7.304001
2015-03-25 00:00:00.0,17.25972,23.5,13.7,,,,18.12222,,,,0.0,1.0,0.25,,,12.2814,67,77,9.770924,,5.54514,S ,6.931425,  ,30.9,,,0.0,-7.386994
2015-03-26 00:00:00.0,14.26667,22.7,7.6,,,,17.11528,,,,0.0,0.0,0.0,,,11.45793,74,81,8.697496,,5.234028,S ,6.542535,  ,25.5,,,0.0,0.6639999
2015-03-27 00:00:00.0,14.02569,25.9,4.2,,,,16.17292,,,,0.0,0.0,0.0,,,11.39537,70,76,8.393441,,1.679861,C ,2.099826,  ,18.5,,,6.307997,-1.245
2015-03-28 00:00:00.0,17.21528,28.2,7.9,,,,16.6875,,,,0.25,0.25,0.25,,,12.70533,69,70,10.25405,,1.877778,C ,2.347222,  ,14.3,,,0.0,-6.307998
2015-03-29 00:00:00.0,19.27708,30.5,10.6,,,,17.33195,,,,0.0,0.0,0.0,,,14.89876,70,69,12.6928,,1.961112,C ,2.45139,  ,18.1,,,0.0,-10.375
2015-03-30 00:00:00.0,18.48195,28.3,12.7,,,,17.58263,,,,7.25,4.25,0.5,,,15.29366,75,75,13.05948,,4.861806,C ,6.077257,  ,26.7,,,0.0,-9.379
2015-03-31 00:00:00.0,16.8632,27.3,9.1,,,,17.05695,,,,0.0,3.0,0.5,,,11.67848,64,64,8.691969,,1.834028,C ,2.292535,  ,12.6,,,0.0,-5.643998
2015-04-01 00:00:00.0,18.3632,29.9,8.6,,,,16.8125,,,,0.0,0.0,0.0,,,12.40788,62,61,9.975433,,3.213889,W ,4.017362,  ,30.7,,,0.0,-10.541
2015-04-02 00:00:00.0,22.32847,32.2,14.0,,,,17.86597,,,,0.0,0.0,0.0,,,15.76073,61,55,13.75789,,3.944444,W ,4.930554,  ,28.5,,,0.0,-19.00702
2015-04-03 00:00:00.0,22.42777,33.8,15.3,,,,18.62083,,,,0.0,0.0,0.0,,,17.07624,73,65,14.8042,,4.583333,W ,5.729166,  ,29.6,,,0.0,-12.69901
2015-04-04 00:00:00.0,16.46667,28.6,6.9,,,,17.31597,,,,0.0,0.0,0.0,,,11.54493,65,68,8.708898,,1.488195,C ,1.860244,  ,16.8,,,,-4.398998
2015-04-05 00:00:00.0,14.73125,21.2,7.2,,,,16.575,,,,0.0,0.0,0.0,,,9.974583,67,77,6.689035,,7.664583,C ,9.580729,  ,34.9,,,3.983999,0.8299994
2015-04-06 00:00:00.0,10.37153,22.0,1.6,,,,14.72431,,,,0.0,0.0,0.0,,,9.209988,77,74,5.637191,,2.063195,C ,2.578994,  ,15.7,,,10.458,4.399001
2015-04-07 00:00:00.0,11.97917,22.9,2.7,,,,14.47847,,,,0.0,0.0,0.0,,,10.87545,75,75,7.775786,,1.995139,C ,2.493924,  ,14.5,,,7.137997,-0.4150003
2015-04-08 00:00:00.0,17.46041,25.0,11.9,,,,15.83126,,,,0.0,0.0,0.0,,,16.16282,80,76,14.08738,,1.293055,C ,1.616319,  ,9.5,,,0.0,-13.86101
2015-04-09 00:00:00.0,20.62291,29.9,13.2,,,,16.91319,,,,4.0,0.25,0.25,,,15.50988,64,62,13.29969,,2.321527,C ,2.901909,  ,18.5,,,0.0,-17.26402
2015-04-10 00:00:00.0,19.07291,24.6,15.7,,,,17.57708,,,,3.25,6.5,0.5,,,15.58372,73,72,12.93438,,3.305556,S ,4.131946,  ,23.0,,,0.0,-13.44601
2015-04-11 00:00:00.0,16.20417,25.0,7.2,,,,16.29306,,,,1.25,1.5,0.25,,,11.09606,65,65,7.989269,,2.297222,C ,2.871528,  ,18.6,,,0.0,-2.739
2015-04-12 00:00:00.0,14.49028,26.7,3.8,,,,15.39583,,,,0.75,0.75,0.25,,,11.61234,69,62,8.372329,,1.271528,C ,1.58941,  ,11.9,,,7.137997,-1.991999
2015-04-13 00:00:00.0,19.34444,30.6,13.6,,,,16.96737,,,,1.25,1.0,0.25,,,16.21809,69,74,13.36809,,2.863889,C ,3.579861,  ,42.9,,,0.0,-16.43402
2015-04-14 00:00:00.0,18.73265,22.4,15.3,,,,17.89584,,,,1.0,1.25,0.25,,,16.06101,76,88,12.89306,,5.134721,S ,6.418402,  ,20.3,,,0.0,-13.77801
2015-04-15 00:00:00.0,15.82569,22.8,10.3,,,,16.92848,,,,7.75,8.0,7.75,,,13.13159,73,74,10.68845,,4.381944,C ,5.47743,  ,28.9,,,0.0,-5.478
2015-04-16 00:00:00.0,16.67014,21.2,12.8,,,,16.71111,,,,30.5,3.75,1.25,,,17.78323,90,90,15.59767,,4.606945,E ,5.758681,  ,28.0,,,0.0,-12.36701
2015-04-17 00:00:00.0,16.53264,20.9,11.5,,,,16.98611,,,,0.0,26.75,21.75,,,12.65294,74,82,10.19231,,6.508333,E ,8.135416,  ,34.4,,,0.0,-4.48199
2015-04-18 00:00:00.0,15.36736,25.2,8.8,,,,16.07708,,,,0.0,0.0,0.0,,,12.36283,74,66,10.08245,,5.099305,C ,6.374131,  ,25.5,,,0.0,-3.237
2015-04-19 00:00:00.0,16.96598,26.7,9.8,,,,15.85,,,,0.0,0.0,0.0,,,15.04204,80,82,12.69008,,3.290972,C ,4.113715,  ,29.1,,,0.0,-3.983996
2015-04-20 00:00:00.0,14.54236,26.0,5.5,,,,15.13542,,,,0.25,0.0,0.0,,,10.484,64,72,7.127157,,1.973611,C ,2.467014,  ,14.6,,,2.987999,0.2489999
2015-04-21 00:00:00.0,14.19097,22.9,5.7,,,,14.96666,,,,0.25,0.25,0.25,,,10.5219,66,73,7.149696,,1.54375,C ,1.929688,  ,12.3,,,1.328,0.2489997
2015-04-22 00:00:00.0,14.64097,25.2,7.4,,,,14.57708,,,,0.0,0.25,0.25,,,9.746946,59,55,6.125272,,1.977084,C ,2.471355,  ,15.0,,,0.0,0.9130007
2015-04-23 00:00:00.0,15.35555,27.0,6.3,,,,14.32848,,,,0.0,0.0,0.0,,,11.86383,73,66,9.42017,,2.668055,C ,3.335069,  ,19.2,,,1.328,-1.162
2015-04-24 00:00:00.0,16.82986,28.6,8.4,,,,14.59166,,,,0.0,0.0,0.0,,,14.52508,78,74,12.37494,,3.025,C ,3.78125,  ,26.3,,,0.0,-8.050998
2015-04-25 00:00:00.0,18.32917,29.8,9.8,,,,15.20903,,,,0.0,0.0,0.0,,,13.99568,64,56,11.06643,,1.575694,C ,1.969617,  ,17.7,,,0.0,-8.964
2015-04-26 00:00:00.0,19.52222,30.0,12.0,,,,15.67292,,,,0.0,0.0,0.0,,,15.47246,73,77,13.31887,,2.736805,C ,3.421006,  ,17.7,,,0.0,-11.371
2015-04-27 00:00:00.0,15.44166,20.9,12.1,,,,15.79444,,,,0.25,0.25,0.25,,,14.90203,87,84,12.72458,,6.624999,NE,8.281248,  ,28.6,,,0.0,-5.560999
2015-04-28 00:00:00.0,14.17917,20.6,8.8,,,,15.26459,,,,1.25,0.0,0.0,,,13.337,83,87,10.97945,,3.881251,E ,4.851564,  ,22.2,,,0.0,-2.905
2015-04-29 00:00:00.0,13.82778,15.5,11.7,,,,14.95971,,,,45.75,44.75,5.25,,,12.00961,75,73,9.034512,,2.672916,E ,3.341145,  ,20.7,,,0.0,0.0
2015-04-30 00:00:00.0,14.5507,15.6,13.5,,,,15.01319,,,,0.75,3.0,0.75,,,9.496479,55,56,5.368688,,2.427777,E ,3.034721,  ,17.9,,,0.0,0.0
2015-05-01 00:00:00.0,17.30208,23.7,13.0,,,,15.56875,,,,0.25,0.25,0.25,,,15.20039,72,74,11.71995,,1.683333,C ,2.104167,  ,14.1,,,0.0,-12.28401
2015-05-02 00:00:00.0,16.07084,18.3,10.7,,,,15.89861,,,,1.5,1.5,1.25,,,14.39221,86,92,12.15716,,4.463889,E ,5.579861,  ,28.3,,,1.162,-3.569005
2015-05-03 00:00:00.0,9.004863,16.3,4.8,,,,14.04861,,,,0.0,0.0,0.0,,,8.722581,82,77,4.933508,,6.863889,E ,8.579862,  ,36.8,,,11.952,16.10201
2015-05-04 00:00:00.0,10.55486,21.6,2.9,,,,13.05,,,,0.0,0.0,0.0,,,10.35693,82,80,7.247064,,3.647918,E ,4.559897,  ,22.6,,,8.631997,6.473997
2015-05-05 00:00:00.0,12.22361,23.0,3.7,,,,12.83958,,,,2.5,0.75,0.5,,,11.52598,80,77,8.754426,,3.698611,C ,4.623263,  ,24.1,,,7.801996,1.825999
2015-05-06 00:00:00.0,10.07916,14.8,2.5,,,,12.77292,,,,0.0,1.75,1.25,,,9.017518,84,83,5.271999,,6.390275,NE,7.987844,  ,28.1,,,8.631997,13.44601
2015-05-07 00:00:00.0,6.326387,16.5,-0.8,,,,10.76736,,,,0.0,0.0,0.0,,,8.304533,86,83,4.07552,,1.117361,C ,1.396701,  ,14.0,,,14.27601,9.046998
2015-05-08 00:00:00.0,9.600696,21.3,0.2,,,,10.54583,,,,0.0,0.0,0.0,,,10.07248,79,68,6.272851,,1.539583,C ,1.924479,  ,16.4,,,7.967996,3.568998
2015-05-09 00:00:00.0,12.57917,22.4,3.5,,,,10.95278,,,,0.0,0.0,0.0,,,11.41974,78,68,8.404515,,1.210417,C ,1.513021,  ,12.4,,,4.315999,3.153998
2015-05-10 00:00:00.0,11.83611,21.4,6.3,,,,11.52222,,,,0.25,0.0,0.0,,,9.268044,64,64,4.563083,,1.020139,C ,1.275174,  ,8.3,,,1.66,7.553002
2015-05-11 00:00:00.0,11.41042,22.6,3.4,,,,11.43612,,,,0.0,0.25,0.25,,,10.44735,67,66,5.63038,,1.101389,C ,1.376736,  ,12.7,,,7.967996,3.568999
2015-05-12 00:00:00.0,15.20416,22.6,11.4,,,,12.62639,,,,0.25,0.0,0.0,,,10.92716,60,61,6.367037,,2.072917,C ,2.591146,  ,19.6,,,0.0,-3.319997
2015-05-13 00:00:00.0,15.07014,22.7,10.8,,,,13.13334,,,,0.25,0.25,0.25,,,12.06168,65,64,7.69441,,1.466667,C ,1.833333,  ,14.6,,,0.0,-3.071
2015-05-14 00:00:00.0,14.86945,23.5,9.9,,,,13.13403,,,,0.25,0.25,0.25,,,10.969,57,63,5.489841,,1.700694,C ,2.125868,  ,14.8,,,0.0,-3.071
2015-05-15 00:00:00.0,16.80347,26.6,10.8,,,,13.58264,,,,0.25,0.25,0.25,,,13.77052,65,63,9.377399,,1.983333,C ,2.479167,  ,16.8,,,0.0,-6.972001
2015-05-16 00:00:00.0,18.09236,27.4,13.2,,,,14.20278,,,,0.0,0.25,0.25,,,14.15643,62,57,9.658421,,2.275695,C ,2.844618,  ,19.4,,,0.0,-12.11801
2015-05-17 00:00:00.0,19.3382,26.7,14.9,,,,14.98334,,,,0.0,0.0,0.0,,,17.6014,73,76,14.15811,,1.758334,C ,2.197917,  ,16.8,,,0.0,-15.52101
2015-05-18 00:00:00.0,20.30139,28.2,15.2,,,,15.84512,,,,0.75,0.0,0.0,,,17.05054,64,64,12.2294,,1.273611,C ,1.592014,  ,11.6,,,0.0,-17.59602
2015-05-19 00:00:00.0,19.09097,23.1,15.2,,,,16.30138,,,,0.0,0.75,0.5,,,12.09631,51,46,5.715263,,1.00625,C ,1.257813,  ,12.3,,,0.0,-18.01102
2015-05-20 00:00:00.0,20.32778,28.7,15.5,,,,16.59653,,,,0.25,0.0,0.0,,,13.46431,49,46,5.405729,,1.702083,C ,2.127604,  ,16.4,,,0.0,-16.68301
2015-05-21 00:00:00.0,19.00347,26.1,14.8,,,,16.54374,,,,1.75,0.25,0.25,,,17.2284,72,72,13.644,,2.613194,C ,3.266493,  ,20.3,,,0.0,-15.43801
2015-05-22 00:00:00.0,15.94166,19.8,12.6,,,,16.36251,,,,26.25,8.0,1.75,,,12.99207,75,89,10.19909,,2.779863,C ,3.474828,  ,14.0,,,0.0,-6.058998
2015-05-23 00:00:00.0,13.61041,19.2,9.6,,,,15.32153,,,,0.25,20.25,4.25,,,11.08639,75,70,7.746313,,5.364584,S ,6.70573,  ,25.4,,,1.328,4.647997
2015-05-24 00:00:00.0,8.88611,16.3,3.1,,,,13.23611,,,,0.0,0.0,0.0,,,8.560656,79,79,4.480818,,3.616667,C ,4.520834,  ,16.2,,,11.454,16.26801
2015-05-25 00:00:00.0,8.911807,18.3,1.5,,,,11.78333,,,,0.0,0.0,0.0,,,9.508566,85,82,6.052402,,4.409723,E ,5.512154,  ,27.1,,,8.631997,10.79
2015-05-26 00:00:00.0,9.451389,16.8,4.0,,,,11.56319,,,,0.25,0.0,0.0,,,10.74136,90,88,7.504372,,1.498611,C ,1.873264,  ,10.0,,,10.79,15.18901
2015-05-27 00:00:00.0,9.602776,19.9,2.3,,,,11.12848,,,,0.0,0.25,0.25,,,8.789123,66,66,3.637121,,1.311806,C ,1.639757,  ,13.6,,,9.461999,9.213005
2015-05-28 00:00:00.0,9.78264,20.3,1.8,,,,10.75139,,,,0.25,0.0,0.0,,,9.077845,68,69,3.849221,,0.8451388,C ,1.056423,  ,11.7,,,8.465997,7.884998
2015-05-29 00:00:00.0,9.886114,18.6,3.2,,,,10.52778,,,,0.25,0.25,0.25,,,9.198627,70,70,4.158241,,1.011806,C ,1.264757,  ,13.8,,,7.635996,11.86901
2015-05-30 00:00:00.0,11.61458,18.7,8.1,,,,11.0382,,,,0.5,0.5,0.25,,,11.5843,81,77,8.292975,,2.718751,C ,3.398439,  ,15.6,,,0.0,8.383001
2015-05-31 00:00:00.0,11.68532,21.8,6.7,,,,11.41818,,,,0.0,0.25,0.25,,,10.70424,72,72,6.505554,,2.791609,C ,3.489511,  ,14.1,,,1.494,5.312005
2015-06-01 00:00:00.0,12.4118,18.2,8.5,,,,11.78472,,,,0.0,0.0,0.0,,,13.36709,89,84,10.79302,,2.261806,C ,2.827257,  ,17.2,,,0.0,4.232997
2015-06-02 00:00:00.0,14.33889,20.8,9.0,,,,12.21666,,,,0.0,0.0,0.0,,,15.25348,89,83,12.79101,,3.78125,E ,4.726563,  ,21.7,,,0.0,-3.569
2015-06-03 00:00:00.0,14.44305,17.4,9.8,,,,12.59306,,,,0.0,0.0,0.0,,,14.49278,93,92,12.31734,,4.186112,E ,5.23264,  ,18.6,,,0.996,2.324
2015-06-04 00:00:00.0,10.15,20.4,3.0,,,,11.32222,,,,0.0,0.0,0.0,,,10.70059,88,81,7.726868,,1.6,C ,2.0,  ,12.5,,,8.963998,8.798001
2015-06-05 00:00:00.0,13.6132,20.6,6.1,,,,11.52778,,,,0.25,0.0,0.0,,,8.554781,52,52,2.950823,,1.893055,C ,2.366319,  ,17.4,,,,-5.560999
2015-06-06 00:00:00.0,15.50555,20.5,11.3,,,,12.57779,,,,0.0,0.25,0.25,,,8.275597,50,51,2.053967,,5.216668,NE,6.520834,  ,36.9,,,0.0,-1.494001
2015-06-07 00:00:00.0,11.42569,19.1,7.1,,,,11.77847,,,,0.0,0.0,0.0,,,10.44449,85,78,7.520004,,4.856249,E ,6.070311,  ,29.7,,,3.485999,10.292
2015-06-08 00:00:00.0,8.936111,20.1,0.2,,,,10.53472,,,,0.0,0.0,0.0,,,9.920826,84,77,6.562392,,1.420834,C ,1.776042,  ,9.2,,,8.631997,7.636004
2015-06-09 00:00:00.0,10.7493,17.9,4.5,,,,10.83195,,,,0.0,0.0,0.0,,,11.80044,90,90,9.098868,,1.299305,C ,1.624132,  ,14.6,,,4.315999,11.205
2015-06-10 00:00:00.0,8.141666,13.4,3.8,,,,10.44653,,,,0.0,0.0,0.0,,,9.289104,93,90,5.843889,,3.272222,E ,4.090278,  ,16.0,,,13.61201,20.16902
2015-06-11 00:00:00.0,6.179862,13.2,1.6,,,,9.243059,,,,0.0,0.0,0.0,,,7.410466,83,80,2.63178,,7.959723,E ,9.949654,  ,40.7,,,15.60401,15.35501
2015-06-12 00:00:00.0,5.78125,16.9,-1.7,,,,8.310417,,,,0.0,0.0,0.0,,,7.68838,83,81,2.937171,,4.3,E ,5.375,  ,27.3,,,13.94401,7.220997
2015-06-13 00:00:00.0,6.793056,18.3,-2.1,,,,8.084722,,,,0.0,0.0,0.0,,,8.936399,88,82,4.96136,,2.640972,E ,3.301215,  ,16.9,,,10.292,8.465997
2015-06-14 00:00:00.0,8.642361,14.7,2.6,,,,8.540278,,,,0.0,0.0,0.0,,,8.611227,82,79,4.672905,,6.729166,E ,8.411457,  ,29.5,,,9.295999,17.26402
2015-06-15 00:00:00.0,5.655555,14.9,-1.1,,,,7.89514,,,,0.0,0.0,0.0,,,7.535114,82,80,2.771478,,4.853472,E ,6.06684,  ,23.6,,,13.94401,9.129998
2015-06-16 00:00:00.0,9.573613,20.7,2.3,,,,8.157639,,,,0.0,0.0,0.0,,,9.915424,84,79,6.657545,,3.597917,W ,4.497396,  ,27.6,,,8.797997,9.711006
2015-06-17 00:00:00.0,7.399999,14.3,-0.4,,,,8.247915,,,,0.0,0.0,0.0,,,8.266603,89,85,3.84985,,5.781946,NE,7.227433,  ,28.3,,,13.77801,11.12201
2015-06-18 00:00:00.0,3.089583,12.3,-3.1,,,,6.976388,,,,0.0,0.0,0.0,,,6.356169,82,78,0.3131706,,4.296527,E ,5.370659,  ,18.7,,,17.26402,
2015-06-19 00:00:00.0,3.113889,11.6,-3.8,,,,6.258333,,,,0.0,0.0,0.0,,,6.010828,74,72,-0.5534707,,3.581945,E ,4.477431,  ,21.7,,,15.93601,
2015-06-20 00:00:00.0,7.842362,13.6,4.3,,,,7.147915,,,,0.0,0.0,0.0,,,9.291395,90,90,5.849227,,3.943055,E ,4.928818,  ,24.6,,,12.94801,19.25602
2015-06-21 00:00:00.0,7.639584,18.6,0.3,,,,7.306249,,,,0.0,0.0,0.0,,,9.157019,87,83,5.496139,,2.545138,C ,3.181423,  ,16.6,,,13.11401,11.371
2015-06-22 00:00:00.0,6.340278,12.0,0.2,,,,7.352777,,,,0.0,0.0,0.0,,,7.961535,90,88,3.544607,,5.674998,E ,7.093747,  ,33.1,,,15.27201,
2015-06-23 00:00:00.0,3.356944,13.6,-3.3,,,,6.178473,,,,0.0,0.0,0.0,,,6.959148,90,85,1.524178,,1.458333,C ,1.822917,  ,11.3,,,17.09801,8.714997
2015-06-24 00:00:00.0,4.394444,15.9,-6.5,,,,5.509728,,,,0.25,0.25,0.25,,,7.280899,79,73,1.724314,,1.70625,C ,2.132813,  ,16.6,,,14.27601,10.043
2015-06-25 00:00:00.0,10.45486,12.9,6.1,,,,7.272219,,,,2.0,0.5,0.25,,,9.726663,71,75,6.108281,,1.893749,E ,2.367187,  ,13.3,,,0.83,10.45801
2015-06-26 00:00:00.0,14.22708,19.6,11.6,,,,9.042368,,,,0.0,1.5,0.5,,,11.06315,64,58,6.992348,,1.302083,C ,1.627604,  ,11.2,,,0.0,-0.913
2015-06-27 00:00:00.0,14.78403,20.5,9.5,,,,10.17431,,,,4.25,0.25,0.25,,,9.12044,49,42,3.335067,,1.477083,C ,1.846354,  ,13.0,,,0.0,-3.983999
2015-06-28 00:00:00.0,16.66321,17.5,15.3,,,,11.56458,,,,0.25,4.25,3.5,,,6.087955,32,31,-1.923977,,3.234028,E ,4.042535,  ,24.0,,,0.0,-11.12201
2015-06-29 00:00:00.0,11.76667,18.6,6.9,,,,11.46597,,,,0.25,0.0,0.25,,,8.36699,62,69,2.804133,,2.956944,S ,3.69618,  ,15.8,,,,12.28401
2015-06-30 00:00:00.0,9.135415,16.9,2.5,,,,9.97778,,,,0.0,0.25,0.25,,,9.082216,78,69,4.761771,,4.486807,C ,5.608509,  ,22.1,,,11.952,15.02301
2015-07-01 00:00:00.0,5.600694,14.0,-1.3,,,,8.413891,,,,0.0,0.0,0.0,,,6.82451,74,69,0.7353868,,1.311111,C ,1.638889,  ,11.8,,,16.43401,10.956
2015-07-02 00:00:00.0,8.172222,14.6,3.5,,,,8.405561,,,,2.75,0.5,0.25,,,11.22529,97,97,8.414768,,1.866666,E ,2.333333,  ,14.5,,,7.801996,15.85301
2015-07-03 00:00:00.0,8.781948,12.3,6.2,,,,9.049998,,,,1.5,3.75,1.25,,,9.192174,85,90,5.319229,,9.667362,E ,12.0842,  ,35.9,,,6.473997,
2015-07-04 00:00:00.0,4.772223,13.8,-1.3,,,,7.961113,,,,0.25,0.25,0.25,,,7.629499,91,86,2.809768,,1.7125,C ,2.140625,  ,10.6,,,17.09801,9.046998
2015-07-05 00:00:00.0,4.8375,13.2,-0.9,,,,6.984723,,,,0.0,0.0,0.0,,,8.499848,92,84,4.114004,,2.424999,C ,3.031249,C ,22.2,,,15.77001,11.78601
2015-07-06 00:00:00.0,8.974308,16.9,4.6,,,,7.75625,,,,0.0,0.0,0.0,,,10.695,93,88,7.840918,,2.361805,C ,2.952257,C ,14.0,,,11.288,15.52101
2015-07-07 00:00:00.0,8.544445,19.2,1.5,,,,7.663888,,,,0.0,0.0,0.0,,,10.02608,90,76,6.830349,,2.551389,C ,3.189236,C ,11.0,,,10.624,13.52901
2015-07-08 00:00:00.0,9.259028,19.4,2.2,,,,7.640974,,,,0.0,0.0,0.0,,,9.493926,84,74,6.078993,,2.631944,C ,3.289931,C ,16.5,,,10.458,12.20101
2015-07-09 00:00:00.0,9.825001,18.6,4.0,,,,8.023602,,,,0.25,0.0,0.0,,,11.13221,84,81,7.621231,,1.982639,C ,2.478299,C ,16.0,,,8.299996,10.292
2015-07-10 00:00:00.0,10.19167,15.0,5.6,,,,8.556944,,,,0.0,0.25,0.25,,,9.535131,81,86,6.033318,,2.477083,C ,3.096354,C ,12.9,,,2.822,14.52501
2015-07-11 00:00:00.0,7.275695,16.9,-2.6,,,,7.976388,,,,1.25,0.75,0.5,,,9.181617,83,76,4.800356,,1.079861,C ,1.349826,C ,12.5,,,9.461999,9.545007
2015-07-12 00:00:00.0,11.67431,14.6,8.9,,,,9.13263,,,,0.0,0.5,0.5,,,5.883368,42,42,-1.228825,,2.484722,C ,3.105902,C ,20.2,,,0.0,7.304005
2015-07-13 00:00:00.0,8.906253,13.2,4.0,,,,9.213888,,,,0.0,0.0,0.0,,,9.345247,89,87,5.756679,,6.040972,NE,7.551215,C ,24.3,,,10.79,18.17702
2015-07-14 00:00:00.0,4.87639,13.1,-0.5,,,,7.638195,,,,0.0,0.0,0.0,,,7.324602,89,86,2.383211,,5.389584,S ,6.73698,C ,23.5,,,16.76601,8.134001
2015-07-15 00:00:00.0,4.375695,15.9,-3.1,,,,6.604165,,,,0.0,0.0,0.0,,,6.954154,80,75,1.525153,,3.716667,E ,4.645833,C ,23.1,,,12.78201,9.627999
2015-07-16 00:00:00.0,8.139581,17.7,2.0,,,,7.086806,,,,0.0,0.0,0.0,,,8.957021,88,81,5.294023,,2.169444,C ,2.711805,C ,11.0,,,13.77801,16.35102
2015-07-17 00:00:00.0,6.911806,17.7,0.1,,,,6.581251,,,,0.25,0.0,0.0,,,7.546219,73,64,2.411291,,1.954861,C ,2.443576,C ,16.3,,,9.461999,6.805998
2015-07-18 00:00:00.0,9.89861,18.6,1.9,,,,7.561112,,,,0.0,0.25,0.25,,,9.809866,74,70,5.292197,,2.215278,C ,2.769097,C ,17.4,,,4.481998,11.122
2015-07-19 00:00:00.0,9.913193,16.6,3.9,,,,8.090277,,,,0.25,0.0,0.0,,,8.221107,74,65,3.892272,,4.172223,C ,5.215278,C ,20.2,,,8.133996,14.85701
2015-07-20 00:00:00.0,5.301409,12.6,-1.2,,,,7.180279,,,,0.0,0.25,0.25,,,6.468495,78,75,0.4888048,,3.951407,C ,4.939259,C ,23.1,,,16.10201,11.45401
2015-07-21 00:00:00.0,3.997916,13.3,-3.7,,,,6.144447,,,,0.0,0.0,0.0,,,6.943834,84,82,1.623505,,2.725,E ,3.40625,C ,23.4,,,16.10201,10.707
2015-07-22 00:00:00.0,7.322917,17.4,1.0,,,,6.688194,,,,0.0,0.0,0.0,,,8.411307,83,79,4.420088,,3.955555,E ,4.944444,C ,25.0,,,12.61601,13.61201
2015-07-23 00:00:00.0,8.617361,18.9,1.5,,,,6.965281,,,,0.0,0.0,0.0,,,8.858222,83,76,5.100231,,3.715279,SE,4.644098,C ,17.9,,,12.28401,9.296005
2015-07-24 00:00:00.0,8.732167,20.1,1.3,,,,7.129371,,,,0.0,0.0,0.0,,,9.099936,83,80,5.394081,,2.366435,C ,2.958043,C ,15.6,,,11.454,9.711004
2015-07-25 00:00:00.0,10.09375,19.5,3.1,,,,7.55903,,,,0.25,0.0,0.0,,,7.77434,55,63,0.3832253,,2.073612,C ,2.592015,C ,18.0,,,6.639997,10.209
2015-07-26 00:00:00.0,12.56459,21.6,7.7,,,,8.855555,,,,0.25,0.25,0.25,,,10.42523,64,63,4.472193,,2.927778,E ,3.659722,C ,26.1,,,0.0,5.976003
2015-07-27 00:00:00.0,13.28542,21.5,9.3,,,,9.634025,,,,0.0,0.25,0.25,,,11.59114,71,60,7.633112,,2.610418,E ,3.263022,C ,20.8,,,0.0,1.659999
2015-07-28 00:00:00.0,13.31806,17.5,10.2,,,,10.34515,,,,11.5,11.5,11.0,,,9.36371,59,67,4.426916,,2.831944,C ,3.539931,C ,31.7,,,0.0,0.664
2015-07-29 00:00:00.0,13.44931,19.8,7.0,,,,10.79861,,,,0.25,0.0,0.0,,,7.750364,54,53,-0.340067,,5.678473,NE,7.098091,C ,22.2,,,1.826,5.726997
2015-07-30 00:00:00.0,9.899305,20.8,0.0,,,,9.688888,,,,46.0,6.25,1.25,,,8.086656,53,40,-0.4762189,,4.999305,E ,6.249131,C ,30.5,,,8.133996,-0.7469998
2015-07-31 00:00:00.0,14.73056,16.4,10.3,,,,11.67778,,,,10.0,50.0,6.0,,,4.92568,36,33,,,7.885417,E ,9.856771,C ,37.7,,,0.498,3.319999
2015-08-01 00:00:00.0,10.02083,18.5,4.4,,,,10.65277,,,,0.0,0.0,0.0,,,8.870232,67,52,3.252578,,2.075,C ,2.59375,C ,13.2,,,9.295999,12.69901
2015-08-02 00:00:00.0,10.13056,18.3,5.1,,,,10.32292,,,,0.0,0.0,0.0,,,8.497288,59,65,-0.8539689,,2.91111,S ,3.638888,C ,13.5,,,4.481998,10.956
2015-08-03 00:00:00.0,11.48403,18.0,5.8,,,,9.968059,,,,0.75,0.75,0.75,,,9.812775,79,80,6.425891,,4.869445,C ,6.086806,C ,27.1,,,4.813998,9.212999
2015-08-04 00:00:00.0,6.843056,15.7,-0.6,,,,8.524306,,,,0.0,0.0,0.0,,,7.441632,67,67,1.137638,,1.779861,C ,2.224827,C ,16.3,,,9.96,9.627999
2015-08-05 00:00:00.0,10.90278,18.8,1.7,,,,9.247914,,,,2.0,2.0,2.0,,,12.03191,79,70,7.749428,,5.086804,E ,6.358505,C ,27.8,,,6.805997,5.145994
2015-08-06 00:00:00.0,16.05,19.1,14.4,,,,11.32014,,,,0.0,0.0,0.5,,,3.44188,17,27,,,2.915277,E ,3.644096,C ,33.2,,,0.0,-8.217004
2015-08-07 00:00:00.0,15.23681,18.9,10.7,,,,12.00695,,,,0.0,0.0,0.0,,,9.264549,58,74,,,8.915277,NE,11.1441,C ,30.7,,,0.0,0.08299933
2015-08-08 00:00:00.0,11.42361,16.5,8.6,,,,11.46944,,,,0.0,0.0,0.0,,,2.411393,21,12,,,9.261112,E ,11.57639,C ,33.2,,,0.0,5.311997
2015-08-09 00:00:00.0,16.68473,18.2,13.0,,,,12.83262,,,,0.0,0.0,0.0,,,1.18529,7,7,,,6.247222,NE,7.809028,C ,28.8,,,0.0,-6.557004
2015-08-10 00:00:00.0,10.79376,13.0,9.3,,,,11.95276,,,,0.0,0.0,0.0,,,6.373288,50,53,-1.125723,,11.38125,E ,14.22656,C ,38.0,,,0.0,13.77802
2015-08-11 00:00:00.0,9.584027,14.1,7.3,,,,10.69651,,,,0.25,0.25,0.25,,,5.797975,43,47,-6.841138,,1.650695,C ,2.063369,C ,9.1,,,0.0,16.51701
2015-08-12 00:00:00.0,8.941667,13.8,5.7,,,,10.04305,,,,0.25,0.0,0.0,,,6.682039,53,59,,,10.7118,E ,13.38976,C ,34.6,,,5.145998,14.94001
2015-08-13 00:00:00.0,10.21666,11.8,9.2,,,,9.988187,,,,3.25,3.5,1.75,,,9.171304,73,70,4.075482,,18.1625,SE,22.70313,C ,35.3,,,0.0,
2015-08-14 00:00:00.0,10.34375,14.6,7.8,,,,10.24097,,,,0.25,0.0,0.0,,,10.03772,77,83,6.067729,,5.663888,C ,7.079859,C ,26.5,,,0.0,12.94801
2015-08-15 00:00:00.0,11.33056,18.0,6.4,,,,10.50833,,,,0.0,0.25,0.25,,,11.86829,87,81,9.237012,,3.623611,C ,4.529514,C ,19.2,,,2.324,9.379003
2015-08-16 00:00:00.0,12.39653,19.2,7.5,,,,10.61736,,,,0.25,0.0,0.0,,,10.75211,72,68,6.424105,,2.341667,C ,2.927084,C ,13.8,,,0.0,5.394998
2015-08-17 00:00:00.0,11.31875,17.0,7.1,,,,10.2382,,,,0.25,0.25,0.25,,,6.264985,40,43,,,2.267361,C ,2.834202,C ,19.5,,,0.0,10.126
2015-08-18 00:00:00.0,11.77083,20.8,7.1,,,,10.28195,,,,0.25,0.5,0.25,,,10.14851,70,82,5.326197,,8.558335,NE,10.69792,C ,35.9,,,0.0,8.881001
2015-08-19 00:00:00.0,8.464584,13.3,3.7,,,,10.10417,,,,0.0,0.0,0.0,,,8.919879,84,91,4.844622,,8.705558,E ,10.88195,C ,25.8,,,11.122,17.26402
2015-08-20 00:00:00.0,7.568749,15.5,1.6,,,,9.144454,,,,0.25,0.0,0.0,,,8.618835,70,70,3.218536,,1.720834,C ,2.151042,C ,14.8,,,8.299996,11.45401
2015-08-21 00:00:00.0,13.30208,20.4,8.4,,,,10.38611,,,,0.0,0.25,0.25,,,8.8467,49,47,-1.572691,,2.427083,C ,3.033854,C ,18.7,,,0.0,0.08299921
2015-08-22 00:00:00.0,13.85139,19.1,11.5,,,,11.21666,,,,1.0,1.0,0.5,,,8.546674,52,55,,,7.018055,E ,8.77257,C ,45.8,,,0.0,0.664
2015-08-23 00:00:00.0,9.159721,13.4,6.3,,,,10.25694,,,,0.0,0.0,0.0,,,10.1966,93,90,7.188688,,17.65833,NE,22.07292,C ,48.4,,,5.643998,19.25602
2015-08-24 00:00:00.0,7.613889,14.6,3.4,,,,9.609028,,,,0.0,0.0,0.0,,,9.002841,85,84,5.305609,,1.791667,C ,2.239583,C ,19.4,,,8.465997,18.42602
2015-08-25 00:00:00.0,11.60833,19.5,7.2,,,,10.19444,,,,1.25,0.0,0.0,,,9.979723,62,53,3.783922,,2.703471,C ,3.379339,C ,20.3,,,0.0,5.394997
2015-08-26 00:00:00.0,15.11389,21.9,11.6,,,,11.41736,,,,0.0,1.25,0.75,,,12.11816,66,57,5.575655,,2.40625,C ,3.007813,C ,21.4,,,0.0,-5.228998
2015-08-27 00:00:00.0,12.74861,18.5,8.1,,,,11.28749,,,,0.0,0.0,0.0,,,12.85796,91,88,10.63054,,8.903472,S ,11.12934,C ,31.3,,,0.0,6.308
2015-08-28 00:00:00.0,13.62083,21.2,8.0,,,,11.14237,,,,0.0,0.0,0.0,,,14.59065,88,88,12.31767,,4.050695,E ,5.063369,C ,25.7,,,0.0,-2.738997
2015-08-29 00:00:00.0,17.575,25.5,11.3,,,,12.12847,,,,0.0,0.0,0.0,,,14.53981,76,77,12.39429,,2.28125,C ,2.851563,C ,20.4,,,0.0,-9.046999
2015-08-30 00:00:00.0,17.14236,26.5,10.8,,,,12.29375,,,,0.0,0.0,0.0,,,13.39724,76,74,11.06306,,2.777083,C ,3.471354,C ,16.5,,,0.0,-6.473993
2015-08-31 00:00:00.0,11.45694,18.3,5.3,,,,11.73958,,,,0.0,0.0,0.0,,,9.893894,78,87,6.289001,,10.35556,NE,12.94445,C ,41.3,,,5.311998,10.624
2015-09-01 00:00:00.0,5.913195,13.8,-1.1,,,,9.872921,,,,0.0,0.0,0.0,,,8.22531,86,85,3.821291,,4.636806,E ,5.796007,C ,23.2,,,14.94001,11.62001
2015-09-02 00:00:00.0,8.141668,12.8,4.9,,,,9.798612,,,,0.0,0.0,0.0,,,9.561802,87,82,5.832162,,1.013889,C ,1.267361,C ,7.9,,,10.624,19.58802
2015-09-03 00:00:00.0,8.772225,18.2,1.1,,,,9.161806,,,,0.0,0.0,0.0,,,7.159723,58,53,0.1499173,,2.597917,C ,3.247396,C ,18.4,,,8.797997,9.628001
2015-09-04 00:00:00.0,10.79584,19.9,4.0,,,,9.505553,,,,0.0,0.0,0.0,,,9.606387,79,84,6.084679,,4.113889,E ,5.142361,C ,17.7,,,10.126,8.714996
2015-09-05 00:00:00.0,9.479166,20.8,0.9,,,,9.189584,,,,0.0,0.0,0.0,,,7.645177,56,54,0.9904502,,1.25625,C ,1.570313,C ,12.3,,,7.635996,5.228999
2015-09-06 00:00:00.0,13.49097,22.7,6.9,,,,10.11736,,,,0.0,0.0,0.0,,,10.04708,61,78,5.261851,,2.845138,C ,3.556423,C ,28.6,,,0.166,1.742999
2015-09-07 00:00:00.0,13.63055,20.8,9.2,,,,11.10209,,,,0.0,0.0,0.0,,,10.59466,59,76,1.610523,,1.963195,E ,2.453994,C ,16.8,,,0.0,-1.411001
2015-09-08 00:00:00.0,14.76736,22.3,8.7,,,,11.72847,,,,0.0,0.0,0.0,,,8.207869,45,41,,,4.940277,S ,6.175346,C ,29.7,,,0.0,-1.411001
2015-09-09 00:00:00.0,10.75972,13.8,7.4,,,,11.16528,,,,0.0,0.0,0.0,,,10.78869,89,93,7.971128,,3.900694,E ,4.875868,C ,27.6,,,2.49,14.52502
2015-09-10 00:00:00.0,7.789583,15.3,0.3,,,,9.725697,,,,0.0,0.0,0.0,,,6.873645,72,73,1.438941,,7.920137,E ,9.900171,C ,34.9,,,12.61601,11.45401
2015-09-11 00:00:00.0,5.605556,11.6,0.6,,,,8.80625,,,,0.0,0.0,0.0,,,6.760208,79,73,1.216324,,11.26945,SE,14.08681,C ,31.3,,,16.10201,
2015-09-12 00:00:00.0,8.680557,18.6,0.5,,,,8.862504,,,,0.0,0.0,0.0,,,8.506124,73,66,4.483468,,5.825001,E ,7.281251,C ,25.6,,,7.635996,5.478
2015-09-13 00:00:00.0,12.77708,22.2,5.7,,,,10.05833,,,,0.0,0.0,0.0,,,9.459535,73,70,5.951833,,5.679167,C ,7.098958,C ,29.5,,,4.481998,6.390998
2015-09-14 00:00:00.0,13.12708,25.9,3.5,,,,10.26111,,,,0.0,0.0,0.0,,,9.975784,53,70,3.760478,,3.954167,E ,4.942709,C ,24.7,,,6.805997,-2.407
2015-09-15 00:00:00.0,15.87708,23.6,9.0,,,,11.40139,,,,0.0,0.0,0.0,,,11.94168,75,70,9.182534,,8.552081,NE,10.6901,C ,32.3,,,0.0,-3.236997
2015-09-16 00:00:00.0,9.365279,16.2,1.3,,,,10.42083,,,,0.0,0.0,0.0,,,7.466943,66,75,2.100395,,4.341667,NE,5.427083,C ,21.6,,,9.794,13.77802
2015-09-17 00:00:00.0,11.09861,22.1,1.5,,,,9.972224,,,,0.0,0.0,0.0,,,8.022616,69,70,3.591357,,3.740972,E ,4.676215,C ,21.0,,,8.963998,4.979998
2015-09-18 00:00:00.0,9.740276,18.7,2.5,,,,9.955555,,,,0.0,0.0,0.0,,,7.528514,60,68,1.313731,,2.145833,C ,2.682292,C ,15.6,,,10.126,11.288
2015-09-19 00:00:00.0,11.8132,23.0,0.0,,,,10.22223,,,,0.0,0.0,0.0,,,8.62513,55,63,2.438056,,1.995139,C ,2.493924,C ,15.8,,,6.971997,0.7470002
2015-09-20 00:00:00.0,11.11389,17.6,5.3,,,,10.31459,,,,0.0,0.0,0.0,,,11.19626,86,87,8.50749,,6.167361,E ,7.709201,C ,27.8,,,1.66,11.28801
2015-09-21 00:00:00.0,11.41806,16.5,8.5,,,,10.52986,,,,0.0,0.0,0.0,,,11.17531,81,91,7.869637,,8.14861,E ,10.18576,C ,37.4,,,0.0,9.213009
2015-09-22 00:00:00.0,9.729373,12.4,7.1,,,,10.2133,,,,0.0,0.0,0.0,,,10.44302,84,94,6.919401,,9.03986,E ,11.29982,C ,33.9,,,0.0,
2015-09-23 00:00:00.0,10.91945,13.1,9.2,,,,10.46738,,,,0.0,0.0,0.0,,,6.744786,52,42,-0.3132653,,6.39861,E ,7.998262,C ,25.4,,,0.0,10.62401
2015-09-24 00:00:00.0,12.60833,16.9,9.1,,,,11.11597,,,,0.0,0.0,0.0,,,8.406631,52,70,,,11.45833,E ,14.32292,C ,33.9,,,0.0,5.395001
2015-09-25 00:00:00.0,12.18889,17.2,7.1,,,,11.29445,,,,0.0,0.0,0.0,,,9.681866,64,83,4.033285,,3.797917,C ,4.747396,C ,16.4,,,0.0,6.556996
2015-09-26 00:00:00.0,12.25694,20.3,6.8,,,,11.22639,,,,0.0,0.0,0.0,,,7.968803,47,71,,,1.298611,C ,1.623264,C ,12.6,,,1.162,4.564996
2015-09-27 00:00:00.0,14.2125,24.2,4.8,,,,11.6368,,,,0.0,0.0,0.0,,,9.499491,50,74,,,4.518751,E ,5.648438,C ,25.7,,,2.656,-1.909
2015-09-28 00:00:00.0,15.62847,24.4,9.0,,,,12.44028,,,,0.25,0.25,0.25,,,13.58815,82,81,11.26958,,6.750694,E ,8.438368,C ,39.3,,,0.0,-1.908998
2015-09-29 00:00:00.0,9.692361,15.0,5.3,,,,11.13611,,,,0.0,0.0,0.0,,,10.50373,90,97,7.572131,,12.64861,E ,15.81077,C ,51.4,,,8.631997,15.02302
2015-09-30 00:00:00.0,9.762498,20.3,0.6,,,,10.66666,,,,0.0,0.0,0.0,,,8.803799,66,79,3.710798,,2.33125,C ,2.914063,C ,19.9,,,7.303997,2.158
2015-10-01 00:00:00.0,10.85695,16.6,5.1,,,,10.72638,,,,0.0,0.0,0.0,,,8.293421,58,78,0.8303519,,2.763889,C ,3.454862,C ,19.0,,,2.822,10.87301
2015-10-02 00:00:00.0,9.084028,11.4,5.6,,,,10.36389,,,,0.0,0.0,0.0,,,9.055405,85,73,4.989999,,14.79514,SE,18.49392,C ,45.5,,,6.141997,
2015-10-03 00:00:00.0,7.145139,14.8,1.9,,,,9.143055,,,,0.0,0.0,0.0,,,9.404984,87,81,5.072264,,13.3368,E ,16.67101,C ,41.7,,,11.952,15.68702
2015-10-04 00:00:00.0,8.854166,17.4,0.9,,,,9.474306,,,,0.0,0.0,0.0,,,8.383131,63,83,1.152107,,3.322223,E ,4.152779,C ,21.3,,,6.971997,8.714999
2015-10-05 00:00:00.0,12.09236,18.8,7.1,,,,10.43334,,,,0.0,0.0,0.0,,,13.20078,89,91,10.89844,,2.575694,E ,3.219617,C ,16.3,,,0.0,4.647999
2015-10-06 00:00:00.0,12.01667,14.9,10.1,,,,11.10486,,,,0.0,0.0,0.0,,,3.682467,25,32,,,3.496528,C ,4.37066,C ,17.7,,,0.0,8.217006
2015-10-07 00:00:00.0,13.39097,20.8,7.1,,,,11.46667,,,,0.0,0.0,0.0,,,9.709323,55,85,,,5.591667,NE,6.989583,C ,30.0,,,0.0,0.6639978
2015-10-08 00:00:00.0,11.67986,19.1,6.1,,,,11.57153,,,,0.0,0.0,0.0,,,6.791076,48,77,,,8.462498,NE,10.57812,C ,30.0,,,5.643998,9.212997
2015-10-09 00:00:00.0,8.153475,15.8,1.5,,,,10.61111,,,,0.0,0.0,0.0,,,6.308581,53,78,-2.253106,,5.372917,E ,6.716146,C ,27.8,,,11.952,14.52501
2015-10-10 00:00:00.0,7.945832,15.2,1.2,,,,10.20278,,,,0.0,0.0,0.0,,,7.409531,63,81,3.246033E-4,,7.399998,E ,9.249998,C ,32.3,,,11.786,13.86101
2015-10-11 00:00:00.0,9.127774,17.6,2.7,,,,10.39722,,,,0.0,0.0,0.0,,,7.531637,57,64,,,6.236111,S ,7.795138,C ,24.5,,,6.473997,12.28401
2015-10-12 00:00:00.0,11.70347,17.0,7.9,,,,11.06528,,,,0.0,0.0,0.0,,,7.235519,47,49,,,4.277779,C ,5.347223,C ,23.7,,,0.83,9.960005
2015-10-13 00:00:00.0,12.81667,22.3,2.8,,,,11.16944,,,,0.0,0.0,0.0,,,9.267341,47,83,,,2.677778,E ,3.347223,C ,20.0,,,5.975997,0.1659993
2015-10-14 00:00:00.0,15.56805,23.8,9.1,,,,12.61737,,,,0.0,0.0,0.0,,,10.55868,49,70,,,4.52014,E ,5.650175,C ,25.1,,,0.0,-7.138
2015-10-15 00:00:00.0,13.90833,16.9,9.9,,,,12.85208,,,,0.0,0.0,0.0,,,9.255153,64,86,,,16.87361,E ,21.09201,C ,48.9,,,0.0,3.568998
2015-10-16 00:00:00.0,9.855556,13.6,4.0,,,,11.05139,,,,0.0,0.0,0.0,,,9.98542,87,84,6.781135,,14.98542,E ,18.73177,C ,41.6,,,5.311998,16.76602
2015-10-17 00:00:00.0,8.912498,18.3,0.0,,,,10.37292,,,,0.0,0.0,0.0,,,8.260006,70,79,3.601702,,6.431945,NE,8.039931,C ,29.9,,,9.96,6.390997
2015-10-18 00:00:00.0,12.26528,21.8,4.1,,,,11.30625,,,,0.0,0.0,0.0,,,9.363485,58,78,3.750151,,3.237499,E ,4.046875,C ,22.3,,,6.141997,0.9129995
2015-10-19 00:00:00.0,13.89166,22.7,7.1,,,,12.10972,,,,0.0,0.0,0.0,,,7.181536,33,54,,,1.760417,C ,2.200521,C ,13.3,,,0.0,-0.4150009
2015-10-20 00:00:00.0,14.63541,22.3,10.8,,,,12.92292,,,,0.0,0.0,0.0,,,8.902514,44,61,,,6.091667,NE,7.614583,C ,25.4,,,0.0,-1.328001
2015-10-21 00:00:00.0,15.93125,26.4,6.6,,,,13.54792,,,,0.0,0.0,0.0,,,8.193638,33,16,,,2.079166,C ,2.598958,C ,20.5,,,0.83,-5.643999
2015-10-22 00:00:00.0,14.24583,19.1,8.4,,,,13.86111,,,,0.0,0.0,0.0,,,10.14546,66,92,,,8.893054,NE,11.11632,C ,37.2,,,3.319999,3.402999
2015-10-23 00:00:00.0,8.74931,15.4,3.3,,,,12.20834,,,,0.0,0.0,0.0,,,9.525955,82,85,6.022352,,12.58472,E ,15.7309,C ,35.0,,,6.141997,15.43801
2015-10-24 00:00:00.0,10.13819,15.4,7.0,,,,11.9118,,,,0.0,0.0,0.0,,,10.03963,79,90,6.524271,,6.12778,E ,7.659725,C ,40.1,,,0.0,14.52501
2015-10-25 00:00:00.0,10.96597,15.7,8.3,,,,11.80693,,,,0.0,0.0,0.0,,,9.350821,65,71,4.358388,,4.240277,E ,5.300346,C ,20.3,,,0.0,10.12601
2015-10-26 00:00:00.0,15.5507,23.4,11.4,,,,12.87014,,,,0.0,0.0,0.0,,,10.72443,50,76,,,4.361806,E ,5.452257,C ,20.5,,,0.0,-6.059
2015-10-27 00:00:00.0,17.73263,26.6,13.0,,,,14.48473,,,,0.0,0.0,0.0,,,9.282923,34,39,,,3.280555,E ,4.100694,C ,18.0,,,0.0,-10.79
2015-10-28 00:00:00.0,17.15486,24.0,12.9,,,,15.2125,,,,0.25,0.25,0.25,,,9.249938,38,42,,,3.404862,E ,4.256077,C ,24.7,,,0.0,-12.78201
2015-10-29 00:00:00.0,19.12917,23.4,16.2,,,,15.68819,,,,1.25,1.25,1.0,,,9.892736,42,48,,,7.536111,E ,9.420138,C ,31.1,,,0.0,-17.76202
2015-10-30 00:00:00.0,13.32847,18.6,7.7,,,,15.0375,,,,0.0,0.0,0.0,,,9.012775,62,66,,,11.10417,NE,13.88021,C ,32.0,,,0.0,5.892997
2015-10-31 00:00:00.0,12.26736,21.1,2.9,,,,13.80695,,,,0.0,0.0,0.0,,,7.78993,50,71,,,2.584723,C ,3.230904,C ,18.3,,,5.809998,2.572999
2015-11-01 00:00:00.0,14.39722,24.8,5.9,,,,13.80348,,,,0.0,0.0,0.0,,,11.66517,68,73,8.433549,,2.299305,C ,2.874131,C ,19.7,,,2.49,-2.572999
2015-11-02 00:00:00.0,15.77639,24.1,8.3,,,,14.45973,,,,0.0,0.0,0.0,,,11.71175,64,74,8.079932,,1.795834,C ,2.244792,C ,22.2,,,0.0,-5.560995
2015-11-03 00:00:00.0,14.91667,25.2,6.9,,,,14.53819,,,,0.0,0.0,0.0,,,10.268,58,87,,,5.857638,C ,7.322048,C ,39.5,,,3.983999,0.4980001
2015-11-04 00:00:00.0,11.46458,21.7,0.8,,,,13.18889,,,,0.0,0.0,0.0,,,8.575268,58,69,3.031879,,3.202083,C ,4.002604,C ,20.9,,,5.809998,-1.410999
2015-11-05 00:00:00.0,15.58333,28.8,4.1,,,,13.64097,,,,0.0,0.0,0.0,,,11.91712,66,70,8.76813,,3.529166,E ,4.411458,C ,25.7,,,5.311998,-2.987999
2015-11-06 00:00:00.0,16.70764,26.0,6.7,,,,14.7507,,,,0.0,0.0,0.0,,,11.21309,50,77,,,2.436806,C ,3.046007,C ,19.5,,,0.166,-6.141996
2015-11-07 00:00:00.0,18.86458,30.0,8.0,,,,15.4625,,,,0.0,0.0,0.0,,,11.52785,40,76,,,2.047917,W ,2.559897,C ,18.4,,,0.0,-10.043
2015-11-08 00:00:00.0,20.56042,29.9,11.3,,,,16.4,,,,0.0,0.0,0.0,,,13.35309,47,73,,,2.706944,W ,3.383681,C ,22.1,,,0.0,-13.52901
2015-11-09 00:00:00.0,18.36042,27.1,13.4,,,,16.41598,,,,0.0,0.0,0.0,,,6.45857,21,30,,,2.130556,C ,2.663195,C ,25.0,,,0.0,-12.53301
2015-11-10 00:00:00.0,20.24861,29.6,13.8,,,,17.06875,,,,0.0,0.0,0.0,,,10.21793,42,48,,,4.634028,C ,5.792535,C ,26.9,,,0.0,-12.28401
2015-11-11 00:00:00.0,18.64584,29.0,7.1,,,,16.15626,,,,0.0,0.0,0.0,,,13.07426,55,63,,,1.80625,C ,2.257812,C ,18.7,,,0.0,-11.039
2015-11-12 00:00:00.0,19.37153,28.1,9.8,,,,16.66459,,,,0.25,0.0,0.0,,,11.25618,43,42,,,2.597917,C ,3.247396,C ,25.3,,,0.0,-12.28401
2015-11-13 00:00:00.0,16.29028,21.8,12.8,,,,16.12153,,,,0.0,0.25,0.25,,,9.246616,42,46,,,13.67708,NE,17.09635,C ,41.8,,,0.0,-8.714997
2015-11-14 00:00:00.0,20.76944,30.4,12.4,,,,16.72361,,,,0.0,0.0,0.0,,,17.17556,55,72,,,3.095834,C ,3.869792,C ,20.3,,,0.0,-17.43002
2015-11-15 00:00:00.0,23.15417,30.6,15.6,,,,18.23194,,,,0.0,0.0,0.0,,,17.6152,55,75,,,2.88611,W ,3.607638,C ,23.1,,,0.0,-20.00302
2015-11-16 00:00:00.0,23.19028,30.8,17.3,,,,19.09097,,,,0.0,0.0,0.0,,,15.41342,50,69,,,2.900695,W ,3.625869,C ,18.9,,,0.0,-20.99902
2015-11-17 00:00:00.0,18.21667,20.1,15.4,,,,18.51667,,,,0.0,0.0,0.0,,,2.048788,11,12,,,3.33125,C ,4.164063,C ,19.7,,,0.0,-16.26801
2015-11-18 00:00:00.0,15.77083,21.2,11.9,,,,17.52291,,,,0.0,0.0,0.0,,,6.830748,32,30,,,4.399999,C ,5.499998,C ,19.3,,,0.0,-8.051
2015-11-19 00:00:00.0,15.24722,20.9,11.0,,,,16.62153,,,,0.0,0.0,0.0,,,9.889399,56,85,,,6.436111,E ,8.045139,C ,34.1,,,0.166,-2.739
2015-11-20 00:00:00.0,13.1,21.7,2.2,,,,15.46597,,,,0.0,0.0,0.0,,,10.0221,62,73,5.18413,,3.78264,C ,4.728299,C ,18.5,,,5.477998,-1.245001
2015-11-21 00:00:00.0,17.26806,25.7,9.9,,,,16.12987,,,,0.0,0.0,0.0,,,13.67716,66,70,,,4.368055,W ,5.460069,C ,26.9,,,0.0,-9.877001
2015-11-22 00:00:00.0,16.95416,24.7,8.3,,,,16.44861,,,,0.0,0.0,0.0,,,10.95908,52,70,,,2.647917,C ,3.309896,C ,15.9,,,0.0,-6.805994
2015-11-23 00:00:00.0,17.45486,25.8,10.5,,,,16.40694,,,,0.0,0.0,0.0,,,13.17985,70,67,10.88159,,2.064584,C ,2.58073,C ,18.4,,,0.0,-7.718996
2015-11-24 00:00:00.0,17.15763,24.7,10.0,,,,16.43889,,,,0.0,0.0,0.0,,,12.39047,62,70,9.081801,,2.936112,E ,3.67014,C ,22.2,,,0.0,-9.462
2015-11-25 00:00:00.0,18.43333,25.6,11.7,,,,16.87986,,,,0.0,0.0,0.0,,,15.13679,66,76,11.626,,3.240278,W ,4.050347,C ,25.1,,,0.0,-13.61201
2015-11-26 00:00:00.0,19.52361,25.8,14.8,,,,17.68124,,,,0.0,0.0,0.0,,,14.34745,57,71,,,3.299305,W ,4.124132,C ,20.4,,,0.0,-16.18501
2015-11-27 00:00:00.0,18.09514,20.5,15.6,,,,17.82708,,,,0.0,0.0,0.0,,,5.419878,28,42,,,6.88125,NE,8.601563,C ,30.0,,,0.0,-14.52501
2015-11-28 00:00:00.0,17.52937,23.3,12.4,,,,17.63497,,,,0.0,0.0,0.0,,,13.56394,67,78,10.3232,,13.87622,S ,17.34528,C ,40.1,,,0.0,-9.96
2015-11-29 00:00:00.0,16.49445,24.0,9.5,,,,17.28195,,,,0.0,0.0,0.0,,,10.5343,52,76,,,8.406248,S ,10.50781,C ,29.8,,,0.0,-6.722995
2015-11-30 00:00:00.0,17.27692,28.7,3.6,,,,16.76573,,,,0.0,0.0,0.0,,,12.07287,43,68,,,1.913287,C ,2.391609,C ,14.6,,,4.149999,-8.548999
2015-12-01 00:00:00.0,21.49445,32.0,14.0,,,,17.96874,,,,0.0,0.0,0.0,,,13.19201,42,64,,,5.079166,C ,6.348958,C ,35.5,,,0.0,-14.44201
2015-12-02 00:00:00.0,18.38402,24.6,13.9,,,,18.26527,,,,0.0,0.0,0.0,,,15.48156,66,78,,,5.615973,E ,7.019966,C ,22.0,,,0.0,-13.44601
2015-12-03 00:00:00.0,22.04444,29.6,16.6,,,,18.92153,,,,0.0,0.0,0.0,,,15.11301,53,68,,,2.874305,W ,3.592882,C ,15.9,,,0.0,-21.24802
2015-12-04 00:00:00.0,22.04097,30.1,17.2,,,,19.46667,,,,0.0,0.0,0.0,,,13.56295,42,58,,,2.815973,C ,3.519966,C ,23.6,,,0.0,-21.41403
2015-12-05 00:00:00.0,17.04445,21.0,8.6,,,,18.36598,,,,0.0,0.0,0.0,,,10.16923,57,86,,,10.13611,NE,12.67014,C ,35.0,,,2.822,-6.639998
2015-12-06 00:00:00.0,12.69236,22.8,2.8,,,,16.52292,,,,0.0,0.0,0.0,,,10.39475,66,76,6.421659,,5.532638,E ,6.915797,C ,24.8,,,5.643998,1.078999
2015-12-07 00:00:00.0,17.23889,28.0,6.5,,,,16.62986,,,,0.0,0.0,0.0,,,12.37151,49,79,,,1.974306,C ,2.467882,C ,18.2,,,0.498,-8.299997
2015-12-08 00:00:00.0,20.06805,29.2,14.4,,,,17.59514,,,,0.0,0.0,0.0,,,14.47858,54,74,,,2.884723,W ,3.605904,C ,16.9,,,0.0,-17.18102
2015-12-09 00:00:00.0,21.14583,30.2,10.3,,,,18.09167,,,,0.0,0.0,0.0,,,12.0322,49,63,,,4.236806,W ,5.296007,C ,31.8,,,0.0,-13.52901
2015-12-10 00:00:00.0,20.63056,32.8,7.3,,,,17.90555,,,,0.0,0.0,0.0,,,12.62135,48,59,,,3.536805,W ,4.421007,C ,29.7,,,0.0,-9.295999
2015-12-11 00:00:00.0,23.05903,35.4,9.7,,,,18.38819,,,,0.0,0.0,0.0,,,15.0609,53,44,11.68877,,3.886111,W ,4.857639,C ,30.9,,,0.0,-15.52101
2015-12-12 00:00:00.0,24.92847,33.6,17.3,,,,19.2875,,,,0.0,0.0,0.0,,,22.21989,73,68,18.94333,,3.377084,W ,4.221354,C ,25.7,,,0.0,-23.24003
2015-12-13 00:00:00.0,24.19653,33.9,13.3,,,,19.68125,,,,0.0,0.0,0.0,,,17.73411,58,71,,,2.961804,W ,3.702255,C ,16.1,,,0.0,-18.92402
2015-12-14 00:00:00.0,19.08333,24.0,15.2,,,,19.03473,,,,0.0,0.0,0.0,,,11.87746,50,40,,,6.372222,E ,7.965278,C ,37.8,,,0.0,-15.35501
2015-12-15 00:00:00.0,18.23056,24.4,11.8,,,,18.50972,,,,0.0,0.0,0.0,,,11.94198,53,76,,,6.855556,E ,8.569446,C ,26.5,,,0.0,-11.122
2015-12-16 00:00:00.0,18.9743,28.1,8.5,,,,18.55902,,,,0.0,0.0,0.0,,,15.37034,56,80,,,3.427083,W ,4.283854,C ,27.5,,,0.0,-15.02301
2015-12-17 00:00:00.0,23.40694,30.8,17.9,,,,19.6757,,,,0.0,0.0,0.0,,,18.28033,58,79,,,3.285416,W ,4.10677,C ,24.3,,,0.0,-22.41003
2015-12-18 00:00:00.0,18.54305,24.1,12.0,,,,19.35278,,,,0.0,0.0,0.0,,,9.525554,46,60,,,9.004169,S ,11.25521,C ,35.8,,,0.0,-10.707
2015-12-19 00:00:00.0,16.84375,26.4,8.8,,,,18.42222,,,,0.0,0.0,0.0,,,13.22741,66,75,10.08939,,5.490973,E ,6.863716,C ,23.1,,,0.0,-8.880999
2015-12-20 00:00:00.0,19.48959,28.5,10.6,,,,18.40487,,,,0.0,0.0,0.0,,,12.82448,51,61,,,2.835417,W ,3.544271,C ,23.2,,,0.0,-10.956
2015-12-21 00:00:00.0,21.12569,32.0,14.3,,,,19.10209,,,,0.0,0.0,0.0,,,11.07267,34,49,,,2.333333,W ,2.916667,C ,25.5,,,0.0,-19.58802
2015-12-22 00:00:00.0,22.45069,30.8,15.6,,,,19.62153,,,,0.0,0.0,0.0,,,11.34993,30,46,,,1.472222,C ,1.840278,C ,13.5,,,0.0,-21.08202
2015-12-23 00:00:00.0,23.04167,31.0,17.1,,,,19.90417,,,,0.0,0.0,0.0,,,15.3469,52,78,,,3.000695,C ,3.750868,C ,26.8,,,0.0,-18.92402
2015-12-24 00:00:00.0,20.41111,31.1,7.0,,,,18.89652,,,,0.0,0.0,0.0,,,13.64972,48,63,,,1.96875,C ,2.460937,C ,17.1,,,0.0,-11.95201
2015-12-25 00:00:00.0,23.99792,33.1,15.0,,,,19.9,,,,0.0,0.0,0.0,,,18.52044,58,66,14.14799,,2.530556,W ,3.163195,C ,19.1,,,0.0,-18.75802
2015-12-26 00:00:00.0,25.45139,34.6,16.2,,,,20.73611,,,,0.0,0.0,0.0,,,20.15896,56,68,,,2.432639,W ,3.040798,C ,20.9,,,0.0,-21.24802
2015-12-27 00:00:00.0,26.82777,36.6,18.3,,,,21.59375,,,,0.0,0.0,0.0,,,21.57137,51,72,,,2.740973,W ,3.426216,C ,21.5,,,0.0,-23.90403
2015-12-28 00:00:00.0,29.16365,37.1,21.1,,,,22.54615,,,,0.0,0.0,0.0,,,24.58485,57,72,18.23932,,1.993007,C ,2.491259,C ,14.1,,,0.0,-23.73803
2015-12-29 00:00:00.0,28.85139,38.2,20.4,,,,22.77291,,,,0.0,0.0,0.0,,,19.13568,43,60,,,1.884028,W ,2.355035,C ,15.2,,,0.0,-23.65503
2015-12-30 00:00:00.0,24.41389,32.8,17.2,,,,22.42014,,,,0.0,0.0,0.0,,,16.55592,45,65,,,5.425001,C ,6.781251,C ,27.6,,,0.0,-23.24003
2015-12-31 00:00:00.0,23.21875,29.2,19.7,,,,22.07153,,,,0.0,0.0,0.0,,,16.92982,53,73,,,4.406944,E ,5.50868,C ,19.8,,,0.0,-23.90403
2016-01-01 00:00:00.0,23.27917,29.1,20.3,,,,21.76945,,,,0.0,0.0,0.0,,,18.36057,61,80,13.75969,,3.427083,E ,4.283854,C ,20.2,,,0.0,-23.90403
2016-01-02 00:00:00.0,24.53125,33.2,19.1,,,,21.96528,,,,0.0,0.0,0.0,,,17.08598,47,68,,,2.887499,W ,3.609374,C ,21.6,,,0.0,-23.90403
2016-01-03 00:00:00.0,25.31111,32.8,19.9,,,,22.34723,,,,0.0,0.0,0.0,,,17.85774,48,75,,,2.644444,W ,3.305556,C ,18.7,,,0.0,-23.90403
2016-01-04 00:00:00.0,25.35035,32.1,20.1,,,,22.41259,,,,0.0,0.0,0.0,,,18.50183,47,70,,,1.304196,C ,1.630245,C ,11.7,,,0.0,-23.73803
2016-01-05 00:00:00.0,23.39444,27.9,16.2,,,,22.16735,,,,0.0,0.0,0.0,,,13.52752,49,80,,,9.643059,NE,12.05382,C ,34.4,,,0.0,-19.50502
2016-01-06 00:00:00.0,18.89722,27.7,9.7,,,,20.24584,,,,0.0,0.0,0.0,,,11.79818,46,74,,,3.666665,E ,4.583332,C ,23.9,,,0.0,-10.043
2016-01-07 00:00:00.0,19.43889,31.3,8.7,,,,19.66389,,,,0.0,0.0,0.0,,,14.50511,49,73,,,3.874306,S ,4.842883,C ,20.2,,,0.0,-11.86901
2016-01-08 00:00:00.0,22.31528,31.6,15.0,,,,20.32152,,,,0.0,0.0,0.0,,,15.2451,50,72,,,2.396527,C ,2.995659,C ,16.7,,,0.0,-18.42602
2016-01-09 00:00:00.0,19.67014,23.1,15.7,,,,20.08472,,,,0.0,0.0,0.0,,,14.12237,66,74,11.12898,,8.265278,E ,10.3316,C ,33.0,,,0.0,-15.52101
2016-01-10 00:00:00.0,20.16736,29.5,10.7,,,,19.41459,,,,0.0,0.0,0.0,,,17.644,63,83,,,1.557639,C ,1.947049,C ,12.2,,,0.0,-16.84902
2016-01-11 00:00:00.0,25.71875,35.2,16.8,,,,20.78333,,,,0.0,0.0,0.0,,,19.81028,54,66,,,3.053472,W ,3.81684,C ,19.3,,,0.0,-22.24403
2016-01-12 00:00:00.0,26.10348,34.1,18.6,,,,21.54237,,,,0.0,0.0,0.0,,,18.02341,59,71,15.29352,,7.652084,C ,9.565105,C ,35.7,,,0.0,-20.50102
2016-01-13 00:00:00.0,19.8625,30.9,7.5,,,,20.17638,,,,0.0,0.0,0.0,,,13.9872,55,65,,,2.263195,W ,2.828994,C ,18.9,,,0.0,-12.36701
2016-01-14 00:00:00.0,24.33402,36.0,14.5,,,,20.96667,,,,0.0,0.0,0.0,,,19.2375,57,65,,,3.634028,W ,4.542535,C ,36.8,,,0.0,-19.42202
2016-01-15 00:00:00.0,22.60069,27.4,15.0,,,,21.12847,,,,0.0,0.0,0.0,,,17.84256,73,76,15.52142,,6.284025,E ,7.855031,C ,27.8,,,0.0,-18.84102
2016-01-16 00:00:00.0,20.03403,29.9,9.4,,,,19.88472,,,,0.0,0.0,0.0,,,16.47338,60,50,,,2.249306,W ,2.811632,C ,26.1,,,0.0,-14.94001
2016-01-17 00:00:00.0,25.65764,36.6,16.5,,,,21.1,,,,0.0,0.0,0.0,,,15.82776,41,59,,,5.465973,W ,6.832466,C ,24.5,,,0.0,-20.99902
2016-01-18 00:00:00.0,21.21598,30.2,10.5,,,,20.82778,,,,0.0,0.0,0.0,,,12.59719,46,68,,,3.851389,C ,4.814237,C ,17.3,,,0.0,-13.28001
2016-01-19 00:00:00.0,21.68889,33.3,8.7,,,,20.2625,,,,1.75,0.0,0.0,,,12.63624,40,58,,,2.055556,W ,2.569444,C ,21.2,,,0.0,-15.43801
2016-01-20 00:00:00.0,21.99653,30.6,16.5,,,,20.64652,,,,0.75,2.5,1.5,,,13.13392,41,49,,,1.933334,C ,2.416667,C ,23.8,,,0.0,-21.58002
2016-01-21 00:00:00.0,25.3868,33.7,18.2,,,,21.65139,,,,0.0,0.0,0.0,,,17.54073,44,75,,,2.590972,W ,3.238715,C ,17.7,,,0.0,-23.90403
2016-01-22 00:00:00.0,24.02223,33.9,21.2,,,,22.09028,,,,3.25,3.25,2.0,,,7.646598,18,27,,,3.079861,C ,3.849827,C ,73.2,,,0.0,-23.07403
2016-01-23 00:00:00.0,20.76875,27.3,16.0,,,,21.46945,,,,0.0,0.0,0.0,,,11.12461,40,51,,,6.183332,NE,7.729166,C ,28.0,,,0.0,-17.01501
2016-01-24 00:00:00.0,23.88473,34.9,13.5,,,,21.76321,,,,0.0,0.0,0.0,,,23.0535,58,77,,,3.63889,W ,4.548612,C ,28.7,,,0.0,-21.16502
2016-01-25 00:00:00.0,22.61111,27.1,15.6,,,,22.18472,,,,0.0,0.0,0.0,,,14.04092,57,52,10.72996,,10.86042,S ,13.57552,C ,52.9,,,0.0,-20.41802
2016-01-26 00:00:00.0,19.31181,25.3,13.9,,,,21.01736,,,,0.0,0.0,0.0,,,11.99386,57,72,,,7.268054,S ,9.085068,C ,31.3,,,0.0,-11.122
2016-01-27 00:00:00.0,17.21111,28.1,6.4,,,,19.62778,,,,0.0,0.0,0.0,,,13.36844,58,69,,,1.910416,C ,2.388021,C ,17.1,,,1.494,-9.877001
2016-01-28 00:00:00.0,20.00208,25.7,14.4,,,,19.96875,,,,0.0,0.0,0.0,,,17.33206,68,84,,,1.286806,C ,1.608507,C ,16.0,,,0.0,-18.50902
2016-01-29 00:00:00.0,21.49583,31.6,15.3,,,,20.45347,,,,0.0,0.0,0.0,,,10.10233,28,57,,,1.83125,C ,2.289063,C ,19.4,,,0.0,-20.08602
2016-01-30 00:00:00.0,22.47916,31.0,16.5,,,,21.08194,,,,0.0,0.0,0.0,,,12.78016,38,55,,,4.254862,C ,5.318577,C ,31.3,,,0.0,-22.49303
2016-01-31 00:00:00.0,18.38472,24.7,10.4,,,,20.43611,,,,0.0,0.0,0.0,,,11.6328,52,67,,,7.124305,NE,8.905381,C ,26.9,,,0.0,-9.296
2016-02-01 00:00:00.0,18.38611,28.3,9.4,,,,19.48403,,,,0.0,0.0,0.0,,,12.8181,42,71,,,4.139584,S ,5.17448,C ,21.0,,,0.0,-12.53301
2016-02-02 00:00:00.0,20.86041,30.7,11.2,,,,19.96319,,,,0.0,0.0,0.0,,,13.07226,40,66,,,2.025694,W ,2.532117,C ,16.5,,,0.0,-13.86101
2016-02-03 00:00:00.0,23.22569,33.4,15.7,,,,20.64931,,,,0.0,0.0,0.0,,,15.63521,43,73,,,2.450694,W ,3.063368,C ,17.9,,,0.0,-20.25202
2016-02-04 00:00:00.0,24.95972,34.9,17.9,,,,21.42569,,,,0.0,0.0,0.0,,,16.17119,42,70,,,2.509028,W ,3.136286,C ,16.5,,,0.0,-23.65503
2016-02-05 00:00:00.0,24.67084,35.6,18.4,,,,22.00347,,,,20.25,20.25,3.25,,,10.08031,23,43,,,2.413195,C ,3.016493,C ,33.3,,,0.0,-23.90403
2016-02-06 00:00:00.0,24.08263,31.8,18.8,,,,22.01388,,,,11.0,0.0,0.0,,,17.35059,48,75,,,2.803472,W ,3.50434,C ,18.1,,,0.0,-23.90403
2016-02-07 00:00:00.0,21.39861,22.9,19.9,,,,21.72918,,,,39.25,50.0,10.25,,,0.1365765,1,,,,2.498611,C ,3.123263,C ,24.0,,,0.0,-23.90403
2016-02-08 00:00:00.0,23.76598,32.9,17.9,,,,21.54097,,,,0.0,0.25,0.25,,,13.71399,35,37,,,1.381944,C ,1.727431,C ,10.9,,,0.0,-23.48903
2016-02-09 00:00:00.0,25.41528,31.9,19.1,,,,22.48818,,,,0.0,0.0,0.0,,,19.14462,60,73,,,5.87639,S ,7.345488,C ,20.4,,,0.0,-21.82903
2016-02-10 00:00:00.0,21.13959,31.0,12.9,,,,21.52916,,,,0.0,0.0,0.0,,,14.29251,47,74,,,2.484722,C ,3.105902,C ,16.0,,,0.0,-15.93601
2016-02-11 00:00:00.0,22.90139,32.5,15.2,,,,21.49791,,,,15.25,1.75,1.75,,,15.74879,45,75,,,2.270139,W ,2.837674,C ,19.5,,,0.0,-19.33902
2016-02-12 00:00:00.0,22.94792,33.7,18.4,,,,21.99305,,,,79.0,76.0,22.0,,,7.34849,19,,,,3.70625,W ,4.632812,C ,63.4,,,0.0,-23.90403
2016-02-13 00:00:00.0,23.49584,29.8,18.8,,,,21.89376,,,,0.0,16.5,7.75,,,13.49023,42,49,,,4.959723,S ,6.199655,C ,28.8,,,0.0,-21.99503
2016-02-14 00:00:00.0,21.89306,30.3,13.9,,,,21.30486,,,,0.0,0.0,0.0,,,14.46898,44,73,,,3.329862,W ,4.162327,C ,23.6,,,0.0,-16.26801
2016-02-15 00:00:00.0,21.99445,30.9,13.5,,,,21.24932,,,,0.0,0.0,0.0,,,15.10352,46,71,,,2.416667,W ,3.020833,C ,17.6,,,0.0,-17.67902
2016-02-16 00:00:00.0,26.16112,35.1,19.4,,,,22.37015,,,,16.0,2.5,2.5,,,19.90328,46,68,,,3.072916,W ,3.841145,C ,42.3,,,0.0,-23.90403
2016-02-17 00:00:00.0,24.89028,32.2,19.3,,,,22.96527,,,,0.25,13.5,9.0,,,13.23272,33,40,,,4.913195,S ,6.141493,C ,34.8,,,0.0,-23.90403
2016-02-18 00:00:00.0,23.23541,31.5,17.2,,,,22.69306,,,,2.25,2.25,0.75,,,12.00738,32,48,,,1.684028,C ,2.105035,C ,22.9,,,0.0,-21.99503
2016-02-19 00:00:00.0,21.21736,24.8,17.5,,,,22.35138,,,,0.0,0.25,0.25,,,12.13105,50,73,,,4.33125,S ,5.414062,C ,19.4,,,0.0,-20.41802
2016-02-20 00:00:00.0,20.025,28.5,11.8,,,,20.95834,,,,0.0,0.0,0.0,,,13.36938,47,71,,,1.625695,C ,2.032118,C ,17.0,,,0.0,-14.02701
2016-02-21 00:00:00.0,22.93055,33.4,14.5,,,,21.26457,,,,0.25,0.0,0.0,,,16.33735,42,65,,,2.128472,W ,2.66059,C ,15.5,,,0.0,-17.51302
2016-02-22 00:00:00.0,25.95069,33.5,21.2,,,,22.56319,,,,0.25,0.25,0.25,,,16.03559,38,52,,,2.463889,W ,3.079861,C ,17.1,,,0.0,-23.90403
2016-02-23 00:00:00.0,25.28681,34.7,20.1,,,,23.10347,,,,0.75,1.0,0.5,,,12.64304,29,24,,,1.604861,C ,2.006076,C ,15.1,,,0.0,-23.90403
2016-02-24 00:00:00.0,23.96111,33.7,19.5,,,,23.21598,,,,4.25,4.0,2.5,,,8.573761,22,19,,,3.863889,C ,4.829861,C ,38.8,,,0.0,-21.82903
2016-02-25 00:00:00.0,19.44098,27.9,11.6,,,,21.48194,,,,0.0,0.25,0.25,,,11.34921,43,71,,,1.843056,C ,2.30382,C ,12.9,,,0.0,-12.20101
2016-02-26 00:00:00.0,19.40208,28.3,13.3,,,,20.49653,,,,0.0,0.0,0.0,,,12.84293,47,61,,,3.627082,C ,4.533853,C ,24.6,,,0.0,-12.78201
2016-02-27 00:00:00.0,17.37986,25.4,10.6,,,,19.82708,,,,0.0,0.0,0.0,,,13.30178,65,70,10.56912,,6.079167,E ,7.598959,C ,32.4,,,0.0,-9.462002
2016-02-28 00:00:00.0,19.39028,27.2,10.2,,,,19.7375,,,,0.0,0.0,0.0,,,10.45991,40,67,,,4.834027,C ,6.042533,C ,29.2,,,0.0,-10.873
2016-02-29 00:00:00.0,16.76736,24.7,9.2,,,,18.83334,,,,0.25,0.0,0.0,,,9.436642,37,51,,,2.18611,C ,2.732638,C ,23.5,,,0.0,-7.967999
2016-03-01 00:00:00.0,17.51805,25.3,10.3,,,,18.81181,,,,0.0,0.25,0.25,,,9.745646,42,76,,,3.62361,S ,4.529513,C ,23.7,,,0.0,-7.884996
2016-03-02 00:00:00.0,15.26181,24.2,6.6,,,,17.71458,,,,0.0,0.0,0.0,,,8.959278,40,74,,,3.351389,S ,4.189236,C ,28.6,,,1.328,-2.489999
2016-03-03 00:00:00.0,17.50348,28.8,7.3,,,,17.75347,,,,4.25,0.0,0.0,,,13.94446,52,76,,,2.41875,W ,3.023438,C ,19.7,,,0.0,-10.292
2016-03-04 00:00:00.0,18.63889,26.4,14.5,,,,18.56597,,,,7.75,11.75,4.25,,,7.174714,29,9,,,2.934028,C ,3.667535,C ,20.7,,,0.0,-17.18102
2016-03-05 00:00:00.0,18.67847,23.1,13.0,,,,18.8507,,,,0.0,0.25,0.25,,,10.31756,46,67,,,10.98542,NE,13.73177,C ,36.2,,,0.0,-12.86501
2016-03-06 00:00:00.0,14.90833,23.8,8.4,,,,17.77152,,,,0.25,0.0,0.0,,,9.288149,42,53,,,6.48611,S ,8.107637,C ,25.3,,,0.0,-3.236998
2016-03-07 00:00:00.0,17.33194,27.9,9.0,,,,17.55209,,,,0.25,0.25,0.25,,,10.34606,38,41,,,1.876388,C ,2.345485,C ,15.0,,,0.0,-8.963999
2016-03-08 00:00:00.0,19.3257,28.9,11.9,,,,18.02777,,,,0.0,0.25,0.25,,,12.82262,45,48,,,2.120139,C ,2.650174,C ,17.7,,,0.0,-14.69101
2016-03-09 00:00:00.0,17.79028,20.9,12.2,,,,18.35277,,,,0.0,0.0,0.0,,,10.65363,52,71,,,9.98889,NE,12.48611,C ,35.1,,,0.0,-10.458
2016-03-10 00:00:00.0,15.10278,22.5,8.6,,,,17.27292,,,,0.25,0.0,0.0,,,11.24522,57,55,,,6.074306,S ,7.592883,C ,29.5,,,0.0,-3.900995
2016-03-11 00:00:00.0,16.27986,25.7,7.7,,,,16.89097,,,,0.0,0.25,0.25,,,9.470028,39,33,,,3.202084,C ,4.002604,C ,26.1,,,0.0,-6.64
2016-03-12 00:00:00.0,15.42986,22.3,6.1,,,,16.73611,,,,0.0,0.0,0.0,,,10.81767,57,77,,,4.076388,S ,5.095486,C ,23.7,,,1.66,-2.904998
2016-03-13 00:00:00.0,15.67847,26.4,3.7,,,,16.10625,,,,0.25,0.0,0.0,,,9.415827,36,65,,,1.625695,C ,2.032118,C ,22.8,,,2.656,-3.817998
2016-03-14 00:00:00.0,19.93681,30.1,12.6,,,,17.09653,,,,0.0,0.25,0.25,,,9.787722,30,34,,,1.565278,C ,1.956598,C ,17.5,,,0.0,-14.19301
2016-03-15 00:00:00.0,21.875,31.5,15.2,,,,18.0743,,,,0.25,0.0,0.0,,,11.93779,34,45,,,1.375,C ,1.71875,C ,15.1,,,0.0,-19.42202
2016-03-16 00:00:00.0,24.08959,34.9,15.4,,,,18.96181,,,,0.0,0.25,0.25,,,13.66627,33,32,,,1.5375,W ,1.921875,C ,12.5,,,0.0,-20.66702
2016-03-17 00:00:00.0,25.58056,35.5,19.2,,,,19.94305,,,,51.0,7.0,7.0,,,18.29694,48,66,,,3.109722,W ,3.887152,C ,35.6,,,0.0,-23.90403
2016-03-18 00:00:00.0,19.76458,23.8,12.0,,,,19.41806,,,,0.0,44.0,21.0,,,9.288911,47,51,,,8.274306,S ,10.34288,C ,31.9,,,0.0,-14.77401
2016-03-19 00:00:00.0,13.79167,22.8,5.6,,,,17.19791,,,,0.0,0.0,0.0,,,9.754012,55,73,,,2.062501,C ,2.578126,C ,17.4,,,2.656,-0.7469999
2016-03-20 00:00:00.0,15.24514,23.4,6.4,,,,16.48611,,,,0.0,0.0,0.0,,,8.477329,42,44,,,1.940278,C ,2.425347,C ,17.5,,,0.498,-3.070999
2016-03-21 00:00:00.0,16.03287,27.0,7.0,,,,16.2,,,,0.25,0.0,0.0,,,9.809512,37,62,,,1.351749,C ,1.689686,C ,13.4,,,0.0,-4.897
2016-03-22 00:00:00.0,18.73402,28.6,11.8,,,,16.89306,,,,0.0,0.25,0.25,,,11.81316,43,42,,,1.960416,C ,2.450521,C ,14.4,,,0.0,-12.20101
2016-03-23 00:00:00.0,19.82292,29.5,12.5,,,,17.52431,,,,0.0,0.0,0.0,,,13.94968,50,73,,,2.702083,W ,3.377604,C ,23.2,,,0.0,-14.11001
2016-03-24 00:00:00.0,16.89722,21.8,10.7,,,,17.43542,,,,0.0,0.0,0.0,,,9.448223,51,76,,,9.545139,NE,11.93142,C ,37.4,,,2.324,-5.145998
2016-03-25 00:00:00.0,11.89375,21.2,2.8,,,,15.56181,,,,0.25,0.0,0.0,,,7.417025,35,51,,,3.698611,C ,4.623264,C ,34.1,,,6.805997,1.493999
2016-03-26 00:00:00.0,16.03056,24.1,9.8,,,,15.91042,,,,0.0,0.25,0.25,,,9.179748,36,40,,,2.884028,C ,3.605035,C ,26.0,,,0.0,-7.718998
2016-03-27 00:00:00.0,18.38611,23.7,14.3,,,,16.89305,,,,0.5,0.0,0.0,,,7.338417,28,27,,,7.48264,S ,9.3533,C ,25.8,,,0.0,-17.34702
2016-03-28 00:00:00.0,19.93403,26.6,16.1,,,,17.74792,,,,0.25,0.75,0.5,,,8.793736,31,26,,,7.097917,NE,8.872396,C ,23.7,,,0.0,-16.10201
2016-03-29 00:00:00.0,19.10417,30.9,10.2,,,,17.57362,,,,0.25,0.25,0.25,,,9.661791,29,28,,,1.290972,C ,1.613715,C ,10.0,,,0.0,-12.03501
2016-03-30 00:00:00.0,21.38889,31.3,13.6,,,,18.01042,,,,0.0,0.0,0.0,,,11.2104,32,29,,,1.490278,C ,1.862847,C ,20.5,,,0.0,-15.77001
2016-03-31 00:00:00.0,22.21667,32.0,15.9,,,,18.68958,,,,0.25,0.0,0.0,,,11.61069,32,33,,,1.623611,C ,2.029514,C ,12.7,,,0.0,-19.92002
2016-04-01 00:00:00.0,18.80902,22.9,15.7,,,,18.60276,,,,23.0,23.25,3.75,,,0.9409215,3,,,,2.388194,C ,2.985243,C ,22.1,,,0.0,-18.92402
2016-04-02 00:00:00.0,18.81667,20.5,16.2,,,,18.57569,,,,7.75,7.75,1.75,,,0.1160504,0,,,,2.461111,S ,3.076389,C ,13.5,,,0.0,-18.59202
2016-04-03 00:00:00.0,18.45208,27.4,12.5,,,,18.025,,,,0.25,0.0,0.0,,,8.197165,29,22,,,1.472917,C ,1.841146,C ,21.0,,,0.0,-14.52501
2016-04-04 00:00:00.0,16.8868,18.7,15.6,,,,17.95973,,,,14.0,10.25,1.25,,,1.104025,6,4,,,3.110417,S ,3.888021,C ,18.1,,,0.0,-9.87701
2016-04-05 00:00:00.0,17.16483,21.5,15.1,,,,17.61932,,,,0.0,4.0,0.75,,,6.185538,27,34,,,5.99793,NE,7.497412,C ,23.2,,,0.0,-9.710999
2016-04-06 00:00:00.0,16.00278,22.8,11.8,,,,17.09098,,,,0.25,0.0,0.0,,,5.866182,25,27,,,1.854861,C ,2.318576,C ,15.9,,,0.0,-6.473995
2016-04-07 00:00:00.0,14.71875,25.2,7.2,,,,16.17291,,,,0.25,0.25,0.25,,,5.837547,22,20,,,1.492361,C ,1.865452,C ,11.9,,,0.0,-1.244999
2016-04-08 00:00:00.0,15.84861,22.9,11.0,,,,16.27569,,,,14.5,14.5,4.0,,,3.792938,15,26,,,1.118056,C ,1.39757,C ,11.2,,,0.0,-6.972003
2016-04-09 00:00:00.0,14.66389,21.8,9.2,,,,15.78194,,,,0.25,0.5,0.25,,,7.549333,37,47,,,6.1875,S ,7.734375,C ,28.2,,,0.0,-1.826001
2016-04-10 00:00:00.0,12.06458,19.3,6.5,,,,14.82917,,,,0.0,0.0,0.0,,,8.729046,54,80,,,5.854167,NE,7.317708,C ,25.9,,,1.162,8.050996
2016-04-11 00:00:00.0,11.70695,19.6,5.9,,,,14.10277,,,,0.25,0.0,0.0,,,7.018376,38,50,,,3.629164,C ,4.536454,C ,25.3,,,5.809998,7.386993
2016-04-12 00:00:00.0,13.4618,23.2,6.1,,,,13.83194,,,,0.0,0.25,0.25,,,7.465707,32,27,,,2.482639,S ,3.103299,C ,17.5,,,3.817999,-1.826
2016-04-13 00:00:00.0,16.74792,21.8,12.4,,,,14.90765,,,,1.5,1.25,0.75,,,2.504582,11,8,,,1.898611,C ,2.373263,C ,15.0,,,0.0,-9.877
2016-04-14 00:00:00.0,18.7632,27.3,12.4,,,,15.64861,,,,0.0,0.25,0.25,,,9.203008,31,34,,,1.96111,C ,2.451388,C ,13.2,,,0.0,-16.10201
2016-04-15 00:00:00.0,20.74166,23.4,16.9,,,,16.86389,,,,16.5,16.25,6.0,,,0.2701668,1,,,,1.271528,C ,1.589409,C ,18.7,,,0.0,-20.33502
2016-04-16 00:00:00.0,16.24583,21.7,13.4,,,,16.42154,,,,0.25,0.5,0.25,,,8.666401,44,55,,,4.916666,S ,6.145833,C ,27.0,,,0.0,-6.142
2016-04-17 00:00:00.0,12.10694,15.4,8.7,,,,15.15347,,,,0.0,0.0,0.0,,,8.618618,60,72,2.871711,,3.732638,C ,4.665798,C ,20.1,,,1.162,9.379004
2016-04-18 00:00:00.0,10.89722,18.3,5.6,,,,13.80694,,,,23.5,10.25,4.75,,,5.825713,34,26,,,3.379167,C ,4.223959,C ,27.3,,,6.639997,6.556995
2016-04-19 00:00:00.0,13.41805,15.3,10.7,,,,14.20208,,,,3.75,16.75,1.75,,,,0,,,,7.854167,NE,9.817709,C ,28.3,,,0.0,2.904999
2016-04-20 00:00:00.0,13.73889,24.0,6.9,,,,13.81737,,,,0.0,0.25,0.25,,,7.509585,34,29,,,2.9,E ,3.625,C ,22.9,,,,0.4150004
2016-04-21 00:00:00.0,14.94722,21.2,8.5,,,,14.16667,,,,0.0,0.0,0.0,,,7.781418,46,66,,,5.725,S ,7.15625,C ,29.7,,,0.166,-0.7469983
2016-04-22 00:00:00.0,11.88472,22.0,3.3,,,,12.76805,,,,0.0,0.0,0.0,,,7.429512,39,38,,,1.60625,C ,2.007813,C ,19.4,,,6.971997,2.157998
2016-04-23 00:00:00.0,16.22848,23.9,11.9,,,,13.68403,,,,0.25,0.25,0.25,,,5.364407,21,25,,,1.36875,C ,1.710937,C ,10.3,,,0.0,-8.548998
2016-04-24 00:00:00.0,14.76389,20.5,10.4,,,,14.03194,,,,0.0,0.0,0.0,,,6.938327,38,41,,,4.949306,S ,6.186632,C ,25.2,,,0.0,-0.4150007
2016-04-25 00:00:00.0,11.43472,15.9,8.1,,,,13.43681,,,,0.0,0.0,0.0,,,10.35599,79,80,7.314848,,8.776388,NE,10.97049,C ,28.6,,,0.0,10.95601
2016-04-26 00:00:00.0,8.904166,14.6,4.1,,,,12.44861,,,,0.25,0.0,0.0,,,6.899823,59,66,-0.5178114,,10.73541,NE,13.41927,C ,39.7,,,10.126,17.26402
2016-04-27 00:00:00.0,6.245832,13.6,2.0,,,,11.08473,,,,0.5,0.5,0.25,,,5.792307,53,71,-4.411283,,6.668057,NE,8.335072,C ,31.1,,,14.44201,17.34702
2016-04-28 00:00:00.0,7.893748,17.4,0.8,,,,10.47291,,,,0.0,0.25,0.25,,,7.811039,62,56,1.393268,,4.434028,E ,5.542535,C ,23.7,,,7.303997,10.292
2016-04-29 00:00:00.0,8.941667,15.1,3.4,,,,10.87222,,,,0.0,0.0,0.0,,,6.010026,48,45,,,5.534029,S ,6.917537,C ,30.7,,,6.639997,17.43002
2016-04-30 00:00:00.0,9.701388,14.2,5.4,,,,10.91807,,,,0.0,0.0,0.0,,,8.363075,64,63,1.159583,,2.203473,C ,2.754341,C ,12.5,,,0.332,13.61201
2016-05-01 00:00:00.0,10.14028,18.3,3.5,,,,10.91806,,,,3.25,3.0,0.75,,,6.639873,44,33,,,2.234722,C ,2.793402,C ,19.7,,,8.133996,9.96
2016-05-02 00:00:00.0,12.10903,16.3,9.1,,,,11.68056,,,,0.25,0.5,0.5,,,6.573007,46,49,,,5.040277,NE,6.300345,C ,23.5,,,0.0,7.968003
2016-05-03 00:00:00.0,9.9875,12.9,8.2,,,,11.35695,,,,0.0,0.0,0.0,,,9.502961,78,84,4.974446,,1.447222,C ,1.809028,C ,10.4,,,3.319999,15.93602
2016-05-04 00:00:00.0,8.006251,14.2,2.4,,,,10.27985,,,,0.0,0.0,0.0,,,4.413965,33,39,,,1.4375,C ,1.796876,C ,12.9,,,8.133996,13.86101
2016-05-05 00:00:00.0,10.9375,17.3,5.3,,,,10.76111,,,,0.0,0.0,0.0,,,5.495825,35,25,,,2.636806,C ,3.296007,C ,17.4,,,5.643998,12.61601
2016-05-06 00:00:00.0,7.846529,12.9,2.3,,,,10.16737,,,,0.0,0.0,0.0,,,6.287915,51,53,,,3.305556,C ,4.131946,C ,21.7,,,6.805997,19.25602
2016-05-07 00:00:00.0,10.07222,15.7,7.5,,,,10.53404,,,,0.0,0.0,0.0,,,7.726077,57,65,,,2.013889,C ,2.517361,C ,18.4,,,0.0,12.78201
2016-05-08 00:00:00.0,11.21736,17.1,3.9,,,,10.62986,,,,0.0,0.0,0.0,,,6.66054,42,28,,,0.9347222,C ,1.168403,C ,12.7,,,4.481998,8.548999
2016-05-09 00:00:00.0,13.05,23.5,6.9,,,,11.14305,,,,0.0,0.0,0.0,,,4.470563,18,26,,,1.453472,C ,1.81684,C ,12.6,,,,3.237002
2016-05-10 00:00:00.0,11.85417,16.1,6.3,,,,11.4118,,,,0.0,0.0,0.0,,,4.85687,32,37,,,3.836806,S ,4.796008,C ,22.6,,,5.311998,11.70301
2016-05-11 00:00:00.0,9.820141,14.8,4.6,,,,10.87986,,,,0.0,0.0,0.0,,,6.129378,43,52,,,2.539584,C ,3.17448,C ,16.6,,,1.992,13.94401
2016-05-12 00:00:00.0,9.426388,11.8,5.4,,,,10.75487,,,,0.0,0.0,0.0,,,9.41917,78,81,,,2.497222,C ,3.121528,C ,14.4,,,,
2016-05-13 00:00:00.0,9.879163,15.7,6.6,,,,10.63403,,,,0.0,0.0,0.0,,,8.149151,65,69,,,0.8222222,C ,1.027778,C ,10.1,,,4.813998,17.09802
2016-05-14 00:00:00.0,8.614586,18.2,1.3,,,,9.829865,,,,0.25,0.25,0.25,,,4.704776,27,28,,,1.156944,C ,1.44618,C ,12.3,,,8.299996,8.881003
2016-05-15 00:00:00.0,11.68542,14.1,10.5,,,,10.8618,,,,4.75,4.75,2.25,,,1.206376,8,19,,,8.288197,NE,10.36025,C ,26.4,,,0.0,9.87701
2016-05-16 00:00:00.0,8.971531,14.2,4.6,,,,10.39861,,,,0.25,0.0,0.0,,,6.383596,54,53,,,8.912502,E ,11.14063,C ,33.6,,,10.126,18.26002
2016-05-17 00:00:00.0,6.608332,15.3,1.5,,,,9.46389,,,,0.0,0.25,0.25,,,4.702421,36,33,,,5.81111,E ,7.263887,C ,25.5,,,15.27201,15.27201
2016-05-18 00:00:00.0,6.839582,15.2,1.1,,,,8.886807,,,,0.25,0.25,0.25,,,5.052979,39,40,,,3.293055,C ,4.116319,C ,17.8,,,8.631997,16.01902
2016-05-19 00:00:00.0,7.610418,13.1,2.7,,,,9.020131,,,,0.25,0.0,0.0,,,5.0613,43,54,,,0.4187499,C ,0.5234374,C ,6.5,,,8.963998,20.83302
2016-05-20 00:00:00.0,9.940281,17.3,7.4,,,,9.551392,,,,0.0,0.25,0.25,,,4.963677,36,28,,,1.532639,C ,1.915799,C ,14.0,,,0.0,13.44601
2016-05-21 00:00:00.0,9.704862,13.6,6.6,,,,9.919715,,,,,0.25,0.25,,,1.080611,8,12,,,1.297888,C ,1.62236,C ,12.2,,,3.319999,16.18502
2016-05-22 00:00:00.0,,,,,,,,,,,0.25,,,,,,,48,,,,  ,,  ,,,,,
2016-05-23 00:00:00.0,8.277083,18.7,1.2,,,,8.746526,,,,0.0,0.25,0.25,,,4.909973,32,31,,,0.8868057,C ,1.108507,C ,11.4,,,12.61601,11.454
2016-05-24 00:00:00.0,8.813196,17.5,2.5,,,,8.675693,,,,0.0,0.0,0.0,,,5.071302,32,31,,,1.870139,C ,2.337674,C ,18.0,,,8.299996,13.94401
2016-05-25 00:00:00.0,10.61111,19.7,4.0,,,,9.090277,,,,0.25,0.0,0.0,,,5.104241,29,39,,,1.251389,C ,1.564236,C ,15.4,,,5.477998,10.541
2016-05-26 00:00:00.0,9.238194,14.2,4.2,,,,9.179159,,,,0.0,0.25,0.25,,,3.058561,22,21,,,6.540278,NE,8.175347,C ,24.6,,,6.141997,13.03101
2016-05-27 00:00:00.0,11.06783,16.8,5.8,,,,9.836363,,,,0.25,0.0,0.0,,,5.695988,37,34,,,5.436361,NE,6.795452,C ,27.6,,,5.809998,11.454
2016-05-28 00:00:00.0,9.302084,17.5,4.6,,,,9.451386,,,,0.0,0.25,0.25,,,4.037748,22,26,,,3.215277,C ,4.019096,C ,22.5,,,7.801996,11.952
2016-05-29 00:00:00.0,11.23264,13.6,8.2,,,,10.06224,,,,,26.25,3.25,,,,0,,,,8.399302,E ,10.49913,C ,41.8,,,0.0,6.225004
2016-05-30 00:00:00.0,,,,,,,,,,,,,,,,,,,,,,  ,,  ,,,,,
2016-05-31 00:00:00.0,,,,,,,,,,,,,,,,,,,,,,  ,,  ,,,,,
2016-07-29 00:00:00.0,,,,,,,,,,,,,,,,,,,,,,  ,,  ,,,,,
2016-07-30 00:00:00.0,9.769443,15.1,5.8,,,,7.106252,,,,,0.0,0.0,,,,0,,,,1.85625,C ,2.320313,C ,13.6,,,6.639997,12.45001
2016-07-31 00:00:00.0,,,,,,,,,,,,,,,,,,,,,,  ,,  ,,,,,
2016-08-01 00:00:00.0,,,,,,,,,,,,,,,,,,,,,,  ,,  ,,,,,
2016-08-02 00:00:00.0,,,,,,,,,,,,,,,,,,,,,,  ,,  ,,,,,
2016-08-03 00:00:00.0,6.855554,17.0,0.5,,,,6.753473,,,,0.0,0.25,0.25,,,1.113131,6,17,,,2.216666,C ,2.770832,C ,17.5,,,14.44201,13.11401
2016-08-04 00:00:00.0,9.814585,17.1,5.3,,,,7.454169,,,,0.0,0.0,0.0,,,1.448839,8,18,,,1.085417,C ,1.356771,C ,14.5,,,6.473997,14.52501
2016-08-05 00:00:00.0,9.440276,19.3,3.2,,,,7.449303,,,,0.25,0.0,0.0,,,3.592698,19,30,,,3.627082,C ,4.533853,C ,19.0,,,11.454,10.541
2016-08-06 00:00:00.0,9.10972,19.0,1.8,,,,7.109025,,,,0.0,0.25,0.25,,,4.589806,29,21,,,4.984719,E ,6.230899,C ,33.1,,,12.61601,11.039
2016-08-07 00:00:00.0,9.068053,18.6,0.8,,,,7.084023,,,,0.0,0.0,0.0,,,4.606945,29,25,,,2.652778,C ,3.315973,C ,16.8,,,8.299996,8.549002
2016-08-08 00:00:00.0,10.16945,15.2,7.1,,,,7.731248,,,,9.75,9.5,2.25,,,0.5118459,3,,,,2.747222,C ,3.434027,C ,21.7,,,3.651999,14.60802
2016-08-09 00:00:00.0,8.713196,19.5,1.5,,,,7.287503,,,,0.25,0.25,0.25,,,2.877352,15,22,,,2.05625,C ,2.570312,C ,13.5,,,9.794,11.03901
2016-08-10 00:00:00.0,10.33264,20.5,3.4,,,,7.290974,,,,0.0,0.25,0.25,,,3.572644,17,20,,,2.861111,C ,3.576389,C ,19.5,,,8.963998,8.881001
2016-08-11 00:00:00.0,10.69792,19.7,4.8,,,,7.6243,,,,0.25,0.25,0.25,,,2.629233,13,20,,,3.099305,E ,3.874131,C ,20.3,,,7.801996,8.217
2016-08-12 00:00:00.0,12.18958,21.5,5.9,,,,8.241672,,,,0.0,0.0,0.0,,,3.822145,17,23,,,2.219445,C ,2.774306,C ,11.4,,,2.987999,3.236999
2016-08-13 00:00:00.0,14.54861,22.0,8.9,,,,9.174997,,,,0.0,0.0,0.0,,,3.740738,17,19,,,5.670832,E ,7.08854,C ,33.3,,,0.166,1.742999
2016-08-14 00:00:00.0,11.11736,18.8,5.6,,,,8.824995,,,,0.0,0.0,0.0,,,5.067159,29,32,,,3.218751,E ,4.023438,C ,15.9,,,5.975997,8.299998
2016-08-15 00:00:00.0,11.87847,17.5,6.4,,,,9.02153,,,,0.0,0.0,0.0,,,4.453551,25,27,,,6.529862,E ,8.162328,C ,28.9,,,4.647998,9.046996
2016-08-16 00:00:00.0,9.37222,16.3,3.7,,,,8.583339,,,,0.0,0.0,0.0,,,2.007205,12,20,,,2.925694,E ,3.657118,C ,18.3,,,7.137997,12.86501
2016-08-17 00:00:00.0,10.42639,18.1,4.4,,,,8.484722,,,,0.0,0.0,0.0,,,6.972729,54,56,0.7719412,,8.007641,E ,10.00955,C ,30.2,,,9.461999,13.03101
2016-08-18 00:00:00.0,9.491609,18.7,2.5,,,,8.128674,,,,0.0,0.0,0.0,,,6.16938,47,56,,,6.053848,E ,7.56731,C ,30.7,,,9.627999,11.039
2016-08-19 00:00:00.0,9.338888,19.4,1.5,,,,7.950693,,,,0.0,0.0,0.0,,,5.296814,42,35,,,4.922916,E ,6.153645,C ,18.8,,,13.44601,11.288
2016-08-20 00:00:00.0,5.105556,10.7,-0.6,,,,7.168748,,,,0.0,0.0,0.0,,,2.718001,23,23,,,8.678468,E ,10.84808,C ,36.1,,,15.77001,
2016-08-21 00:00:00.0,4.31875,13.6,-2.6,,,,5.949305,,,,0.25,0.25,0.25,,,3.726286,28,21,,,4.180555,E ,5.225694,C ,33.9,,,14.60801,9.877
2016-08-22 00:00:00.0,10.8243,23.1,2.9,,,,6.904171,,,,0.0,0.0,0.0,,,5.201894,26,14,,,4.397917,E ,5.497396,C ,19.5,,,7.967996,5.063
2016-08-23 00:00:00.0,13.17014,24.0,6.0,,,,7.98472,,,,0.0,0.0,0.0,,,4.884568,22,19,,,4.345832,E ,5.432291,C ,25.1,,,4.315999,3.817998
2016-08-24 00:00:00.0,13.5743,25.0,6.0,,,,8.538885,,,,0.0,0.0,0.0,,,5.237462,22,16,,,2.511806,C ,3.139757,C ,14.9,,,3.817999,4.066998
2016-08-25 00:00:00.0,14.29028,26.6,6.0,,,,8.743747,,,,0.0,0.0,0.0,,,5.020518,18,15,,,1.638889,C ,2.048611,C ,11.7,,,2.656,0.2489998
2016-08-26 00:00:00.0,15.61389,27.7,6.5,,,,9.431945,,,,0.0,0.0,0.0,,,4.407034,15,21,,,3.433333,C ,4.291667,C ,24.7,,,0.996,-1.494
2016-08-27 00:00:00.0,11.63264,15.0,8.4,,,,9.534027,,,,0.0,0.0,0.0,,,3.28633,21,23,,,7.57639,NE,9.470488,C ,25.9,,,1.494,10.54101
2016-08-28 00:00:00.0,9.168054,14.6,4.5,,,,8.797918,,,,0.0,0.0,0.0,,,1.129821,7,16,,,10.25764,E ,12.82205,C ,29.1,,,6.307997,15.77001
2016-08-29 00:00:00.0,10.80764,17.0,4.5,,,,8.873614,,,,0.25,0.0,0.0,,,2.496803,14,17,,,3.338889,S ,4.173612,C ,15.6,,,2.656,12.53301
2016-08-30 00:00:00.0,9.774303,19.8,1.1,,,,8.422227,,,,0.0,0.25,0.25,,,3.542064,17,22,,,2.155556,C ,2.694445,C ,13.0,,,8.133996,6.971999
2016-08-31 00:00:00.0,11.70555,19.0,5.0,,,,8.95625,,,,0.25,0.25,0.25,,,4.115671,22,18,,,8.879863,NE,11.09983,C ,33.3,,,1.66,7.138
2016-09-01 00:00:00.0,8.703472,15.0,1.3,,,,8.496529,,,,0.0,0.0,0.0,,,3.583124,27,30,,,4.766667,E ,5.958333,C ,24.4,,,11.454,14.11001
2016-09-02 00:00:00.0,6.048611,15.8,-3.0,,,,6.916668,,,,0.0,0.0,0.0,,,3.069499,21,14,,,2.398612,C ,2.998265,C ,20.5,,,14.44201,6.390999
2016-09-03 00:00:00.0,4.436805,13.4,-1.3,,,,6.045831,,,,0.25,0.0,0.0,,,2.964497,24,19,,,5.741666,C ,7.177083,C ,27.1,,,14.94001,9.545005
2016-09-04 00:00:00.0,7.171529,15.3,0.0,,,,6.558331,,,,2.25,2.5,0.5,,,1.378528,9,13,,,7.186111,E ,8.982639,C ,32.6,,,7.469996,17.43002
2016-09-05 00:00:00.0,8.558333,12.9,7.1,,,,7.336807,,,,7.0,3.75,0.5,,,0.5780515,4,,,,15.83403,E ,19.79253,C ,47.6,,,0.0,20.50102
2016-09-06 00:00:00.0,8.804167,9.8,7.2,,,,7.622916,,,,2.0,5.0,0.5,,,,0,,,,27.08403,SE,33.85503,C ,68.6,,,0.0,
2016-09-07 00:00:00.0,10.85834,14.3,8.5,,,,8.303475,,,,0.0,0.25,0.25,,,,0,,,,10.84583,E ,13.55729,C ,26.8,,,0.0,8.549007
2016-09-08 00:00:00.0,13.075,22.3,6.9,,,,8.876392,,,,0.0,0.0,0.0,,,3.615396,15,22,,,3.422916,E ,4.278646,C ,25.7,,,0.498,0.6640004
2016-09-09 00:00:00.0,14.86528,22.6,8.6,,,,9.593745,,,,0.0,0.0,0.0,,,5.245592,22,27,,,4.055556,E ,5.069445,C ,25.0,,,0.0,-1.328001
2016-09-10 00:00:00.0,13.91111,24.9,5.6,,,,9.836102,,,,0.25,0.0,0.0,,,4.409856,16,21,,,3.304166,S ,4.130207,C ,15.2,,,5.311998,-0.1660001
2016-09-11 00:00:00.0,13.59931,19.2,8.3,,,,10.42292,,,,0.0,0.25,0.25,,,0.1598805,1,,,,5.274306,E ,6.592882,C ,23.8,,,0.0,-0.5809999
2016-09-12 00:00:00.0,13.41111,15.4,12.1,,,,10.94513,,,,2.5,2.5,0.25,,,,0,,,,8.361808,NE,10.45226,C ,37.7,,,0.0,1.991999
2016-09-13 00:00:00.0,11.68125,13.6,10.3,,,,10.47291,,,,0.25,0.25,0.25,,,0.1312286,1,,,,29.75486,E ,37.19358,C ,66.9,,,0.0,10.70701
2016-09-14 00:00:00.0,10.08264,12.5,8.7,,,,9.456256,,,,0.0,0.0,0.0,,,2.713078,22,29,,,22.53265,E ,28.16581,C ,49.7,,,0.0,
2016-09-15 00:00:00.0,10.88611,18.9,5.3,,,,9.136105,,,,0.0,0.0,0.0,,,5.051434,30,45,,,3.850694,E ,4.813367,C ,15.8,,,3.485999,8.632
2016-09-16 00:00:00.0,13.64097,22.3,7.4,,,,9.754167,,,,0.0,0.0,0.0,,,4.32999,18,23,,,3.201389,E ,4.001736,C ,17.6,,,0.0,-0.08299933
2016-09-17 00:00:00.0,16.58194,22.9,11.2,,,,10.92985,,,,0.25,0.25,0.25,,,4.993859,20,21,,,4.054861,C ,5.068576,C ,27.0,,,0.0,-7.469998
2016-09-18 00:00:00.0,11.67292,16.2,6.9,,,,10.92639,,,,0.0,0.0,0.0,,,2.621196,17,,,,7.989579,NE,9.986974,C ,30.0,,,3.153999,11.45401
2016-09-19 00:00:00.0,11.69861,18.5,5.9,,,,10.38681,,,,0.0,0.0,0.0,,,1.212703,6,6,,,6.995138,S ,8.743923,C ,19.0,,,1.66,4.980002
2016-09-20 00:00:00.0,13.01805,20.1,9.6,,,,10.99931,,,,0.0,0.0,0.0,,,1.952491,9,16,,,2.503472,E ,3.12934,C ,19.3,,,0.0,2.157999
2016-09-21 00:00:00.0,16.39722,24.9,11.1,,,,11.7257,,,,0.0,0.0,0.0,,,4.896054,18,21,,,3.211112,E ,4.013889,C ,20.5,,,0.0,-7.055
2016-09-22 00:00:00.0,17.55973,27.7,11.6,,,,12.43611,,,,0.25,0.25,0.25,,,7.557683,34,46,,,9.065972,C ,11.33247,C ,45.6,,,0.0,-6.224996
2016-09-23 00:00:00.0,10.25416,15.5,5.1,,,,10.85,,,,0.0,0.0,0.0,,,5.313726,38,26,,,13.50625,E ,16.88282,C ,44.5,,,7.635996,14.35901
2016-09-24 00:00:00.0,9.240972,19.4,1.1,,,,9.674308,,,,0.0,0.0,0.0,,,4.11752,23,20,,,7.245138,NE,9.056422,C ,29.4,,,11.454,7.303997
2016-09-25 00:00:00.0,9.486111,22.2,0.3,,,,9.143055,,,,0.0,0.0,0.0,,,4.410416,22,34,,,1.591667,C ,1.989583,C ,11.5,,,8.797997,5.062998
2016-09-26 00:00:00.0,13.52569,24.3,4.5,,,,9.390278,,,,0.0,0.0,0.0,,,5.518857,23,28,,,2.372916,C ,2.966145,C ,23.8,,,5.477998,1.079
2016-09-27 00:00:00.0,15.78264,27.6,7.3,,,,10.21111,,,,0.0,0.0,0.0,,,6.725335,23,29,,,2.934028,C ,3.667535,C ,17.1,,,0.0,-4.066999
2016-09-28 00:00:00.0,12.05764,16.0,5.5,,,,10.59027,,,,0.5,0.0,0.0,,,1.850026,12,20,,,12.18681,NE,15.23351,C ,35.1,,,4.979998,9.794
2016-09-29 00:00:00.0,7.689582,16.7,-0.3,,,,8.897225,,,,0.0,0.5,0.5,,,4.156505,26,22,,,4.290278,E ,5.362847,C ,29.9,,,7.967996,7.220996
2016-09-30 00:00:00.0,10.49584,18.9,3.0,,,,9.181252,,,,0.0,0.0,0.0,,,4.277823,24,27,,,3.015972,E ,3.769965,C ,22.4,,,6.639997,7.884999
2016-10-01 00:00:00.0,14.07083,22.6,8.1,,,,10.11597,,,,0.0,0.0,0.0,,,5.113112,22,22,,,2.836806,E ,3.546008,C ,20.0,,,0.0,-1.162
2016-10-02 00:00:00.0,13.80139,19.2,10.6,,,,10.69861,,,,0.5,0.5,0.5,,,1.996083,10,15,,,2.998611,E ,3.748264,C ,15.6,,,0.0,0.3319993
2016-10-03 00:00:00.0,14.44792,21.0,10.7,,,,11.0993,,,,0.0,0.0,0.0,,,1.665267,8,4,,,4.563196,E ,5.703995,C ,23.9,,,0.0,-1.079001
2016-10-04 00:00:00.0,14.39514,20.5,10.3,,,,11.325,,,,0.0,0.0,0.0,,,4.205423,20,22,,,4.701389,E ,5.876737,C ,24.5,,,0.0,-2.49
2016-10-05 00:00:00.0,13.9125,20.5,10.6,,,,11.43889,,,,7.25,6.5,1.0,,,1.912906,9,,,,6.0875,E ,7.609375,C ,29.6,,,0.0,0.7469986
2016-10-06 00:00:00.0,12.10903,19.3,8.2,,,,11.02153,,,,0.25,0.75,0.25,,,2.478896,13,21,,,5.197223,E ,6.496529,C ,17.7,,,0.0,6.972003
2016-10-07 00:00:00.0,12.25625,18.3,9.2,,,,11.06528,,,,0.5,0.5,0.25,,,2.271111,12,22,,,5.849999,E ,7.312499,C ,37.5,,,0.0,7.137996
2016-10-08 00:00:00.0,10.51042,16.4,6.0,,,,10.25278,,,,0.5,0.75,0.25,,,4.285743,27,28,,,8.878473,E ,11.09809,C ,25.9,,,4.979998,13.52901
2016-10-09 00:00:00.0,12.68055,23.8,4.8,,,,10.02986,,,,0.0,0.0,0.0,,,7.043181,31,41,,,5.37014,E ,6.712675,C ,29.2,,,7.967996,2.904999
2016-10-10 00:00:00.0,13.27708,23.7,5.1,,,,10.48472,,,,0.25,0.0,0.0,,,5.773097,25,23,,,2.528472,C ,3.16059,C ,21.4,,,5.477998,-2.075
2016-10-11 00:00:00.0,18.63959,27.8,10.8,,,,11.80695,,,,0.0,0.25,0.25,,,7.870662,26,34,,,1.867361,C ,2.334201,C ,15.5,,,0.0,-11.78601
2016-10-12 00:00:00.0,18.94097,29.2,12.2,,,,12.66458,,,,0.5,0.0,0.0,,,6.097785,18,20,,,1.829166,C ,2.286458,C ,18.0,,,0.0,-13.94401
2016-10-13 00:00:00.0,17.17639,22.6,10.4,,,,13.08958,,,,0.5,1.0,0.25,,,4.667181,21,25,,,5.816665,S ,7.270832,C ,44.0,,,0.0,-7.303995
2016-10-14 00:00:00.0,14.41736,25.1,4.6,,,,11.86805,,,,0.5,0.25,0.25,,,6.509703,27,28,,,2.103473,C ,2.629341,C ,17.3,,,4.149999,-3.651999
2016-10-15 00:00:00.0,15.17639,17.6,13.8,,,,12.65071,,,,0.25,0.25,0.25,,,,0,,,,5.499305,E ,6.874132,C ,29.2,,,0.0,-2.655999
2016-10-16 00:00:00.0,16.50764,24.1,12.7,,,,13.00555,,,,0.25,0.5,0.25,,,0.2632815,1,,,,4.465972,E ,5.582466,C ,29.7,,,0.0,-10.707
2016-10-17 00:00:00.0,14.57083,17.8,11.9,,,,12.7132,,,,0.25,0.25,0.25,,,1.417278,8,15,,,13.62639,NE,17.03298,C ,37.7,,,0.0,0.1660001
2016-10-18 00:00:00.0,13.08333,17.8,10.6,,,,12.03125,,,,0.25,0.25,0.25,,,2.582551,14,17,,,7.193748,E ,8.992186,C ,34.4,,,0.0,3.983998
2016-10-19 00:00:00.0,11.85139,13.6,9.9,,,,11.41112,,,,0.25,0.25,0.25,,,0.444647,3,,,,10.325,E ,12.90625,C ,34.9,,,0.0,7.719006
2016-10-20 00:00:00.0,12.19375,16.9,10.3,,,,11.29513,,,,0.25,0.25,0.25,,,0.4889707,3,15,,,5.24375,E ,6.554688,C ,21.3,,,0.0,8.466002
2016-10-21 00:00:00.0,12.83958,22.0,4.3,,,,11.01667,,,,0.25,0.25,0.25,,,4.828206,22,21,,,1.809722,C ,2.262153,C ,20.1,,,4.481998,1.410997
2016-10-22 00:00:00.0,15.39722,24.5,7.6,,,,11.42431,,,,0.25,0.25,0.25,,,7.04408,28,43,,,1.906944,C ,2.38368,C ,12.9,,,0.0,-3.485997
2016-10-23 00:00:00.0,16.22918,25.2,7.4,,,,12.05209,,,,0.25,0.25,0.25,,,5.385738,19,21,,,2.127778,C ,2.659722,C ,18.3,,,0.0,-6.390997
2016-10-24 00:00:00.0,15.89653,22.3,9.8,,,,12.78334,,,,0.25,0.0,0.0,,,4.102906,17,21,,,5.608333,E ,7.010416,C ,29.7,,,0.0,-8.465998
2016-10-25 00:00:00.0,16.64792,20.9,13.9,,,,13.18055,,,,0.0,0.25,0.25,,,3.955075,18,18,,,6.192362,E ,7.740453,C ,26.2,,,0.0,-9.295999
2016-10-26 00:00:00.0,15.09722,18.4,10.9,,,,13.15,,,,0.25,0.25,0.25,,,0.0750202,1,,,,12.05069,E ,15.06337,C ,50.1,,,0.0,-0.3320002
2016-10-27 00:00:00.0,11.81597,15.9,8.7,,,,11.35834,,,,0.0,0.0,0.0,,,6.268251,44,65,,,24.76041,E ,30.95051,C ,62.7,,,1.328,10.54101
2016-10-28 00:00:00.0,11.22708,21.1,0.5,,,,10.52083,,,,0.25,0.0,0.0,,,5.871262,28,39,,,2.07639,C ,2.595487,C ,12.6,,,6.307997,0.8299995
2016-10-29 00:00:00.0,16.15833,27.0,6.7,,,,11.57362,,,,0.0,0.25,0.25,,,7.340119,24,23,,,2.763889,C ,3.454861,C ,25.0,,,1.66,-4.730998
2016-10-30 00:00:00.0,18.5125,29.3,8.4,,,,12.50833,,,,0.0,0.0,0.0,,,7.580537,22,24,,,2.261111,C ,2.826389,C ,20.7,,,0.0,-10.043
2016-10-31 00:00:00.0,18.10069,28.4,12.8,,,,13.4118,,,,0.25,0.0,0.0,,,1.525664,4,,,,1.452083,C ,1.815104,C ,11.6,,,0.0,-13.36301
2016-11-01 00:00:00.0,15.78056,21.5,10.1,,,,13.05139,,,,0.25,0.25,0.25,,,0.3531582,2,3,,,5.082639,C ,6.353299,C ,27.3,,,0.0,-4.315994
2016-11-02 00:00:00.0,11.80417,17.3,9.0,,,,11.74028,,,,0.0,0.25,0.25,,,3.280216,19,23,,,15.43264,E ,19.29081,C ,50.6,,,0.0,7.303999
2016-11-03 00:00:00.0,16.73125,27.7,6.9,,,,11.71666,,,,0.0,0.0,0.0,,,9.54695,33,43,,,5.720833,E ,7.151041,C ,34.5,,,0.166,-9.877
2016-11-04 00:00:00.0,19.93333,26.6,14.7,,,,13.37013,,,,0.0,0.0,0.0,,,8.395972,31,37,,,4.920835,E ,6.151043,C ,23.5,,,0.0,-13.11401
2016-11-05 00:00:00.0,21.11458,33.2,10.8,,,,14.02014,,,,0.0,0.0,0.0,,,8.911445,20,19,,,2.386806,C ,2.983507,C ,19.4,,,0.0,-14.85701
2016-11-06 00:00:00.0,24.49027,33.5,15.3,,,,15.3743,,,,0.0,0.0,0.0,,,11.35089,29,28,,,5.457639,C ,6.822049,C ,34.3,,,0.0,-16.01901
2016-11-07 00:00:00.0,14.63472,18.0,9.9,,,,13.98125,,,,0.0,0.0,0.0,,,1.021576,5,,,,10.1625,E ,12.70312,C ,32.5,,,0.0,1.328
2016-11-08 00:00:00.0,15.92569,24.6,8.0,,,,13.76667,,,,0.0,0.0,0.0,,,6.199733,23,24,,,4.410416,E ,5.51302,C ,23.6,,,0.0,-10.126
2016-11-09 00:00:00.0,18.88265,25.3,15.6,,,,14.80417,,,,1.25,1.0,0.25,,,2.448962,10,12,,,5.290276,E ,6.612844,C ,37.9,,,0.0,-15.10601
2016-11-10 00:00:00.0,17.35625,25.9,9.6,,,,14.30695,,,,0.0,0.25,0.25,,,9.598293,38,65,,,10.00278,E ,12.50348,C ,40.3,,,0.0,-6.473998
2016-11-11 00:00:00.0,13.29861,22.8,4.1,,,,12.98264,,,,0.0,0.0,0.0,,,5.963373,28,42,,,2.99653,C ,3.745662,C ,23.3,,,6.971997,1.244999
2016-11-12 00:00:00.0,15.24653,26.2,3.3,,,,12.70209,,,,0.25,0.25,0.25,,,7.950418,29,40,,,2.109722,C ,2.637153,C ,14.3,,,5.477998,-5.81
2016-11-13 00:00:00.0,18.07777,24.4,12.8,,,,13.87361,,,,0.0,0.0,0.0,,,3.623548,13,9,,,3.939584,C ,4.92448,C ,32.1,,,0.0,-13.69501
2016-11-14 00:00:00.0,21.00209,31.2,11.2,,,,14.57361,,,,0.25,0.25,0.25,,,9.86009,30,48,,,3.889584,E ,4.861979,C ,30.5,,,0.0,-15.68701
2016-11-15 00:00:00.0,19.39236,27.8,11.8,,,,14.90277,,,,0.0,0.0,0.0,,,7.240563,28,30,,,5.11111,E ,6.388888,C ,29.1,,,0.0,-9.378999
2016-11-16 00:00:00.0,15.73541,25.2,5.9,,,,13.54167,,,,0.25,0.0,0.0,,,7.456087,33,55,,,5.152082,C ,6.440103,C ,29.7,,,1.826,-3.900998
2016-11-17 00:00:00.0,11.9625,18.6,5.7,,,,12.44999,,,,0.0,0.25,0.25,,,5.237756,30,40,,,8.434722,NE,10.5434,C ,34.4,,,6.307997,9.627996
2016-11-18 00:00:00.0,11.94236,23.0,0.1,,,,11.275,,,,0.0,0.0,0.0,,,6.480425,29,41,,,2.131944,C ,2.66493,C ,14.6,,,5.975997,-4.232995
2016-11-19 00:00:00.0,17.8007,27.9,7.9,,,,12.40556,,,,0.0,0.0,0.0,,,7.817531,26,39,,,2.495139,C ,3.118924,C ,19.8,,,0.0,-8.880999
2016-11-20 00:00:00.0,17.95902,27.2,10.7,,,,13.38472,,,,0.0,0.0,0.0,,,8.431458,32,43,,,7.522222,E ,9.402778,C ,32.3,,,0.498,-6.473998
2016-11-21 00:00:00.0,11.87153,17.2,5.8,,,,12.19237,,,,0.0,0.0,0.0,,,5.607976,34,40,,,6.302083,E ,7.877604,C ,26.2,,,3.983999,9.379002
2016-11-22 00:00:00.0,14.52222,27.3,1.4,,,,11.72362,,,,0.0,0.0,0.0,,,8.21398,33,50,,,3.006944,C ,3.75868,C ,19.5,,,5.809998,-5.809999
2016-11-23 00:00:00.0,20.65417,33.1,8.1,,,,13.36111,,,,0.0,0.0,0.0,,,10.14349,31,32,,,3.134028,E ,3.917535,C ,21.2,,,0.0,-12.035
2016-11-24 00:00:00.0,21.71945,32.6,13.3,,,,14.67639,,,,0.0,0.0,0.0,,,10.30439,27,32,,,1.876389,C ,2.345486,C ,14.6,,,0.0,-15.35501
2016-11-25 00:00:00.0,23.1264,33.4,14.2,,,,15.43333,,,,0.0,0.0,0.0,,,12.06389,30,43,,,2.28889,W ,2.861112,C ,18.9,,,0.0,-16.93201
2016-11-26 00:00:00.0,20.37986,28.0,16.2,,,,15.79722,,,,0.0,0.0,0.0,,,2.922928,8,,,,1.929167,C ,2.411458,C ,29.1,,,0.0,-19.42202
2016-11-27 00:00:00.0,21.36875,30.1,13.7,,,,16.0368,,,,0.0,0.0,0.0,,,9.043748,27,34,,,6.905556,S ,8.631945,C ,32.6,,,0.0,-13.77801
2016-11-28 00:00:00.0,18.64166,28.4,10.2,,,,15.5875,,,,0.0,0.0,0.0,,,7.764388,25,25,,,3.384723,C ,4.230904,C ,27.8,,,0.0,-11.122
2016-11-29 00:00:00.0,18.82014,29.2,7.3,,,,15.1743,,,,0.0,0.0,0.0,,,6.821249,24,49,,,2.831944,C ,3.53993,C ,17.1,,,0.0,-9.046999
2016-11-30 00:00:00.0,21.15347,32.7,9.1,,,,15.25069,,,,0.0,0.0,0.0,,,10.96431,32,50,,,2.419444,C ,3.024305,C ,20.9,,,0.0,-12.78201
2016-12-01 00:00:00.0,23.22778,32.9,14.0,,,,16.01042,,,,0.0,0.0,0.0,,,11.72796,30,50,,,2.393056,W ,2.99132,C ,23.0,,,0.0,-17.51302
2016-12-02 00:00:00.0,25.70693,37.4,16.3,,,,17.10139,,,,0.0,0.0,0.0,,,13.42271,28,40,,,4.511806,W ,5.639758,C ,21.2,,,0.0,-20.08602
2016-12-03 00:00:00.0,20.27014,26.4,16.8,,,,17.27292,,,,0.0,0.0,0.0,,,4.667881,15,19,,,6.78264,E ,8.4783,C ,25.3,,,0.0,-19.09002
2016-12-04 00:00:00.0,24.02778,32.1,17.9,,,,17.80486,,,,0.0,0.0,0.0,,,11.13372,27,36,,,2.390972,W ,2.988715,C ,17.2,,,0.0,-23.73803
2016-12-05 00:00:00.0,22.00486,30.9,16.1,,,,17.975,,,,0.25,0.25,0.25,,,4.961197,13,20,,,2.972918,W ,3.716147,C ,20.1,,,0.0,-19.58802
2016-12-06 00:00:00.0,18.74514,27.7,10.6,,,,16.5361,,,,0.0,0.0,0.25,,,8.252525,31,56,,,7.618746,S ,9.523433,C ,33.8,,,0.0,-9.296
2016-12-07 00:00:00.0,18.46528,30.6,9.5,,,,15.94653,,,,0.0,0.0,0.0,,,8.201518,28,33,,,3.700696,C ,4.625869,C ,19.3,,,0.0,-10.292
2016-12-08 00:00:00.0,16.32222,24.4,7.9,,,,15.42153,,,,0.0,0.0,0.0,,,7.273515,32,61,,,7.3625,NE,9.203125,C ,31.1,,,0.0,-4.564996
2016-12-09 00:00:00.0,18.82292,29.9,6.8,,,,15.08889,,,,0.0,0.0,0.0,,,10.98508,39,54,,,3.770832,C ,4.71354,C ,24.9,,,0.664,-11.786
2016-12-10 00:00:00.0,23.45278,33.2,16.1,,,,16.37153,,,,0.0,0.0,0.0,,,15.45597,56,52,13.3192,,7.920139,E ,9.900173,C ,39.5,,,0.0,-20.33502
2016-12-11 00:00:00.0,20.9875,30.0,11.0,,,,16.59722,,,,0.0,0.0,0.0,,,9.571423,36,50,,,5.461111,NE,6.826389,C ,25.8,,,0.0,-14.44201
2016-12-12 00:00:00.0,23.15833,33.7,13.0,,,,16.85278,,,,0.0,0.0,0.0,,,10.44681,35,51,,,6.4875,E ,8.109375,C ,34.5,,,0.0,-14.94001
2016-12-13 00:00:00.0,15.66806,22.2,9.1,,,,15.83054,,,,0.0,0.0,0.0,,,9.372014,52,69,,,11.18056,E ,13.9757,C ,42.3,,,0.0,-5.394997
2016-12-14 00:00:00.0,15.14097,24.7,6.3,,,,14.94375,,,,0.0,0.0,0.0,,,8.264676,43,55,,,6.930556,E ,8.663196,C ,40.1,,,0.996,-2.905
2016-12-15 00:00:00.0,20.84861,32.9,9.2,,,,15.57778,,,,0.0,0.0,0.0,,,8.755484,26,39,,,3.653472,W ,4.56684,C ,25.7,,,0.0,-14.19301
2016-12-16 00:00:00.0,24.07709,35.3,13.0,,,,16.72014,,,,0.0,0.0,0.0,,,11.65334,34,50,,,3.026389,W ,3.782986,C ,27.8,,,0.0,-18.34302
2016-12-17 00:00:00.0,26.48125,37.8,17.0,,,,17.84444,,,,0.0,0.0,0.0,,,13.91929,30,51,,,2.465278,W ,3.081597,C ,18.5,,,0.0,-21.33102
2016-12-18 00:00:00.0,20.52431,26.3,17.8,,,,17.9264,,,,3.75,3.5,0.75,,,0.8497477,3,3,,,5.075693,E ,6.344616,C ,24.2,,,0.0,-20.99902
2016-12-19 00:00:00.0,20.75556,29.7,15.3,,,,17.15347,,,,0.0,0.25,0.25,,,7.771336,28,35,,,6.565973,E ,8.207466,C ,27.0,,,0.0,-13.11401
2016-12-20 00:00:00.0,22.75764,35.8,8.6,,,,16.51666,,,,0.0,0.0,0.0,,,12.08988,31,48,,,2.129861,C ,2.662326,C ,18.3,,,0.0,-15.60401
2016-12-21 00:00:00.0,25.41875,36.6,13.6,,,,17.64028,,,,0.0,0.0,0.0,,,12.41703,31,44,,,5.885417,W ,7.356771,C ,28.2,,,0.0,-18.26002
2016-12-22 00:00:00.0,21.20833,31.2,16.1,,,,17.61874,,,,0.0,0.0,0.0,,,8.258558,24,20,,,2.861112,E ,3.57639,C ,24.1,,,0.0,-20.25202
2016-12-23 00:00:00.0,25.31528,35.2,16.0,,,,18.09514,,,,0.0,0.0,0.0,,,8.837255,21,49,,,3.096527,W ,3.870659,C ,19.3,,,0.0,-20.91602
2016-12-24 00:00:00.0,25.54028,36.2,14.6,,,,18.54652,,,,0.0,0.0,0.0,,,11.98097,28,51,,,2.85,W ,3.5625,C ,21.7,,,0.0,-21.08202
2016-12-25 00:00:00.0,22.20139,27.7,17.1,,,,18.56805,,,,0.0,0.0,0.0,,,3.466718,10,14,,,2.131946,C ,2.664932,C ,25.6,,,0.0,-22.90803
2016-12-26 00:00:00.0,22.10973,30.0,16.1,,,,18.29306,,,,0.0,0.0,0.0,,,6.730414,20,17,,,5.200694,C ,6.500868,C ,31.6,,,0.0,-18.92402
2016-12-27 00:00:00.0,21.56458,33.8,9.5,,,,17.53681,,,,0.0,0.0,0.0,,,8.792898,22,35,,,1.622222,W ,2.027778,C ,13.2,,,0.0,-13.94401
2016-12-28 00:00:00.0,24.98958,35.5,14.5,,,,18.3875,,,,0.0,0.0,0.0,,,13.47241,33,44,,,2.786805,W ,3.483506,C ,19.5,,,0.0,-19.42202
2016-12-29 00:00:00.0,26.74583,37.0,15.6,,,,19.01388,,,,0.0,0.0,0.0,,,14.47335,29,55,,,2.029861,C ,2.537327,C ,15.9,,,0.0,-21.16502
2016-12-30 00:00:00.0,27.54792,37.6,18.0,,,,19.81666,,,,0.0,0.0,0.0,,,13.16869,25,25,,,1.938195,W ,2.422744,C ,22.6,,,0.0,-23.90403
2016-12-31 00:00:00.0,27.05,38.4,20.7,,,,20.57987,,,,0.0,0.0,0.0,,,10.5314,20,18,,,3.811805,C ,4.764756,C ,49.9,,,0.0,-23.90403
2017-01-01 00:00:00.0,24.88958,35.2,16.6,,,,20.16875,,,,0.0,0.0,0.0,,,10.59536,29,40,,,6.776388,C ,8.470486,C ,31.7,,,0.0,-17.67902
2017-01-02 00:00:00.0,20.73403,33.2,7.5,,,,18.51805,,,,7.25,0.0,0.0,,,8.88289,24,49,,,2.115973,W ,2.644966,C ,18.4,,,0.0,-13.69501
2017-01-03 00:00:00.0,23.80972,32.0,18.6,,,,19.3757,,,,3.25,10.25,4.5,,,6.650486,16,17,,,2.779167,W ,3.473959,C ,19.9,,,0.0,-23.15703
2017-01-04 00:00:00.0,23.07847,32.5,12.4,,,,18.62708,,,,0.0,0.25,0.25,,,6.438814,18,34,,,3.881944,C ,4.852429,C ,26.6,,,0.0,-15.27201
2017-01-05 00:00:00.0,19.37153,25.7,12.6,,,,17.52848,,,,0.0,0.0,0.0,,,8.649456,39,55,,,8.638889,NE,10.79861,C ,37.0,,,0.0,-12.035
2017-01-06 00:00:00.0,19.34584,30.2,6.0,,,,16.79236,,,,0.0,0.0,0.0,,,11.52429,34,57,,,2.447222,W ,3.059028,C ,20.5,,,0.996,-12.53301
2017-01-07 00:00:00.0,23.83889,34.0,17.4,,,,18.52916,,,,3.75,3.25,0.75,,,7.095109,16,26,,,4.941667,W ,6.177084,C ,39.5,,,0.0,-20.58402
2017-01-08 00:00:00.0,,21.4,13.6,,,,,,,,,,,,,,,7,,,,  ,,  ,,,,,
2017-06-02 00:00:00.0,,,,,,,,,,,,,,,,,,,,,,  ,,  ,,,,,
2017-06-03 00:00:00.0,9.955555,16.8,5.9,,,,8.188888,,,,0.25,0.0,0.0,,,0.2000395,1,8,,,2.479167,C ,3.098959,C ,21.1,,,7.303997,14.69101
2017-06-04 00:00:00.0,7.805557,16.6,2.4,,,,8.147917,,,,0.0,0.25,0.25,,,4.252785,32,29,,,4.30139,E ,5.376737,C ,22.4,,,15.93601,16.01901
2017-06-05 00:00:00.0,5.414582,15.0,-0.3,,,,7.458338,,,,0.5,0.5,0.25,,,5.719843,58,60,-2.343936,,3.338889,E ,4.173612,C ,16.4,,,16.10201,11.78601
2017-06-06 00:00:00.0,5.754166,15.2,-0.3,,,,7.560838,,,,,0.0,0.0,,,4.442083,36,35,,,3.919443,E ,4.899304,C ,24.1,,,15.43801,10.458
2017-06-07 00:00:00.0,,,,,,,,,,,,,,,,,,,,,,  ,,  ,,,,,
2017-10-05 00:00:00.0,,,,,,,,,,,,,,,,,,,,,,  ,,  ,,,,,
2017-10-06 00:00:00.0,14.63566,,,,,,14.62986,,,,0.0,0.0,0.0,,,7.41758,41,46,,,9.67291,W ,12.09114,C ,38.6,,,1.494,0.1659996
2017-10-07 00:00:00.0,12.13333,20.5,5.6,,,,13.84445,,,,0.0,0.0,0.0,,,5.476498,27,39,,,3.303472,E ,4.129339,C ,24.0,,,6.141997,0.8299983
2017-10-08 00:00:00.0,15.78889,22.7,10.9,,,,14.86527,,,,0.0,0.0,0.0,,,3.127497,13,16,,,2.925694,E ,3.657118,C ,20.3,,,0.0,-7.553001
2017-10-09 00:00:00.0,17.32569,22.8,12.7,,,,15.82014,,,,0.0,0.0,0.0,,,5.706385,25,33,,,9.909719,W ,12.38715,C ,40.0,,,0.0,-10.873
2017-10-10 00:00:00.0,14.14444,21.1,6.2,,,,15.19236,,,,0.0,0.0,0.0,,,5.624442,29,49,,,3.58125,E ,4.476563,C ,16.9,,,0.996,-0.9960006
2017-10-11 00:00:00.0,13.6625,20.6,8.8,,,,15.2861,,,,0.0,0.0,0.0,,,4.133761,21,35,,,7.140973,S ,8.926216,C ,31.3,,,0.166,3.236999
2017-10-12 00:00:00.0,9.561809,15.6,4.4,,,,14.13402,,,,0.0,0.0,0.0,,,3.500535,23,25,,,3.850695,S ,4.813369,C ,21.3,,,5.975997,14.35901
2017-10-13 00:00:00.0,12.53542,21.0,7.7,,,,14.16389,,,,0.0,0.0,0.0,,,4.562261,22,23,,,3.177779,C ,3.972224,C ,15.6,,,0.0,3.900998
2017-10-14 00:00:00.0,15.09515,24.6,8.2,,,,14.36042,,,,0.0,0.0,0.0,,,7.657016,31,41,,,7.158333,NW,8.947916,C ,34.1,,,0.0,-1.992
2017-10-15 00:00:00.0,16.38611,27.4,6.4,,,,14.87362,,,,0.0,0.0,0.0,,,7.183022,24,28,,,2.053472,C ,2.566839,C ,21.4,,,0.498,-5.810002
2017-10-16 00:00:00.0,19.10625,27.5,11.9,,,,16.15625,,,,0.0,0.0,0.0,,,7.732136,24,41,,,2.920138,E ,3.650173,C ,26.0,,,0.0,-13.28001
2017-10-17 00:00:00.0,21.01945,29.4,15.0,,,,17.07917,,,,0.0,0.0,0.0,,,5.816338,16,19,,,1.05625,C ,1.320313,C ,9.5,,,0.0,-17.84502
2017-10-18 00:00:00.0,20.6382,28.8,15.0,,,,17.73055,,,,0.0,0.0,0.0,,,2.870923,8,16,,,6.723611,E ,8.404513,C ,54.6,,,0.0,-13.52901
2017-10-19 00:00:00.0,14.29097,21.1,8.1,,,,17.05486,,,,0.0,0.0,0.0,,,5.137621,25,26,,,7.577084,W ,9.471355,C ,45.1,,,0.0,-6.673932E-7
2017-10-20 00:00:00.0,15.20555,20.4,10.7,,,,16.22639,,,,0.0,0.0,0.0,,,5.070395,23,23,,,2.943056,C ,3.67882,C ,22.5,,,0.0,-6.723
2017-10-21 00:00:00.0,13.98472,18.0,9.3,,,,15.84445,,,,0.0,0.0,0.0,,,5.183868,28,23,,,14.12639,W ,17.65799,C ,38.9,,,0.0,4.232999
2017-10-22 00:00:00.0,10.39444,17.2,4.3,,,,14.90833,,,,0.0,0.0,0.0,,,5.177836,32,43,,,6.91736,W ,8.6467,C ,33.0,,,5.477998,12.11801
2017-10-23 00:00:00.0,13.24028,22.3,5.6,,,,15.07222,,,,0.0,0.0,0.0,,,6.256418,27,37,,,2.540973,E ,3.176216,C ,19.1,,,5.643998,-2.324
2017-10-24 00:00:00.0,17.89514,26.5,10.2,,,,16.32014,,,,0.0,0.0,0.0,,,7.752796,26,29,,,2.704168,C ,3.380209,C ,22.6,,,0.0,-10.375
2017-10-25 00:00:00.0,,,,,,,,,,,,,,,,,,,,,,  ,,  ,,,,,
2017-10-26 00:00:00.0,17.89027,24.1,12.7,,,,41.60006,,,,0.25,0.0,0.0,,,15.35618,79,74,13.33117,,5.356944,S ,6.696179,C ,21.9,,,0.0,-10.292
2017-10-27 00:00:00.0,15.00347,20.4,12.0,,,,41.60006,,,,0.0,0.25,0.25,,,14.26085,86,87,12.21312,,7.275002,S ,9.093752,C ,39.6,,,0.0,-3.651998
2017-10-28 00:00:00.0,14.89167,23.3,7.5,,,,41.60006,,,,0.0,0.0,0.0,,,13.15019,78,69,10.9547,,3.001389,S ,3.751736,C ,18.2,,,0.0,-5.063
2017-10-29 00:00:00.0,17.09167,25.0,9.9,,,,41.60006,,,,45.5,45.25,8.5,,,16.48045,88,82,14.27473,,5.031946,S ,6.289932,C ,42.3,,,0.0,-7.718995
2017-10-30 00:00:00.0,14.42084,21.7,8.0,,,,41.60006,,,,0.0,0.25,0.25,,,11.90181,75,71,9.482968,,5.871526,S ,7.339408,C ,32.4,,,0.0,-2.987998
2017-10-31 00:00:00.0,15.29583,22.1,8.0,,,,41.60006,,,,0.0,0.0,0.0,,,12.11484,73,67,9.758575,,4.909029,S ,6.136286,C ,19.5,,,0.0,-4.647995
2017-11-01 00:00:00.0,14.23958,21.2,7.9,,,,41.60006,,,,0.5,0.0,0.0,,,14.16113,84,79,12.05093,,3.070833,S ,3.838542,C ,21.7,,,0.0,-2.987999
2017-11-02 00:00:00.0,16.71249,20.5,14.5,,,,41.60006,,,,3.25,3.5,0.75,,,17.606,92,90,15.47039,,3.203472,S ,4.004341,C ,20.3,,,0.0,-11.20501
2017-11-03 00:00:00.0,17.08125,22.8,12.3,,,,41.60006,,,,0.0,0.25,0.25,,,14.13196,78,76,12.00285,,7.313195,S ,9.141494,C ,35.6,,,0.0,-8.465998
2017-11-04 00:00:00.0,15.27152,22.7,8.0,,,,41.60006,,,,0.0,0.0,0.0,,,13.6515,81,75,11.52887,,3.711111,S ,4.638889,C ,22.8,,,0.0,-4.730998
2017-11-05 00:00:00.0,16.84931,25.8,10.9,,,,41.60006,,,,7.75,7.5,4.0,,,15.30394,82,72,13.23945,,3.222222,S ,4.027778,C ,28.4,,,0.0,-6.971999
2017-11-06 00:00:00.0,17.21528,22.3,14.8,,,,41.60006,,,,0.25,0.25,0.5,,,17.41177,90,85,15.31267,,4.124306,S ,5.155382,C ,28.5,,,0.0,-10.873
2017-11-07 00:00:00.0,17.01111,23.3,11.4,,,,41.60006,,,,8.5,7.25,3.25,,,17.67456,90,86,15.47662,,2.246527,S ,2.808159,C ,18.6,,,0.0,-12.20101
2017-11-08 00:00:00.0,17.56479,20.6,15.0,,,,41.60006,,,,14.0,15.25,7.0,,,19.07993,97,95,16.70512,,3.016902,S ,3.771127,C ,21.2,,,0.0,-14.19301
2017-11-09 00:00:00.0,17.38391,22.8,13.0,,,,41.60006,,,,0.0,0.25,0.25,,,15.73004,80,75,13.74195,,7.669229,S ,9.586535,C ,34.4,,,0.0,-12.28401
2017-11-10 00:00:00.0,17.33195,22.8,11.2,,,,41.60006,,,,0.0,0.0,0.0,,,14.8518,78,75,12.81467,,12.10695,S ,15.13368,C ,38.0,,,0.0,-9.462
2017-11-11 00:00:00.0,15.68611,21.9,11.2,,,,41.60006,,,,0.0,0.0,0.0,,,12.78242,77,74,10.54517,,12.4757,S ,15.59462,C ,36.1,,,0.0,-4.149996
2017-11-12 00:00:00.0,16.32361,27.4,6.9,,,,41.60006,,,,0.0,0.0,0.0,,,14.56813,74,64,12.16007,,2.430556,C ,3.038195,C ,18.7,,,,-8.050998
2017-11-13 00:00:00.0,17.96597,23.3,11.6,,,,41.60006,,,,10.75,0.0,0.0,,,12.97633,68,61,10.69622,,4.711805,E ,5.889757,C ,24.5,,,0.0,-10.375
2017-11-14 00:00:00.0,18.13889,24.1,11.7,,,,41.60006,,,,2.75,11.25,6.5,,,18.99277,85,82,16.44802,,2.285416,C ,2.856771,C ,21.5,,,0.0,-16.10201
2017-11-15 00:00:00.0,16.64861,22.6,11.5,,,,41.60006,,,,22.25,24.5,6.25,,,17.08848,98,97,14.82348,,7.615278,E ,9.519098,C ,32.4,,,0.0,-4.398991
2017-11-16 00:00:00.0,14.55417,21.9,7.5,,,,41.60006,,,,0.25,0.25,0.25,,,12.83637,77,73,10.58079,,3.709028,S ,4.636284,C ,19.8,,,0.0,-3.651999
2017-11-17 00:00:00.0,16.06805,21.5,10.3,,,,41.60006,,,,0.25,0.25,0.25,,,13.94135,81,80,11.83145,,6.291667,S ,7.864583,C ,43.4,,,0.0,-6.722995
2017-11-18 00:00:00.0,13.09028,18.9,8.4,,,,41.60006,,,,0.25,0.25,0.25,,,9.771195,67,61,6.538919,,7.662498,S ,9.578122,C ,36.2,,,0.0,3.070999
2017-11-19 00:00:00.0,14.50069,20.7,7.9,,,,41.60006,,,,0.0,0.0,0.0,,,9.968158,64,66,6.751806,,10.58403,S ,13.23003,C ,47.9,,,2.49,-0.4980018
2017-11-20 00:00:00.0,13.11667,21.5,5.7,,,,41.60006,,,,2.5,2.5,2.5,,,11.02615,73,63,8.146118,,5.038194,E ,6.297743,C ,30.4,,,2.987999,0.7469996
2017-11-21 00:00:00.0,12.67778,20.2,5.3,,,,41.60006,,,,0.0,0.0,0.0,,,10.28851,73,64,7.344309,,5.914584,E ,7.393229,C ,28.8,,,4.813998,2.572998
2017-11-22 00:00:00.0,16.83611,26.5,7.6,,,,41.60006,,,,1.0,0.0,0.0,,,13.54158,69,62,11.38446,,4.136806,C ,5.171008,C ,28.0,,,0.0,-9.96
2017-11-23 00:00:00.0,16.72987,25.5,9.5,,,,41.60006,,,,0.0,1.0,0.75,,,12.27303,71,56,9.732937,,8.394446,NE,10.49306,C ,47.1,,,0.0,-4.564995
2017-11-24 00:00:00.0,12.9507,20.3,6.2,,,,41.60006,,,,0.0,0.0,0.0,,,10.18148,72,63,7.19301,,6.177084,E ,7.721355,C ,24.7,,,2.158,3.568996
2017-11-25 00:00:00.0,16.46458,26.1,7.7,,,,41.60006,,,,0.0,0.0,0.0,,,12.74542,69,58,10.45907,,3.082639,C ,3.853299,C ,22.7,,,0.0,-7.552999
2017-11-26 00:00:00.0,20.6757,30.1,11.8,,,,41.60006,,,,0.5,0.0,0.0,,,15.04871,64,53,13.03766,,3.336805,C ,4.171006,C ,24.8,,,0.0,-16.26801
2017-11-27 00:00:00.0,15.83819,20.2,8.3,,,,41.60006,,,,0.0,0.5,0.5,,,10.49997,69,65,7.568265,,13.56806,NE,16.96007,C ,41.1,,,2.49,-0.08300068
2017-11-28 00:00:00.0,13.16458,22.9,3.1,,,,41.60006,,,,0.0,0.0,0.0,,,10.2033,69,56,7.131915,,2.059028,E ,2.573785,C ,14.2,,,5.477998,-1.660001
2017-11-29 00:00:00.0,18.4507,27.8,10.7,,,,41.60006,,,,0.0,0.0,0.0,,,15.48094,72,60,13.40558,,2.877777,E ,3.597221,C ,20.9,,,0.0,-13.19701
2017-11-30 00:00:00.0,20.80625,27.7,16.9,,,,41.60006,,,,0.0,0.0,0.0,,,17.82364,75,69,15.64058,,3.261806,E ,4.077257,C ,25.4,,,0.0,-19.92002
2017-12-01 00:00:00.0,21.1757,28.0,16.0,,,,41.60006,,,,0.0,0.0,0.0,,,18.42647,77,71,16.20329,,2.635416,E ,3.29427,C ,16.2,,,0.0,-19.83702
2017-12-02 00:00:00.0,20.72361,27.5,14.7,,,,41.60006,,,,0.0,0.0,0.0,,,19.23173,80,74,16.86893,,2.206944,C ,2.758681,C ,14.8,,,0.0,-19.33902
2017-12-03 00:00:00.0,18.99166,24.7,15.0,,,,41.60006,,,,0.0,0.0,0.0,,,18.17995,88,82,15.87343,,9.000694,E ,11.25087,C ,33.8,,,0.0,-13.52901
2017-12-04 00:00:00.0,16.74584,25.0,8.6,,,,41.60006,,,,0.0,0.0,0.0,,,13.77453,75,64,11.69893,,4.188889,E ,5.236111,C ,24.4,,,0.0,-8.797998
2017-12-05 00:00:00.0,18.26666,27.7,7.4,,,,41.60006,,,,0.0,0.0,0.0,,,14.73104,72,63,12.53962,,1.860416,C ,2.325521,C ,14.7,,,0.0,-10.873
2017-12-06 00:00:00.0,21.90625,31.0,14.6,,,,41.60006,,,,2.25,2.0,1.25,,,19.43768,77,71,16.99268,,2.645833,C ,3.307291,C ,26.4,,,0.0,-17.76202
2017-12-07 00:00:00.0,18.42153,24.2,13.9,,,,41.60006,,,,13.0,0.25,0.25,,,15.92818,81,75,13.85942,,6.096528,S ,7.620659,C ,25.2,,,0.0,-11.371
2017-12-08 00:00:00.0,18.05139,28.2,11.4,,,,41.60006,,,,21.75,34.5,14.25,,,19.60944,91,85,16.98539,,2.841667,C ,3.552084,C ,53.2,,,0.0,-12.201
2017-12-09 00:00:00.0,21.89028,32.5,15.6,,,,41.60006,,,,0.0,0.25,0.25,,,18.32521,77,66,15.96626,,6.644445,S ,8.305556,C ,31.7,,,0.0,-14.77401
2017-12-10 00:00:00.0,17.41112,27.0,9.5,,,,41.60006,,,,0.25,0.25,0.25,,,13.07464,72,63,10.89141,,10.15973,S ,12.69966,C ,44.5,,,0.0,-7.220996
2017-12-11 00:00:00.0,15.99792,23.4,7.5,,,,41.60006,,,,0.0,0.0,0.0,,,12.58365,71,63,10.30676,,3.066667,E ,3.833334,C ,13.6,,,0.0,-6.971999
2017-12-12 00:00:00.0,20.32777,31.1,9.3,,,,41.60006,,,,0.0,0.0,0.0,,,16.30431,69,57,14.1765,,2.270834,C ,2.838542,C ,19.4,,,0.0,-14.44201
2017-12-13 00:00:00.0,21.62083,28.0,16.5,,,,41.60006,,,,6.25,4.75,3.25,,,20.90096,84,79,18.18776,,3.270139,C ,4.087673,C ,19.6,,,0.0,-21.08202
2017-12-14 00:00:00.0,23.21319,31.8,16.9,,,,41.60006,,,,0.0,1.5,1.0,,,20.1148,75,67,17.55549,,3.670834,S ,4.588542,C ,25.5,,,0.0,-20.66702
2017-12-15 00:00:00.0,24.77639,34.4,15.7,,,,41.60006,,,,0.0,0.0,0.0,,,19.98468,66,58,17.45175,,3.192362,C ,3.990453,C ,26.8,,,0.0,-20.99902
2017-12-16 00:00:00.0,25.91111,36.0,19.4,,,,41.60006,,,,24.25,22.75,8.5,,,21.97166,72,66,18.92236,,3.661806,C ,4.577257,C ,34.0,,,0.0,-23.90403
2017-12-17 00:00:00.0,17.64445,22.2,12.8,,,,41.60006,,,,0.0,1.5,0.75,,,12.72969,71,67,10.15779,,11.8257,NE,14.78212,C ,42.3,,,0.0,-8.797997
2017-12-18 00:00:00.0,15.86875,24.3,7.2,,,,41.60006,,,,0.0,0.0,0.0,,,11.1972,65,56,8.582839,,2.446528,C ,3.05816,C ,22.4,,,0.0,-6.556998
2017-12-19 00:00:00.0,18.40694,25.8,12.1,,,,41.60006,,,,0.0,0.0,0.0,,,15.88035,76,68,13.86153,,2.321528,C ,2.90191,C ,23.0,,,0.0,-13.19701
2017-12-20 00:00:00.0,20.62083,28.2,13.7,,,,41.60006,,,,0.0,0.0,0.0,,,19.7646,80,76,17.24337,,2.995833,C ,3.744792,C ,26.7,,,0.0,-18.17702
2017-12-21 00:00:00.0,24.02986,33.0,18.7,,,,41.60006,,,,0.0,0.0,0.0,,,24.80738,83,75,20.93836,,1.997917,C ,2.497396,C ,14.3,,,0.0,-23.90403
2017-12-22 00:00:00.0,26.05209,34.9,19.5,,,,41.60006,,,,0.0,0.0,0.0,,,24.2351,77,72,20.54757,,3.613889,C ,4.517361,C ,30.5,,,0.0,-23.90403
2017-12-23 00:00:00.0,19.10278,24.3,12.1,,,,41.60006,,,,0.0,0.0,0.0,,,12.82577,67,59,10.24763,,10.12222,S ,12.65278,C ,33.4,,,0.0,-10.79
2017-12-24 00:00:00.0,16.32222,26.6,5.3,,,,41.60006,,,,0.0,0.0,0.0,,,11.02565,62,52,8.294781,,1.803472,C ,2.25434,C ,17.1,,,2.822,-7.386999
2017-12-25 00:00:00.0,23.05347,33.8,13.6,,,,41.60006,,,,0.0,0.0,0.0,,,16.81382,58,49,14.66102,,4.197222,C ,5.246527,C ,28.1,,,0.0,-18.01102
2017-12-26 00:00:00.0,26.05348,32.8,19.5,,,,41.60006,,,,0.0,0.0,0.0,,,18.79202,62,55,16.41032,,5.254168,S ,6.567709,C ,30.7,,,0.0,-22.82503
2017-12-27 00:00:00.0,22.56319,32.4,11.3,,,,41.60006,,,,0.0,0.0,0.0,,,15.98528,63,50,13.85785,,2.474999,S ,3.093749,C ,15.3,,,0.0,-17.34702
2017-12-28 00:00:00.0,26.26597,35.8,17.2,,,,41.60006,,,,0.0,0.0,0.0,,,17.14019,56,43,14.85995,,2.780555,C ,3.475694,C ,22.9,,,0.0,-22.57603
2017-12-29 00:00:00.0,27.90625,37.7,19.2,,,,41.60006,,,,0.0,0.0,0.0,,,20.5168,58,48,17.81923,,2.897917,C ,3.622396,C ,21.0,,,0.0,-23.90403
2017-12-30 00:00:00.0,26.12777,34.9,18.1,,,,41.60006,,,,0.0,0.0,0.0,,,17.19134,57,53,14.84411,,7.02986,S ,8.787326,C ,36.6,,,0.0,-20.91602
2017-12-31 00:00:00.0,17.99306,25.6,9.8,,,,41.60006,,,,0.0,0.0,0.0,,,12.20687,66,53,9.812852,,4.418749,S ,5.523436,C ,32.3,,,0.0,-10.043
2018-01-01 00:00:00.0,20.10486,30.9,9.9,,,,41.60006,,,,0.0,0.0,0.0,,,14.14019,63,47,11.98637,,1.641667,C ,2.052083,C ,13.3,,,0.0,-13.94401
2018-01-02 00:00:00.0,22.49791,32.6,14.9,,,,41.60006,,,,0.0,0.0,0.0,,,14.41755,62,48,12.05984,,6.002082,S ,7.502603,C ,34.5,,,0.0,-14.60801
2018-01-03 00:00:00.0,20.94306,33.3,8.4,,,,41.60006,,,,0.0,0.0,0.0,,,12.39894,52,38,10.11498,,3.202084,S ,4.002605,C ,27.3,,,0.0,-13.94401
2018-01-04 00:00:00.0,25.22291,31.7,18.8,,,,41.60006,,,,40.25,4.75,4.0,,,16.7698,56,48,14.65481,,3.409028,S ,4.261285,C ,16.7,,,0.0,-23.82103
2018-01-05 00:00:00.0,19.17847,25.7,15.2,,,,41.60006,,,,0.0,35.5,6.25,,,17.64515,87,82,15.3949,,3.981945,E ,4.977431,C ,24.3,,,0.0,-12.118
2018-01-06 00:00:00.0,18.24514,27.4,8.1,,,,41.60006,,,,0.0,0.0,0.0,,,11.59692,60,49,8.995056,,2.636111,C ,3.295139,C ,16.4,,,0.0,-11.78601
2018-01-07 00:00:00.0,23.55347,32.5,16.3,,,,41.60006,,,,0.0,0.0,0.0,,,15.18605,53,46,13.09289,,4.031946,S ,5.039933,C ,34.4,,,0.0,-20.99902
2018-01-08 00:00:00.0,26.23958,35.3,17.2,,,,41.60006,,,,0.0,0.0,0.0,,,19.89928,61,51,17.3824,,2.848611,C ,3.560764,C ,18.3,,,0.0,-22.57603
2018-01-09 00:00:00.0,26.88333,35.0,18.3,,,,41.60006,,,,0.0,0.0,0.0,,,18.55294,59,48,16.19336,,2.254861,C ,2.818576,C ,16.2,,,0.0,-23.90403
2018-01-10 00:00:00.0,25.57153,33.1,19.2,,,,41.60006,,,,0.0,0.0,0.0,,,25.07801,78,73,21.12553,,3.28889,E ,4.111112,C ,16.4,,,0.0,-23.90403
2018-01-11 00:00:00.0,26.77917,37.6,20.8,,,,41.60006,,,,6.25,6.25,3.5,,,26.31103,80,70,21.90352,,2.639582,C ,3.299478,C ,35.2,,,0.0,-23.90403
2018-01-12 00:00:00.0,25.67708,32.0,20.4,,,,41.60006,,,,0.25,0.0,0.0,,,25.80851,79,73,21.59446,,1.708333,C ,2.135417,C ,14.6,,,0.0,-23.90403
2018-01-13 00:00:00.0,21.69167,25.0,18.2,,,,41.60006,,,,8.25,8.5,3.75,,,19.70824,79,77,16.8615,,9.277086,E ,11.59636,C ,39.8,,,0.0,-22.07803
2018-01-14 00:00:00.0,18.37361,21.1,15.9,,,,41.60006,,,,0.0,0.0,0.0,,,17.11057,84,81,15.04481,,9.045141,E ,11.30643,C ,27.3,,,0.0,-16.43401
2018-01-15 00:00:00.0,19.12986,27.1,11.1,,,,41.60006,,,,0.0,0.0,0.0,,,15.98924,75,68,13.95302,,4.009721,S ,5.012152,C ,19.8,,,0.0,-13.11401
2018-01-16 00:00:00.0,20.15625,28.7,10.5,,,,41.60006,,,,0.0,0.0,0.0,,,18.39868,77,69,15.98675,,1.199306,C ,1.499133,C ,11.6,,,0.0,-15.77001
2018-01-17 00:00:00.0,22.44097,28.6,16.5,,,,41.60006,,,,2.75,2.75,2.5,,,22.31797,86,84,19.15537,,1.694444,C ,2.118055,C ,24.9,,,0.0,-20.25202
2018-01-18 00:00:00.0,22.61111,33.4,14.8,,,,41.60006,,,,0.75,0.75,0.75,,,17.93564,70,63,15.68079,,2.475695,S ,3.094618,C ,45.7,,,0.0,-18.34302
2018-01-19 00:00:00.0,21.99792,31.0,12.0,,,,41.60006,,,,0.0,0.0,0.0,,,16.64827,68,57,14.50122,,2.17361,S ,2.717013,C ,12.2,,,0.0,-17.34702
2018-01-20 00:00:00.0,24.35139,34.1,15.3,,,,41.60006,,,,0.0,0.0,0.0,,,21.38721,73,64,18.4927,,1.930555,C ,2.413194,C ,17.2,,,0.0,-20.00302
2018-01-21 00:00:00.0,25.59376,33.1,17.9,,,,41.60006,,,,0.25,0.0,0.0,,,24.10815,77,71,20.41405,,2.656249,C ,3.320311,C ,18.0,,,0.0,-23.82103
2018-01-22 00:00:00.0,24.89236,32.1,18.4,,,,41.60006,,,,0.0,0.25,0.25,,,24.0157,79,74,20.38481,,2.494445,C ,3.118056,C ,23.5,,,0.0,-23.90403
2018-01-23 00:00:00.0,24.02015,31.1,17.7,,,,41.60006,,,,0.0,0.0,0.0,,,22.86471,78,72,19.61283,,3.170833,C ,3.963542,C ,36.2,,,0.0,-23.73803
2018-01-24 00:00:00.0,19.83541,24.0,12.1,,,,41.60006,,,,0.0,0.0,0.0,,,13.04718,66,60,10.73422,,12.63056,NE,15.7882,C ,40.2,,,0.0,-13.69501
2018-01-25 00:00:00.0,15.95903,25.2,6.9,,,,41.60006,,,,0.0,0.0,0.0,,,12.86488,70,58,10.61469,,3.069444,C ,3.836805,C ,19.6,,,,-8.881001
2018-01-26 00:00:00.0,21.9368,30.6,15.8,,,,41.60006,,,,0.0,0.0,0.0,,,18.46429,70,64,16.18624,,3.086111,S ,3.857639,C ,21.8,,,0.0,-20.75002
2018-01-27 00:00:00.0,23.375,29.0,20.2,,,,41.60006,,,,23.75,23.5,20.25,,,22.80782,81,77,19.58684,,2.75625,S ,3.445313,C ,23.2,,,0.0,-23.82103
2018-01-28 00:00:00.0,22.46319,29.9,14.6,,,,41.60006,,,,0.0,0.25,0.25,,,15.85151,66,55,13.71606,,4.586805,S ,5.733507,C ,20.0,,,0.0,-16.76601
2018-01-29 00:00:00.0,21.65625,32.2,11.0,,,,41.60006,,,,0.0,0.0,0.0,,,15.52281,66,55,13.48127,,2.161806,C ,2.702258,C ,17.8,,,0.0,-14.69101
2018-01-30 00:00:00.0,23.17222,33.2,13.7,,,,41.60006,,,,6.5,5.25,3.5,,,19.41084,71,58,16.9132,,3.309028,C ,4.136285,C ,26.1,,,0.0,-17.92802
2018-01-31 00:00:00.0,24.76736,32.7,19.2,,,,41.60006,,,,0.0,1.25,0.75,,,24.65833,83,77,20.8398,,3.920834,S ,4.901042,C ,24.9,,,0.0,-23.90403
2018-02-01 00:00:00.0,25.97777,34.4,19.8,,,,41.60006,,,,0.0,0.0,0.0,,,22.8124,71,62,19.52796,,3.324306,C ,4.155383,C ,20.5,,,0.0,-23.90403
2018-02-02 00:00:00.0,22.42569,29.4,14.9,,,,41.60006,,,,0.0,0.0,0.0,,,17.39245,72,60,15.26479,,4.671526,S ,5.839408,C ,27.7,,,0.0,-17.51302
2018-02-03 00:00:00.0,21.28055,30.4,12.3,,,,41.60006,,,,0.0,0.0,0.0,,,19.28291,77,67,16.81785,,2.597222,C ,3.246528,C ,18.9,,,0.0,-17.34702
2018-02-04 00:00:00.0,23.29167,31.1,15.2,,,,41.60006,,,,0.0,0.0,0.0,,,20.96907,76,67,18.21911,,2.658334,C ,3.322917,C ,19.3,,,0.0,-20.99903
2018-02-05 00:00:00.0,25.67083,34.5,18.4,,,,41.60006,,,,0.0,0.0,0.0,,,23.68609,74,67,20.19315,,1.952084,C ,2.440105,C ,13.6,,,0.0,-23.90403
2018-02-06 00:00:00.0,27.3236,36.4,19.6,,,,41.60006,,,,0.0,0.0,0.0,,,24.08465,70,57,20.46236,,1.933334,C ,2.416667,C ,23.2,,,0.0,-23.90403
2018-02-07 00:00:00.0,27.54686,36.6,21.2,,,,41.60006,,,,0.0,0.0,0.0,,,24.13622,71,58,20.42616,,2.027972,C ,2.534965,C ,14.7,,,0.0,-23.73803
2018-02-08 00:00:00.0,26.82291,37.8,18.4,,,,41.60006,,,,41.25,21.0,12.75,,,22.64595,72,66,19.40767,,3.625,W ,4.53125,C ,38.5,,,0.0,-23.90403
2018-02-09 00:00:00.0,21.68958,29.1,18.6,,,,41.60006,,,,0.0,20.25,6.5,,,19.85102,81,73,17.17146,,6.56111,S ,8.201387,C ,27.6,,,0.0,-20.83302
2018-02-10 00:00:00.0,18.75764,28.8,10.2,,,,41.60006,,,,0.0,0.0,0.0,,,13.83911,71,59,11.75876,,5.368749,S ,6.710937,C ,36.7,,,0.0,-8.299997
2018-02-11 00:00:00.0,14.9625,21.4,8.9,,,,41.60006,,,,0.0,0.0,0.0,,,11.58766,75,67,9.072576,,7.788194,S ,9.735242,C ,33.5,,,0.166,-2.406999
2018-02-12 00:00:00.0,14.41319,25.0,5.6,,,,41.60006,,,,0.0,0.0,0.0,,,10.82551,67,57,8.02922,,1.890277,C ,2.362847,C ,16.7,,,5.145998,-3.652
2018-02-13 00:00:00.0,19.06806,29.1,9.5,,,,41.60006,,,,0.0,0.0,0.0,,,13.06352,64,53,10.83791,,2.470834,C ,3.088542,C ,17.5,,,0.0,-11.371
2018-02-14 00:00:00.0,21.2625,31.6,11.4,,,,41.60006,,,,0.0,0.0,0.0,,,14.72599,64,51,12.64335,,2.240972,C ,2.801215,C ,17.4,,,0.0,-14.60801
2018-02-15 00:00:00.0,22.83541,31.8,16.3,,,,41.60006,,,,0.25,0.0,0.0,,,19.30631,73,62,16.90196,,3.082639,S ,3.853299,C ,19.0,,,0.0,-20.75002
2018-02-16 00:00:00.0,24.53542,34.0,18.3,,,,41.60006,,,,0.0,0.25,0.25,,,23.15428,77,66,19.83211,,3.133333,S ,3.916666,C ,25.4,,,0.0,-23.90403
2018-02-17 00:00:00.0,25.03056,33.4,19.5,,,,41.60006,,,,0.0,0.0,0.0,,,24.31985,79,74,20.62743,,2.321528,S ,2.90191,C ,16.2,,,0.0,-23.90403
2018-02-18 00:00:00.0,27.34374,37.0,19.8,,,,41.60006,,,,7.0,0.25,0.25,,,23.18567,66,55,19.82161,,2.666667,C ,3.333334,C ,20.9,,,0.0,-23.90403
2018-02-19 00:00:00.0,24.70695,30.5,20.2,,,,41.60006,,,,0.0,6.75,3.5,,,23.49029,81,79,20.05495,,5.415279,S ,6.769099,C ,33.0,,,0.0,-23.90403
2018-02-20 00:00:00.0,21.23264,27.2,14.6,,,,41.60006,,,,1.75,1.75,1.25,,,19.87399,82,76,17.37658,,9.68889,S ,12.11111,C ,30.7,,,0.0,-20.75002
2018-02-21 00:00:00.0,20.12223,25.8,14.2,,,,41.60006,,,,0.0,0.0,0.0,,,17.62957,82,78,15.3825,,8.718053,S ,10.89757,C ,30.3,,,0.0,-16.60002
2018-02-22 00:00:00.0,18.17084,30.1,8.2,,,,41.60006,,,,0.25,0.0,0.0,,,15.14102,72,64,12.97503,,1.829862,C ,2.287328,C ,16.5,,,0.0,-10.209
2018-02-23 00:00:00.0,19.69444,26.6,13.5,,,,41.60006,,,,0.0,0.25,0.25,,,15.38742,75,67,13.28781,,5.130555,S ,6.413193,C ,23.6,,,0.0,-12.118
2018-02-24 00:00:00.0,18.19444,28.2,10.7,,,,41.60006,,,,0.0,0.0,0.0,,,15.77731,78,73,13.7033,,2.73125,S ,3.414062,C ,21.3,,,0.0,-9.628
2018-02-25 00:00:00.0,19.53611,29.5,10.3,,,,41.60006,,,,0.0,0.0,0.0,,,16.48392,75,68,14.35528,,2.429166,S ,3.036457,C ,16.3,,,0.0,-11.95201
2018-02-26 00:00:00.0,20.17292,29.2,10.1,,,,41.60006,,,,0.0,0.0,0.0,,,16.61184,75,68,14.49059,,1.972222,C ,2.465278,C ,13.7,,,0.0,-12.11801
2018-02-27 00:00:00.0,21.425,31.0,11.7,,,,41.60006,,,,0.25,0.0,0.0,,,18.26717,75,71,15.97021,,2.122222,C ,2.652777,C ,14.4,,,0.0,-15.93601
2018-02-28 00:00:00.0,21.66181,28.8,14.8,,,,41.60006,,,,0.0,0.25,0.25,,,18.75087,77,67,16.45851,,2.872916,S ,3.591145,C ,23.3,,,0.0,-18.67502
2018-03-01 00:00:00.0,22.90417,32.4,12.4,,,,41.60006,,,,0.0,0.0,0.0,,,20.58547,76,69,17.8529,,1.740278,C ,2.175347,C ,14.3,,,0.0,-19.33902
2018-03-02 00:00:00.0,25.01528,35.1,18.2,,,,41.60006,,,,0.25,0.25,0.25,,,22.36563,75,71,19.23278,,1.734027,C ,2.167534,C ,15.9,,,0.0,-23.90403
2018-03-03 00:00:00.0,24.83334,34.5,19.0,,,,41.60006,,,,0.25,0.0,0.0,,,22.69936,79,73,19.46414,,2.306251,S ,2.882813,C ,17.0,,,0.0,-23.90403
2018-03-04 00:00:00.0,24.92153,34.1,17.7,,,,41.60006,,,,1.0,0.25,0.25,,,22.61567,76,69,19.42587,,3.215278,S ,4.019097,C ,27.7,,,0.0,-23.65503
2018-03-05 00:00:00.0,20.65208,26.2,13.8,,,,41.60006,,,,0.25,1.25,0.5,,,16.74134,77,73,14.33203,,9.993055,S ,12.49132,C ,33.0,,,0.0,-16.51702
2018-03-06 00:00:00.0,15.94236,26.0,6.7,,,,41.60006,,,,0.25,0.25,0.25,,,11.38163,68,59,8.815263,,4.963194,S ,6.203992,C ,25.4,,,0.664,-3.485998
2018-03-07 00:00:00.0,19.00694,31.5,9.1,,,,41.60006,,,,0.0,0.0,0.0,,,12.23021,61,49,9.861156,,2.640972,C ,3.301215,C ,21.4,,,0.0,-11.537
2018-03-08 00:00:00.0,21.53333,32.4,11.2,,,,41.60006,,,,0.0,0.0,0.0,,,13.83247,62,47,11.61741,,2.041668,C ,2.552085,C ,14.7,,,0.0,-14.27601
2018-03-09 00:00:00.0,22.76736,34.5,13.7,,,,41.60006,,,,0.0,0.0,0.0,,,16.70309,66,56,14.55364,,2.016667,C ,2.520833,C ,19.9,,,0.0,-17.76202
2018-03-10 00:00:00.0,22.91458,35.4,16.8,,,,41.60006,,,,23.25,23.25,6.5,,,20.04079,80,68,17.49061,,5.345138,S ,6.681423,C ,59.1,,,0.0,-20.91603
2018-03-11 00:00:00.0,17.69722,22.9,12.6,,,,41.60006,,,,0.0,0.0,0.0,,,14.35768,79,75,12.2617,,9.906247,S ,12.38281,C ,35.1,,,0.0,-9.378999
2018-03-12 00:00:00.0,16.26597,26.5,7.4,,,,41.60006,,,,0.0,0.0,0.0,,,13.00162,72,64,10.75576,,1.960417,C ,2.450521,C ,13.8,,,0.0,-7.221002
2018-03-13 00:00:00.0,19.04097,25.1,13.0,,,,41.60006,,,,0.0,0.0,0.0,,,11.9909,60,57,9.363948,,6.625696,S ,8.28212,C ,28.4,,,0.0,-12.86501
2018-03-14 00:00:00.0,17.80972,29.5,5.9,,,,41.60006,,,,10.5,9.5,3.25,,,13.0846,68,60,10.45284,,2.102778,C ,2.628473,C ,15.6,,,1.66,-8.465999
2018-03-15 00:00:00.0,17.39445,23.0,11.9,,,,41.60006,,,,0.0,1.0,2.5,,,11.70542,66,59,9.106955,,12.475,S ,15.59375,C ,51.0,,,0.0,-7.801996
2018-03-16 00:00:00.0,16.8125,27.6,7.2,,,,41.60006,,,,0.0,0.0,0.0,,,13.2307,72,62,11.00434,,2.190278,C ,2.737847,C ,20.3,,,0.0,-5.809999
2018-03-17 00:00:00.0,21.3243,31.2,13.0,,,,41.60006,,,,38.25,2.25,2.25,,,19.86686,76,72,17.27345,,1.926389,C ,2.407986,C ,15.7,,,0.0,-18.09402
2018-03-18 00:00:00.0,19.44653,23.6,14.5,,,,41.60006,,,,20.75,56.75,17.75,,,19.92698,95,94,17.23463,,11.38264,S ,14.2283,C ,50.0,,,0.0,-15.85301
2018-03-19 00:00:00.0,17.73264,26.9,11.3,,,,41.60006,,,,0.0,0.0,0.0,,,12.63072,67,58,10.35753,,4.617362,S ,5.771703,C ,23.2,,,0.0,-8.714998
2018-03-20 00:00:00.0,15.9375,21.5,11.4,,,,41.60006,,,,0.0,0.0,0.0,,,12.68103,72,68,10.42871,,14.11597,S ,17.64497,C ,44.5,,,0.0,-6.557
2018-03-21 00:00:00.0,14.57778,21.2,6.5,,,,41.60006,,,,0.0,0.0,0.0,,,11.87908,77,71,9.475422,,3.536806,S ,4.421007,C ,25.0,,,0.83,-1.494
2018-03-22 00:00:00.0,15.43334,26.2,8.2,,,,41.60006,,,,0.25,0.25,0.25,,,15.46403,85,79,13.26831,,2.081944,C ,2.60243,C ,21.8,,,0.0,-7.055003
2018-03-23 00:00:00.0,20.25833,29.7,13.3,,,,41.60006,,,,0.25,0.0,0.0,,,19.21131,80,80,16.79508,,1.933333,C ,2.416667,C ,19.1,,,0.0,-15.43801
2018-03-24 00:00:00.0,17.29028,24.2,11.4,,,,41.60006,,,,0.75,1.0,0.5,,,15.64273,86,79,13.60087,,7.246528,S ,9.05816,C ,36.7,,,0.0,-7.386998
2018-03-25 00:00:00.0,13.24167,19.7,6.0,,,,41.60006,,,,0.0,0.0,0.0,,,11.23789,81,78,8.631639,,7.309025,S ,9.136282,C ,34.3,,,3.319999,5.560997
2018-03-26 00:00:00.0,12.98333,22.6,5.5,,,,41.60006,,,,0.0,0.0,0.0,,,11.37806,76,68,8.765339,,1.498611,C ,1.873264,C ,13.8,,,5.643998,0.4149998
2018-03-27 00:00:00.0,16.26042,25.6,8.4,,,,41.60006,,,,0.25,0.0,0.0,,,14.29776,79,75,12.19159,,2.069445,S ,2.586806,C ,17.1,,,0.0,-5.727
2018-03-28 00:00:00.0,19.97709,28.9,13.9,,,,41.60006,,,,0.25,0.25,0.25,,,19.45455,83,82,17.01624,,2.373611,C ,2.967014,C ,17.5,,,0.0,-16.10201
2018-03-29 00:00:00.0,21.79931,31.2,14.2,,,,41.60006,,,,0.0,0.25,0.25,,,19.30443,80,73,16.87487,,2.249999,C ,2.812499,C ,18.9,,,0.0,-15.85301
2018-03-30 00:00:00.0,19.79792,30.4,14.5,,,,41.60006,,,,0.0,0.0,0.0,,,20.33174,88,84,17.67933,,2.322917,S ,2.903646,C ,12.1,,,0.0,-14.44201
2018-03-31 00:00:00.0,17.84861,25.2,14.5,,,,41.60006,,,,0.0,0.0,0.0,,,19.61508,97,98,17.0769,,5.222221,S ,6.527776,C ,28.8,,,0.0,-12.53301
2018-04-01 00:00:00.0,17.83194,21.3,14.6,,,,41.60006,,,,0.25,0.0,0.0,,,18.32027,93,92,16.06556,,4.931252,S ,6.164065,C ,19.5,,,0.0,-13.19701
2018-04-02 00:00:00.0,17.89305,26.0,12.1,,,,41.60006,,,,0.0,0.25,0.25,,,16.48352,82,79,14.42837,,2.870833,S ,3.588542,C ,23.8,,,0.0,-10.956
2018-04-03 00:00:00.0,16.51736,27.3,7.4,,,,41.60006,,,,0.0,0.0,0.0,,,14.34297,79,74,12.15863,,0.8951389,C ,1.118924,C ,8.3,,,0.0,-4.648
2018-04-04 00:00:00.0,19.21806,28.2,13.7,,,,41.60006,,,,0.25,0.0,0.0,,,18.70058,84,83,16.37903,,2.125695,C ,2.657119,C ,22.9,,,0.0,-14.52501
2018-04-05 00:00:00.0,19.6507,30.3,13.3,,,,41.60006,,,,0.5,0.75,0.5,,,16.82614,78,72,14.56532,,5.698611,S ,7.123263,C ,32.3,,,0.0,-12.20101
2018-04-06 00:00:00.0,14.58472,17.4,11.9,,,,41.60006,,,,0.5,0.5,0.25,,,14.05628,86,83,11.9705,,5.966668,S ,7.458335,C ,25.9,,,0.0,-1.66
2018-04-07 00:00:00.0,17.23403,23.8,12.8,,,,41.60006,,,,0.25,0.0,0.0,,,17.38389,90,89,15.26891,,2.801389,S ,3.501736,C ,19.8,,,0.0,-10.375
2018-04-08 00:00:00.0,16.05555,24.1,8.8,,,,41.60006,,,,0.25,0.5,0.25,,,18.17079,95,93,15.68728,,0.609722,C ,0.7621524,C ,7.7,,,0.0,-9.296001
2018-04-09 00:00:00.0,19.66736,27.2,16.1,,,,41.60006,,,,5.25,0.0,0.0,,,21.26158,90,88,18.42477,,1.99375,C ,2.492188,C ,20.1,,,0.0,-19.58802
2018-04-10 00:00:00.0,23.62777,28.0,20.0,,,,41.60006,,,,0.0,5.25,5.0,,,25.07734,85,83,21.12569,,2.091667,S ,2.614584,C ,19.0,,,0.0,-23.90403
2018-04-11 00:00:00.0,20.2861,23.3,17.3,,,,41.60006,,,,22.75,22.5,8.0,,,21.51956,96,99,18.61942,,4.114583,S ,5.143229,C ,28.7,,,0.0,-18.01102
2018-04-12 00:00:00.0,15.71666,20.6,8.4,,,,41.60006,,,,0.0,0.25,0.25,,,11.79039,75,72,9.220348,,7.349308,S ,9.186634,C ,30.1,,,0.498,-1.493999
2018-04-13 00:00:00.0,11.79861,21.2,4.4,,,,41.60006,,,,0.0,0.0,0.0,,,10.51305,77,72,7.589396,,2.132639,S ,2.665799,C ,20.9,,,7.137997,3.070998
2018-04-14 00:00:00.0,14.22917,22.9,7.5,,,,41.60006,,,,0.25,0.0,0.0,,,13.40139,84,82,11.22839,,1.729167,S ,2.161459,C ,16.1,,,0.0,-1.493998
2018-04-15 00:00:00.0,16.91944,25.8,11.2,,,,41.60006,,,,0.25,0.25,0.25,,,16.48491,85,83,14.37067,,2.25625,S ,2.820313,C ,17.0,,,0.0,-7.719001
2018-04-16 00:00:00.0,19.03958,26.8,14.7,,,,41.60006,,,,0.25,0.25,0.25,,,20.31614,91,88,17.71034,,2.39375,S ,2.992188,C ,17.7,,,0.0,-16.93201
2018-04-17 00:00:00.0,20.91458,29.6,15.7,,,,41.60006,,,,6.25,4.0,2.0,,,21.26881,87,83,18.40546,,3.305556,S ,4.131945,C ,21.9,,,0.0,-18.59202
2018-04-18 00:00:00.0,19.24236,24.1,16.2,,,,41.60006,,,,11.0,12.5,6.75,,,21.95765,97,95,18.918,,2.988195,S ,3.735244,C ,16.1,,,0.0,-19.58802
2018-04-19 00:00:00.0,21.39861,27.6,17.9,,,,41.60006,,,,0.25,1.0,0.5,,,23.572,93,91,20.10198,,1.236806,C ,1.546007,C ,12.9,,,0.0,-23.24003
2018-04-20 00:00:00.0,21.28611,28.6,17.9,,,,41.60006,,,,3.75,3.75,3.25,,,23.40906,95,94,19.9083,,1.283333,C ,1.604166,C ,19.7,,,0.0,-22.41003
2018-04-21 00:00:00.0,21.0625,28.3,15.4,,,,41.60006,,,,0.0,0.25,0.25,,,21.98077,88,84,18.94888,,2.877083,S ,3.596354,C ,15.5,,,0.0,-20.50102
2018-04-22 00:00:00.0,21.55416,25.8,16.4,,,,41.60006,,,,0.0,0.0,0.0,,,24.09699,93,91,20.48731,,2.179166,S ,2.723958,C ,13.8,,,0.0,-23.90403
2018-04-23 00:00:00.0,18.53888,21.8,12.2,,,,41.60006,,,,0.5,0.25,0.25,,,17.9728,92,89,15.62561,,7.283335,S ,9.104168,C ,30.5,,,0.0,-12.28401
2018-04-24 00:00:00.0,14.15764,22.3,7.6,,,,41.60006,,,,7.75,0.25,0.25,,,15.72953,91,89,13.49265,,2.711805,S ,3.389756,C ,20.4,,,0.0,-4.399
2018-04-25 00:00:00.0,19.32778,23.9,16.1,,,,41.60006,,,,0.25,8.0,3.0,,,21.70661,96,94,18.7744,,1.220834,C ,1.526042,C ,12.4,,,0.0,-19.17302
2018-04-26 00:00:00.0,19.66806,22.2,17.5,,,,41.60006,,,,30.25,30.0,12.25,,,23.56006,100,100,20.09237,,2.810416,S ,3.513021,C ,21.2,,,0.0,-22.90803
2018-04-27 00:00:00.0,19.29028,22.9,14.5,,,,41.60006,,,,30.25,30.25,12.25,,,21.23193,100,99,18.20652,,2.633333,S ,3.291667,C ,30.1,,,0.0,-12.78201
2018-04-28 00:00:00.0,14.99514,18.3,11.6,,,,41.60006,,,,2.5,0.75,0.25,,,15.78154,94,93,13.77201,,2.346529,S ,2.933161,C ,15.6,,,0.0,-2.572999
2018-04-29 00:00:00.0,16.6375,20.2,13.4,,,,41.60006,,,,0.0,2.0,1.25,,,19.5786,99,99,17.07412,,2.993056,S ,3.74132,C ,17.3,,,0.0,-12.94801
2018-04-30 00:00:00.0,15.30695,18.9,7.0,,,,41.60006,,,,0.25,0.25,0.25,,,13.37426,87,86,10.9207,,7.099999,S ,8.874999,C ,31.3,,,2.49,0.7469998
2018-05-01 00:00:00.0,10.33125,17.5,4.9,,,,41.60006,,,,0.0,0.0,0.0,,,11.13141,85,84,8.443538,,2.023611,S ,2.529514,C ,15.9,,,7.137997,8.548997
2018-05-02 00:00:00.0,15.31528,20.6,9.4,,,,41.60006,,,,2.0,2.0,1.25,,,17.1939,93,92,14.93548,,2.474305,S ,3.092881,C ,21.0,,,0.0,-10.375
2018-05-03 00:00:00.0,17.35555,21.8,12.5,,,,41.60006,,,,0.25,0.0,0.0,,,18.07234,96,95,15.80157,,1.9875,C ,2.484375,C ,15.6,,,0.0,-10.209
2018-05-04 00:00:00.0,14.19653,19.0,10.0,,,,41.60006,,,,4.5,2.75,1.25,,,15.22231,94,91,13.19606,,5.30139,S ,6.626737,C ,24.1,,,0.0,-2.157999
2018-05-05 00:00:00.0,13.85972,18.2,10.8,,,,41.60006,,,,0.0,2.0,1.0,,,14.18332,90,89,12.15314,,3.206945,S ,4.008681,C ,18.9,,,0.0,0.6639999
2018-05-06 00:00:00.0,17.04167,23.5,11.9,,,,41.60006,,,,0.25,0.25,0.25,,,18.50592,93,90,16.20256,,2.019444,S ,2.524305,C ,14.1,,,0.0,-11.786
2018-05-07 00:00:00.0,18.7375,23.9,15.1,,,,41.60006,,,,0.0,0.0,0.0,,,19.80243,90,87,17.32211,,3.402084,S ,4.252605,C ,24.5,,,0.0,-18.92402
2018-05-08 00:00:00.0,18.95208,21.0,17.3,,,,41.60006,,,,10.75,1.0,0.75,,,21.02483,97,97,18.28739,,1.597917,C ,1.997396,C ,15.0,,,0.0,-19.33902
2018-05-09 00:00:00.0,18.97986,22.9,16.6,,,,41.60006,,,,0.0,9.75,1.75,,,21.26455,97,95,18.45259,,2.188194,S ,2.735243,C ,14.8,,,0.0,-18.01102
2018-05-10 00:00:00.0,17.89584,22.9,13.1,,,,41.60006,,,,0.5,0.25,0.25,,,19.61469,96,92,17.08831,,1.164584,C ,1.455729,C ,10.3,,,0.0,-13.69501
2018-05-11 00:00:00.0,17.25278,21.7,11.7,,,,41.60006,,,,0.0,0.25,0.25,,,16.9618,92,90,14.79182,,6.840973,S ,8.551217,C ,25.8,,,0.0,-8.714999
2018-05-12 00:00:00.0,13.3257,21.0,8.5,,,,41.60006,,,,0.0,0.0,0.0,,,12.35488,86,86,10.02139,,3.648612,S ,4.560765,C ,21.8,,,0.332,3.319998
2018-05-13 00:00:00.0,11.32778,20.4,5.5,,,,41.60006,,,,0.25,0.0,0.0,,,12.03569,87,85,9.538383,,1.170139,C ,1.462674,C ,14.1,,,7.635996,5.810001
2018-05-14 00:00:00.0,15.21875,20.6,11.1,,,,41.60006,,,,0.25,0.5,0.25,,,17.45481,97,94,15.30111,,1.581945,C ,1.977431,C ,13.5,,,0.0,-7.802004
2018-05-15 00:00:00.0,12.45347,17.9,6.9,,,,41.60006,,,,0.25,0.0,0.0,,,10.62556,82,72,7.706419,,6.313888,S ,7.89236,C ,33.5,,,0.332,10.292
2018-05-16 00:00:00.0,9.413886,16.7,3.8,,,,41.60006,,,,0.0,0.25,0.25,,,10.45295,90,86,7.541157,,3.686806,S ,4.608507,C ,18.1,,,7.635996,15.10601
2018-05-17 00:00:00.0,8.965976,11.3,5.7,,,,41.60006,,,,2.5,2.5,0.5,,,11.61693,100,100,9.12816,,0.9409722,C ,1.176215,C ,9.0,,,1.162,
2018-05-18 00:00:00.0,11.24653,17.9,7.2,,,,41.60006,,,,0.25,0.25,0.25,,,12.82374,94,89,10.57457,,2.978472,S ,3.72309,C ,16.6,,,0.0,8.881004
2018-05-19 00:00:00.0,11.49305,16.8,6.6,,,,41.60006,,,,0.25,0.25,0.25,,,12.61702,96,99,10.26153,,9.475001,S ,11.84375,C ,33.9,,,3.153999,10.707
2018-05-20 00:00:00.0,10.75694,18.1,5.9,,,,41.60006,,,,0.75,0.0,0.0,,,11.67281,88,85,9.178348,,0.9076388,C ,1.134549,C ,8.8,,,0.498,9.295999
2018-05-21 00:00:00.0,11.91042,17.6,8.7,,,,41.60006,,,,0.0,0.75,0.5,,,12.42824,93,90,10.1053,,5.698612,S ,7.123265,C ,31.2,,,2.158,9.046999
2018-05-22 00:00:00.0,9.338891,16.9,4.4,,,,41.60006,,,,0.25,0.25,0.25,,,8.898917,79,75,5.260663,,3.833331,S ,4.791664,C ,21.0,,,11.952,13.77801
2018-05-23 00:00:00.0,8.975694,17.7,1.1,,,,41.60006,,,,0.0,0.0,0.0,,,8.9784,80,76,5.318572,,2.294444,C ,2.868055,C ,17.3,,,11.62,11.62001
2018-05-24 00:00:00.0,10.39514,20.6,2.5,,,,41.60006,,,,0.0,0.0,0.0,,,10.34819,82,80,7.269984,,1.68125,C ,2.101563,C ,10.4,,,8.299996,6.640004
2018-05-25 00:00:00.0,11.4625,19.4,5.5,,,,41.60006,,,,0.0,0.0,0.0,,,10.94177,85,79,8.248773,,2.859722,S ,3.574653,C ,21.4,,,3.817999,7.552999
2018-05-26 00:00:00.0,11.8007,20.0,6.6,,,,41.60006,,,,0.25,0.25,0.25,,,12.67838,91,89,10.35223,,2.009027,S ,2.511284,C ,15.6,,,0.664,6.391002
2018-05-27 00:00:00.0,13.33264,22.7,5.7,,,,41.60006,,,,0.25,0.0,0.0,,,14.0461,91,87,11.88832,,1.3,C ,1.625,C ,8.3,,,0.498,1.162
2018-05-28 00:00:00.0,15.1125,19.7,9.9,,,,41.60006,,,,28.5,28.75,6.25,,,18.0206,100,100,15.62153,,2.647917,S ,3.309896,C ,20.3,,,0.0,-7.802002
2018-05-29 00:00:00.0,17.02778,24.2,12.0,,,,41.60006,,,,22.75,19.5,3.0,,,19.4676,97,94,16.86535,,3.324306,S ,4.155382,C ,26.1,,,0.0,-12.86501
2018-05-30 00:00:00.0,14.23333,18.8,10.4,,,,41.60006,,,,0.0,3.25,1.75,,,14.3194,95,90,12.2303,,6.403471,S ,8.004339,C ,25.1,,,0.0,4.481999
2018-05-31 00:00:00.0,10.61389,13.6,8.8,,,,41.60006,,,,0.0,0.0,0.0,,,11.83549,94,93,9.42864,,10.68333,S ,13.35417,C ,29.3,,,0.0,10.79001
2018-06-01 00:00:00.0,8.371525,12.2,5.5,,,,41.60006,,,,0.0,0.0,0.0,,,9.635462,90,87,6.420359,,9.071527,S ,11.33941,C ,34.7,,,10.79,
2018-06-02 00:00:00.0,7.603473,12.5,3.7,,,,41.60006,,,,0.0,0.0,0.0,,,10.19985,95,92,7.173191,,7.805553,NE,9.756941,C ,26.8,,,8.465997,
2018-06-03 00:00:00.0,9.302779,11.2,8.1,,,,41.60006,,,,0.0,0.0,0.0,,,10.01551,86,83,6.987314,,2.626388,NE,3.282985,C ,14.3,,,0.0,
2018-06-04 00:00:00.0,8.778469,11.8,5.8,,,,41.60006,,,,3.25,3.0,1.25,,,10.10398,91,90,7.112461,,0.9131944,C ,1.141493,C ,7.7,,,4.315999,
2018-06-05 00:00:00.0,7.402779,12.2,4.1,,,,41.60006,,,,0.25,0.5,0.25,,,9.559672,97,92,6.246624,,1.815972,C ,2.269965,C ,10.9,,,15.60401,
2018-06-06 00:00:00.0,7.578474,14.8,1.7,,,,41.60006,,,,1.0,0.75,0.5,,,10.11803,92,90,6.946428,,3.978472,E ,4.973091,C ,24.4,,,8.465997,15.35501
2018-06-07 00:00:00.0,8.74514,11.6,4.8,,,,41.60006,,,,0.25,0.5,0.25,,,10.08959,93,96,6.942491,,11.02639,S ,13.78299,C ,40.6,,,7.303997,
2018-06-08 00:00:00.0,7.263887,14.6,1.8,,,,41.60006,,,,0.0,0.0,0.0,,,9.363369,87,85,5.791985,,4.383334,S ,5.479167,C ,29.7,,,9.461999,13.52901
2018-06-09 00:00:00.0,9.313196,15.8,3.7,,,,41.60006,,,,0.25,0.25,0.25,,,10.19426,87,85,7.11659,,2.15625,S ,2.695313,C ,12.8,,,8.465997,13.44601
2018-06-10 00:00:00.0,12.48889,16.1,9.6,,,,41.60006,,,,0.0,0.0,0.0,,,14.33933,98,98,12.27835,,1.517361,C ,1.896702,C ,10.4,,,0.0,7.304005
2018-06-11 00:00:00.0,11.45764,13.7,8.4,,,,41.60006,,,,0.25,0.0,0.0,,,13.14914,99,98,10.97671,,8.734032,S ,10.91754,C ,28.4,,,0.0,9.047004
2018-06-12 00:00:00.0,9.470141,10.6,7.8,,,,41.60006,,,,25.25,25.5,3.5,,,11.83233,100,100,9.432079,,14.42639,S ,18.03299,C ,39.5,,,0.0,
2018-06-13 00:00:00.0,8.559722,12.3,6.3,,,,41.60006,,,,0.0,0.0,0.0,,,10.03388,93,92,7.003472,,9.27986,W ,11.59983,C ,34.7,,,6.307997,
2018-06-14 00:00:00.0,6.361807,11.1,3.2,,,,41.60006,,,,1.25,1.25,0.5,,,9.079996,97,100,5.447545,,5.082637,NE,6.353296,C ,23.1,,,15.60401,
2018-06-15 00:00:00.0,4.87639,12.4,-0.1,,,,41.60006,,,,0.25,0.0,0.0,,,8.186843,93,89,3.920012,,2.105555,C ,2.631944,C ,11.7,,,16.26801,
2018-06-16 00:00:00.0,5.574305,12.4,0.8,,,,41.60006,,,,0.0,0.25,0.25,,,8.36565,91,88,4.293941,,3.365278,E ,4.206597,C ,20.3,,,16.10201,
2018-06-17 00:00:00.0,7.616668,14.4,3.3,,,,41.60006,,,,0.0,0.0,0.0,,,9.422882,89,88,6.021455,,4.381945,E ,5.477431,C ,26.2,,,11.288,17.84502
2018-06-18 00:00:00.0,9.122916,16.9,4.4,,,,41.60006,,,,0.0,0.0,0.0,,,10.40137,88,85,7.454974,,4.157639,E ,5.197048,C ,22.2,,,8.631997,13.69501
2018-06-19 00:00:00.0,10.6875,17.4,6.8,,,,41.60006,,,,0.0,0.0,0.0,,,11.50114,91,88,8.984864,,4.025694,S ,5.032118,C ,23.6,,,0.332,12.53301
2018-06-20 00:00:00.0,9.700696,17.9,4.6,,,,41.60006,,,,0.25,0.25,0.25,,,11.74129,97,93,9.085928,,1.435417,C ,1.794271,C ,11.3,,,7.303997,14.60801
2018-06-21 00:00:00.0,9.719447,14.2,4.9,,,,41.60006,,,,0.0,0.0,0.25,,,8.662868,75,69,4.567739,,10.21319,S ,12.76649,C ,40.5,,,7.635996,15.43802
2018-06-22 00:00:00.0,7.461111,16.3,1.5,,,,41.60006,,,,0.0,0.0,0.0,,,8.541447,81,77,4.532851,,4.51111,S ,5.638888,C ,33.4,,,9.129998,12.69901
2018-06-23 00:00:00.0,7.435416,12.6,3.6,,,,41.60006,,,,0.0,0.0,0.0,,,7.864067,82,78,3.319409,,11.65486,S ,14.56858,C ,42.4,,,15.60401,19.42202
2018-06-24 00:00:00.0,3.434028,10.1,-2.0,,,,41.60006,,,,0.0,0.0,0.0,,,5.286463,71,71,-2.021188,,4.61736,E ,5.7717,C ,21.1,,,18.09402,
2018-06-25 00:00:00.0,4.118055,12.7,-1.3,,,,41.60006,,,,0.0,0.0,0.0,,,6.966585,81,79,1.555665,,4.74514,S ,5.931425,C ,23.9,,,15.77001,12.53301
2018-06-26 00:00:00.0,8.629863,17.4,2.3,,,,41.60006,,,,0.0,0.0,0.0,,,9.258293,78,71,5.653555,,5.043749,S ,6.304687,C ,26.6,,,7.967996,11.537
2018-06-27 00:00:00.0,11.14444,17.2,6.6,,,,41.60006,,,,0.0,0.0,0.0,,,11.02333,83,82,8.355308,,3.952084,S ,4.940105,C ,24.1,,,0.664,11.288
2018-06-28 00:00:00.0,10.91458,18.8,4.0,,,,41.60006,,,,0.0,0.0,0.0,,,9.676578,80,80,6.414628,,1.902083,C ,2.377604,C ,12.0,,,6.805997,10.956
2018-06-29 00:00:00.0,9.73125,13.5,6.4,,,,41.60006,,,,0.0,0.0,0.0,,,12.20544,100,100,9.853616,,2.601389,S ,3.251736,C ,16.7,,,,14.02702
2018-06-30 00:00:00.0,8.211806,10.1,5.7,,,,41.60006,,,,1.25,0.0,0.0,,,10.87907,100,100,8.159725,,2.4375,S ,3.046875,C ,14.7,,,4.813998,
2018-07-01 00:00:00.0,10.66667,13.7,8.5,,,,41.60006,,,,0.5,1.5,0.75,,,13.17175,100,100,11.00692,,2.863194,S ,3.578993,C ,19.0,,,0.0,9.71101
2018-07-02 00:00:00.0,9.261806,12.7,3.0,,,,41.60006,,,,0.5,0.75,0.25,,,10.34309,96,93,7.230364,,10.69722,W ,13.37153,C ,48.3,,,7.635996,17.59602
2018-07-03 00:00:00.0,4.109028,10.5,-0.2,,,,41.60006,,,,0.0,0.0,0.0,,,7.30797,91,87,2.429476,,4.8875,NE,6.109375,C ,23.1,,,16.93201,
2018-07-04 00:00:00.0,4.984723,9.4,1.7,,,,41.60006,,,,0.0,0.0,0.0,,,8.067348,91,88,3.855346,,0.8291667,C ,1.036458,C ,7.9,,,17.26402,
2018-07-05 00:00:00.0,6.628472,10.8,4.4,,,,41.60006,,,,0.5,0.5,0.25,,,8.979933,92,89,5.397671,,1.253472,C ,1.56684,C ,11.3,,,12.61601,
2018-07-06 00:00:00.0,6.904166,11.7,2.3,,,,41.60006,,,,5.5,0.25,0.25,,,9.951271,95,95,6.72193,,3.335416,C ,4.16927,C ,23.2,,,8.631997,
2018-07-07 00:00:00.0,9.925007,11.0,8.8,,,,41.60006,,,,9.0,14.25,1.25,,,12.26059,100,100,9.970142,,8.071527,NE,10.08941,C ,23.0,,,0.0,
2018-07-08 00:00:00.0,9.55,12.7,5.9,,,,41.60006,,,,,0.0,0.0,,,11.12998,96,94,8.49821,,6.586805,NE,8.233507,C ,19.8,,,2.324,19.42202
2018-07-09 00:00:00.0,,,,,,,,,,,,,,,,,,,,,,  ,,  ,,,,,
2018-07-10 00:00:00.0,,,,,,,,,,,0.25,,,,,,,,,,,  ,,  ,,,,,
2018-07-11 00:00:00.0,7.895831,14.6,3.5,,,,41.60006,,,,0.25,0.25,0.25,,,10.36027,95,91,7.345527,,2.436111,C ,3.045139,C ,20.9,,,8.963998,17.34702
2018-07-12 00:00:00.0,9.388889,15.1,5.8,,,,41.60006,,,,0.0,0.25,0.25,,,11.4783,94,92,8.899745,,4.822916,E ,6.028645,C ,26.1,,,6.971997,13.52901
2018-07-13 00:00:00.0,11.48403,16.0,8.2,,,,41.60006,,,,0.0,0.0,0.0,,,12.67855,93,92,10.4287,,3.409721,W ,4.262152,C ,19.6,,,0.0,9.877004
2018-07-14 00:00:00.0,11.56944,16.3,8.5,,,,41.60006,,,,0.0,0.0,0.0,,,12.62922,92,94,10.26199,,4.245833,E ,5.307292,C ,21.1,,,0.0,6.889005
2018-07-15 00:00:00.0,9.086114,14.1,3.1,,,,41.60006,,,,0.0,0.0,0.0,,,9.965944,92,91,6.774174,,4.577777,C ,5.722221,C ,22.1,,,11.288,17.59602
2018-07-16 00:00:00.0,5.947221,10.4,1.8,,,,41.60006,,,,,0.0,0.0,,,8.323214,91,87,4.266205,,2.548612,C ,3.185765,C ,20.3,,,15.93601,
2018-07-17 00:00:00.0,,,,,,,,,,,11.0,,,,,,,,,,,  ,,  ,,,,,
2018-07-18 00:00:00.0,11.08308,,,,,,,,,,,,,,,,,,,,,  ,,  ,,,,,
2018-07-19 00:00:00.0,,,,,,,,,,,,,,,,,,,,,,  ,,  ,,,,,
2018-07-20 00:00:00.0,,,,,,,,,,,,,,,,,,,,,,  ,,  ,,,,,
2018-07-21 00:00:00.0,,,,,,,,,,,0.25,,,,,,,,,,,  ,,  ,,,,,
2018-07-22 00:00:00.0,7.11111,12.5,3.7,,,,41.60006,,,,0.25,0.25,0.25,,,9.463053,95,92,6.075888,,2.92986,E ,3.662325,C ,18.1,,,13.28001,
2018-07-23 00:00:00.0,5.202082,10.9,1.1,,,,41.60006,,,,0.25,0.25,0.25,,,7.408459,87,83,2.615608,,5.990973,NE,7.488716,C ,27.0,,,16.93201,
2018-07-24 00:00:00.0,3.980556,11.9,-1.2,,,,41.60006,,,,0.25,0.25,0.25,,,6.649801,84,81,1.109704,,1.400694,C ,1.750867,C ,11.3,,,17.59602,
2018-07-25 00:00:00.0,6.103471,15.7,-0.6,,,,41.60006,,,,0.0,0.0,0.0,,,9.119808,90,87,5.29302,,3.015278,E ,3.769097,C ,17.2,,,9.461999,9.379001
2018-07-26 00:00:00.0,11.34375,16.0,7.9,,,,41.60006,,,,0.0,0.0,0.0,,,13.13501,95,95,10.95926,,5.984722,E ,7.480902,C ,29.2,,,0.0,7.968007
2018-07-27 00:00:00.0,12.59445,17.4,9.3,,,,41.60006,,,,3.5,1.25,0.5,,,13.81699,94,92,11.75033,,5.939582,E ,7.424478,C ,30.3,,,0.0,5.146
2018-07-28 00:00:00.0,12.06667,13.3,11.5,,,,41.60006,,,,4.0,6.25,1.0,,,14.06945,100,100,12.04305,,8.137501,NE,10.17188,C ,24.5,,,0.0,8.798008
2018-07-29 00:00:00.0,11.72917,14.2,9.5,,,,41.60006,,,,0.25,0.25,0.25,,,13.11278,98,97,10.95194,,11.22501,NE,14.03126,C ,36.1,,,0.0,9.462008
2018-07-30 00:00:00.0,8.472917,14.5,3.7,,,,41.60006,,,,0.0,0.0,0.0,,,9.331013,90,85,5.879075,,7.614584,NE,9.51823,C ,30.3,,,12.94801,17.59602
2018-07-31 00:00:00.0,5.459723,12.4,0.1,,,,41.60006,,,,0.0,0.0,0.0,,,7.444464,85,84,2.69146,,3.622222,E ,4.527778,C ,14.5,,,16.10201,
2018-08-01 00:00:00.0,5.848609,11.8,1.4,,,,41.60006,,,,0.0,0.0,0.0,,,8.151655,88,89,3.965287,,3.004167,C ,3.755208,C ,18.1,,,15.60401,
2018-08-02 00:00:00.0,7.341669,14.5,3.3,,,,41.60006,,,,0.25,0.0,0.0,,,9.14226,90,87,5.605227,,2.193055,E ,2.741319,C ,15.9,,,13.44601,18.09402
2018-08-03 00:00:00.0,8.117362,15.2,1.2,,,,41.60006,,,,0.0,0.25,0.25,,,11.29844,97,95,8.275668,,3.023611,E ,3.779513,C ,20.6,,,8.465997,10.20901
2018-08-04 00:00:00.0,10.25347,16.8,6.0,,,,41.60006,,,,0.25,0.0,0.0,,,11.41848,93,89,8.838825,,3.715277,S ,4.644097,C ,14.9,,,2.822,14.11001
2018-08-05 00:00:00.0,10.74861,19.1,4.9,,,,41.60006,,,,0.0,0.25,0.25,,,11.45287,86,84,8.816263,,3.548611,E ,4.435764,C ,20.9,,,7.635996,8.050999
2018-08-06 00:00:00.0,12.78611,20.2,7.0,,,,41.60006,,,,0.0,0.0,0.0,,,12.55197,87,87,10.2514,,2.654166,S ,3.317708,C ,16.1,,,0.0,3.900998
2018-08-07 00:00:00.0,12.74444,17.8,9.6,,,,41.60006,,,,13.5,0.0,0.0,,,13.78627,93,92,11.69226,,2.53889,C ,3.173612,C ,19.1,,,0.0,3.817998
2018-08-08 00:00:00.0,10.7875,13.1,8.3,,,,41.60006,,,,31.25,44.75,6.75,,,12.52721,100,99,10.22737,,23.53125,S ,29.41406,C ,59.7,,,0.0,16.01902
2018-08-09 00:00:00.0,8.704167,10.9,6.8,,,,41.60006,,,,0.0,0.0,0.0,,,9.663001,88,83,6.441444,,18.05278,S ,22.56598,C ,40.1,,,2.158,
2018-08-10 00:00:00.0,9.504164,15.9,5.0,,,,41.60006,,,,0.25,0.0,0.0,,,12.3993,98,97,9.876017,,10.54653,W ,13.18316,C ,29.2,,,7.137997,13.52901
2018-08-11 00:00:00.0,11.56112,14.2,9.5,,,,41.60006,,,,0.75,1.0,0.25,,,13.93244,100,100,11.83535,,1.976389,C ,2.470486,C ,10.4,,,0.0,6.142003
2018-08-12 00:00:00.0,13.01458,14.8,12.0,,,,41.60006,,,,0.0,0.0,0.0,,,14.85511,99,99,12.85785,,1.439584,C ,1.79948,C ,10.3,,,0.0,4.814
2018-08-13 00:00:00.0,12.37639,14.2,9.9,,,,41.6,,,,,,,,,14.4552,100,100,12.4197,,,C ,,C ,14.8,,,,5.644001
2018-08-14 00:00:00.0,,,,,,,,,,,1.0,,,,,,,90,,,,  ,,  ,,,,,
2018-08-15 00:00:00.0,8.630553,15.6,2.9,,,,41.60006,,,,0.25,0.0,0.0,,,9.948386,89,87,6.799179,,1.701389,C ,2.126736,C ,13.1,,,8.299996,15.68701
2018-08-16 00:00:00.0,10.72431,17.9,5.6,,,,41.60006,,,,0.25,0.25,0.25,,,12.57043,94,90,10.18467,,3.555556,S ,4.444445,C ,20.1,,,3.319999,9.794
2018-08-17 00:00:00.0,13.52361,20.3,9.0,,,,41.60006,,,,0.25,0.25,0.25,,,14.90409,94,93,12.76227,,2.918749,S ,3.648436,C ,17.6,,,0.0,-0.9130014
2018-08-18 00:00:00.0,12.28611,16.8,9.2,,,,41.60006,,,,1.0,1.0,0.25,,,13.68499,99,99,11.47913,,8.018751,C ,10.02344,C ,35.0,,,0.0,8.881002
2018-08-19 00:00:00.0,7.78333,11.0,4.9,,,,41.60006,,,,0.5,0.5,0.25,,,9.34706,92,90,5.97578,,11.70139,W ,14.62674,C ,38.3,,,12.118,
2018-08-20 00:00:00.0,6.474306,12.4,2.8,,,,41.60006,,,,0.75,1.0,0.75,,,8.42809,90,89,4.466177,,9.281947,NE,11.60243,C ,31.8,,,14.94001,
2018-08-21 00:00:00.0,5.913194,13.6,-0.6,,,,41.60006,,,,0.75,0.75,0.25,,,8.09129,86,83,3.781273,,2.334027,C ,2.917534,C ,17.6,,,13.44601,12.11801
2018-08-22 00:00:00.0,8.67083,15.0,3.5,,,,41.60006,,,,0.25,0.25,0.25,,,10.30967,89,88,7.28805,,3.871527,E ,4.839409,C ,24.8,,,7.967996,12.86501
2018-08-23 00:00:00.0,10.73611,16.1,6.7,,,,41.60006,,,,0.0,0.0,0.0,,,12.22839,94,94,9.878362,,2.593056,C ,3.24132,C ,17.6,,,0.332,11.12201
2018-08-24 00:00:00.0,10.49931,14.3,7.5,,,,41.60006,,,,0.0,0.0,0.0,,,10.49731,87,82,7.600821,,15.32222,W ,19.15278,C ,48.4,,,3.153999,11.86901
2018-08-25 00:00:00.0,7.579862,14.0,2.5,,,,41.60006,,,,0.0,0.0,0.0,,,8.573627,85,83,4.718407,,10.41597,W ,13.01997,C ,33.7,,,13.44601,18.09402
2018-08-26 00:00:00.0,10.34792,20.4,3.9,,,,41.60006,,,,0.0,0.0,0.0,,,10.02281,77,71,6.78582,,5.530556,S ,6.913195,C ,31.5,,,7.469996,6.142003
2018-08-27 00:00:00.0,13.77222,21.5,8.4,,,,41.60006,,,,0.0,0.0,0.0,,,12.18666,77,76,9.827214,,5.561112,S ,6.95139,C ,35.1,,,0.0,-0.7470001
2018-08-28 00:00:00.0,14.72708,23.2,8.7,,,,41.60006,,,,0.0,0.0,0.0,,,13.11679,80,77,10.87695,,3.522221,S ,4.402776,C ,17.9,,,0.0,-1.909001
2018-08-29 00:00:00.0,15.40972,25.4,6.9,,,,41.60006,,,,,0.0,0.0,,,13.96699,83,80,11.76731,,4.705556,S ,5.881945,C ,31.3,,,0.332,-0.9130012
2018-08-30 00:00:00.0,10.39791,13.2,6.3,,,,41.6,,,,0.0,,0.75,,,9.919502,86,80,6.676317,,17.44097,S ,21.80121,C ,47.7,,,4.481998,14.27602
2018-08-31 00:00:00.0,5.823611,11.0,1.6,,,,41.60006,,,,0.0,0.0,0.0,,,8.122525,88,86,3.948798,,10.88334,S ,13.60417,C ,38.5,,,15.43801,
2018-09-01 00:00:00.0,7.234028,14.2,0.8,,,,41.60006,,,,0.0,0.0,0.0,,,9.007755,88,87,5.301327,,5.497917,S ,6.872396,C ,33.0,,,12.118,13.11401
2018-09-02 00:00:00.0,8.934723,18.2,1.2,,,,41.60006,,,,0.0,0.0,0.0,,,9.884945,85,82,6.54318,,1.829167,C ,2.286458,C ,13.9,,,8.465997,8.714997
2018-09-03 00:00:00.0,11.89931,20.2,5.9,,,,41.60006,,,,0.25,0.25,0.25,,,11.83846,85,80,9.352585,,1.620138,C ,2.025173,C ,12.8,,,3.485999,4.564998
2018-09-04 00:00:00.0,13.49583,21.1,7.3,,,,41.60006,,,,0.0,0.0,0.0,,,13.1883,86,83,10.98509,,4.32361,S ,5.404512,C ,21.4,,,0.0,0.4149988
2018-09-05 00:00:00.0,14.90278,23.5,8.8,,,,41.60006,,,,0.0,0.0,0.0,,,14.11919,84,83,12.03557,,3.86875,S ,4.835938,C ,20.7,,,0.0,-4.648001
2018-09-06 00:00:00.0,15.53472,24.8,9.9,,,,41.60006,,,,0.0,0.0,0.0,,,12.8279,80,73,10.55141,,3.54514,S ,4.431425,C ,19.5,,,0.166,-1.162
2018-09-07 00:00:00.0,12.5375,22.3,4.4,,,,41.60006,,,,0.0,0.0,0.0,,,9.821115,75,74,6.566097,,2.963195,S ,3.703994,C ,19.7,,,6.971997,3.900998
2018-09-08 00:00:00.0,11.26459,17.7,6.4,,,,41.60006,,,,0.0,0.0,0.0,,,11.05577,85,81,8.405301,,5.431944,S ,6.78993,C ,24.6,,,1.826,9.960005
2018-09-09 00:00:00.0,9.482639,13.7,6.4,,,,41.60006,,,,15.5,14.0,1.75,,,11.37786,95,96,8.826778,,3.728472,S ,4.660591,C ,21.1,,,1.328,13.28001
2018-09-10 00:00:00.0,11.84305,17.1,9.0,,,,41.60006,,,,0.0,1.5,0.5,,,12.46498,91,87,10.20441,,3.624305,S ,4.530381,C ,23.3,,,0.0,6.308002
2018-09-11 00:00:00.0,12.97431,20.3,8.0,,,,41.60006,,,,0.25,0.25,0.25,,,13.56048,88,88,11.40879,,3.642362,S ,4.552952,C ,21.7,,,0.0,0.4980002
2018-09-12 00:00:00.0,13.86528,16.3,12.6,,,,41.60006,,,,0.75,0.75,0.75,,,15.11269,97,97,13.12623,,1.969445,S ,2.461806,C ,13.7,,,0.0,0.332
2018-09-13 00:00:00.0,13.64305,19.6,8.2,,,,41.60006,,,,0.0,0.0,0.0,,,13.82175,91,88,11.7089,,3.171527,S ,3.964409,C ,15.4,,,0.0,0.08299921
2018-09-14 00:00:00.0,12.95555,19.9,9.6,,,,41.60006,,,,0.25,0.0,0.0,,,13.96035,91,89,11.84957,,1.879861,S ,2.349827,C ,12.1,,,0.0,0.08299924
2018-09-15 00:00:00.0,16.41111,20.8,13.4,,,,41.60006,,,,0.5,0.25,0.25,,,18.26296,95,96,16.02222,,2.651389,S ,3.314236,C ,15.7,,,0.0,-11.454
2018-09-16 00:00:00.0,16.49166,18.2,15.2,,,,41.60006,,,,0.5,1.0,0.5,,,18.67126,100,100,16.40041,,3.626388,S ,4.532985,C ,19.8,,,0.0,-7.636006
2018-09-17 00:00:00.0,17.75764,23.7,15.5,,,,41.60006,,,,0.0,0.0,0.0,,,19.06887,94,92,16.73204,,1.427083,C ,1.783854,C ,10.2,,,0.0,-11.869
2018-09-18 00:00:00.0,17.10764,23.1,13.5,,,,41.60006,,,,9.25,6.75,1.25,,,18.4866,97,96,16.14182,,3.309029,S ,4.136286,C ,39.2,,,0.0,-8.631997
2018-09-19 00:00:00.0,15.15278,19.9,12.2,,,,41.60006,,,,0.0,2.5,0.75,,,13.60184,82,77,11.47079,,6.415972,S ,8.019964,C ,30.7,,,0.0,-5.228995
2018-09-20 00:00:00.0,14.26945,22.2,7.4,,,,41.60006,,,,0.0,0.0,0.0,,,11.92834,74,70,9.448329,,3.867361,S ,4.834201,C ,17.6,,,0.0,-1.826
2018-09-21 00:00:00.0,17.20348,24.2,12.0,,,,41.60006,,,,0.0,0.0,0.0,,,15.05993,79,79,13.03225,,4.72014,S ,5.900176,C ,28.0,,,0.0,-10.126
2018-09-22 00:00:00.0,17.07639,24.0,11.7,,,,41.60006,,,,7.25,7.0,2.0,,,18.94084,94,95,16.17458,,4.696528,S ,5.87066,C ,35.7,,,0.0,-10.458
2018-09-23 00:00:00.0,15.78056,22.1,10.3,,,,41.60006,,,,0.0,0.25,0.25,,,13.85366,81,75,11.76836,,3.263888,S ,4.07986,C ,19.5,,,0.0,-4.232998
2018-09-24 00:00:00.0,14.02847,21.1,6.4,,,,41.60006,,,,,0.0,0.0,,,12.27602,80,77,9.843366,,2.602083,S ,3.252604,C ,17.7,,,0.83,0.2490008
2018-09-25 00:00:00.0,14.49792,23.3,7.3,,,,41.6,,,,,,0.0,,,12.92618,80,75,10.60761,,2.520833,S ,3.151042,C ,20.6,,,0.0,-3.236998
2018-09-26 00:00:00.0,14.63889,20.1,10.2,,,,,,,,,,0.0,,,14.16251,89,86,12.02629,,11.10348,S ,13.87934,C ,42.4,,,0.0,-1.079001
2018-09-27 00:00:00.0,12.30139,16.9,9.3,,,,41.6,,,,,,0.25,,,13.42755,91,88,11.28785,,7.171528,S ,8.964411,C ,27.2,,,0.0,2.157999
2018-09-28 00:00:00.0,14.57014,16.2,12.8,,,,41.6,,,,,,0.25,,,16.63032,98,98,14.59185,,6.031943,S ,7.539928,C ,29.5,,,0.0,-0.415
2018-09-29 00:00:00.0,16.7007,19.8,15.3,,,,41.6,,,,1.25,,0.5,,,18.55455,99,100,16.28065,,4.357638,S ,5.447048,C ,34.7,,,0.0,-9.213001
2018-09-30 00:00:00.0,15.69792,22.5,11.2,,,,41.60006,,,,1.0,1.0,0.25,,,15.05671,86,82,12.96285,,6.959028,S ,8.698786,C ,34.5,,,0.0,-4.813999
2018-10-01 00:00:00.0,12.0993,15.4,7.5,,,,41.60006,,,,0.25,0.5,0.25,,,9.964282,77,66,6.61554,,7.518751,S ,9.398439,C ,31.5,,,2.987999,11.37101
2018-10-02 00:00:00.0,11.40972,19.8,4.7,,,,41.60006,,,,0.25,0.25,0.25,,,10.17217,76,68,7.147454,,5.034028,S ,6.292535,C ,30.3,,,6.307997,5.311996
2018-10-03 00:00:00.0,12.79722,21.2,5.6,,,,41.60006,,,,0.0,0.0,0.0,,,10.67565,77,72,7.874824,,4.281945,S ,5.352431,C ,26.1,,,2.49,3.402998
2018-10-04 00:00:00.0,12.20694,21.0,4.8,,,,41.60006,,,,0.0,0.0,0.0,,,10.09043,76,67,7.069959,,9.279861,S ,11.59983,C ,33.6,,,4.481998,4.979998
2018-10-05 00:00:00.0,10.18264,16.7,3.9,,,,41.60006,,,,0.25,0.0,0.0,,,10.45602,84,79,7.555086,,3.990972,S ,4.988715,C ,15.9,,,5.643998,11.78601
2018-10-06 00:00:00.0,13.50139,21.4,6.3,,,,41.60006,,,,0.0,0.25,0.25,,,13.52679,84,81,11.26908,,3.158333,S ,3.947916,C ,19.0,,,1.162,-0.9960001
2018-10-07 00:00:00.0,17.84098,25.3,12.0,,,,41.60006,,,,0.0,0.0,0.0,,,16.63277,82,78,14.56831,,3.84236,S ,4.802951,C ,22.8,,,0.0,-11.703
2018-10-08 00:00:00.0,18.80625,28.2,13.1,,,,41.60006,,,,1.5,1.25,0.5,,,19.92784,92,86,17.15403,,4.699305,S ,5.874131,C ,38.3,,,0.0,-12.03501
2018-10-09 00:00:00.0,15.51875,21.1,10.6,,,,41.60006,,,,0.5,0.5,0.25,,,11.6604,73,64,9.090368,,7.755557,S ,9.694446,C ,28.5,,,0.0,-3.734995
2018-10-10 00:00:00.0,11.4882,16.7,4.7,,,,41.60006,,,,0.0,0.25,0.25,,,9.357827,75,70,5.930587,,9.293751,S ,11.61719,C ,33.7,,,5.643998,9.627997
2018-10-11 00:00:00.0,9.713193,16.7,3.3,,,,41.60006,,,,0.0,0.0,0.0,,,9.846984,80,76,6.667467,,2.889583,S ,3.611979,C ,18.1,,,6.805997,10.707
2018-10-12 00:00:00.0,12.66667,18.0,10.2,,,,41.60006,,,,0.0,0.0,0.0,,,12.59454,87,86,10.36502,,1.838889,S ,2.298611,C ,12.5,,,0.0,5.395001
2018-10-13 00:00:00.0,16.14445,25.0,8.9,,,,41.60006,,,,0.0,0.0,0.0,,,12.63003,72,65,10.25691,,3.81736,S ,4.7717,C ,21.7,,,0.0,-7.469999
2018-10-14 00:00:00.0,18.69791,26.4,11.7,,,,41.60006,,,,0.0,0.0,0.0,,,15.53615,73,66,13.48414,,5.949305,S ,7.436631,C ,40.1,,,0.0,-13.77801
2018-10-15 00:00:00.0,20.38958,29.3,12.6,,,,41.60006,,,,0.0,0.0,0.0,,,17.96604,76,67,15.74222,,4.139584,S ,5.17448,C ,24.9,,,0.0,-16.51702
2018-10-16 00:00:00.0,20.78611,27.9,11.3,,,,41.60006,,,,0.0,0.0,0.0,,,18.24632,78,68,16.00737,,2.169445,S ,2.711806,C ,22.2,,,0.0,-16.76602
2018-10-17 00:00:00.0,18.65208,23.1,14.7,,,,41.60006,,,,0.0,0.0,0.0,,,19.02649,92,93,16.66024,,3.551389,S ,4.439236,C ,19.1,,,0.0,-13.36301
2018-10-18 00:00:00.0,15.93055,23.0,11.7,,,,41.60006,,,,0.0,0.0,0.0,,,15.37335,90,85,13.28083,,13.52222,S ,16.90278,C ,40.1,,,0.0,-4.398993
2018-10-19 00:00:00.0,12.87916,18.4,8.6,,,,41.60006,,,,0.0,0.0,0.0,,,12.38791,86,82,10.10784,,9.185415,S ,11.48177,C ,31.6,,,0.0,4.481998
2018-10-20 00:00:00.0,12.59653,19.2,7.2,,,,41.60006,,,,0.0,0.0,0.0,,,11.99187,81,75,9.569277,,2.583333,S ,3.229166,C ,18.3,,,0.0,2.738999
2018-10-21 00:00:00.0,15.9618,21.2,11.8,,,,41.60006,,,,0.0,0.0,0.0,,,15.3965,85,78,13.40326,,2.165278,S ,2.706598,C ,17.3,,,0.0,-8.632
2018-10-22 00:00:00.0,16.82639,23.6,10.3,,,,41.60006,,,,0.0,0.0,0.0,,,12.95453,75,73,10.54513,,8.316668,S ,10.39583,C ,30.0,,,0.0,-6.805996
2018-10-23 00:00:00.0,11.28264,16.1,7.7,,,,41.60006,,,,0.0,0.0,0.0,,,10.47165,80,75,7.630992,,8.876391,S ,11.09549,C ,26.4,,,0.0,11.03901
2018-10-24 00:00:00.0,11.62778,16.8,8.1,,,,41.60006,,,,,5.5,2.25,,,13.21702,92,89,10.94613,,2.86875,S ,3.585937,C ,17.0,,,0.0,4.730999
2018-10-25 00:00:00.0,14.71736,19.6,12.1,,,,41.6,,,,,,0.5,,,15.53649,93,91,13.53724,,4.03264,S ,5.0408,C ,20.3,,,0.0,-3.236999
2018-10-26 00:00:00.0,15.29236,19.8,12.2,,,,,,,,,,0.0,,,15.64812,91,91,13.64508,,4.96875,S ,6.210937,C ,20.1,,,0.0,-5.809997
2018-10-27 00:00:00.0,15.17986,22.9,9.0,,,,41.6,,,,,,0.25,,,14.78913,86,84,12.68123,,1.740973,S ,2.176216,C ,12.4,,,0.0,-6.889
2018-10-28 00:00:00.0,17.28472,24.2,13.1,,,,41.6,,,,,,0.25,,,17.4618,87,87,15.34127,,1.560416,C ,1.950521,C ,14.0,,,0.0,-13.44601
2018-10-29 00:00:00.0,20.86084,26.8,16.6,,,,,,,,,,0.0,,,20.13882,83,79,17.59973,,1.703496,C ,2.129371,C ,20.9,,,0.0,-20.08602
2018-10-30 00:00:00.0,18.30973,20.4,16.8,,,,,,,,,,0.0,,,20.66871,99,99,18.00994,,0.8430555,C ,1.053819,C ,10.7,,,0.0,-17.34702
2018-10-31 00:00:00.0,14.86806,17.5,10.5,,,,,,,,,,0.0,,,14.01674,89,83,11.67664,,11.12986,C ,13.91233,C ,44.5,,,0.0,1.909
2018-11-01 00:00:00.0,10.18889,16.1,3.3,,,,,,,,,,0.0,,,9.601597,79,71,6.337041,,5.043056,S ,6.30382,C ,114.9,,,5.975997,12.11801
2018-11-02 00:00:00.0,10.20555,13.5,8.8,,,,,,,,,,0.0,,,12.08459,95,93,9.723536,,0.9965277,C ,1.24566,C ,18.3,,,0.0,12.45001
2018-11-03 00:00:00.0,16.14375,24.8,10.0,,,,,,,,,,0.0,,,16.92085,89,88,14.76348,,4.467362,S ,5.584202,C ,21.8,,,0.0,-8.881002
2018-11-04 00:00:00.0,20.49097,27.9,15.4,,,,,,,,,,0.0,,,19.76641,83,77,17.28036,,2.18125,S ,2.726563,C ,12.4,,,0.0,-17.59602
2018-11-05 00:00:00.0,19.55833,26.0,16.2,,,,,,,,,,0.0,,,18.92609,85,80,16.46886,,4.214584,S ,5.26823,C ,22.0,,,0.0,-16.26801
2018-11-06 00:00:00.0,16.08542,23.4,8.6,,,,,,,,,,0.0,,,12.01615,75,64,9.572968,,6.03125,S ,7.539062,C ,35.4,,,0.166,-3.402997
2018-11-07 00:00:00.0,13.76667,23.2,4.5,,,,,,,,,,0.0,,,12.36531,77,70,9.804639,,1.952083,C ,2.440104,C ,18.9,,,5.643998,-3.236999
2018-11-08 00:00:00.0,19.43819,27.6,13.0,,,,,,,,,,0.0,,,18.23181,79,73,15.92855,,3.00625,S ,3.757813,C ,25.1,,,0.0,-16.10201
2018-11-09 00:00:00.0,23.99027,33.1,16.8,,,,,,,,,,0.0,,,24.49644,82,77,20.63902,,3.966667,S ,4.958333,C ,49.9,,,0.0,-21.33102
2018-11-10 00:00:00.0,20.29931,23.7,18.7,,,,,,,,,,0.0,,,22.70407,98,96,19.50053,,2.741666,S ,3.427082,C ,21.7,,,0.0,-22.41003
2018-11-11 00:00:00.0,18.70069,20.2,16.7,,,,,,,,,,0.0,,,21.75093,100,100,18.82765,,6.599306,S ,8.249132,C ,32.0,,,0.0,-21.99503
2018-11-12 00:00:00.0,20.09861,23.1,18.3,,,,,,,,,,0.0,,,24.12954,100,99,20.47681,,4.288193,S ,5.360241,C ,22.6,,,0.0,-23.90403
2018-11-13 00:00:00.0,20.98611,25.2,18.4,,,,,,,,,,0.0,,,23.89457,99,100,20.2915,,5.514584,S ,6.893229,C ,24.5,,,0.0,-22.07803
2018-11-14 00:00:00.0,18.7743,23.4,16.0,,,,,,,,,,0.0,,,17.6245,85,80,15.45543,,10.39097,S ,12.98871,C ,46.8,,,0.0,-15.52101
2018-11-15 00:00:00.0,17.36945,23.2,12.6,,,,,,,,,,0.0,,,13.7463,74,63,11.47657,,10.90833,S ,13.63541,C ,39.0,,,0.0,-8.216997
2018-11-16 00:00:00.0,13.45972,21.5,5.8,,,,,,,,,,0.0,,,10.74233,69,62,7.916759,,2.39375,S ,2.992188,C ,18.6,,,2.987999,-1.660001
2018-11-17 00:00:00.0,16.67083,22.0,13.9,,,,,,,,,,0.0,,,17.37275,92,92,15.18424,,5.945834,S ,7.432292,C ,34.8,,,0.0,-7.718995
2018-11-18 00:00:00.0,16.38889,23.6,10.5,,,,,,,,,,0.0,,,13.66803,72,69,11.52798,,7.243055,S ,9.05382,C ,31.2,,,0.0,-9.628002
2018-11-19 00:00:00.0,20.32587,27.8,12.8,,,,,,,,,,0.0,,,16.42897,71,62,14.36742,,3.530769,S ,4.413461,C ,21.1,,,0.0,-16.84902
2018-11-20 00:00:00.0,22.73195,29.8,16.0,,,,,,,,,,0.0,,,20.49012,73,68,17.76035,,3.755554,S ,4.694443,C ,27.1,,,0.0,-21.24802
2018-11-21 00:00:00.0,25.20417,32.1,18.7,,,,,,,,,,0.0,,,23.17817,72,67,19.78572,,3.515972,S ,4.394966,C ,24.0,,,0.0,-23.90403
2018-11-22 00:00:00.0,18.57013,24.8,12.0,,,,,,,,,,0.0,,,17.28775,89,86,14.87282,,10.67986,S ,13.34983,C ,32.7,,,0.0,-7.801995
2018-11-23 00:00:00.0,14.46667,20.5,9.0,,,,,,,,,,0.0,,,13.87076,85,81,11.77746,,9.590277,S ,11.98785,C ,32.4,,,0.0,-4.481997
2018-11-24 00:00:00.0,15.04097,21.3,9.3,,,,,,,,,,0.0,,,13.06778,81,76,10.89477,,6.780557,S ,8.475697,C ,26.6,,,0.0,-4.813995
2018-11-25 00:00:00.0,16.72709,28.0,7.3,,,,,,,,,,0.0,,,15.38181,77,64,13.15496,,2.545833,S ,3.182291,C ,21.1,,,0.0,-8.466
2018-11-26 00:00:00.0,21.48333,29.9,13.8,,,,,,,,,,0.0,,,17.24903,71,58,15.08944,,1.965972,S ,2.457466,C ,15.1,,,0.0,-17.34702
2018-11-27 00:00:00.0,21.30347,27.9,14.9,,,,,,,,,,0.0,,,17.77492,73,63,15.59192,,2.516667,S ,3.145833,C ,20.7,,,0.0,-19.67102
2018-11-28 00:00:00.0,20.3375,25.1,17.5,,,,,,,,,,0.0,,,18.24966,80,80,16.0281,,4.00625,S ,5.007813,C ,21.8,,,0.0,-19.00702
2018-11-29 00:00:00.0,18.56041,24.4,13.0,,,,,,,,,,0.0,,,18.74487,87,82,16.44393,,3.0125,S ,3.765625,C ,24.2,,,0.0,-15.85301
2018-11-30 00:00:00.0,20.47709,28.1,13.8,,,,,,,,,,0.0,,,19.67145,82,76,17.23267,,4.249641,S ,5.312051,C ,37.0,,,0.0,-14.94001
2018-12-01 00:00:00.0,,18.0,15.3,,,,,,,,,,0.0,,,,,,,,,C ,,C ,,,,,
2018-12-02 00:00:00.0,,,,,,,,,,,,,0.0,,,,,,,,,C ,,C ,,,,,
2018-12-03 00:00:00.0,,,,,,,,,,,,,0.0,,,,,,,,,C ,,C ,,,,,
2018-12-04 00:00:00.0,,,,,,,,,,,,,0.0,,,,,,,,,C ,,C ,,,,,
2018-12-05 00:00:00.0,,,,,,,,,,,,,0.0,,,,,,,,,C ,,C ,,,,,
2018-12-06 00:00:00.0,,,,,,,,,,,,,0.0,,,,,,,,,C ,,C ,,,,,
2018-12-07 00:00:00.0,,,,,,,,,,,,,0.0,,,,,,,,,C ,,C ,,,,,
2018-12-08 00:00:00.0,,,,,,,,,,,,,0.0,,,,,,,,,C ,,C ,,,,,
2018-12-09 00:00:00.0,,,,,,,,,,,,,0.0,,,,,,,,,C ,,C ,,,,,
2018-12-10 00:00:00.0,,,,,,,,,,,,,0.0,,,,,,,,,C ,,C ,,,,,
2018-12-11 00:00:00.0,,,,,,,,,,,,,0.0,,,,,,,,,C ,,C ,,,,,
2018-12-12 00:00:00.0,,,,,,,,,,,,,0.0,,,,,,,,,C ,,C ,,,,,
2018-12-13 00:00:00.0,,,,,,,,,,,,,0.0,,,,,,,,,C ,,C ,,,,,
2018-12-14 00:00:00.0,,,,,,,,,,,,,0.0,,,,,,,,,C ,,C ,,,,,
2018-12-15 00:00:00.0,,,,,,,,,,,,,0.0,,,,,,,,,C ,,C ,,,,,
2018-12-16 00:00:00.0,,,,,,,,,,,,,0.0,,,,,,,,,C ,,C ,,,,,
2018-12-17 00:00:00.0,,,,,,,,,,,,,0.0,,,,,,,,,C ,,C ,,,,,
2018-12-18 00:00:00.0,,,,,,,,,,,,,0.0,,,,,,,,,C ,,C ,,,,,
2018-12-19 00:00:00.0,,,,,,,,,,,,,0.0,,,,,,,,,C ,,C ,,,,,
2018-12-20 00:00:00.0,,,,,,,,,,,,,0.0,,,,,,,,,C ,,C ,,,,,
2018-12-21 00:00:00.0,,,,,,,,,,,,,0.0,,,,,,,,,C ,,C ,,,,,
2018-12-22 00:00:00.0,,,,,,,,,,,,,0.0,,,,,,,,,C ,,C ,,,,,
2018-12-23 00:00:00.0,,,,,,,,,,,,,0.0,,,,,,,,,C ,,C ,,,,,
2018-12-24 00:00:00.0,,,,,,,,,,,,,0.0,,,,,,,,,C ,,C ,,,,,
2018-12-25 00:00:00.0,,,,,,,,,,,,,0.0,,,,,,,,,C ,,C ,,,,,
2018-12-26 00:00:00.0,,,,,,,,,,,,,0.0,,,,,,,,,C ,,C ,,,,,
2018-12-27 00:00:00.0,,31.7,21.3,,,,23.95,,,,,,0.0,,,,,51,,,,S ,,C ,23.3,,,,
2018-12-28 00:00:00.0,22.11389,29.4,14.0,,,,23.0757,,,,,0.0,0.0,,,18.5125,74,65,16.23933,,3.436806,S ,4.296008,C ,18.0,,,0.0,-19.09002
2018-12-29 00:00:00.0,22.44028,30.1,16.9,,,,22.05,,,,,,2.25,,,25.68238,90,89,21.43153,,3.559442,S ,4.449303,C ,35.7,,,0.0,-22.49303
2018-12-30 00:00:00.0,,26.4,18.2,,,,22.65,,,,,,7.75,,,,,64,,,,S ,,C ,33.6,,,,
2018-12-31 00:00:00.0,20.50834,28.9,13.2,,,,22.75,,,,,,0.25,,,17.42637,74,63,15.28961,,2.161111,S ,2.701389,C ,17.2,,,0.0,-17.84502
2019-01-01 00:00:00.0,23.1389,30.4,18.6,,,,22.5,,,,,,0.5,,,26.76517,92,92,22.12025,,3.028472,S ,3.78559,C ,25.5,,,0.0,-23.90403
2019-01-02 00:00:00.0,23.01163,28.9,20.8,,,,23.1,,,,,,0.25,,,29.08431,94,62,24.15081,,5.649612,S ,7.062016,C ,36.6,,,,-20.66702
2019-01-03 00:00:00.0,18.95764,24.7,11.3,,,,21.6,,,,,,0.25,,,13.89702,69,61,11.75827,,5.456944,S ,6.82118,C ,25.4,,,0.0,-13.19701
2019-01-04 00:00:00.0,21.60347,29.6,14.8,,,,21.5,,,,,,0.0,,,16.49468,66,56,14.36274,,2.266666,S ,2.833333,C ,16.1,,,0.0,-18.17702
2019-01-05 00:00:00.0,24.34167,31.5,17.9,,,,,,,,,,0.0,,,20.91503,72,60,18.18661,,2.865278,S ,3.581597,C ,34.7,,,0.0,-23.65503
2019-01-06 00:00:00.0,24.25902,30.4,19.0,,,,,,,,,,0.0,,,25.47769,83,81,21.36075,,2.539584,S ,3.17448,C ,16.4,,,0.0,-23.90403
2019-01-07 00:00:00.0,22.95278,26.3,19.9,,,,23.15,,,,,,3.5,,,26.36332,96,98,21.91908,,2.886806,S ,3.608508,C ,16.5,,,0.0,-23.90403
2019-01-08 00:00:00.0,23.64792,29.9,16.8,,,,22.9,,,,,,0.5,,,18.36286,67,58,16.07949,,4.340277,S ,5.425346,C ,21.7,,,0.0,-22.57603
2019-01-09 00:00:00.0,,26.1,15.7,,,,22.25,,,,,,1.5,,,,,55,,,,S ,,C ,32.8,,,,
2019-01-10 00:00:00.0,16.59027,20.1,10.8,,,,20.5,,,,,,0.25,,,16.21423,92,89,14.03483,,6.270832,S ,7.83854,C ,36.6,,,0.0,-6.971996
2019-01-11 00:00:00.0,16.34722,25.9,8.1,,,,19.95069,,,,0.0,0.0,0.0,,,13.55102,73,61,11.36693,,1.860417,C ,2.325521,C ,14.5,,,0.0,-8.548997
2019-01-12 00:00:00.0,21.45417,30.4,12.7,,,,21.19723,,,,0.0,0.0,0.0,,,19.33252,75,66,16.83817,,2.289584,S ,2.86198,C ,19.0,,,0.0,-17.84502
2019-01-13 00:00:00.0,21.65556,28.2,18.5,,,,22.05282,,,,,1.5,1.5,,,23.17629,90,85,19.84787,,2.567361,C ,3.209201,C ,20.0,,,0.0,-23.90403
2019-01-14 00:00:00.0,23.40556,29.1,19.3,,,,22.15,,,,,,0.0,,,22.46822,80,73,19.33194,,3.715279,S ,4.644098,C ,20.6,,,0.0,-23.90403
2019-01-15 00:00:00.0,22.36666,28.3,17.4,,,,,,,,,,0.0,,,22.28438,86,83,19.19789,,2.200694,S ,2.750868,C ,16.2,,,0.0,-21.99503
2019-01-16 00:00:00.0,22.36667,32.2,14.8,,,,22.1,,,,,,0.0,,,21.74376,82,73,18.69715,,4.872917,S ,6.091146,C ,29.0,,,0.0,-18.75802
2019-01-17 00:00:00.0,18.73056,22.6,14.6,,,,22.62128,,,,0.0,0.25,0.25,,,15.76458,79,72,13.69077,,9.421526,S ,11.77691,C ,29.1,,,0.0,-13.69501
2019-01-18 00:00:00.0,16.63056,23.7,11.1,,,,21.41805,,,,0.0,0.0,0.0,,,15.25187,81,76,13.24985,,3.009722,S ,3.762152,C ,17.2,,,0.0,-8.050999
2019-01-19 00:00:00.0,19.12708,27.6,10.0,,,,21.40903,,,,0.0,0.0,0.0,,,15.2636,72,63,13.20602,,1.766667,S ,2.208333,C ,16.3,,,0.0,-12.61601
2019-01-20 00:00:00.0,20.45347,29.2,12.3,,,,21.79167,,,,0.0,0.0,0.0,,,18.3,77,69,15.99866,,2.386111,S ,2.982638,C ,20.6,,,0.0,-17.01501
2019-01-21 00:00:00.0,23.16251,30.6,16.5,,,,22.19028,,,,0.0,0.0,0.0,,,22.68084,80,74,19.45507,,3.445138,S ,4.306423,C ,25.0,,,0.0,-21.16502
2019-01-22 00:00:00.0,25.39999,34.2,17.4,,,,23.2,,,,,,0.0,,,,,41,,,,S ,,C ,21.6,,,,
2019-01-23 00:00:00.0,,27.3,13.5,,,,22.9,,,,0.0,,0.0,,,,,57,,,,S ,,C ,24.7,,,,
2019-01-24 00:00:00.0,23.30833,30.8,16.9,,,,23.02917,,,,,0.0,0.0,,,22.10376,77,71,19.04327,,3.847917,S ,4.809896,C ,26.8,,,0.0,-21.16502
2019-01-25 00:00:00.0,22.50972,25.7,20.0,,,,23.15,,,,,,0.5,,,26.19421,96,96,21.83151,,2.5375,S ,3.171875,C ,21.9,,,0.0,-23.90403
2019-01-26 00:00:00.0,24.10278,30.2,20.7,,,,22.7,,,,,,0.0,,,26.93072,91,87,22.24395,,5.981249,S ,7.476562,C ,25.0,,,0.0,-23.90403
2019-01-27 00:00:00.0,24.60556,31.8,20.2,,,,23.85,,,,0.25,,0.25,,,28.97575,91,90,23.4475,,2.410417,S ,3.013021,C ,14.0,,,0.0,-23.90403
2019-01-28 00:00:00.0,28.58403,35.9,22.4,,,,24.89652,,,,0.0,0.0,0.0,,,32.44597,82,80,25.35898,,2.73125,S ,3.414063,C ,17.1,,,0.0,-23.90403
2019-01-29 00:00:00.0,28.57847,33.2,22.9,,,,25.65,,,,,,0.75,,,31.95568,86,75,25.08291,,2.678472,S ,3.34809,C ,30.8,,,0.0,-23.90403
2019-01-30 00:00:00.0,26.39028,33.7,20.6,,,,25.7,,,,,,0.25,,,24.01177,77,70,20.042,,7.561807,S ,9.452258,C ,30.9,,,0.0,-22.74203
2019-01-31 00:00:00.0,20.3882,28.6,11.5,,,,23.93473,,,,0.0,0.0,0.0,,,19.5726,81,75,16.97165,,2.440278,S ,3.050348,C ,18.9,,,0.0,-15.85301
2019-02-01 00:00:00.0,23.73333,29.6,19.1,,,,24.1861,,,,0.0,0.0,0.0,,,20.36965,76,69,17.56278,,3.745833,S ,4.682292,C ,28.2,,,0.0,-21.08202
2019-02-02 00:00:00.0,17.79236,23.5,12.3,,,,22.98472,,,,0.0,0.0,0.0,,,14.39046,78,69,12.33307,,7.547915,S ,9.434893,C ,36.2,,,0.0,-9.794
2019-02-03 00:00:00.0,16.375,25.2,8.1,,,,21.84722,,,,0.0,0.0,0.0,,,13.62688,75,69,11.46589,,2.052778,S ,2.565973,C ,15.5,,,0.0,-7.137998
2019-02-04 00:00:00.0,19.18125,28.8,9.8,,,,21.88264,,,,0.0,0.0,0.0,,,16.04732,74,63,13.94335,,1.315278,C ,1.644097,C ,18.9,,,0.0,-12.86501
2019-02-05 00:00:00.0,22.08472,30.7,14.6,,,,22.37708,,,,0.0,0.0,0.0,,,18.96087,75,65,16.62132,,1.403472,C ,1.75434,C ,16.8,,,0.0,-17.34702
2019-02-06 00:00:00.0,23.25972,31.5,15.3,,,,22.90486,,,,0.0,0.0,0.0,,,20.64782,75,66,17.95077,,1.932638,S ,2.415798,C ,18.2,,,0.0,-20.00302
2019-02-07 00:00:00.0,25.12084,32.3,19.1,,,,23.47361,,,,0.0,0.0,0.0,,,23.35915,75,66,19.92825,,1.653472,C ,2.066841,C ,17.3,,,0.0,-23.90403
2019-02-08 00:00:00.0,23.57639,27.6,19.4,,,,23.6757,,,,0.0,0.0,0.0,,,23.42222,86,81,19.93878,,4.447222,S ,5.559027,C ,22.9,,,0.0,-22.24403
2019-02-09 00:00:00.0,22.12501,33.1,11.5,,,,23.21181,,,,0.0,0.0,0.0,,,19.4848,74,69,16.81446,,1.825694,C ,2.282118,C ,17.1,,,0.0,-15.52101
2019-02-10 00:00:00.0,25.8618,35.2,18.1,,,,23.85417,,,,0.0,0.0,0.0,,,24.26468,77,70,20.53065,,5.836111,S ,7.295139,C ,29.0,,,0.0,-23.90403
2019-02-11 00:00:00.0,18.26875,23.5,14.0,,,,22.69168,,,,0.0,0.0,0.0,,,15.06855,79,71,12.98722,,10.67153,S ,13.33941,C ,37.3,,,0.0,-11.288
2019-02-12 00:00:00.0,15.21528,23.7,6.5,,,,21.00834,,,,0.0,0.0,0.0,,,11.69837,71,60,9.227583,,5.207638,S ,6.509547,C ,26.3,,,0.83,-4.066998
2019-02-13 00:00:00.0,17.27143,27.0,8.5,,,,20.9,,,,,,0.0,,,14.55234,70,39,12.22272,,2.239394,C ,2.799242,C ,20.3,,,,-8.3
2019-02-14 00:00:00.0,19.6382,25.6,14.8,,,,21.1493,,,,0.0,0.0,0.0,,,16.77247,76,69,14.69337,,1.451389,C ,1.814237,C ,13.8,,,0.0,-15.02301
2019-02-15 00:00:00.0,22.26181,33.4,13.3,,,,21.48125,,,,0.0,0.0,0.0,,,18.01974,69,63,15.79076,,2.079168,C ,2.598959,C ,19.0,,,0.0,-17.01502
2019-02-16 00:00:00.0,25.29097,34.7,16.8,,,,22.62153,,,,0.0,0.0,0.0,,,20.01815,67,57,17.50279,,2.381944,S ,2.97743,C ,15.7,,,0.0,-22.65903
2019-02-17 00:00:00.0,24.37708,33.7,14.6,,,,22.9868,,,,0.0,0.0,0.0,,,21.10399,73,68,18.26272,,2.024305,S ,2.530382,C ,17.6,,,0.0,-20.00302
2019-02-18 00:00:00.0,26.39584,34.8,20.6,,,,23.70214,,,,,3.25,2.0,,,24.36714,74,65,20.63906,,3.195139,S ,3.993923,C ,42.3,,,0.0,-23.90403
2019-02-19 00:00:00.0,25.12083,33.4,18.5,,,,24.1,,,,,,0.75,,,25.83767,83,78,21.5526,,2.356944,S ,2.94618,C ,20.7,,,0.0,-23.90403
2019-02-20 00:00:00.0,27.00208,36.5,19.2,,,,24.1,,,,,,0.0,,,22.95454,68,58,19.61608,,3.325693,S ,4.157117,C ,25.2,,,0.0,-23.90403
2019-02-21 00:00:00.0,25.675,32.7,19.4,,,,24.1,,,,,,0.75,,,31.33528,86,83,25.59222,,2.954762,S ,3.693453,C ,36.4,,,,-21.24802
2019-02-22 00:00:00.0,23.47916,28.0,21.1,,,,24.4,,,,,,0.25,,,25.55697,92,91,21.42817,,4.359721,S ,5.449652,C ,27.5,,,0.0,-23.90403
2019-02-23 00:00:00.0,22.23845,28.4,17.0,,,,,,,,,,,,,,,,,,,  ,,  ,,,,,
2019-02-27 00:00:00.0,,,,,,,,,,,,,,,,,,,,,,  ,,  ,,,,,
2019-02-28 00:00:00.0,15.48125,24.1,7.6,,,,19.42848,,,,0.0,0.0,0.0,,,13.96842,80,78,11.85203,,2.543056,S ,3.17882,C ,17.9,,,0.0,-5.644
2019-03-01 00:00:00.0,19.75694,31.8,12.2,,,,20.05,,,,,,0.25,,,18.54897,80,74,16.12278,,4.430556,S ,5.538195,C ,34.5,,,0.0,-13.86101
2019-03-02 00:00:00.0,19.0875,24.5,15.8,,,,20.25,,,,,,0.25,,,16.03898,77,74,14.03824,,8.540277,S ,10.67535,C ,33.0,,,0.0,-15.18901
2019-03-03 00:00:00.0,18.58959,27.9,8.5,,,,20.02569,,,,0.5,0.25,0.25,,,17.56794,81,77,15.30261,,2.120834,S ,2.651042,C ,19.1,,,0.0,-13.52901
2019-03-04 00:00:00.0,20.58403,27.4,16.9,,,,20.7,,,,,,0.25,,,22.05423,91,91,19.02569,,3.289584,S ,4.11198,C ,37.9,,,0.0,-21.16502
2019-03-05 00:00:00.0,22.45417,31.1,15.6,,,,21.6,,,,,,0.25,,,20.61967,78,73,17.93737,,1.555555,C ,1.944444,C ,14.5,,,0.0,-20.41802
2019-03-06 00:00:00.0,23.85,31.2,19.0,,,,21.65,,,,,,0.0,,,25.83099,86,85,21.57268,,2.486111,S ,3.107638,C ,21.9,,,0.0,-23.90403
2019-03-07 00:00:00.0,25.02735,32.9,19.7,,,,23.0,,,,,,0.25,,,,,51,,,,S ,,C ,45.2,,,,
2019-03-08 00:00:00.0,,18.6,15.7,,,,,,,,,,0.0,,,,,,,,,S ,,C ,21.3,,,,
2019-03-09 00:00:00.0,,,,,,,,,,,,,0.0,,,,,,,,,C ,,C ,,,,,
2019-03-10 00:00:00.0,,,,,,,,,,,,,0.0,,,,,,,,,C ,,C ,,,,,
2019-03-11 00:00:00.0,,,,,,,,,,,,,0.0,,,,,,,,,C ,,C ,,,,,
2019-03-12 00:00:00.0,,,,,,,,,,,,,0.0,,,,,,,,,C ,,C ,,,,,
2019-03-13 00:00:00.0,,,,,,,,,,,,,0.0,,,,,,,,,C ,,C ,,,,,
2019-03-14 00:00:00.0,,,,,,,,,,,,,0.0,,,,,,,,,C ,,C ,,,,,
2019-03-15 00:00:00.0,,,,,,,,,,,,,0.0,,,,,,,,,C ,,C ,,,,,
2019-03-16 00:00:00.0,,,,,,,,,,,,,0.0,,,,,,,,,C ,,C ,,,,,
2019-03-17 00:00:00.0,,,,,,,,,,,,,0.0,,,,,,,,,C ,,C ,,,,,
2019-03-18 00:00:00.0,,,,,,,,,,,,,0.0,,,,,,,,,C ,,C ,,,,,
2019-03-19 00:00:00.0,,,,,,,,,,,,,0.0,,,,,,,,,C ,,C ,,,,,
2019-03-20 00:00:00.0,,,,,,,,,,,,,0.0,,,,,,,,,C ,,C ,,,,,
2019-03-21 00:00:00.0,,,,,,,,,,,,,0.0,,,,,,,,,C ,,C ,,,,,
2019-03-22 00:00:00.0,,,,,,,,,,,,,0.0,,,,,,,,,C ,,C ,,,,,
2019-03-23 00:00:00.0,,,,,,,,,,,,,0.0,,,,,,,,,C ,,C ,,,,,
2019-03-24 00:00:00.0,,,,,,,,,,,,,0.0,,,,,,,,,C ,,C ,,,,,
2019-03-25 00:00:00.0,,,,,,,,,,,,,0.0,,,,,,,,,C ,,C ,,,,,
2019-03-26 00:00:00.0,,,,,,,,,,,,,0.0,,,,,,,,,C ,,C ,,,,,
2019-03-27 00:00:00.0,,,,,,,,,,,,,0.0,,,,,,,,,C ,,C ,,,,,
2019-03-28 00:00:00.0,,,,,,,,,,,,,0.0,,,,,,,,,C ,,C ,,,,,
2019-03-29 00:00:00.0,,,,,,,,,,,,,0.0,,,,,,,,,C ,,C ,,,,,
2019-03-30 00:00:00.0,,,,,,,,,,,,,0.0,,,,,,,,,C ,,C ,,,,,
2019-03-31 00:00:00.0,,,,,,,,,,,,,0.0,,,,,,,,,C ,,C ,,,,,
2019-04-01 00:00:00.0,,,,,,,,,,,,,0.0,,,,,,,,,C ,,C ,,,,,
2019-04-02 00:00:00.0,,,,,,,,,,,,,0.0,,,,,,,,,C ,,C ,,,,,
2019-04-03 00:00:00.0,,,,,,,,,,,,,0.0,,,,,,,,,C ,,C ,,,,,
2019-04-04 00:00:00.0,,,,,,,,,,,,,0.0,,,,,,,,,C ,,C ,,,,,
2019-04-05 00:00:00.0,,,,,,,,,,,,,0.0,,,,,,,,,C ,,C ,,,,,
2019-04-06 00:00:00.0,,,,,,,,,,,,,0.0,,,,,,,,,C ,,C ,,,,,
2019-04-07 00:00:00.0,,,,,,,,,,,,,0.0,,,,,,,,,C ,,C ,,,,,
2019-04-08 00:00:00.0,,,,,,,,,,,,,0.0,,,,,,,,,C ,,C ,,,,,
2019-04-09 00:00:00.0,,,,,,,,,,,,,0.0,,,,,,,,,C ,,C ,,,,,
2019-04-10 00:00:00.0,,,,,,,,,,,,,0.0,,,,,,,,,C ,,C ,,,,,
2019-04-11 00:00:00.0,,,,,,,,,,,,,0.0,,,,,,,,,C ,,C ,,,,,
2019-04-12 00:00:00.0,,,,,,,,,,,,,0.0,,,,,,,,,C ,,C ,,,,,
2019-04-13 00:00:00.0,,,,,,,,,,,,,0.0,,,,,,,,,C ,,C ,,,,,
2019-04-14 00:00:00.0,,,,,,,,,,,,,0.0,,,,,,,,,C ,,C ,,,,,
2019-04-15 00:00:00.0,,,,,,,,,,,,,0.0,,,,,,,,,C ,,C ,,,,,
2019-04-16 00:00:00.0,,,,,,,,,,,,,0.0,,,,,,,,,C ,,C ,,,,,
2019-04-17 00:00:00.0,,,,,,,,,,,,,0.0,,,,,,,,,C ,,C ,,,,,
2019-04-18 00:00:00.0,,,,,,,,,,,,,0.0,,,,,,,,,C ,,C ,,,,,
2019-04-19 00:00:00.0,,,,,,,,,,,,,0.0,,,,,,,,,C ,,C ,,,,,
2019-04-20 00:00:00.0,,,,,,,,,,,,,0.0,,,,,,,,,C ,,C ,,,,,
2019-04-21 00:00:00.0,,,,,,,,,,,,,0.0,,,,,,,,,C ,,C ,,,,,
2019-04-22 00:00:00.0,,,,,,,,,,,,,0.0,,,,,,,,,C ,,C ,,,,,
2019-04-23 00:00:00.0,,,,,,,,,,,,,0.0,,,,,,,,,C ,,C ,,,,,
2019-04-24 00:00:00.0,,,,,,,,,,,,,0.0,,,,,,,,,C ,,C ,,,,,
2019-04-25 00:00:00.0,,,,,,,,,,,,,0.0,,,,,,,,,C ,,C ,,,,,
2019-04-26 00:00:00.0,,,,,,,,,,,,,0.0,,,,,,,,,C ,,C ,,,,,
2019-04-27 00:00:00.0,,,,,,,,,,,,,0.0,,,,,,,,,C ,,C ,,,,,
2019-04-28 00:00:00.0,,,,,,,,,,,,,0.0,,,,,,,,,C ,,C ,,,,,
2019-04-29 00:00:00.0,,,,,,,,,,,,,0.0,,,,,,,,,C ,,C ,,,,,
2019-04-30 00:00:00.0,,,,,,,,,,,,,0.0,,,,,,,,,C ,,C ,,,,,
2019-05-01 00:00:00.0,,,,,,,,,,,,,0.0,,,,,,,,,C ,,C ,,,,,
2019-05-02 00:00:00.0,,,,,,,,,,,,,0.0,,,,,,,,,C ,,C ,,,,,
2019-05-03 00:00:00.0,,,,,,,,,,,,,0.0,,,,,,,,,C ,,C ,,,,,
2019-05-04 00:00:00.0,,,,,,,,,,,,,0.0,,,,,,,,,C ,,C ,,,,,
2019-05-05 00:00:00.0,,,,,,,,,,,,,0.0,,,,,,,,,C ,,C ,,,,,
2019-05-06 00:00:00.0,,,,,,,,,,,,,0.0,,,,,,,,,C ,,C ,,,,,
2019-05-07 00:00:00.0,,,,,,,,,,,,,0.0,,,,,,,,,C ,,C ,,,,,
2019-05-08 00:00:00.0,,,,,,,,,,,,,0.0,,,,,,,,,C ,,C ,,,,,
2019-05-09 00:00:00.0,,,,,,,,,,,,,0.0,,,,,,,,,C ,,C ,,,,,
2019-05-10 00:00:00.0,,,,,,,,,,,,,0.0,,,,,,,,,C ,,C ,,,,,
2019-05-11 00:00:00.0,,,,,,,,,,,,,0.0,,,,,,,,,C ,,C ,,,,,
2019-05-12 00:00:00.0,,,,,,,,,,,,,0.0,,,,,,,,,C ,,C ,,,,,
2019-05-13 00:00:00.0,,,,,,,,,,,,,0.0,,,,,,,,,C ,,C ,,,,,
2019-05-14 00:00:00.0,,,,,,,,,,,,,0.0,,,,,,,,,C ,,C ,,,,,
2019-05-15 00:00:00.0,,,,,,,,,,,,,0.0,,,,,,,,,C ,,C ,,,,,
2019-05-16 00:00:00.0,,,,,,,,,,,,,0.0,,,,,,,,,C ,,C ,,,,,
2019-05-17 00:00:00.0,,,,,,,,,,,,,0.0,,,,,,,,,C ,,C ,,,,,
2019-05-18 00:00:00.0,,,,,,,,,,,,,0.0,,,,,,,,,C ,,C ,,,,,
2019-05-19 00:00:00.0,,,,,,,,,,,,,0.0,,,,,,,,,C ,,C ,,,,,
2019-05-20 00:00:00.0,,,,,,,,,,,,,0.0,,,,,,,,,C ,,C ,,,,,
2019-05-21 00:00:00.0,,,,,,,,,,,,,0.0,,,,,,,,,C ,,C ,,,,,
2019-05-22 00:00:00.0,,,,,,,,,,,,,0.0,,,,,,,,,C ,,C ,,,,,
2019-05-23 00:00:00.0,,,,,,,,,,,,,0.0,,,,,,,,,C ,,C ,,,,,
2019-05-24 00:00:00.0,,,,,,,,,,,,,0.0,,,,,,,,,C ,,C ,,,,,
2019-05-25 00:00:00.0,,,,,,,,,,,,,0.0,,,,,,,,,C ,,C ,,,,,
2019-05-26 00:00:00.0,,,,,,,,,,,,,0.0,,,,,,,,,C ,,C ,,,,,
2019-05-27 00:00:00.0,,,,,,,,,,,,,0.0,,,,,,,,,C ,,C ,,,,,
2019-05-28 00:00:00.0,,,,,,,,,,,,,0.0,,,,,,,,,C ,,C ,,,,,
2019-05-29 00:00:00.0,,,,,,,,,,,,,0.0,,,,,,,,,C ,,C ,,,,,
2019-05-30 00:00:00.0,,,,,,,,,,,,,0.0,,,,,,,,,C ,,C ,,,,,
2019-05-31 00:00:00.0,,,,,,,,,,,,,0.0,,,,,,,,,C ,,C ,,,,,
2019-06-01 00:00:00.0,,,,,,,,,,,,,0.0,,,,,,,,,C ,,C ,,,,,
2019-06-02 00:00:00.0,,,,,,,,,,,,,0.0,,,,,,,,,C ,,C ,,,,,
2019-06-03 00:00:00.0,,,,,,,,,,,,,0.0,,,,,,,,,C ,,C ,,,,,
2019-06-04 00:00:00.0,,,,,,,,,,,,,0.0,,,,,,,,,C ,,C ,,,,,
2019-06-05 00:00:00.0,,,,,,,,,,,,,0.0,,,,,,,,,C ,,C ,,,,,
2019-06-06 00:00:00.0,,,,,,,,,,,,,0.0,,,,,,,,,C ,,C ,,,,,
2019-06-07 00:00:00.0,,,,,,,,,,,,,0.0,,,,,,,,,C ,,C ,,,,,
2019-06-08 00:00:00.0,,,,,,,,,,,,,0.0,,,,,,,,,C ,,C ,,,,,
2019-06-09 00:00:00.0,,,,,,,,,,,,,0.0,,,,,,,,,C ,,C ,,,,,
2019-06-10 00:00:00.0,,,,,,,,,,,,,0.0,,,,,,,,,C ,,C ,,,,,
2019-06-11 00:00:00.0,,,,,,,,,,,,,0.0,,,,,,,,,C ,,C ,,,,,
2019-06-12 00:00:00.0,,,,,,,,,,,,,0.0,,,,,,,,,C ,,C ,,,,,
2019-06-13 00:00:00.0,,,,,,,,,,,,,0.0,,,,,,,,,C ,,C ,,,,,
2019-06-14 00:00:00.0,,,,,,,,,,,,,0.0,,,,,,,,,C ,,C ,,,,,
2019-06-15 00:00:00.0,,,,,,,,,,,,,0.0,,,,,,,,,C ,,C ,,,,,
2019-06-16 00:00:00.0,,,,,,,,,,,,,0.0,,,,,,,,,C ,,C ,,,,,
2019-06-18 00:00:00.0,,,,,,,,,,,,,,,,,,,,,,  ,,  ,,,,,
2019-06-19 00:00:00.0,,,,,,,,,,,,,,,,,,,,,,  ,,  ,,,,,
2019-06-20 00:00:00.0,10.28472,16.4,5.2,,,,,,,,,,0.0,,,12.12362,97,93,9.628042,,2.338888,C ,2.92361,C ,17.9,,,4.315999,12.61601
2019-06-21 00:00:00.0,11.55625,16.9,8.4,,,,,,,,,,0.0,,,14.33997,100,100,12.1661,,2.435416,W ,3.04427,C ,14.5,,,0.0,5.229002
2019-06-22 00:00:00.0,13.82361,20.5,9.0,,,,,,,,,,0.0,,,15.58801,98,94,13.38849,,1.379861,C ,1.724826,C ,8.3,,,0.0,0.08299945
2019-06-23 00:00:00.0,13.35417,17.0,11.1,,,,,,,,,,0.0,,,15.10058,100,100,13.02639,,0.9638889,C ,1.204861,C ,12.0,,,0.0,4.897
2019-06-24 00:00:00.0,11.625,16.2,8.6,,,,,,,,,,0.0,,,13.9593,100,100,11.78498,,1.024305,C ,1.280382,C ,11.3,,,0.0,5.976003
2019-06-25 00:00:00.0,9.601388,12.7,6.2,,,,,,,,,,0.0,,,9.716729,88,85,6.324988,,12.8875,W ,16.10938,C ,41.9,,,5.975997,17.92802
2019-06-26 00:00:00.0,6.252085,12.2,1.8,,,,,,,,,,0.0,,,8.638141,89,87,4.757777,,5.13125,W ,6.414063,C ,22.8,,,9.295999,
2019-06-27 00:00:00.0,8.246527,14.3,4.2,,,,,,,,,,0.0,,,10.22876,93,90,7.216777,,4.097918,W ,5.122397,C ,23.6,,,8.465997,17.09801
2019-06-28 00:00:00.0,9.616665,13.1,5.9,,,,,,,,,,0.0,,,12.34364,100,100,9.943224,,3.357639,C ,4.197048,C ,18.2,,,3.651999,13.52901
2019-06-29 00:00:00.0,10.60555,12.2,9.6,,,,,,,,,,0.0,,,12.66713,100,100,10.44722,,13.4743,W ,16.84288,C ,35.6,,,0.0,
2019-06-30 00:00:00.0,8.770139,11.1,5.9,,,,,,,,,,,,,,,100,,,,  ,,  ,,,,,
2019-07-01 00:00:00.0,,,,,,,,,,,,,,,,,,,,,,  ,,  ,,,,,
2019-07-02 00:00:00.0,8.999302,14.4,6.0,,,,9.2,,,,,,0.0,,,9.210653,84,80,5.700939,,8.977779,W ,11.22222,C ,32.9,,,7.967996,18.34302
2019-07-03 00:00:00.0,5.993751,9.7,4.0,,,,8.549999,,,,,,0.25,,,8.871709,98,94,5.182515,,13.03333,W ,16.29166,C ,41.3,,,18.42602,
2019-07-04 00:00:00.0,4.277779,9.4,1.4,,,,7.984725,,,,0.0,0.0,0.0,,,8.146323,98,93,3.89727,,11.68958,E ,14.61198,C ,36.7,,,18.75802,
2019-07-05 00:00:00.0,4.642362,10.6,1.1,,,,7.626393,,,,0.0,0.0,0.0,,,8.528637,97,94,4.532113,,8.313889,W ,10.39236,C ,26.5,,,17.76202,
2019-07-06 00:00:00.0,4.536111,11.6,-1.3,,,,7.5,,,,,,0.25,,,7.464356,91,86,2.641928,,3.38125,E ,4.226563,C ,17.6,,,17.26402,
2019-07-07 00:00:00.0,5.352779,13.0,0.5,,,,,,,,,,0.0,,,8.795829,95,90,4.911366,,2.811111,E ,3.513888,C ,16.7,,,15.60401,14.94002
2019-07-08 00:00:00.0,7.244443,14.3,1.5,,,,,,,,,,0.0,,,9.755898,93,94,6.402701,,2.102083,C ,2.627604,C ,16.1,,,9.295999,15.60402
2019-07-09 00:00:00.0,9.115277,17.0,4.4,,,,,,,,,,0.0,,,10.70928,94,87,7.821112,,1.122222,C ,1.402778,C ,7.5,,,10.126,15.52101
2019-07-10 00:00:00.0,8.47361,15.2,3.7,,,,,,,,,,0.0,,,11.02037,98,94,8.063478,,1.044445,C ,1.305556,C ,10.5,,,11.122,16.18501
2019-07-11 00:00:00.0,8.029166,16.4,2.5,,,,8.85,,,,,,0.25,,,11.27114,98,94,8.267104,,2.161111,C ,2.701389,C ,20.1,,,9.794,14.02701
2019-07-12 00:00:00.0,10.80069,17.2,5.1,,,,9.110413,,,,0.0,0.0,0.0,,,12.06162,93,88,9.649629,,6.171527,W ,7.714409,C ,21.7,,,2.324,9.130002
2019-07-13 00:00:00.0,9.872225,12.2,6.3,,,,9.521522,,,,0.0,0.0,0.0,,,11.55161,99,98,8.991643,,3.811805,W ,4.764756,C ,17.9,,,4.315999,
2019-07-14 00:00:00.0,7.347917,14.9,1.3,,,,8.832633,,,,0.0,0.0,0.0,,,10.30629,97,94,7.085443,,2.355555,C ,2.944443,C ,15.7,,,9.461999,15.35501
2019-07-15 00:00:00.0,9.238194,15.2,5.3,,,,9.010417,,,,0.25,0.25,0.25,,,10.71869,95,90,7.892212,,3.53125,C ,4.414063,C ,20.6,,,7.635996,17.01501
2019-07-16 00:00:00.0,7.320138,16.0,0.1,,,,8.4,,,,,,0.25,,,9.868852,93,87,6.406511,,1.443056,C ,1.80382,C ,14.8,,,10.624,12.03501
2019-07-17 00:00:00.0,10.03959,17.0,5.5,,,,8.786114,,,,0.0,0.0,0.0,,,11.57108,92,89,8.992568,,3.034028,E ,3.792534,C ,21.6,,,6.971997,10.79
2019-07-18 00:00:00.0,11.175,14.9,8.7,,,,9.299999,,,,,,0.0,,,12.85952,99,97,10.61438,,2.808333,E ,3.510417,C ,15.7,,,0.996,10.37501
2019-07-19 00:00:00.0,8.254862,14.8,2.1,,,,,,,,,,0.0,,,11.25096,100,100,8.291973,,1.770834,C ,2.213542,C ,12.1,,,8.963998,15.68701
2019-07-20 00:00:00.0,11.05139,16.8,7.0,,,,,,,,,,0.0,,,14.72881,100,100,12.37986,,1.856945,C ,2.321181,C ,14.0,,,0.0,6.805993
2019-07-21 00:00:00.0,16.35903,19.3,11.3,,,,,,,,,,0.0,,,17.83884,100,100,15.44477,,6.902083,W ,8.627604,C ,42.4,,,0.0,-7.220998
2019-07-22 00:00:00.0,10.16389,15.4,5.4,,,,,,,,,,0.0,,,10.02789,88,85,6.929267,,4.070832,W ,5.08854,C ,20.3,,,7.303997,15.27201
2019-07-23 00:00:00.0,6.100694,12.8,1.2,,,,,,,,,,0.0,,,8.62125,91,87,4.701613,,1.688195,C ,2.110243,C ,16.4,,,14.27601,17.34702
2019-07-24 00:00:00.0,6.37361,13.8,-0.6,,,,8.35,,,,,,0.25,,,8.597327,90,85,4.53384,,2.170833,C ,2.713541,C ,12.9,,,12.61601,12.11801
2019-07-25 00:00:00.0,6.302778,12.6,1.1,,,,8.14584,,,,0.0,0.0,0.0,,,9.030385,92,84,5.238853,,2.86875,W ,3.585938,C ,17.2,,,11.288,15.43802
2019-07-26 00:00:00.0,10.97014,14.4,6.9,,,,9.034715,,,,0.0,0.0,0.0,,,13.18219,100,100,10.95833,,7.966667,W ,9.958334,C ,27.0,,,0.664,10.20901
2019-07-27 00:00:00.0,8.754861,15.2,2.9,,,,9.209726,,,,0.5,0.0,0.0,,,10.0361,91,87,6.85235,,4.75486,W ,5.943575,C ,19.3,,,9.96,15.85301
2019-07-28 00:00:00.0,7.494444,15.0,0.0,,,,8.678468,,,,0.0,0.5,0.5,,,10.27301,96,92,7.043968,,1.945833,C ,2.432291,C ,15.8,,,8.963998,15.77001
2019-07-29 00:00:00.0,9.765278,13.0,7.1,,,,9.198606,,,,0.0,0.0,0.0,,,12.2006,100,100,9.809026,,1.309722,C ,1.637153,C ,10.3,,,0.0,15.93601
2019-07-30 00:00:00.0,10.12569,17.5,5.3,,,,9.287505,,,,0.0,0.0,0.0,,,12.88891,99,99,10.37208,,3.302778,W ,4.128472,C ,14.5,,,7.137997,11.786
2019-07-31 00:00:00.0,11.49444,16.7,7.5,,,,9.74374,,,,0.0,0.0,0.0,,,13.84696,100,100,11.56597,,3.34375,W ,4.179688,C ,17.6,,,0.0,8.964002
2019-08-01 00:00:00.0,10.825,15.0,8.0,,,,10.0,,,,,,0.0,,,10.56573,85,85,7.712533,,7.925001,W ,9.906252,C ,37.5,,,0.0,13.44601
2019-08-02 00:00:00.0,9.248612,14.4,6.2,,,,,,,,,,0.0,,,10.37498,92,88,7.428091,,12.27153,W ,15.33941,C ,39.0,,,3.983999,17.43002
2019-08-03 00:00:00.0,7.702083,15.9,1.7,,,,,,,,,,0.0,,,9.699143,92,89,6.348341,,4.326389,W ,5.407986,C ,15.7,,,10.79,15.18902
2019-08-04 00:00:00.0,9.534027,18.4,3.7,,,,,,,,,,0.0,,,9.790483,83,80,6.575974,,4.695834,W ,5.869792,C ,33.8,,,8.299996,11.205
2019-08-05 00:00:00.0,10.99028,19.0,5.5,,,,,,,,,,0.0,,,10.98218,85,82,8.281785,,4.740973,S ,5.926216,C ,29.9,,,6.141997,8.466002
2019-08-06 00:00:00.0,12.82083,21.2,7.4,,,,,,,,,,0.0,,,12.281,87,86,9.851702,,5.100695,S ,6.375869,C ,31.1,,,2.656,4.813998
2019-08-07 00:00:00.0,8.219442,17.0,1.8,,,,,,,,,,0.0,,,8.341736,81,72,4.201029,,1.721527,C ,2.151909,C ,13.2,,,11.288,12.94801
2019-08-08 00:00:00.0,7.295834,14.1,1.9,,,,,,,,,,0.0,,,8.510333,88,85,4.520214,,4.240973,C ,5.301216,C ,24.5,,,14.60801,16.26801
2019-08-09 00:00:00.0,4.868055,11.4,0.3,,,,,,,,,,0.0,,,8.068604,94,91,3.722311,,1.774306,C ,2.217882,C ,17.6,,,16.60001,
2019-08-10 00:00:00.0,7.545137,18.3,-0.1,,,,,,,,,,0.0,,,8.509761,80,77,4.455503,,4.413196,W ,5.516495,C ,23.0,,,9.295999,5.394997
2019-08-11 00:00:00.0,9.897918,17.5,3.7,,,,,,,,,,0.0,,,10.86755,89,86,8.01221,,3.264584,C ,4.08073,C ,20.7,,,8.133996,11.122
2019-08-12 00:00:00.0,7.095834,10.5,2.7,,,,,,,,,,0.0,,,9.450563,99,100,6.017067,,11.03125,W ,13.78906,C ,40.0,,,14.77401,
2019-08-13 00:00:00.0,4.158332,10.4,-0.5,,,,,,,,,,0.0,,,7.275323,92,97,2.284377,,6.798609,W ,8.49826,C ,27.9,,,16.76601,
2019-08-14 00:00:00.0,4.125,12.3,-3.0,,,,6.8,,,,,,0.25,,,7.405632,88,85,2.470407,,2.432639,C ,3.040798,C ,19.2,,,15.60401,
2019-08-15 00:00:00.0,7.820833,16.9,2.5,,,,7.442358,,,,0.0,0.0,0.0,,,9.638687,89,86,6.292421,,2.507639,C ,3.134548,C ,18.9,,,10.458,15.77001
2019-08-16 00:00:00.0,9.837504,19.7,3.2,,,,8.178472,,,,0.0,0.0,0.0,,,11.26534,92,87,8.399555,,1.315972,C ,1.644966,C ,9.6,,,9.794,10.126
2019-08-17 00:00:00.0,8.927777,16.4,3.6,,,,8.495836,,,,0.0,0.0,0.0,,,10.72001,96,90,7.736002,,6.454167,W ,8.067709,C ,26.1,,,12.94801,16.26801
2019-08-18 00:00:00.0,6.074999,11.7,2.1,,,,8.129864,,,,0.0,0.0,0.0,,,7.605445,83,84,2.924963,,10.76111,W ,13.45139,C ,38.1,,,15.93601,
2019-08-19 00:00:00.0,5.247916,9.7,2.7,,,,7.75972,,,,0.0,0.0,0.0,,,7.207185,86,81,2.238509,,3.96111,W ,4.951388,C ,18.2,,,17.76202,
2019-08-20 00:00:00.0,4.175001,10.4,-1.9,,,,7.180555,,,,0.0,0.0,0.0,,,7.463889,89,89,2.614424,,1.697917,C ,2.122396,C ,14.4,,,15.77001,
2019-08-21 00:00:00.0,5.95,13.2,0.1,,,,7.187499,,,,0.0,0.0,0.0,,,8.825428,91,88,4.946045,,1.692361,C ,2.115452,C ,16.5,,,11.786,12.69902
2019-08-22 00:00:00.0,9.979168,17.3,5.9,,,,8.45,,,,,,0.25,,,11.29917,91,88,8.654835,,2.21875,W ,2.773438,C ,15.6,,,6.307997,12.61601
2019-08-23 00:00:00.0,11.0125,19.7,4.6,,,,8.767365,,,,0.0,0.0,0.0,,,10.9837,86,84,8.225346,,1.866667,C ,2.333333,C ,13.8,,,6.639997,8.299999
2019-08-24 00:00:00.0,11.82083,20.9,6.1,,,,9.396527,,,,0.0,0.0,0.0,,,11.51685,86,83,8.93261,,2.502084,C ,3.127604,C ,22.0,,,4.979998,6.556997
2019-08-25 00:00:00.0,12.76181,20.6,7.7,,,,10.1007,,,,0.0,0.0,0.0,,,13.83258,92,89,11.65238,,1.970834,C ,2.463543,C ,19.6,,,0.0,2.821999
2019-08-26 00:00:00.0,13.43333,22.1,6.6,,,,10.74861,,,,0.0,0.0,0.0,,,14.67123,93,89,12.41154,,0.8749998,C ,1.09375,C ,9.7,,,0.664,1.992
2019-08-27 00:00:00.0,15.18403,25.2,8.7,,,,11.4014,,,,0.0,0.0,0.0,,,16.18151,92,87,13.94587,,1.529861,C ,1.912326,C ,23.3,,,0.0,-4.15
2019-08-28 00:00:00.0,18.90278,26.0,13.1,,,,12.68263,,,,0.0,0.0,0.0,,,21.70293,93,90,18.63393,,2.894444,S ,3.618056,C ,20.9,,,0.0,-17.51302
2019-08-29 00:00:00.0,16.37013,20.9,8.6,,,,13.22291,,,,0.0,0.0,0.0,,,14.43894,88,79,11.80958,,5.112501,C ,6.390626,C ,28.1,,,1.992,-1.66
2019-08-30 00:00:00.0,10.1625,19.7,1.4,,,,11.3632,,,,0.0,0.0,0.0,,,9.943377,83,78,6.71783,,1.127084,C ,1.408855,C ,17.6,,,9.129998,7.635999
2019-08-31 00:00:00.0,10.12778,17.5,3.4,,,,10.86528,,,,0.0,0.0,0.0,,,9.272425,78,73,5.807064,,1.68125,C ,2.101563,C ,18.1,,,7.801996,12.36701
2019-09-01 00:00:00.0,8.431947,14.3,3.5,,,,10.24028,,,,0.0,0.0,0.0,,,9.013783,88,85,5.389297,,8.11875,C ,10.14844,C ,38.7,,,12.94801,17.76202
2019-09-02 00:00:00.0,4.82639,12.0,-0.3,,,,9.200001,,,,,,0.0,,,7.953841,93,90,3.51779,,7.275001,W ,9.093751,C ,34.6,,,15.93601,
2019-09-03 00:00:00.0,5.743055,13.9,-1.1,,,,8.5,,,,0.25,,0.25,,,6.719727,78,78,1.130984,,8.411806,W ,10.51476,C ,44.3,,,13.44601,10.79
2019-09-04 00:00:00.0,5.225695,12.0,0.5,,,,8.33542,,,,0.0,0.0,0.0,,,7.471708,88,88,2.68516,,7.79375,W ,9.742188,C ,32.7,,,14.94001,
2019-09-05 00:00:00.0,4.509029,12.1,-3.1,,,,7.85,,,,,,0.25,,,7.229291,86,84,2.21161,,1.33125,C ,1.664063,C ,24.6,,,14.60801,
2019-09-06 00:00:00.0,9.268747,16.8,1.1,,,,8.625698,,,,,0.0,0.0,,,11.49641,90,87,8.878666,,2.881945,C ,3.602431,C ,23.9,,,5.809998,11.039
2019-09-07 00:00:00.0,12.78472,16.0,10.2,,,,9.950001,,,,,,0.25,,,14.92393,100,100,12.87708,,4.036806,W ,5.046007,C ,16.8,,,0.0,6.142003
2019-09-08 00:00:00.0,12.90625,17.6,9.9,,,,10.86181,,,,0.0,0.0,0.0,,,14.94364,99,99,12.79598,,3.877778,W ,4.847223,C ,20.1,,,0.0,3.651998
2019-09-09 00:00:00.0,11.78681,13.5,9.9,,,,11.20278,,,,0.0,0.0,0.0,,,13.86323,100,100,11.79583,,11.50347,W ,14.37934,C ,31.5,,,0.0,7.968007
2019-09-10 00:00:00.0,12.03333,18.3,6.8,,,,11.30209,,,,0.0,0.0,0.0,,,11.71677,90,83,9.156104,,4.090971,C ,5.113714,C ,21.8,,,4.149999,8.631997
2019-09-11 00:00:00.0,9.334721,15.8,2.9,,,,10.97501,,,,0.0,0.0,0.0,,,11.98896,97,96,9.478757,,2.042361,C ,2.552951,C ,17.3,,,3.485999,14.52501
2019-09-12 00:00:00.0,11.04097,20.5,2.3,,,,11.0375,,,,0.0,0.0,0.0,,,10.22089,83,82,7.154249,,2.4625,C ,3.078125,C ,21.6,,,6.805997,8.216996
2019-09-13 00:00:00.0,10.65486,17.7,6.2,,,,11.23889,,,,0.0,0.0,0.0,,,11.72215,92,89,9.251419,,4.340971,W ,5.426213,C ,21.6,,,,12.86501
2019-09-14 00:00:00.0,12.83194,21.2,7.5,,,,11.86875,,,,0.0,0.0,0.0,,,13.03974,88,84,10.78689,,1.503472,C ,1.87934,C ,23.3,,,0.0,2.075004
2019-09-15 00:00:00.0,12.91042,21.7,7.5,,,,12.16111,,,,0.0,0.0,0.0,,,14.41202,96,92,12.24187,,3.002778,C ,3.753472,C ,25.3,,,0.0,3.817998
2019-09-16 00:00:00.0,11.9125,18.0,6.3,,,,12.0125,,,,0.0,0.0,0.0,,,9.213089,71,65,5.536789,,5.115278,C ,6.394098,C ,25.8,,,1.992,8.963996
2019-09-17 00:00:00.0,12.44166,24.0,3.5,,,,11.51736,,,,0.0,0.0,0.0,,,8.851763,66,58,5.097386,,4.275694,S ,5.344618,C ,32.0,,,6.971997,3.817998
2019-09-18 00:00:00.0,11.75417,20.4,5.0,,,,11.72431,,,,0.0,0.0,0.0,,,10.54836,78,72,7.650568,,3.277085,C ,4.096356,C ,23.1,,,4.149999,5.727002
2019-09-19 00:00:00.0,12.45625,16.5,5.8,,,,11.7,,,,0.0,0.0,0.0,,,8.777275,67,57,4.153671,,8.941667,C ,11.17708,C ,39.7,,,5.643998,9.129998
2019-09-20 00:00:00.0,10.14305,20.4,1.4,,,,10.67083,,,,0.0,0.0,0.0,,,6.582632,56,45,1.001327,,4.288194,C ,5.360243,C ,32.4,,,7.967996,2.655999
2019-09-21 00:00:00.0,11.5375,21.2,3.7,,,,10.92848,,,,0.0,0.0,0.0,,,7.42452,64,55,2.682565,,6.551388,C ,8.189236,C ,36.1,,,11.122,6.722996
2019-09-22 00:00:00.0,10.23125,21.9,0.7,,,,10.67917,,,,0.0,0.0,0.0,,,6.767191,61,53,1.286802,,1.714583,C ,2.143229,C ,17.1,,,8.299996,1.908999
2019-09-23 00:00:00.0,12.18889,21.8,3.6,,,,10.87917,,,,0.0,0.0,0.0,,,10.08305,73,66,6.962411,,2.677778,C ,3.347222,C ,21.1,,,5.975997,2.987999
2019-09-24 00:00:00.0,15.82361,28.7,5.0,,,,11.80695,,,,0.0,0.0,0.0,,,12.93295,74,64,10.6142,,2.4125,S ,3.015625,C ,17.3,,,2.49,-4.316
2019-09-25 00:00:00.0,15.88195,24.0,7.1,,,,12.74166,,,,0.0,0.0,0.0,,,11.9759,76,70,9.524157,,4.11111,C ,5.138888,C ,23.8,,,0.0,-2.240999
2019-09-26 00:00:00.0,13.16112,24.5,4.6,,,,12.46598,,,,0.0,0.0,0.0,,,10.58138,78,73,7.569546,,5.942361,C ,7.427951,C ,35.8,,,9.627999,4.647998
2019-09-27 00:00:00.0,10.27431,20.0,1.5,,,,11.86111,,,,0.0,0.0,0.0,,,11.51799,87,87,8.690106,,2.647917,C ,3.309896,C ,24.0,,,6.805997,3.735
2019-09-28 00:00:00.0,15.21736,25.1,8.3,,,,12.66736,,,,0.0,0.0,0.0,,,14.86775,86,84,12.75096,,2.250694,S ,2.813368,C ,20.8,,,0.0,-5.644
2019-09-29 00:00:00.0,18.8493,30.0,10.4,,,,12.95,,,,,,0.0,,,18.09268,82,81,15.71104,,2.245139,S ,2.806424,C ,21.7,,,0.0,-12.36701
2019-09-30 00:00:00.0,18.39236,21.2,12.4,,,,14.2,,,,0.25,,0.25,,,18.89291,96,98,16.32975,,7.255553,S ,9.069442,C ,33.2,,,0.0,-13.61201
2019-10-01 00:00:00.0,13.31528,21.1,8.1,,,,13.25695,,,,0.0,0.0,0.0,,,11.22356,79,78,8.485888,,9.74653,S ,12.18316,C ,28.0,,,0.0,1.991998
2019-10-02 00:00:00.0,11.56875,18.2,5.0,,,,12.58125,,,,0.0,0.0,0.0,,,9.444523,78,78,5.796208,,12.65139,W ,15.81424,C ,37.3,,,5.145998,6.888997
2019-10-03 00:00:00.0,6.87153,15.0,-1.4,,,,11.20556,,,,0.0,0.0,0.0,,,8.167087,79,74,3.812241,,5.29514,C ,6.618925,C ,33.8,,,7.137997,8.548997
2019-10-04 00:00:00.0,12.59028,17.6,8.6,,,,11.8,,,,,,1.0,,,14.86666,97,97,12.76656,,2.886806,W ,3.608508,C ,21.3,,,0.0,1.908999
2019-10-05 00:00:00.0,14.71527,22.3,5.6,,,,12.7,,,,0.0,,1.0,,,11.33081,76,73,8.580243,,4.936805,C ,6.171006,C ,26.3,,,2.324,0.08299956
2019-10-06 00:00:00.0,14.9125,25.6,5.6,,,,12.9,,,,0.0,0.0,0.0,,,11.75197,71,66,9.187293,,3.480556,C ,4.350695,C ,25.2,,,2.656,-3.900999
2019-10-07 00:00:00.0,16.49653,24.5,12.4,,,,13.2875,,,,0.0,0.0,0.0,,,12.32694,74,64,9.81623,,5.596527,S ,6.995659,C ,31.2,,,0.0,-6.639996
2019-10-08 00:00:00.0,14.70278,24.8,6.0,,,,12.92708,,,,0.0,0.0,0.0,,,10.59582,70,69,7.62882,,5.35347,S ,6.691837,C ,28.8,,,3.817999,-0.4150001
2019-10-09 00:00:00.0,16.18472,28.2,5.9,,,,13.02014,,,,0.0,0.0,0.0,,,11.65967,67,57,9.080823,,3.721527,S ,4.651909,C ,28.6,,,1.826,-3.32
2019-10-10 00:00:00.0,18.70139,32.5,3.6,,,,13.66786,,,,,5.75,3.25,,,18.38864,79,67,15.23758,,2.700001,C ,3.375001,C ,27.5,,,3.485999,-10.541
2019-10-11 00:00:00.0,20.68473,29.1,14.0,,,,15.0,,,,,,1.5,,,18.96936,86,84,16.39699,,5.453471,S ,6.816838,C ,31.1,,,0.0,-15.77002
2019-10-12 00:00:00.0,16.98403,22.0,10.7,,,,,,,,,,0.0,,,20.42856,100,100,17.58966,,2.391667,S ,2.989584,C ,17.3,,,0.0,-13.94401
2019-10-13 00:00:00.0,14.59514,20.1,7.5,,,,,,,,,,0.0,,,10.42616,74,68,7.185505,,10.30764,C ,12.88455,C ,39.5,,,3.153999,2.572999
2019-10-14 00:00:00.0,9.274305,15.6,3.4,,,,,,,,,,0.0,,,9.647618,82,77,6.380911,,8.990971,W ,11.23871,C ,39.2,,,6.141997,13.03101
2019-10-15 00:00:00.0,10.84236,15.7,6.5,,,,,,,,,,0.0,,,12.61484,94,92,10.29675,,2.152084,C ,2.690105,C ,21.2,,,2.49,10.37501
2019-10-16 00:00:00.0,15.97292,22.1,11.0,,,,,,,,,,0.0,,,16.58602,88,85,14.51216,,3.904167,C ,4.880208,C ,26.4,,,0.0,-9.379
2019-10-17 00:00:00.0,16.94167,19.9,15.0,,,,13.6,,,,,,2.5,,,19.53337,100,100,17.11086,,5.295139,C ,6.618924,C ,35.4,,,0.0,-11.03901
2019-10-18 00:00:00.0,17.42291,24.0,12.2,,,,13.9,,,,0.0,,0.25,,,15.62068,86,87,13.53902,,10.43403,C ,13.04253,C ,48.7,,,0.0,-7.386995
2019-10-19 00:00:00.0,15.32014,25.6,6.5,,,,13.675,,,,0.0,0.0,0.0,,,14.52548,85,82,12.28057,,2.544445,C ,3.180556,C ,20.2,,,0.332,-1.826001
2019-10-20 00:00:00.0,14.06389,21.6,6.4,,,,13.75764,,,,,0.0,0.0,,,14.79359,90,90,12.55838,,0.9562501,C ,1.195313,C ,15.0,,,0.996,-2.406998
2019-10-21 00:00:00.0,16.97361,23.6,12.9,,,,13.85,,,,,,0.0,,,16.18449,85,84,14.13286,,0.6131945,C ,0.7664931,C ,12.6,,,0.0,-10.458
2019-10-22 00:00:00.0,15.57569,22.0,8.3,,,,,,,,,,0.0,,,13.85869,82,76,11.77634,,5.402777,C ,6.753471,C ,38.8,,,0.0,-5.643999
2019-10-23 00:00:00.0,14.78681,20.8,9.5,,,,,,,,,,0.0,,,15.03284,91,89,12.96403,,6.46111,C ,8.076387,C ,33.7,,,0.0,-3.237
2019-10-24 00:00:00.0,16.63681,25.0,10.5,,,,,,,,,,0.0,,,16.51195,87,87,14.41515,,4.920137,C ,6.150172,C ,28.5,,,0.0,-8.299998
2019-10-25 00:00:00.0,20.26667,32.8,11.1,,,,,,,,,,0.0,,,16.51486,76,72,14.15364,,3.140279,C ,3.925348,C ,27.6,,,0.0,-10.624
2019-10-26 00:00:00.0,18.65209,30.6,8.5,,,,15.65,,,,,,0.25,,,18.89575,88,78,16.20178,,3.157639,C ,3.947049,C ,35.2,,,0.0,-10.624
2019-10-27 00:00:00.0,21.31875,31.7,11.7,,,,15.1,,,,,,0.0,,,18.72933,78,76,16.21604,,2.170834,S ,2.713542,C ,20.1,,,0.0,-15.02301
2019-10-28 00:00:00.0,16.41944,19.4,13.7,,,,15.4,,,,,,1.5,,,17.73043,100,100,15.51,,10.20764,S ,12.75955,C ,43.1,,,0.0,-5.561001
2019-10-29 00:00:00.0,17.33473,25.6,9.4,,,,,,,,,,0.0,,,17.87967,88,84,15.60258,,4.05486,S ,5.068574,C ,19.4,,,0.0,-11.039
2019-10-30 00:00:00.0,17.99375,27.0,11.4,,,,,,,,,,0.0,,,16.07919,82,71,13.85074,,2.14514,C ,2.681425,C ,24.5,,,0.0,-8.382997
2019-10-31 00:00:00.0,16.41319,25.4,6.2,,,,,,,,,,0.0,,,13.10671,75,69,10.79223,,1.231944,C ,1.539931,C ,19.9,,,0.664,-6.224999
2019-11-01 00:00:00.0,18.84514,23.9,12.8,,,,15.45,,,,,,0.25,,,22.02265,94,93,18.90559,,1.040973,C ,1.301216,C ,27.8,,,0.0,-18.26002
2019-11-02 00:00:00.0,22.1125,27.8,14.4,,,,16.42013,,,,0.0,0.0,0.0,,,18.34939,78,74,15.83677,,8.259028,S ,10.32379,C ,31.3,,,0.0,-18.01102
2019-11-03 00:00:00.0,17.43542,27.0,7.2,,,,15.8632,,,,0.0,0.0,0.0,,,14.30416,73,67,11.87089,,0.8513887,C ,1.064236,C ,14.1,,,0.0,-11.454
2019-11-04 00:00:00.0,21.21111,29.7,14.1,,,,16.47215,,,,0.25,0.25,0.25,,,21.12746,88,78,17.80064,,2.454167,C ,3.067709,C ,20.9,,,0.0,-13.52901
2019-11-05 00:00:00.0,17.42291,28.0,5.7,,,,15.72292,,,,0.0,0.0,0.0,,,12.73567,67,60,10.36308,,1.256249,C ,1.570312,C ,16.3,,,0.83,-7.386998
2019-11-06 00:00:00.0,21.76389,31.2,11.8,,,,16.20834,,,,0.0,0.0,0.0,,,20.68004,77,72,17.73221,,3.511806,S ,4.389757,C ,26.8,,,0.0,-17.26402
2019-11-07 00:00:00.0,21.65694,26.6,12.8,,,,16.87847,,,,0.0,0.0,0.0,,,15.33507,70,59,12.62322,,8.302777,S ,10.37847,C ,34.7,,,0.0,-14.94001
2019-11-08 00:00:00.0,15.30069,26.1,6.1,,,,15.5,,,,,,0.25,,,14.2837,80,71,11.91878,,1.118056,C ,1.39757,C ,18.9,,,0.498,-5.644002
2019-11-09 00:00:00.0,17.99097,23.9,11.4,,,,15.95,,,,,,0.0,,,15.16067,80,78,12.76403,,4.876387,S ,6.095484,C ,28.2,,,0.0,-8.714997
2019-11-10 00:00:00.0,17.65486,28.8,6.6,,,,,,,,,,0.0,,,16.5874,78,73,14.16211,,1.597916,C ,1.997395,C ,16.5,,,0.332,-10.292
2019-11-11 00:00:00.0,20.5507,26.8,15.9,,,,,,,,,,0.0,,,21.22915,87,86,18.39948,,2.098611,S ,2.623264,C ,24.5,,,0.0,-20.33502
2019-11-12 00:00:00.0,21.97985,27.1,19.1,,,,17.7,,,,,,0.75,,,25.06892,94,92,21.10504,,2.721529,S ,3.401911,C ,21.9,,,0.0,-23.90403
2019-11-13 00:00:00.0,23.35834,30.6,20.3,,,,17.55,,,,,,0.0,,,25.82407,92,90,21.50837,,2.80764,C ,3.50955,C ,19.8,,,0.0,-23.07403
2019-11-14 00:00:00.0,21.61527,29.6,15.7,,,,,,,,,,0.0,,,18.08921,77,73,15.68879,,6.18611,C ,7.732637,C ,30.6,,,0.0,-15.68701
2019-11-15 00:00:00.0,21.48125,32.7,9.8,,,,,,,,,,0.0,,,18.62864,71,59,16.10461,,1.688195,C ,2.110244,C ,19.4,,,0.0,-15.27201
2019-11-16 00:00:00.0,24.8625,33.8,19.2,,,,17.85,,,,,,4.0,,,25.14435,84,82,21.08175,,3.700696,S ,4.625869,C ,25.9,,,0.0,-23.90403
2019-11-17 00:00:00.0,25.14444,34.5,17.2,,,,18.9,,,,,,1.75,,,24.51499,80,74,20.59443,,2.878472,C ,3.59809,C ,28.9,,,0.0,-23.40603
2019-11-18 00:00:00.0,24.2743,34.2,14.0,,,,19.05,,,,,,0.0,,,21.08667,76,69,18.12435,,2.804861,C ,3.506077,C ,24.3,,,0.0,-17.43002
2019-11-19 00:00:00.0,22.80972,33.4,11.6,,,,,,,,,,0.0,,,17.5616,69,59,15.11019,,1.5375,C ,1.921875,C ,17.0,,,0.0,-16.93201
2019-11-20 00:00:00.0,24.28264,35.7,17.5,,,,,,,,,,0.0,,,22.32889,77,73,18.86665,,7.561808,S ,9.452259,C ,35.9,,,0.0,-21.49702
2019-11-21 00:00:00.0,18.65694,24.5,13.4,,,,18.1,,,,,,0.75,,,22.78598,100,100,19.2944,,3.802083,S ,4.752604,C ,32.0,,,0.0,-16.84902
2019-11-22 00:00:00.0,19.69166,23.8,14.2,,,,17.75,,,,,,0.25,,,16.30099,82,80,13.92717,,10.78958,S ,13.48698,C ,36.5,,,0.0,-13.19701
2019-11-23 00:00:00.0,17.07361,25.5,7.9,,,,16.94514,,,,0.0,0.0,0.0,,,15.2171,78,75,13.00097,,2.863889,S ,3.579861,C ,28.5,,,0.0,-10.209
2019-11-24 00:00:00.0,20.01459,26.8,14.0,,,,17.2868,,,,0.0,0.0,0.0,,,19.42994,81,71,16.98282,,3.622917,S ,4.528646,C ,28.0,,,0.0,-18.17702
2019-11-25 00:00:00.0,20.51467,23.7,18.5,,,,17.45,,,,,,1.25,,,22.00715,91,90,19.0169,,2.648951,S ,3.311189,C ,27.4,,,0.0,-23.73803
2019-11-26 00:00:00.0,22.96805,28.9,18.6,,,,17.85,,,,0.0,,0.25,,,20.97503,81,78,18.06855,,5.633332,S ,7.041665,C ,29.3,,,0.0,-21.08202
2019-11-27 00:00:00.0,20.15069,29.2,11.6,,,,17.45903,,,,0.0,0.0,0.0,,,15.02567,69,55,12.97251,,3.695139,S ,4.618923,C ,26.2,,,0.0,-13.52901
2019-11-28 00:00:00.0,22.32153,33.6,11.0,,,,17.5375,,,,0.0,0.0,0.0,,,18.72009,68,59,16.26,,2.730556,C ,3.413194,C ,25.2,,,0.0,-16.35102
2019-11-29 00:00:00.0,26.2139,32.7,21.5,,,,18.45,,,,,,0.25,,,20.38832,65,64,17.66437,,3.953473,S ,4.941841,C ,32.4,,,0.0,-22.49303
2019-11-30 00:00:00.0,21.19167,28.3,14.1,,,,,,,,,,0.0,,,14.02616,64,46,11.85875,,7.345138,S ,9.181422,C ,36.1,,,0.0,-13.36301
2019-12-01 00:00:00.0,17.68889,26.1,9.1,,,,,,,,,,0.0,,,12.54363,70,61,10.28688,,8.825,S ,11.03125,C ,41.1,,,0.0,-7.552996
2019-12-02 00:00:00.0,19.39792,31.6,6.0,,,,,,,,,,0.0,,,15.80934,69,57,13.39243,,1.202778,C ,1.503472,C ,14.5,,,0.83,-11.703
2019-12-03 00:00:00.0,21.41528,28.2,17.4,,,,16.95,,,,,,1.5,,,22.6653,91,86,19.44133,,2.206251,C ,2.757814,C ,29.8,,,0.0,-23.40603
2019-12-04 00:00:00.0,20.09098,28.5,14.3,,,,16.55,,,,,,0.5,,,20.80517,92,86,18.05939,,6.988889,S ,8.736111,C ,35.1,,,0.0,-16.51702
2019-12-05 00:00:00.0,20.88542,29.8,12.3,,,,16.65,,,,,,0.25,,,20.44311,81,79,17.71471,,4.086806,S ,5.108507,C ,25.3,,,0.0,-17.76202
2019-12-06 00:00:00.0,24.03542,31.1,17.0,,,,17.04096,,,,0.0,0.0,0.0,,,18.36047,70,61,16.03269,,9.649303,S ,12.06163,C ,38.6,,,0.0,-19.83702
2019-12-07 00:00:00.0,21.69861,31.9,11.5,,,,16.67014,,,,0.0,0.0,0.0,,,19.60096,75,66,17.01044,,2.366667,C ,2.958333,C ,16.2,,,0.0,-17.26402
2019-12-08 00:00:00.0,27.82708,38.6,20.1,,,,17.95209,,,,0.0,0.0,0.0,,,23.00636,68,61,19.71316,,3.720138,S ,4.650172,C ,22.1,,,0.0,-23.90403
2019-12-09 00:00:00.0,26.4243,39.0,14.5,,,,18.54514,,,,0.0,0.0,0.0,,,27.58704,78,72,22.28561,,2.174999,S ,2.718749,C ,19.2,,,0.0,-19.67102
2019-12-10 00:00:00.0,30.93681,42.6,23.6,,,,19.6132,,,,0.0,0.0,0.0,,,25.07626,64,54,21.04061,,5.64861,S ,7.060762,C ,34.9,,,0.0,-23.90403
2019-12-11 00:00:00.0,25.6375,38.3,17.0,,,,18.9,,,,,,2.5,,,28.85052,86,88,23.23325,,2.402779,C ,3.003473,C ,38.7,,,0.0,-22.99103
2019-12-12 00:00:00.0,24.30208,28.7,17.3,,,,,,,,,,0.0,,,18.83454,70,59,15.98174,,14.19861,S ,17.74826,C ,43.2,,,0.0,-20.08602
2019-12-13 00:00:00.0,20.52014,30.9,10.4,,,,,,,,,,0.0,,,15.38166,66,59,13.16512,,1.221528,C ,1.52691,C ,11.9,,,0.0,-15.02301
2019-12-14 00:00:00.0,27.20979,38.0,19.6,,,,,,,,,,0.0,,,26.15437,72,59,21.74244,,1.747552,C ,2.18444,C ,17.6,,,0.0,-23.73803
2019-12-15 00:00:00.0,26.4125,32.3,20.8,,,,,,,,,,0.0,,,28.83267,90,84,23.29315,,2.738195,S ,3.422743,C ,22.4,,,0.0,-23.40603
2019-12-16 00:00:00.0,25.37986,35.1,17.2,,,,,,,,,,0.0,,,23.35347,74,64,19.83812,,2.7375,S ,3.421875,C ,20.1,,,0.0,-23.73803
2019-12-17 00:00:00.0,25.16319,31.9,16.0,,,,,,,,,,0.0,,,18.91787,66,55,16.24067,,4.667362,S ,5.834202,C ,24.2,,,0.0,-22.90803
2019-12-18 00:00:00.0,30.10416,41.5,19.2,,,,,,,,,,0.0,,,27.25561,64,49,22.26574,,3.485417,S ,4.356771,C ,32.2,,,0.0,-23.90403
2019-12-19 00:00:00.0,32.88472,41.2,26.1,,,,,,,,,,0.0,,,29.37152,65,53,23.68239,,3.565971,S ,4.457464,C ,25.4,,,0.0,-23.90403
2019-12-20 00:00:00.0,25.90347,31.9,20.9,,,,,,,,,,0.0,,,30.03808,95,94,23.97474,,9.499302,S ,11.87413,C ,33.4,,,0.0,-23.90403
2019-12-21 00:00:00.0,22.42083,27.4,18.7,,,,,,,,,,0.0,,,22.22231,86,86,19.09238,,14.78542,S ,18.48177,C ,41.0,,,0.0,-21.08202
2019-12-22 00:00:00.0,22.22499,32.3,11.9,,,,,,,,,,0.0,,,18.5375,74,65,16.10389,,6.920835,S ,8.651045,C ,31.8,,,0.0,-16.43401
2019-12-23 00:00:00.0,26.25487,40.4,11.0,,,,,,,,,,0.0,,,20.04847,61,51,17.32669,,2.245833,C ,2.807292,C ,18.6,,,0.0,-17.76202
2019-12-24 00:00:00.0,32.18125,42.6,21.8,,,,,,,,,,0.0,,,25.65697,60,48,21.49806,,7.006251,S ,8.757813,C ,34.9,,,0.0,-23.90403
2019-12-25 00:00:00.0,23.58472,27.9,20.5,,,,19.3,,,,0.25,,0.5,,,24.75159,92,88,20.83747,,2.071528,S ,2.58941,C ,27.7,,,0.0,-22.07803
2019-12-26 00:00:00.0,24.39445,35.7,13.3,,,,18.39722,,,,,0.0,0.0,,,26.46762,82,75,21.60269,,3.021528,S ,3.776909,C ,26.0,,,0.0,-18.26002
2019-12-27 00:00:00.0,30.85,41.0,25.0,,,,20.2,,,,,,0.25,,,39.87135,86,82,28.81806,,1.993056,S ,2.49132,C ,14.3,,,0.0,-23.90403
2019-12-28 00:00:00.0,31.6368,38.4,27.9,,,,21.25,,,,,,1.0,,,42.20421,92,90,29.88226,,2.2,S ,2.75,C ,31.0,,,0.0,-23.90403
2019-12-29 00:00:00.0,31.93681,37.8,27.6,,,,22.05,,,,0.25,,0.25,,,44.71797,95,94,30.78721,,3.509027,S ,4.386284,C ,17.6,,,0.0,-23.90403
2019-12-30 00:00:00.0,29.7757,33.9,27.6,,,,22.3,,,,,,1.0,,,39.51292,96,97,28.69636,,2.928472,S ,3.66059,C ,17.6,,,0.0,-23.90403
2019-12-31 00:00:00.0,29.88611,35.1,27.1,,,,,,,,,,0.0,,,38.00761,90,91,27.99347,,3.913194,S ,4.891492,C ,18.4,,,0.0,-23.90403
2020-01-01 00:00:00.0,27.16528,31.0,24.9,,,,,,,,,,0.0,,,33.13662,94,99,25.70814,,10.73333,S ,13.41667,C ,30.2,,,0.0,-23.90403
2020-01-02 00:00:00.0,28.49792,34.5,24.3,,,,,,,,,,0.0,,,31.6198,83,87,24.93357,,4.597223,S ,5.746529,C ,22.2,,,0.0,-23.90403
2020-01-03 00:00:00.0,28.34931,36.8,19.5,,,,,,,,,,0.0,,,28.516,77,71,23.18291,,2.359028,S ,2.948785,C ,18.9,,,0.0,-23.90403
2020-01-04 00:00:00.0,30.49513,39.4,22.8,,,,,,,,,,0.0,,,33.08768,77,70,25.66413,,2.029862,C ,2.537328,C ,18.5,,,0.0,-23.90403
2020-01-05 00:00:00.0,29.09652,35.2,25.1,,,,21.75,,,,,,2.25,,,36.90684,92,93,27.53804,,1.831945,C ,2.289931,C ,17.1,,,0.0,-23.90403
2020-01-06 00:00:00.0,28.26597,33.5,23.7,,,,21.8,,,,,,1.0,,,26.92453,76,70,22.06936,,7.133331,S ,8.916664,C ,34.2,,,0.0,-23.90403
2020-01-07 00:00:00.0,27.44184,36.9,17.5,,,,,,,,,,0.0,,,24.18802,68,58,20.45481,,3.940426,S ,4.925533,C ,24.7,,,0.0,-22.74203
2020-01-08 00:00:00.0,31.25624,40.4,22.8,,,,,,,,,,0.0,,,29.2709,68,51,23.61312,,3.170834,S ,3.963543,C ,28.7,,,0.0,-23.90403
2020-01-09 00:00:00.0,,34.8,23.5,,,,,,,,,,0.0,,,,,46,,,,S ,,C ,36.7,,,,
2020-01-10 00:00:00.0,28.46874,37.7,20.5,,,,,,,,,,0.0,,,26.87373,75,73,22.02976,,4.236111,S ,5.295139,C ,25.3,,,0.0,-23.90403
2020-01-11 00:00:00.0,28.25348,39.3,17.1,,,,,,,,,,0.0,,,24.63367,69,56,20.75385,,3.533333,S ,4.416667,C ,23.5,,,0.0,-22.49303
2020-01-12 00:00:00.0,26.59999,35.6,18.1,,,,,,,,,,0.0,,,22.85617,73,69,19.52095,,3.525695,S ,4.407119,C ,23.7,,,0.0,-23.73803
2020-01-13 00:00:00.0,25.30694,35.3,15.9,,,,,,,,,,0.0,,,28.44975,84,80,22.87958,,2.827778,S ,3.534722,C ,21.6,,,0.0,-21.33102
2020-01-14 00:00:00.0,31.32223,39.3,26.7,,,,,,,,,,0.0,,,40.97685,88,83,29.356,,2.359028,S ,2.948785,C ,20.1,,,0.0,-23.90403
2020-01-15 00:00:00.0,29.98055,33.5,21.4,,,,,,,,,,0.0,,,26.47992,70,56,20.96262,,9.184026,S ,11.48003,C ,35.0,,,0.0,-22.90803
2020-01-16 00:00:00.0,22.76666,32.8,12.9,,,,,,,,,,0.0,,,16.11376,67,53,13.9941,,6.367361,S ,7.959201,C ,40.3,,,0.0,-16.10201
2020-01-17 00:00:00.0,24.04236,35.9,13.1,,,,,,,,,,0.0,,,19.12245,67,55,16.54972,,1.721528,C ,2.151909,C ,12.6,,,0.0,-17.67902
2020-01-18 00:00:00.0,29.37777,39.1,20.4,,,,,,,,,,0.0,,,28.56602,72,61,23.2209,,2.243056,C ,2.80382,C ,19.9,,,0.0,-23.90403
2020-01-19 00:00:00.0,32.71945,42.0,23.6,,,,,,,,,,0.0,,,32.6239,70,61,25.3899,,1.579166,C ,1.973958,C ,12.7,,,0.0,-23.90403
2020-01-20 00:00:00.0,34.23958,44.1,27.0,,,,,,,,,,0.0,,,39.23549,79,74,28.58989,,3.059722,S ,3.824652,C ,19.1,,,0.0,-23.90403
2020-01-21 00:00:00.0,29.69861,35.9,27.1,,,,,,,,,,0.0,,,36.37984,86,82,27.02178,,4.964584,S ,6.20573,C ,20.9,,,0.0,-23.90403
2020-01-22 00:00:00.0,32.13612,38.3,27.9,,,,,,,,,,0.0,,,36.29858,76,86,26.98001,,3.274999,S ,4.093749,C ,19.6,,,0.0,-23.90403
2020-01-23 00:00:00.0,32.38542,41.2,23.8,,,,,,,,,,0.0,,,37.35815,78,77,27.66505,,2.265972,S ,2.832465,C ,15.9,,,0.0,-23.90403
2020-01-24 00:00:00.0,34.28959,42.8,27.8,,,,,,,,,,0.0,,,29.18832,54,67,22.85205,,3.781943,S ,4.727428,C ,23.3,,,0.0,-23.90403
2020-01-25 00:00:00.0,32.07013,41.8,23.8,,,,,,,,,,0.0,,,19.17894,41,58,14.99839,,3.020139,S ,3.775173,C ,27.9,,,0.0,-23.90403
2020-01-26 00:00:00.0,28.73472,39.6,18.6,,,,,,,,,,0.0,,,22.75147,58,64,18.69306,,5.294444,S ,6.618055,C ,37.6,,,0.0,-23.90403
2020-01-27 00:00:00.0,23.92708,32.6,13.4,,,,,,,,,,0.0,,,18.18117,62,69,15.23088,,4.834723,S ,6.043403,C ,21.8,,,0.0,-19.09002
2020-01-28 00:00:00.0,27.42569,38.8,16.2,,,,,,,,,,0.0,,,22.45384,53,60,18.08463,,2.680556,S ,3.350695,C ,25.8,,,0.0,-21.58002
2020-01-29 00:00:00.0,27.1368,32.8,19.0,,,,,,,,,,0.0,,,19.97038,63,77,16.47421,,7.624305,S ,9.530381,C ,28.5,,,0.0,-21.82903
2020-01-30 00:00:00.0,23.61528,35.4,12.3,,,,,,,,,,0.0,,,16.20524,54,61,13.23077,,1.580556,C ,1.975695,C ,15.6,,,0.0,-17.34702
2020-01-31 00:00:00.0,28.71319,40.0,18.1,,,,,,,,,,0.0,,,22.52833,60,51,19.25609,,2.899305,C ,3.624131,C ,17.5,,,0.0,-23.90403
2020-02-01 00:00:00.0,31.07153,42.3,20.3,,,,,,,,,,0.0,,,25.22186,59,58,20.99026,,1.909028,C ,2.386285,C ,17.8,,,0.0,-23.90403
2020-02-02 00:00:00.0,32.45834,43.3,25.0,,,,,,,,,,0.0,,,24.75051,48,61,18.69929,,2.245833,S ,2.807292,C ,25.0,,,0.0,-23.90403
2020-02-03 00:00:00.0,33.58681,45.8,22.6,,,,,,,,,,0.0,,,23.96606,35,68,,,2.258333,S ,2.822916,C ,19.0,,,0.0,-23.90403
2020-02-04 00:00:00.0,34.51319,43.3,28.3,,,,,,,,,,0.0,,,29.35375,46,67,,,3.283333,S ,4.104166,C ,21.9,,,0.0,-23.90403
2020-02-05 00:00:00.0,31.49931,33.9,29.4,,,,,,,,,,0.0,,,3.250923,7,,,,2.72639,S ,3.407987,C ,19.2,,,0.0,-23.90403
2020-02-06 00:00:00.0,33.70832,43.7,29.7,,,,,,,,,,0.0,,,20.56542,31,25,,,2.574306,S ,3.217882,C ,16.8,,,0.0,-23.90403
2020-02-07 00:00:00.0,31.87431,36.3,28.8,,,,,,,,,,0.0,,,22.47523,47,56,,,5.893751,S ,7.367188,C ,20.0,,,0.0,-23.90403
2020-02-08 00:00:00.0,27.27084,31.8,23.3,,,,,,,,,,0.0,,,27.9183,78,92,21.79554,,9.855555,S ,12.31944,C ,30.7,,,0.0,-23.90403
2020-02-09 00:00:00.0,23.85903,30.0,17.5,,,,,,,,,,0.0,,,20.51336,70,80,17.19121,,7.37639,S ,9.220487,C ,28.9,,,0.0,-23.15703
2020-02-10 00:00:00.0,24.15903,31.3,18.1,,,,,,,,,,0.0,,,21.22753,65,85,17.02522,,2.547916,S ,3.184896,C ,18.0,,,0.0,-23.90403
2020-02-11 00:00:00.0,26.68402,36.0,17.8,,,,,,,,,,0.0,,,23.02991,60,78,18.10221,,2.282639,S ,2.853298,C ,19.4,,,0.0,-23.48903
2020-02-12 00:00:00.0,29.11112,37.0,22.4,,,,,,,,,,0.0,,,26.76254,63,78,21.21164,,3.190278,S ,3.987847,C ,23.0,,,0.0,-23.90403
2020-02-13 00:00:00.0,31.18404,39.1,25.7,,,,,,,,,,0.0,,,26.88575,55,60,20.43407,,4.036806,S ,5.046008,C ,24.2,,,0.0,-23.90403
2020-02-14 00:00:00.0,,26.7,25.3,,,,,,,,,,0.0,,,,,,,,,S ,,C ,9.1,,,,
2020-02-15 00:00:00.0,,,,,,,,,,,,,0.0,,,,,,,,,C ,,C ,,,,,
2020-02-16 00:00:00.0,,,,,,,,,,,,,0.0,,,,,,,,,C ,,C ,,,,,
2020-02-17 00:00:00.0,,,,,,,,,,,,,0.0,,,,,,,,,C ,,C ,,,,,
2020-02-18 00:00:00.0,,,,,,,,,,,,,0.0,,,,,,,,,C ,,C ,,,,,
2020-02-19 00:00:00.0,,,,,,,,,,,,,0.0,,,,,,,,,C ,,C ,,,,,
2020-02-20 00:00:00.0,,,,,,,,,,,,,0.0,,,,,,,,,C ,,C ,,,,,
2020-02-21 00:00:00.0,,,,,,,,,,,,,0.0,,,,,,,,,C ,,C ,,,,,
2020-02-22 00:00:00.0,,,,,,,,,,,,,0.0,,,,,,,,,C ,,C ,,,,,
2020-02-23 00:00:00.0,,,,,,,,,,,,,0.0,,,,,,,,,C ,,C ,,,,,
2020-02-24 00:00:00.0,,,,,,,,,,,,,0.0,,,,,,,,,C ,,C ,,,,,
2020-02-25 00:00:00.0,,,,,,,,,,,,,0.0,,,,,,,,,C ,,C ,,,,,
2020-02-26 00:00:00.0,,,,,,,,,,,,,0.0,,,,,,,,,C ,,C ,,,,,
2020-02-27 00:00:00.0,,,,,,,,,,,,,0.0,,,,,,,,,C ,,C ,,,,,
2020-02-28 00:00:00.0,,,,,,,,,,,,,0.0,,,,,,,,,C ,,C ,,,,,
2020-02-29 00:00:00.0,,,,,,,,,,,,,0.0,,,,,,,,,C ,,C ,,,,,
2020-03-01 00:00:00.0,,,,,,,,,,,,,0.0,,,,,,,,,C ,,C ,,,,,
2020-03-02 00:00:00.0,,,,,,,,,,,,,0.0,,,,,,,,,C ,,C ,,,,,
2020-03-03 00:00:00.0,,41.9,30.3,,,,22.4,,,,,,7.5,,,,,47,,,,S ,,C ,10.6,,,,
2020-03-04 00:00:00.0,30.5368,39.6,23.3,,,,22.11666,,,,0.25,0.0,0.0,,,34.12275,80,84,26.04492,,2.377084,S ,2.971354,C ,15.8,,,0.0,-23.90403
2020-03-05 00:00:00.0,30.71597,39.5,22.5,,,,22.00624,,,,0.0,0.25,0.25,,,24.79685,52,45,19.00886,,2.029166,S ,2.536458,C ,14.2,,,0.0,-23.90403
2020-03-06 00:00:00.0,31.01319,40.8,24.9,,,,22.00209,,,,0.25,0.0,0.0,,,19.38914,37,42,,,2.019444,S ,2.524306,C ,12.3,,,0.0,-23.90403
2020-03-07 00:00:00.0,31.69028,41.2,25.3,,,,22.10555,,,,0.0,0.25,0.25,,,21.04797,37,36,,,2.20625,S ,2.757813,C ,19.0,,,0.0,-23.90403
2020-03-08 00:00:00.0,31.57153,37.8,26.6,,,,22.31181,,,,0.0,0.0,0.0,,,23.75057,50,56,18.65096,,3.196528,S ,3.99566,C ,22.3,,,0.0,-23.90403
2020-03-09 00:00:00.0,26.34028,33.3,19.0,,,,21.12223,,,,0.0,0.0,0.0,,,16.53341,44,54,9.627725,,5.371528,S ,6.71441,C ,25.4,,,0.0,-23.15703
2020-03-10 00:00:00.0,23.66945,33.4,15.2,,,,19.72778,,,,1.0,0.0,0.0,,,16.27437,43,40,,,3.213889,S ,4.017361,C ,21.4,,,0.0,-20.00302
2020-03-11 00:00:00.0,26.57986,31.1,23.2,,,,19.93471,,,,1.0,2.0,0.75,,,5.523684,15,10,,,2.023611,S ,2.529514,C ,27.5,,,0.0,-23.90403
2020-03-12 00:00:00.0,30.76111,42.1,24.3,,,,20.43473,,,,0.0,0.0,0.0,,,16.38884,26,29,,,2.129167,S ,2.661459,C ,15.0,,,0.0,-23.90403
2020-03-13 00:00:00.0,32.2368,41.5,26.2,,,,21.24653,,,,,0.0,0.0,,,15.84423,27,26,,,2.597917,S ,3.247396,C ,21.0,,,0.0,-23.90403
2020-03-14 00:00:00.0,,32.7,23.1,,,,20.95,,,,0.25,,2.5,,,,,31,,,,S ,,C ,82.9,,,,
2020-03-15 00:00:00.0,23.74375,31.5,17.8,,,,19.42013,,,,0.0,0.25,0.25,,,12.27701,33,36,,,3.415973,S ,4.269966,C ,17.4,,,0.0,-22.74203
2020-03-16 00:00:00.0,23.13541,33.8,13.8,,,,18.35833,,,,0.0,0.0,0.0,,,13.21921,34,37,,,1.493055,C ,1.866319,C ,12.5,,,0.0,-18.09402
2020-03-17 00:00:00.0,24.10695,29.2,18.7,,,,18.31944,,,,0.5,0.25,0.25,,,3.687871,10,16,,,1.933333,S ,2.416667,C ,16.5,,,0.0,-23.90403
2020-03-18 00:00:00.0,27.29306,32.7,22.4,,,,19.0,,,,,,13.25,,,12.2587,28,36,,,3.270543,S ,4.088179,C ,18.0,,,,-21.41402
2020-03-19 00:00:00.0,,33.9,22.1,,,,18.9,,,,0.25,,0.0,,,13.80687,31,31,,,7.015557,S ,8.769446,C ,25.6,,,,-22.41003
2020-03-20 00:00:00.0,25.89653,32.8,19.6,,,,18.70709,,,,0.25,0.25,0.25,,,13.39942,32,37,,,4.520139,S ,5.650174,C ,20.8,,,0.0,-23.90403
2020-03-21 00:00:00.0,28.01806,39.8,20.4,,,,18.7618,,,,0.0,0.25,0.25,,,17.25385,35,35,,,1.855556,S ,2.319445,C ,18.1,,,0.0,-23.90403
2020-03-22 00:00:00.0,29.44374,39.6,21.8,,,,19.27708,,,,0.0,0.0,0.0,,,19.0937,41,59,13.07786,,1.986112,C ,2.482639,C ,17.4,,,0.0,-23.90403
2020-03-23 00:00:00.0,30.29306,40.5,22.8,,,,19.48196,,,,0.25,0.0,0.0,,,15.72885,30,43,,,2.366667,S ,2.958333,C ,15.5,,,0.0,-23.90403
2020-03-24 00:00:00.0,31.21459,41.4,24.7,,,,20.07362,,,,8.0,0.25,0.25,,,17.13386,28,24,,,2.185417,S ,2.731771,C ,17.2,,,0.0,-23.90403
2020-03-25 00:00:00.0,28.21042,32.2,26.1,,,,20.36322,,,,0.25,8.25,3.0,,,5.895979,14,20,,,5.986804,S ,7.483506,C ,28.0,,,0.0,-23.90403
2020-03-26 00:00:00.0,28.01319,34.3,23.1,,,,19.89861,,,,0.0,0.0,0.0,,,11.10883,23,22,,,3.719445,S ,4.649306,C ,24.4,,,0.0,-23.90403
2020-03-27 00:00:00.0,30.43472,38.4,25.4,,,,20.52085,,,,0.25,0.0,0.0,,,14.70872,25,22,,,2.318056,S ,2.89757,C ,15.3,,,0.0,-23.90403
2020-03-28 00:00:00.0,31.37292,38.7,26.7,,,,21.0639,,,,0.0,0.25,0.25,,,13.92996,23,22,,,1.675694,S ,2.094618,C ,13.5,,,0.0,-23.90403
2020-03-29 00:00:00.0,30.075,35.2,26.2,,,,21.43335,,,,0.25,0.0,0.0,,,5.765287,12,11,,,4.090278,S ,5.112848,C ,28.7,,,0.0,-23.90403
2020-03-30 00:00:00.0,26.58611,31.7,23.2,,,,20.63195,,,,17.75,16.0,6.0,,,5.120077,12,18,,,4.368055,S ,5.460069,C ,30.5,,,0.0,-23.90403
2020-03-31 00:00:00.0,25.95139,30.3,21.2,,,,19.92569,,,,18.75,6.75,2.25,,,15.48812,42,62,,,4.125695,S ,5.157118,C ,28.7,,,0.0,-23.90403
2020-04-01 00:00:00.0,27.26528,33.3,23.4,,,,19.67431,,,,0.5,14.5,2.25,,,4.007801,9,13,,,4.280555,S ,5.350694,C ,37.6,,,0.0,-23.90403
2020-04-02 00:00:00.0,24.51458,28.7,19.9,,,,18.87708,,,,0.0,0.0,0.0,,,11.19106,33,35,,,16.10833,S ,20.13541,C ,46.4,,,0.0,-23.82103
2020-04-03 00:00:00.0,22.77847,32.0,15.7,,,,17.69722,,,,0.25,0.0,0.0,,,9.916942,25,19,,,2.419444,W ,3.024305,C ,13.5,,,0.0,-20.25202
2020-04-04 00:00:00.0,25.00834,33.8,18.4,,,,17.77708,,,,0.0,0.25,0.25,,,11.66449,25,22,,,2.722917,S ,3.403646,C ,24.0,,,0.0,-23.90403
2020-04-05 00:00:00.0,26.01111,34.3,19.3,,,,18.24792,,,,0.0,0.0,0.0,,,10.64104,23,23,,,1.756945,C ,2.196181,C ,14.6,,,0.0,-23.90403
2020-04-06 00:00:00.0,22.30347,26.0,16.3,,,,17.71181,,,,0.25,0.25,0.25,,,8.122135,29,47,,,11.72292,S ,14.65364,C ,49.3,,,0.0,-20.08602
2020-04-07 00:00:00.0,18.83125,26.4,13.5,,,,16.16388,,,,0.25,0.0,0.0,,,7.639526,26,21,,,6.15,S ,7.6875,C ,37.7,,,0.0,-11.205
2020-04-08 00:00:00.0,17.26806,26.7,9.3,,,,14.95415,,,,0.0,0.25,0.25,,,7.280883,23,23,,,3.156944,C ,3.94618,C ,18.5,,,0.0,-7.220999
2020-04-09 00:00:00.0,19.61329,29.7,11.7,,,,14.59789,,,,0.25,0.0,0.0,,,4.376281,12,14,,,2.566434,C ,3.208043,C ,20.4,,,0.0,-13.61201
2020-04-10 00:00:00.0,22.11596,32.0,14.3,,,,14.91805,,,,0.25,0.25,0.25,,,8.762978,21,22,,,1.53125,C ,1.914063,C ,14.4,,,0.0,-18.01102
2020-04-11 00:00:00.0,22.95764,33.1,16.2,,,,15.26042,,,,0.0,0.25,0.25,,,7.725315,17,22,,,1.589584,C ,1.986979,C ,17.0,,,0.0,-20.33502
2020-04-12 00:00:00.0,24.73959,35.3,17.5,,,,15.74895,,,,6.75,0.25,0.25,,,7.1832,14,22,,,1.470629,C ,1.838287,C ,15.2,,,0.0,-22.74203
2020-04-13 00:00:00.0,22.85734,24.6,19.6,,,,16.24028,,,,28.5,35.0,3.75,,,,0,,,,7.18264,S ,8.9783,C ,32.5,,,0.0,-23.65503
2020-04-14 00:00:00.0,20.70625,27.2,15.6,,,,15.08472,,,,0.0,0.0,0.0,,,4.594684,14,22,,,11.92708,W ,14.90886,C ,37.9,,,0.0,-17.51302
2020-04-15 00:00:00.0,20.39999,27.8,15.0,,,,14.56389,,,,0.0,0.0,0.0,,,5.905414,17,22,,,8.154163,W ,10.1927,C ,29.5,,,0.0,-14.94001
2020-04-16 00:00:00.0,19.44931,32.1,11.4,,,,13.96181,,,,0.25,0.0,0.0,,,4.812491,12,22,,,1.584028,C ,1.980035,C ,12.0,,,0.0,-14.27601
2020-04-17 00:00:00.0,22.79862,32.7,15.1,,,,14.16875,,,,0.0,0.25,0.25,,,6.653307,15,21,,,1.642361,C ,2.052952,C ,16.6,,,0.0,-18.59202
2020-04-18 00:00:00.0,25.25138,34.6,18.9,,,,15.06945,,,,0.25,0.0,0.0,,,5.059041,10,21,,,2.170833,S ,2.713541,C ,16.2,,,0.0,-23.90403
2020-04-19 00:00:00.0,26.07985,34.9,20.0,,,,15.78959,,,,0.0,0.25,0.25,,,3.259557,6,10,,,2.548613,S ,3.185766,C ,20.2,,,0.0,-23.90403
2020-04-20 00:00:00.0,26.32431,36.4,18.1,,,,16.08749,,,,0.0,0.0,0.0,,,2.124949,4,9,,,3.707639,S ,4.634548,C ,23.4,,,0.0,-23.90403
2020-04-21 00:00:00.0,22.07916,27.7,14.4,,,,15.91389,,,,0.0,0.0,0.0,,,2.22292,7,14,,,4.0375,S ,5.046875,C ,24.3,,,0.0,-17.59602
2020-04-22 00:00:00.0,19.48959,28.6,13.3,,,,14.65487,,,,0.25,0.0,0.0,,,4.631429,13,21,,,1.052083,C ,1.315104,C ,12.5,,,0.0,-16.01901
2020-04-23 00:00:00.0,22.23194,30.3,13.4,,,,14.52708,,,,2.5,0.25,0.25,,,,0,,,,2.160417,S ,2.700521,C ,17.0,,,0.0,-20.66702
2020-04-24 00:00:00.0,25.99999,27.3,23.3,,,,15.68402,,,,6.25,8.75,1.25,,,,0,,,,1.806945,S ,2.258682,C ,19.2,,,0.0,-23.90403
2020-04-25 00:00:00.0,24.0507,27.3,20.1,,,,15.9507,,,,0.25,0.0,0.25,,,,0,,,,4.065972,C ,5.082465,C ,20.3,,,0.0,-22.41003
2020-04-26 00:00:00.0,20.56597,28.9,14.1,,,,14.9486,,,,0.0,0.25,0.25,,,,0,,,,2.864583,W ,3.580729,C ,18.0,,,0.0,-16.93202
2020-04-27 00:00:00.0,23.35764,26.8,17.6,,,,15.13612,,,,44.5,26.75,10.5,,,,0,,,,4.655556,W ,5.819445,C ,27.2,,,0.0,-23.90403
2020-04-28 00:00:00.0,25.74654,29.0,22.2,,,,16.12057,,,,20.5,38.25,5.75,,,,0,,,,4.790277,C ,5.987845,C ,34.4,,,0.0,-23.90403
2020-04-29 00:00:00.0,23.08819,27.6,20.1,,,,15.8257,,,,0.0,0.0,0.0,,,,0,,,,10.89097,S ,13.61372,C ,41.1,,,0.0,-23.90403
2020-04-30 00:00:00.0,21.65556,28.1,16.1,,,,15.21043,,,,7.0,0.0,0.0,,,,0,,,,3.526388,C ,4.407986,C ,20.8,,,0.0,-20.66703
2020-05-01 00:00:00.0,20.84513,27.3,15.5,,,,14.61389,,,,0.25,7.0,3.25,,,,0,,,,4.840972,C ,6.051216,C ,22.1,,,0.0,-20.58402
2020-05-02 00:00:00.0,20.74444,29.0,14.9,,,,14.07987,,,,0.0,0.25,0.25,,,,0,,,,1.930555,C ,2.413194,C ,15.2,,,0.0,-17.92802
2020-05-03 00:00:00.0,21.43333,29.2,16.5,,,,14.15416,,,,5.75,5.75,2.5,,,,0,,,,1.550695,C ,1.938368,C ,15.5,,,0.0,-20.25202
2020-05-04 00:00:00.0,22.56945,29.5,18.9,,,,14.60279,,,,9.0,0.25,0.25,,,0.01957228,0,,,,1.177778,C ,1.472222,C ,9.9,,,0.0,-23.90403
2020-05-05 00:00:00.0,20.94097,24.3,18.4,,,,14.48056,,,,0.25,9.0,4.25,,,,0,,,,13.39792,W ,16.7474,C ,43.9,,,0.0,-22.16103
2020-05-06 00:00:00.0,18.4861,24.2,13.9,,,,13.45347,,,,0.0,0.0,0.0,,,,0,,,,4.795137,C ,5.993922,C ,19.8,,,0.0,-13.11401
2020-05-07 00:00:00.0,18.99027,26.2,14.0,,,,13.02153,,,,0.0,0.0,0.0,,,0.6947796,2,9,,,2.722221,W ,3.402777,C ,19.6,,,0.0,-15.27201
2020-05-08 00:00:00.0,18.73959,28.0,12.5,,,,12.72847,,,,0.0,0.0,0.0,,,0.06976997,0,3,,,3.224305,W ,4.030381,C ,21.4,,,0.0,-15.43801
2020-05-09 00:00:00.0,21.56806,29.7,17.3,,,,13.06736,,,,0.0,0.0,0.0,,,0.8273018,2,4,,,4.109027,W ,5.136284,C ,26.9,,,0.0,-20.83302
2020-05-10 00:00:00.0,22.04722,30.7,16.5,,,,13.32708,,,,0.0,0.0,0.0,,,0.005889292,0,,,,3.126388,W ,3.907985,C ,21.4,,,0.0,-20.33502
2020-05-11 00:00:00.0,20.41528,26.2,14.4,,,,13.23333,,,,0.0,0.0,0.0,,,2.090275,6,14,,,6.19375,W ,7.742188,C ,33.7,,,0.0,-16.68302
2020-05-12 00:00:00.0,17.52986,25.4,10.4,,,,12.1389,,,,0.0,0.0,0.0,,,0.151924,0,,,,1.582639,W ,1.978299,C ,13.7,,,0.0,-12.11801
2020-05-13 00:00:00.0,17.94653,25.5,11.8,,,,12.00694,,,,0.5,0.5,0.5,,,,0,,,,4.87361,W ,6.092013,C ,28.6,,,0.0,-7.884995
2020-05-14 00:00:00.0,14.0632,23.1,8.0,,,,10.87986,,,,0.25,0.0,0.0,,,2.763882,10,20,,,1.840277,C ,2.300346,C ,19.0,,,0.0,-0.4980001
2020-05-15 00:00:00.0,19.96528,28.6,13.6,,,,11.30347,,,,0.0,0.25,0.25,,,0.239671,1,,,,2.484029,W ,3.105036,C ,22.6,,,0.0,-18.17702
2020-05-16 00:00:00.0,24.61736,34.4,19.3,,,,12.48402,,,,0.0,0.0,0.0,,,5.198862,10,19,,,2.788888,W ,3.48611,C ,21.4,,,0.0,-23.90403
2020-05-17 00:00:00.0,22.63125,29.4,16.2,,,,12.98889,,,,0.0,0.0,0.0,,,4.568941,12,21,,,3.909721,C ,4.887152,C ,25.7,,,0.0,-19.50502
2020-05-18 00:00:00.0,18.92847,29.5,10.7,,,,12.20555,,,,0.25,0.25,0.25,,,2.72011,7,19,,,0.736111,C ,0.9201387,C ,19.8,,,0.0,-13.86101
2020-05-19 00:00:00.0,22.72292,32.0,17.6,,,,12.66806,,,,0.25,0.0,0.0,,,,0,,,,0.5798611,C ,0.7248264,C ,13.0,,,0.0,-22.99103
2020-05-20 00:00:00.0,22.78473,27.8,19.0,,,,13.29652,,,,5.25,4.75,1.0,,,,0,,,,3.846528,C ,4.80816,C ,27.1,,,0.0,-23.90403
2020-05-21 00:00:00.0,20.84722,23.0,19.6,,,,13.43265,,,,0.0,0.75,0.75,,,,0,,,,14.63888,W ,18.2986,C ,36.4,,,0.0,-22.99103
2020-05-22 00:00:00.0,19.30833,24.8,16.2,,,,12.70972,,,,0.5,0.25,0.25,,,,0,,,,12.50347,W ,15.62934,C ,39.6,,,0.0,-14.94001
2020-05-23 00:00:00.0,17.77153,25.4,13.0,,,,12.12153,,,,0.0,0.25,0.25,,,,0,,,,3.109028,C ,3.886285,C ,15.3,,,0.0,-11.62
2020-05-24 00:00:00.0,18.49444,26.0,13.4,,,,11.94374,,,,1.0,1.0,0.5,,,1.020724,3,13,,,3.985417,W ,4.981771,C ,30.8,,,0.0,-16.01901
2020-05-25 00:00:00.0,21.20278,24.0,19.5,,,,12.34653,,,,0.0,0.0,0.0,,,,0,,,,15.57847,W ,19.47309,C ,46.1,,,0.0,-22.99103
2020-05-26 00:00:00.0,18.52639,23.9,14.7,,,,12.24167,,,,0.25,0.0,0.0,,,,0,,,,2.314583,C ,2.893229,C ,16.9,,,0.0,-13.61201
2020-05-27 00:00:00.0,18.44028,29.3,11.7,,,,11.70555,,,,0.0,0.25,0.25,,,,0,,,,0.825,C ,1.03125,C ,20.6,,,0.0,-13.36301
2020-05-28 00:00:00.0,18.47362,24.7,13.1,,,,11.66875,,,,0.0,0.0,0.0,,,,0,,,,0.9638889,C ,1.204861,C ,15.6,,,0.0,-15.93601
2020-05-29 00:00:00.0,20.35139,22.1,16.9,,,,12.325,,,,0.25,0.0,0.0,,,,0,,,,0.176389,C ,0.2204862,C ,10.8,,,0.0,-23.48903
2020-05-30 00:00:00.0,20.79166,25.0,16.6,,,,12.84792,,,,0.25,0.25,0.25,,,,0,,,,3.413889,C ,4.267361,C ,31.6,,,0.0,-20.41802
2020-05-31 00:00:00.0,17.48888,20.5,13.4,,,,12.24027,,,,0.25,0.5,0.25,,,,0,,,,14.27986,W ,17.84983,C ,49.8,,,0.0,-11.78601
2020-06-01 00:00:00.0,15.02291,22.3,9.6,,,,11.2507,,,,0.25,0.0,0.0,,,,0,,,,2.757639,C ,3.447049,C ,19.5,,,0.0,-4.565001
2020-06-02 00:00:00.0,15.40764,24.6,8.5,,,,10.46459,,,,0.0,0.25,0.25,,,,0,,,,1.007639,C ,1.259549,C ,23.3,,,0.0,-6.557002
2020-06-03 00:00:00.0,17.54098,23.2,12.4,,,,10.79583,,,,0.0,0.0,0.0,,,,0,,,,3.484721,C ,4.355902,C ,22.0,,,0.0,-11.78601
2020-06-04 00:00:00.0,15.98819,24.8,7.7,,,,10.42222,,,,0.25,0.0,0.0,,,,0,,,,0.2576389,C ,0.3220486,C ,15.5,,,0.0,-3.983999
2020-06-05 00:00:00.0,16.36597,25.3,10.6,,,,10.26875,,,,0.0,0.25,0.25,,,,0,,,,0.08472225,C ,0.1059028,C ,5.3,,,0.0,-10.79
2020-06-06 00:00:00.0,22.24722,28.9,17.4,,,,11.40277,,,,0.75,0.0,0.0,,,,0,,,,1.017361,C ,1.271701,C ,20.0,,,0.0,-22.65903
2020-06-07 00:00:00.0,22.56112,25.8,20.0,,,,12.51876,,,,0.0,0.75,0.25,,,,0,,,,0.40625,C ,0.5078125,C ,8.6,,,0.0,-23.90403
2020-06-08 00:00:00.0,21.92916,24.4,19.4,,,,13.00763,,,,0.5,0.25,0.25,,,,0,,,,0.486111,C ,0.6076387,C ,13.9,,,0.0,-22.82503
2020-06-09 00:00:00.0,17.09236,25.1,10.8,,,,12.00139,,,,0.0,0.25,0.25,,,,0,,,,0.4180554,C ,0.5225693,C ,14.1,,,0.0,-5.644001
2020-06-10 00:00:00.0,17.86111,28.1,10.9,,,,11.25347,,,,0.25,0.0,0.0,,,,0,,,,0.7555555,C ,0.9444443,C ,27.1,,,0.0,-12.28401
2020-06-11 00:00:00.0,18.29791,28.6,12.0,,,,11.1375,,,,0.0,0.25,0.25,,,,0,,,,0.2347222,C ,0.2934028,C ,19.8,,,0.0,-13.44601
2020-06-12 00:00:00.0,20.45416,26.6,16.4,,,,11.78263,,,,0.0,0.0,0.0,,,,0,,,,2.052084,C ,2.565105,C ,21.3,,,0.0,-22.49303
2020-06-13 00:00:00.0,14.87777,19.9,9.2,,,,10.98957,,,,0.0,0.0,0.0,,,,0,,,,11.63195,W ,14.53993,C ,45.3,,,0.498,3.070999
2020-06-14 00:00:00.0,11.68681,23.0,4.7,,,,9.261807,,,,0.0,0.0,0.0,,,,0,,,,0.4506944,C ,0.5633681,C ,13.7,,,8.133996,4.814001
2020-06-15 00:00:00.0,14.88611,23.2,8.2,,,,8.829866,,,,0.0,0.0,0.0,,,,0,,,,0.3604167,C ,0.4505208,C ,18.2,,,0.0,-6.723001
2020-06-16 00:00:00.0,21.08473,24.9,16.6,,,,10.15764,,,,0.25,0.0,0.0,,,,0,,,,0.2180556,C ,0.2725694,C ,10.5,,,0.0,-23.90403
2020-06-17 00:00:00.0,25.80139,29.3,22.3,,,,11.83611,,,,21.0,18.25,9.0,,,,0,,,,0.647222,C ,0.8090275,C ,36.8,,,0.0,-23.90403
2020-06-18 00:00:00.0,22.30347,27.8,16.6,,,,12.92639,,,,0.0,3.0,1.75,,,,0,,,,8.259028,W ,10.32379,C ,36.9,,,0.0,-20.25202
2020-06-19 00:00:00.0,16.75764,21.8,13.2,,,,11.70555,,,,0.25,0.0,0.0,,,,0,,,,0.3583333,C ,0.4479166,C ,14.3,,,0.0,-10.541
2020-06-20 00:00:00.0,15.3625,20.0,10.9,,,,10.79097,,,,0.0,0.25,0.25,,,,0,,,,0.1583334,C ,0.1979167,C ,8.2,,,0.0,-6.474003
2020-06-21 00:00:00.0,18.28263,24.7,13.1,,,,10.78958,,,,0.25,0.0,0.0,,,,0,,,,2.508333,C ,3.135417,C ,24.2,,,0.0,-10.873
2020-06-22 00:00:00.0,14.63333,23.6,5.6,,,,9.825693,,,,2.75,0.75,0.25,,,,0,,,,0.770139,C ,0.9626737,C ,20.5,,,1.162,-5.893002
2020-06-23 00:00:00.0,19.05694,23.4,16.9,,,,10.50279,,,,0.0,2.25,1.25,,,,0,,,,4.990278,W ,6.237848,C ,20.1,,,0.0,-17.34702
2020-06-24 00:00:00.0,17.61181,23.3,13.3,,,,10.65556,,,,0.0,0.0,0.0,,,,0,,,,4.130554,C ,5.163193,C ,26.7,,,0.0,-10.541
2020-06-25 00:00:00.0,15.11528,20.0,11.3,,,,10.07986,,,,0.25,0.25,0.25,,,,0,,,,5.34375,C ,6.679688,C ,29.0,,,0.0,-2.406999
2020-06-26 00:00:00.0,11.83889,18.8,7.0,,,,9.003477,,,,0.0,0.0,0.0,,,,0,,,,3.468751,C ,4.335939,C ,27.7,,,0.0,6.889002
2020-06-27 00:00:00.0,13.10972,16.5,9.3,,,,8.630551,,,,0.75,0.75,0.25,,,,0,,,,0.2472223,C ,0.3090278,C ,9.2,,,0.0,4.149998
2020-06-28 00:00:00.0,11.84097,19.8,5.6,,,,7.990273,,,,0.25,0.0,0.0,,,,0,,,,0.4770833,C ,0.5963541,C ,11.8,,,4.979998,5.893003
2020-06-29 00:00:00.0,15.68264,21.7,11.6,,,,8.136104,,,,14.75,0.25,0.25,,,,0,,,,2.494444,W ,3.118055,C ,23.3,,,0.0,-10.458
2020-06-30 00:00:00.0,17.42222,18.4,15.9,,,,9.114584,,,,7.0,21.75,2.0,,,,0,,,,10.66944,W ,13.3368,C ,36.5,,,0.0,-11.37101
2020-07-01 00:00:00.0,15.25,18.4,13.1,,,,8.875702,,,,0.0,0.0,0.0,,,,0,,,,8.095832,W ,10.11979,C ,29.6,,,0.0,-2.987999
2020-07-02 00:00:00.0,15.22569,19.6,12.3,,,,8.873605,,,,0.25,0.0,0.0,,,,0,,,,0.996528,C ,1.24566,C ,18.2,,,0.0,-5.893003
2020-07-03 00:00:00.0,14.80833,20.0,9.8,,,,8.85347,,,,0.0,0.25,0.25,,,,0,,,,0.7868056,C ,0.983507,C ,20.2,,,0.0,-5.395002
2020-07-04 00:00:00.0,16.57014,19.4,14.0,,,,9.178479,,,,0.0,0.0,0.0,,,,0,,,,0.2479167,C ,0.3098958,C ,11.3,,,0.0,-7.552999
2020-07-05 00:00:00.0,15.09792,21.0,9.4,,,,9.058331,,,,0.25,0.0,0.0,,,,0,,,,2.85764,C ,3.57205,C ,19.9,,,0.0,-1.245001
2020-07-06 00:00:00.0,12.56597,20.2,7.8,,,,8.261806,,,,0.0,0.25,0.25,,,,0,,,,2.625694,C ,3.282118,C ,21.5,,,0.0,4.398998
2020-07-07 00:00:00.0,11.83819,17.9,7.1,,,,7.552776,,,,0.0,0.0,0.0,,,,0,,,,0.8270833,C ,1.033854,C ,16.4,,,0.0,9.378995
2020-07-08 00:00:00.0,11.97708,19.8,7.1,,,,7.156253,,,,0.0,0.0,0.0,,,,0,,,,0.1645834,C ,0.2057292,C ,12.2,,,0.0,3.735001
2020-07-09 00:00:00.0,14.13056,20.9,9.4,,,,7.428476,,,,0.0,0.0,0.0,,,,0,,,,1.836111,C ,2.295139,C ,19.9,,,0.0,-2.905
2020-07-10 00:00:00.0,16.50625,19.5,11.9,,,,7.941663,,,,0.25,0.25,0.25,,,,0,,,,3.968056,W ,4.96007,C ,31.7,,,0.0,-6.639993
2020-07-11 00:00:00.0,13.55139,22.1,7.6,,,,7.670835,,,,0.0,0.0,0.0,,,,0,,,,3.522223,W ,4.402779,C ,31.9,,,0.0,-0.0829979
2020-07-12 00:00:00.0,14.20139,19.0,10.3,,,,7.711105,,,,0.0,0.0,0.0,,,,0,,,,4.772223,W ,5.965279,C ,30.9,,,0.0,0.9129993
2020-07-13 00:00:00.0,11.85903,17.9,6.5,,,,7.204166,,,,0.0,0.0,0.0,,,,0,,,,7.488195,W ,9.360244,C ,40.8,,,0.83,10.209
2020-07-14 00:00:00.0,11.66875,19.3,6.0,,,,6.604163,,,,0.0,0.0,0.0,,,,0,,,,5.415279,W ,6.769099,C ,28.6,,,1.328,4.730999
2020-07-15 00:00:00.0,13.90347,23.4,5.7,,,,6.540974,,,,0.0,0.0,0.0,,,,0,,,,0.2041667,C ,0.2552084,C ,7.9,,,1.162,1.162
2020-07-16 00:00:00.0,16.17361,24.8,10.9,,,,7.005559,,,,0.0,0.0,0.0,,,,0,,,,0.2083334,C ,0.2604167,C ,13.8,,,0.0,-7.054996
2020-07-17 00:00:00.0,15.64166,26.5,6.6,,,,7.168058,,,,0.0,0.0,0.0,,,,0,,,,0.4819444,C ,0.6024305,C ,23.2,,,0.498,-8.216998
2020-07-18 00:00:00.0,20.40417,21.8,19.0,,,,8.602075,,,,0.0,0.0,0.0,,,,0,,,,0.1395833,C ,0.1744792,C ,8.2,,,0.0,-23.73803
2020-07-19 00:00:00.0,20.2049,22.2,17.9,,,,,,,,,,,,,,,,,,,  ,,  ,,,,,
2020-07-24 00:00:00.0,,,,,,,,,,,,,,,,,,,,,,  ,,  ,,,,,
2020-07-25 00:00:00.0,14.08403,27.5,7.4,,,,9.44097,,,,0.0,0.0,0.0,,,,0,,,,2.540278,W ,3.175347,C ,20.8,,,0.0,-4.896999
2020-07-26 00:00:00.0,24.9868,34.1,20.6,,,,8.997211,,,,0.0,0.0,0.0,,,,0,,,,0.2784722,C ,0.3480902,C ,12.2,,,0.0,-23.90403
2020-07-27 00:00:00.0,24.04236,28.8,20.2,,,,8.990978,,,,,0.0,0.0,,,,0,,,,4.9125,C ,6.140625,C ,28.6,,,0.0,-23.90403
2020-07-28 00:00:00.0,,,,,,,,,,,0.0,,,,,,,,,,,  ,,  ,,,,,
2020-07-29 00:00:00.0,21.7007,34.5,15.2,,,,7.619447,,,,0.0,0.0,0.0,,,,0,,,,0.4569445,C ,0.5711806,C ,14.8,,,0.0,-15.43801
2020-07-30 00:00:00.0,21.64583,34.6,14.3,,,,7.269445,,,,0.0,0.0,0.0,,,,0,,,,0.2111111,C ,0.2638889,C ,10.0,,,0.0,-15.60401
2020-07-31 00:00:00.0,24.44166,36.9,19.2,,,,7.7493,,,,0.0,0.0,0.0,,,,0,,,,0.1631944,C ,0.2039931,C ,7.8,,,0.0,-23.90403
2020-08-01 00:00:00.0,23.39931,34.3,15.7,,,,7.7,,,,,,0.25,,,,0,,,,0.6645834,C ,0.8307293,C ,23.2,,,0.0,-19.58802
2020-08-02 00:00:00.0,27.5257,32.8,22.0,,,,8.826389,,,,0.25,1.0,1.0,,,,0,,,,1.947222,C ,2.434027,C ,14.4,,,0.0,-23.90403
2020-08-03 00:00:00.0,26.41875,36.3,18.8,,,,8.911798,,,,0.0,0.25,0.25,,,,0,,,,0.7312498,C ,0.9140623,C ,14.5,,,0.0,-23.90403
2020-08-04 00:00:00.0,33.21042,47.2,25.8,,,,10.425,,,,0.0,0.0,0.0,,,,0,,,,0.1631945,C ,0.2039931,C ,7.9,,,0.0,-23.90403
2020-08-05 00:00:00.0,32.53125,43.9,28.0,,,,11.86944,,,,0.0,0.0,0.0,,,,0,,,,1.304167,C ,1.630209,C ,23.0,,,0.0,-23.90403
2020-08-06 00:00:00.0,25.19723,28.1,19.8,,,,11.68334,,,,,0.0,0.0,,,,0,,,,2.686806,C ,3.358507,C ,15.6,,,0.0,-22.74203
2020-08-07 00:00:00.0,21.92868,,,,,,10.1,,,,,,,,,,0,,,,,C ,,C ,8.5,,,,-16.43401
2020-08-08 00:00:00.0,,,,,,,,,,,,,,,,,,,,,,  ,,  ,,,,,
2020-08-09 00:00:00.0,,,,,,,,,,,0.75,,,,,,,,,,,  ,,  ,,,,,
2020-08-10 00:00:00.0,25.58126,31.4,20.4,,,,11.16459,,,,0.0,0.25,0.25,,,,0,,,,5.784723,W ,7.230904,C ,27.3,,,0.0,-23.65503
2020-08-11 00:00:00.0,19.92986,29.6,12.5,,,,9.896529,,,,0.0,0.0,0.0,,,,0,,,,3.14375,W ,3.929688,C ,23.0,,,0.0,-11.62
2020-08-12 00:00:00.0,19.53889,33.9,11.8,,,,8.732635,,,,0.0,0.0,0.0,,,,0,,,,1.170139,C ,1.462674,C ,20.0,,,0.0,-8.3
2020-08-13 00:00:00.0,19.78681,32.3,12.2,,,,8.457645,,,,0.0,0.0,0.0,,,,0,,,,0.965278,C ,1.206597,C ,12.3,,,0.0,-12.53301
2020-08-14 00:00:00.0,21.45,35.6,13.9,,,,8.661104,,,,0.0,0.0,0.0,,,,0,,,,0.482639,C ,0.6032987,C ,14.7,,,0.0,-15.52101
2020-08-15 00:00:00.0,20.12153,29.6,13.3,,,,8.715974,,,,0.0,0.0,0.0,,,,0,,,,3.811806,C ,4.764757,C ,31.9,,,0.0,-12.53301
2020-08-16 00:00:00.0,20.77084,33.2,12.3,,,,8.122912,,,,0.0,0.0,0.0,,,,0,,,,2.754166,C ,3.442708,C ,27.3,,,0.0,-15.10601
2020-08-17 00:00:00.0,21.9625,36.1,12.3,,,,8.26597,,,,0.0,0.0,0.0,,,,0,,,,0.6472223,C ,0.8090279,C ,16.2,,,0.0,-14.44201
2020-08-18 00:00:00.0,22.50069,33.7,15.9,,,,8.505559,,,,0.0,0.0,0.0,,,,0,,,,2.636111,C ,3.295139,C ,18.5,,,0.0,-17.26402
2020-08-19 00:00:00.0,19.45556,29.6,12.7,,,,7.853471,,,,0.0,0.0,0.0,,,,0,,,,6.531943,W ,8.164929,C ,30.8,,,0.0,-12.03501
2020-08-20 00:00:00.0,21.90903,35.9,14.4,,,,7.290972,,,,0.0,0.0,0.0,,,,0,,,,2.046529,C ,2.558161,C ,27.6,,,0.0,-16.10201
2020-08-21 00:00:00.0,26.27292,44.5,16.2,,,,7.720834,,,,0.0,0.0,0.0,,,,0,,,,0.3375,C ,0.421875,C ,9.3,,,0.0,-20.91603
2020-08-22 00:00:00.0,25.39028,41.4,15.5,,,,8.159717,,,,0.0,0.0,0.0,,,,0,,,,0.265972,C ,0.3324651,C ,11.7,,,0.0,-19.75402
2020-08-23 00:00:00.0,27.58402,45.9,17.7,,,,8.62639,,,,0.0,0.0,0.0,,,,0,,,,0.4756943,C ,0.5946179,C ,11.0,,,0.0,-23.32303
2020-08-24 00:00:00.0,31.60278,46.5,23.8,,,,9.847924,,,,0.0,0.0,0.0,,,,0,,,,0.5590277,C ,0.6987846,C ,14.2,,,0.0,-23.90403
2020-08-25 00:00:00.0,31.25905,37.2,29.7,,,,11.1125,,,,31.75,13.0,10.0,,,,0,,,,0.6881944,C ,0.860243,C ,11.8,,,0.0,-23.90403
2020-08-26 00:00:00.0,31.37431,36.3,28.9,,,,11.76735,,,,0.0,18.75,6.5,,,,0,,,,0.8430554,C ,1.053819,C ,16.4,,,0.0,-23.90403
2020-08-27 00:00:00.0,29.17917,38.8,22.5,,,,11.82084,,,,0.25,0.0,0.0,,,,0,,,,2.61875,C ,3.273437,C ,22.8,,,0.0,-23.90403
2020-08-28 00:00:00.0,28.47361,42.0,19.8,,,,11.2632,,,,0.0,0.25,0.25,,,,0,,,,0.225,C ,0.28125,C ,12.4,,,0.0,-23.90403
2020-08-29 00:00:00.0,28.52362,32.7,20.5,,,,11.82015,,,,0.0,0.0,0.0,,,,0,,,,5.196528,C ,6.49566,C ,26.2,,,0.0,-22.65903
2020-08-30 00:00:00.0,22.42014,36.6,13.4,,,,9.886107,,,,0.0,0.0,0.0,,,,0,,,,1.543056,C ,1.92882,C ,39.8,,,0.0,-14.69101
2020-08-31 00:00:00.0,21.65903,31.6,15.6,,,,9.16667,,,,0.0,0.0,0.0,,,,0,,,,2.469445,C ,3.086807,C ,18.4,,,0.0,-17.01501
2020-09-01 00:00:00.0,20.84166,33.1,13.8,,,,8.349302,,,,0.0,0.0,0.0,,,,0,,,,0.6125,C ,0.7656249,C ,18.2,,,0.0,-15.77001
2020-09-02 00:00:00.0,22.39028,25.9,17.9,,,,8.424999,,,,13.0,13.0,1.75,,,,0,,,,2.172222,C ,2.715278,C ,17.0,,,0.0,-23.90403
2020-09-03 00:00:00.0,25.97569,33.8,20.9,,,,9.113881,,,,0.0,0.0,0.0,,,,0,,,,2.075696,C ,2.59462,C ,14.2,,,0.0,-23.90403
2020-09-04 00:00:00.0,26.1125,37.7,20.3,,,,9.637493,,,,0.0,0.0,0.0,,,,0,,,,2.284028,C ,2.855034,C ,21.2,,,0.0,-23.82103
2020-09-05 00:00:00.0,22.76945,33.8,15.9,,,,9.156945,,,,0.0,0.0,0.0,,,,0,,,,1.415972,C ,1.769965,C ,22.0,,,0.0,-19.17302
2020-09-06 00:00:00.0,22.10556,32.6,15.8,,,,8.877772,,,,0.25,0.0,0.0,,,,0,,,,0.5749999,C ,0.7187498,C ,17.4,,,0.0,-20.41802
2020-09-07 00:00:00.0,23.72013,41.3,14.1,,,,8.620144,,,,0.25,0.25,0.25,,,,0,,,,0.286111,C ,0.3576387,C ,8.9,,,0.0,-17.51302
2020-09-08 00:00:00.0,26.72639,42.4,17.7,,,,9.488894,,,,0.0,0.25,0.25,,,,0,,,,0.5277777,C ,0.6597221,C ,17.1,,,0.0,-23.65503
2020-09-09 00:00:00.0,29.15834,39.5,23.9,,,,10.77431,,,,0.0,0.0,0.0,,,,0,,,,0.7027777,C ,0.8784722,C ,13.3,,,0.0,-23.90403
2020-09-10 00:00:00.0,27.29028,43.5,16.5,,,,10.78333,,,,1.0,1.0,0.5,,,,0,,,,0.3770834,C ,0.4713542,C ,14.5,,,0.0,-21.99503
2020-09-11 00:00:00.0,25.90278,35.3,19.4,,,,10.96666,,,,0.0,0.0,0.0,,,,0,,,,3.760416,C ,4.700521,C ,24.6,,,0.0,-22.57603
2020-09-12 00:00:00.0,24.74167,42.1,15.2,,,,10.22848,,,,0.0,0.0,0.0,,,,0,,,,0.4263888,C ,0.532986,C ,15.0,,,0.0,-17.67902
2020-09-13 00:00:00.0,24.76527,40.1,16.2,,,,10.27152,,,,0.0,0.0,0.0,,,,0,,,,2.490973,C ,3.113716,C ,18.8,,,0.0,-19.92002
2020-09-14 00:00:00.0,23.94097,38.1,14.7,,,,9.959029,,,,0.0,0.0,0.0,,,,0,,,,2.495834,C ,3.119793,C ,20.8,,,0.0,-17.09801
2020-09-15 00:00:00.0,24.78889,41.7,15.3,,,,10.00972,,,,0.0,0.0,0.0,,,,0,,,,0.7361109,C ,0.9201387,C ,14.5,,,0.0,-17.67902
2020-09-16 00:00:00.0,23.8368,36.5,16.1,,,,10.08819,,,,0.0,0.0,0.0,,,,0,,,,2.25764,C ,2.82205,C ,20.5,,,0.0,-20.58402
2020-09-17 00:00:00.0,28.92708,44.1,19.0,,,,10.85625,,,,0.0,0.0,0.0,,,,0,,,,1.440278,C ,1.800347,C ,21.1,,,0.0,-23.90403
2020-09-18 00:00:00.0,27.32014,40.0,19.7,,,,11.40695,,,,0.0,0.0,0.0,,,,0,,,,2.01389,C ,2.517362,C ,23.4,,,0.0,-23.73803
2020-09-19 00:00:00.0,22.3993,31.9,15.5,,,,10.53749,,,,0.0,0.0,0.0,,,,0,,,,6.040972,C ,7.551215,C ,33.0,,,0.0,-16.76602
2020-09-20 00:00:00.0,20.47985,33.3,12.8,,,,9.738893,,,,0.0,0.0,0.0,,,,0,,,,5.870831,C ,7.338539,C ,31.9,,,0.0,-10.541
2020-09-21 00:00:00.0,17.68403,30.5,9.7,,,,9.481243,,,,0.0,0.0,0.0,,,,0,,,,1.109722,C ,1.387153,C ,14.1,,,0.0,-5.145997
2020-09-22 00:00:00.0,19.43125,36.9,9.0,,,,10.05208,,,,0.0,0.0,0.0,,,,0,,,,0.4347221,C ,0.5434026,C ,13.4,,,0.0,-9.545
2020-09-23 00:00:00.0,21.62083,38.2,12.2,,,,11.19445,,,,0.0,0.0,0.0,,,,0,,,,0.3569444,C ,0.4461805,C ,10.3,,,0.0,-11.78601
2020-09-24 00:00:00.0,21.19861,37.6,12.2,,,,11.71875,,,,0.25,0.0,0.0,,,,0,,,,0.473611,C ,0.5920138,C ,13.1,,,0.0,-12.28401
2020-09-25 00:00:00.0,17.54583,21.7,13.5,,,,11.72501,,,,0.25,0.5,0.25,,,,0,,,,0.4645835,C ,0.5807293,C ,16.1,,,0.0,-15.43801
2020-09-26 00:00:00.0,20.50486,29.0,15.4,,,,12.28857,,,,0.5,0.25,0.25,,,,0,,,,0.6659719,C ,0.8324649,C ,15.3,,,0.0,-20.08602
2020-09-27 00:00:00.0,18.99097,21.3,16.7,,,,12.8382,,,,9.5,9.75,3.75,,,,0,,,,7.093749,W ,8.867186,C ,27.0,,,0.0,-18.84102
2020-09-28 00:00:00.0,18.60972,30.2,12.4,,,,12.04583,,,,0.0,0.0,0.0,,,,0,,,,7.830554,W ,9.788192,C ,28.3,,,0.0,-8.714997
2020-09-29 00:00:00.0,21.39098,40.4,10.2,,,,12.45208,,,,0.0,0.0,0.0,,,,0,,,,0.7083334,C ,0.8854168,C ,12.4,,,0.0,-10.292
2020-09-30 00:00:00.0,22.26458,40.5,12.4,,,,13.39445,,,,0.0,0.0,0.0,,,,0,,,,1.921528,C ,2.40191,C ,22.3,,,0.0,-15.10601
2020-10-01 00:00:00.0,17.97014,30.3,10.5,,,,12.81944,,,,0.0,0.0,0.0,,,,0,,,,4.74861,W ,5.935762,C ,24.9,,,0.0,-5.145998
2020-10-02 00:00:00.0,13.5368,26.8,3.4,,,,11.47153,,,,0.0,0.0,0.0,,,,0,,,,6.165278,C ,7.706598,C ,29.1,,,8.631997,3.900999
2020-10-03 00:00:00.0,14.41597,31.7,1.1,,,,10.15903,,,,0.0,0.0,0.0,,,,0,,,,2.186112,C ,2.73264,C ,21.5,,,6.805997,-4.066994
2020-10-04 00:00:00.0,19.45209,36.6,9.2,,,,9.747224,,,,17.5,1.75,1.0,,,,0,,,,0.6770832,C ,0.846354,C ,16.7,,,0.0,-13.69501
2020-10-05 00:00:00.0,24.2118,30.7,18.7,,,,10.96319,,,,0.25,15.75,4.25,,,,0,,,,3.273611,W ,4.092014,C ,21.7,,,0.0,-23.90403
2020-10-06 00:00:00.0,26.42638,42.0,16.4,,,,11.5132,,,,0.0,0.25,0.25,,,,0,,,,0.3743054,C ,0.4678817,C ,12.7,,,0.0,-22.41003
2020-10-07 00:00:00.0,26.86944,39.7,18.1,,,,12.40277,,,,0.0,0.0,0.0,,,,0,,,,3.2125,C ,4.015625,C ,19.2,,,0.0,-21.24802
2020-10-08 00:00:00.0,25.73056,45.3,13.1,,,,12.0632,,,,0.0,0.0,0.0,,,,0,,,,0.3520831,C ,0.4401039,C ,13.6,,,0.0,-17.51302
2020-10-09 00:00:00.0,25.4118,37.0,17.4,,,,12.44376,,,,0.0,0.0,0.0,,,,0,,,,5.65,C ,7.0625,C ,25.9,,,0.0,-18.92402
2020-10-10 00:00:00.0,24.91667,46.1,10.4,,,,11.65416,,,,5.0,0.0,0.0,,,,0,,,,0.3250001,C ,0.4062501,C ,12.2,,,0.0,-14.27601
2020-10-11 00:00:00.0,26.00695,33.9,21.3,,,,12.48195,,,,0.75,5.75,2.0,,,,0,,,,2.931945,C ,3.664931,C ,20.5,,,0.0,-23.90403
2020-10-12 00:00:00.0,27.03055,40.6,20.1,,,,12.71818,,,,0.25,0.25,0.25,,,,0,,,,4.81736,NW,6.0217,C ,19.3,,,0.0,-23.57203
2020-10-13 00:00:00.0,28.94652,49.2,15.1,,,,12.93889,,,,0.0,0.0,0.0,,,,0,,,,0.2506944,C ,0.313368,C ,6.6,,,0.0,-19.17302
2020-10-14 00:00:00.0,27.20069,39.6,18.9,,,,13.54305,,,,0.75,0.75,0.5,,,,0,,,,6.872917,N ,8.591146,C ,35.7,,,0.0,-22.99103
2020-10-15 00:00:00.0,27.73611,48.0,12.9,,,,12.95277,,,,0.0,0.0,0.0,,,,0,,,,0.8305556,C ,1.038195,C ,15.5,,,0.0,-18.34302
2020-10-16 00:00:00.0,34.25623,51.7,24.7,,,,14.87431,,,,0.25,0.0,0.0,,,,0,,,,0.5923609,C ,0.7404512,C ,12.1,,,0.0,-23.90403
2020-10-17 00:00:00.0,34.0125,50.1,23.6,,,,15.87916,,,,0.0,0.25,0.25,,,,0,,,,0.3847222,C ,0.4809028,C ,9.7,,,0.0,-23.90403
2020-10-18 00:00:00.0,35.33125,50.6,24.5,,,,16.85903,,,,42.0,0.0,0.0,,,,0,,,,0.5493056,C ,0.6866319,C ,14.4,,,0.0,-23.90403
2020-10-19 00:00:00.0,31.46459,36.3,24.1,,,,17.67154,,,,0.0,42.0,12.75,,,,0,,,,4.316668,NE,5.395835,C ,19.9,,,0.0,-23.90403
2020-10-20 00:00:00.0,26.86945,40.7,20.2,,,,15.47569,,,,0.0,0.0,0.0,,,,0,,,,1.451389,C ,1.814237,C ,22.3,,,0.0,-22.90803
2020-10-21 00:00:00.0,24.81459,41.8,13.5,,,,14.0507,,,,11.0,0.5,0.25,,,,0,,,,1.975694,E ,2.469618,C ,20.1,,,0.0,-18.67502
2020-10-22 00:00:00.0,26.40486,30.1,24.0,,,,14.16225,,,,4.5,14.5,1.5,,,,0,,,,0.9944448,C ,1.243056,C ,14.7,,,0.0,-23.90403
2020-10-23 00:00:00.0,30.0875,37.5,26.7,,,,14.87986,,,,0.25,0.75,0.25,,,,0,,,,1.045833,C ,1.307291,C ,11.1,,,0.0,-23.90403
2020-10-24 00:00:00.0,31.20972,36.5,26.4,,,,15.7764,,,,0.0,0.0,0.0,,,,0,,,,0.8652778,C ,1.081597,C ,12.8,,,0.0,-23.90403
2020-10-25 00:00:00.0,30.27778,32.4,29.0,,,,16.25903,,,,39.75,39.25,7.5,,,,0,,,,0.7791666,C ,0.9739583,C ,16.9,,,0.0,-23.90403
2020-10-26 00:00:00.0,34.01458,47.8,24.8,,,,16.15314,,,,0.0,0.5,0.5,,,,0,,,,4.926387,NE,6.157984,C ,21.9,,,0.0,-23.90403
2020-10-27 00:00:00.0,38.45417,56.9,26.4,,,,15.49444,,,,0.0,0.0,0.0,,,,0,,,,0.2319444,C ,0.2899305,C ,6.7,,,0.0,-23.90403
2020-10-28 00:00:00.0,35.86528,45.6,31.0,,,,15.14582,,,,1.5,1.5,0.5,,,,0,,,,0.9208333,C ,1.151042,C ,15.6,,,0.0,-23.90403
2020-10-29 00:00:00.0,35.72709,48.3,28.9,,,,14.25902,,,,0.0,0.0,0.0,,,,0,,,,5.825001,NE,7.281251,C ,22.6,,,0.0,-23.90403
2020-10-30 00:00:00.0,36.59583,56.2,23.9,,,,13.44999,,,,0.0,0.0,0.0,,,,0,,,,0.4222223,C ,0.5277778,C ,8.3,,,0.0,-23.90403
2020-10-31 00:00:00.0,39.55972,58.8,26.6,,,,13.87223,,,,0.0,0.0,0.0,,,,0,,,,0.1444445,C ,0.1805556,C ,6.0,,,0.0,-23.90403
2020-11-01 00:00:00.0,40.63504,60.0,28.8,,,,14.52639,,,,0.0,0.0,0.0,,,,0,,,,0.2430556,C ,0.3038195,C ,7.5,,,,-22.74203
2020-11-02 00:00:00.0,41.73189,60.0,30.8,,,,15.31111,,,,0.25,0.0,0.0,,,,0,,,,0.4486111,C ,0.5607638,C ,11.3,,,0.0,-22.90803
2020-11-03 00:00:00.0,42.47221,59.5,32.8,,,,15.85971,,,,0.0,0.25,0.25,,,,0,,,,0.8965277,C ,1.12066,C ,10.9,,,0.0,-23.90403
2020-11-04 00:00:00.0,43.04531,60.0,36.8,,,,16.26111,,,,0.0,0.0,0.0,,,,0,,,,1.161805,NE,1.452257,C ,14.2,,,,-21.24802
2020-11-05 00:00:00.0,45.87778,59.9,34.8,,,,16.42847,,,,0.0,0.0,0.0,,,,0,,,,0.5493056,C ,0.6866319,C ,11.2,,,0.0,-23.90403
2020-11-06 00:00:00.0,,59.8,37.1,,,,16.875,,,,0.0,0.0,0.0,,,,0,,,,0.201389,C ,0.2517362,C ,9.1,,,,
2020-11-07 00:00:00.0,,59.9,39.9,,,,17.57222,,,,0.5,0.5,0.5,,,,0,,,,0.6249999,C ,0.7812499,C ,17.8,,,,
2020-11-08 00:00:00.0,,59.9,35.9,,,,17.45695,,,,0.25,0.0,0.0,,,,0,,,,0.2270833,C ,0.2838541,C ,10.4,,,,
2020-11-09 00:00:00.0,45.53333,54.5,38.5,,,,17.47431,,,,0.0,0.25,0.25,,,,0,,,,0.1131945,C ,0.1414931,C ,8.6,,,0.0,-23.90403
2020-11-10 00:00:00.0,,59.3,36.2,,,,17.36042,,,,0.0,0.0,0.0,,,,0,,,,0.2854165,C ,0.3567707,C ,9.3,,,,
2020-11-11 00:00:00.0,,59.0,37.3,,,,17.72361,,,,0.0,0.0,0.0,,,,0,,,,0.3763888,C ,0.470486,C ,8.3,,,,
2020-11-12 00:00:00.0,,60.0,37.8,,,,17.9,,,,,,0.25,,,,0,,,,0.261111,C ,0.3263888,C ,7.9,,,,
2020-11-13 00:00:00.0,,59.8,42.2,,,,18.32084,,,,0.0,2.25,1.75,,,,0,,,,0.0715278,C ,0.08940975,C ,7.1,,,,
2020-11-14 00:00:00.0,49.38396,60.0,44.3,,,,18.64097,,,,18.75,18.75,5.75,,,,0,,,,0.2819444,C ,0.3524305,C ,16.5,,,,-21.74603
2020-11-15 00:00:00.0,47.27001,59.9,40.2,,,,17.9382,,,,0.0,0.0,0.0,,,,0,,,,1.576389,C ,1.970486,C ,13.1,,,0.0,-23.24003
2020-11-16 00:00:00.0,,59.7,32.8,,,,16.63749,,,,1.25,0.0,0.0,,,,0,,,,0.0125,C ,0.015625,C ,5.1,,,,
2020-11-17 00:00:00.0,,60.0,43.1,,,,17.39167,,,,0.25,1.5,1.0,,,,0,,,,0.0,C ,0.0,C ,2.9,,,,
2020-11-18 00:00:00.0,,60.0,44.0,,,,17.88056,,,,0.0,0.0,0.0,,,,0,,,,0.6027777,C ,0.7534721,C ,13.5,,,,
2020-11-19 00:00:00.0,,59.7,37.5,,,,17.06806,,,,0.0,0.0,0.0,,,,0,,,,0.005555556,C ,0.006944445,C ,12.8,,,,
2020-11-20 00:00:00.0,,60.0,40.4,,,,17.2618,,,,0.0,0.0,0.0,,,,0,,,,0.0,C ,0.0,C ,1.3,,,,
2020-11-21 00:00:00.0,,60.0,40.3,,,,17.56597,,,,0.0,0.0,0.0,,,,0,,,,0.0,C ,0.0,C ,1.1,,,,
2020-11-22 00:00:00.0,,60.0,44.6,,,,18.45487,,,,0.0,0.0,0.0,,,,0,,,,0.0,C ,0.0,C ,2.0,,,,
2020-11-23 00:00:00.0,,59.9,46.0,,,,19.20347,,,,2.25,0.25,0.25,,,,0,,,,0.002777778,C ,0.003472222,C ,5.7,,,,
2020-11-24 00:00:00.0,50.37987,54.5,44.8,,,,19.15138,,,,11.75,13.5,2.75,,,,0,,,,6.944445E-4,C ,8.680556E-4,C ,3.5,,,0.0,-23.90403
2020-11-25 00:00:00.0,45.32571,56.5,39.2,,,,18.93334,,,,0.0,0.25,0.25,,,,0,,,,6.944445E-4,C ,8.680556E-4,C ,2.0,,,0.0,-23.90403
2020-11-26 00:00:00.0,41.71807,56.3,31.7,,,,18.62361,,,,0.0,0.0,0.0,,,,0,,,,0.009722224,C ,0.01215278,C ,2.1,,,0.0,-23.90403
2020-11-27 00:00:00.0,41.43888,59.9,27.9,,,,17.99028,,,,0.0,0.0,0.0,,,,0,,,,0.001388889,C ,0.001736111,C ,3.5,,,0.0,-23.90403
2020-11-28 00:00:00.0,44.19653,56.8,36.6,,,,19.13194,,,,0.0,0.0,0.0,,,,0,,,,0.0,C ,0.0,C ,2.1,,,0.0,-23.90403
2020-11-29 00:00:00.0,43.80499,59.8,35.5,,,,19.58334,,,,0.0,0.0,0.0,,,,0,,,,0.006944445,C ,0.008680557,C ,2.7,,,0.0,-23.24003
2020-11-30 00:00:00.0,,59.8,23.9,,,,18.0375,,,,0.0,0.0,0.0,,,,0,,,,0.002083333,C ,0.002604167,C ,4.5,,,,
2020-12-01 00:00:00.0,,59.8,37.0,,,,17.64096,,,,0.0,0.0,0.0,,,,0,,,,6.944445E-4,C ,8.680556E-4,C ,5.0,,,,
2020-12-02 00:00:00.0,,59.8,46.8,,,,18.47847,,,,3.25,3.25,2.0,,,,0,,,,0.0,C ,0.0,C ,1.1,,,,
2020-12-03 00:00:00.0,,59.7,41.6,,,,17.95138,,,,1.0,0.75,0.25,,,,0,,,,0.004861111,C ,0.006076389,C ,2.7,,,,
2020-12-04 00:00:00.0,,60.0,41.4,,,,17.19513,,,,0.0,0.25,0.25,,,,0,,,,0.004861111,C ,0.006076389,C ,4.1,,,,
2020-12-05 00:00:00.0,,59.6,36.3,,,,16.06528,,,,0.0,0.0,0.0,,,,0,,,,0.0,C ,0.0,C ,0.0,,,,
2020-12-06 00:00:00.0,,60.0,37.8,,,,16.27847,,,,0.0,0.0,0.0,,,,0,,,,0.0,C ,0.0,C ,0.8,,,,
2020-12-07 00:00:00.0,,59.7,41.1,,,,16.92777,,,,0.0,0.0,0.0,,,,0,,,,0.0,C ,0.0,C ,1.9,,,,
2020-12-08 00:00:00.0,,59.8,45.3,,,,17.86112,,,,0.0,0.0,0.0,,,,0,,,,0.0,C ,0.0,C ,1.6,,,,
2020-12-09 00:00:00.0,,59.7,,,,,18.90417,,,,0.25,0.0,0.0,,,,0,,,,0.0,C ,0.0,C ,1.1,,,,
2020-12-10 00:00:00.0,52.1903,60.0,41.8,,,,18.96735,,,,0.5,0.5,0.5,,,,0,,,,0.001388889,C ,0.001736111,C ,3.3,,,,-22.24403
2020-12-11 00:00:00.0,44.73335,59.7,37.0,,,,19.63888,,,,0.0,0.25,0.25,,,,0,,,,0.001388889,C ,0.001736111,C ,3.0,,,0.0,-23.90403
2020-12-12 00:00:00.0,,59.9,33.8,,,,19.07847,,,,2.5,0.0,0.0,,,,0,,,,0.001388889,C ,0.001736111,C ,2.1,,,,
2020-12-13 00:00:00.0,,57.3,25.4,,,,19.03473,,,,3.25,5.5,3.0,,,,0,,,,0.0,C ,0.0,C ,2.4,,,,
2020-12-14 00:00:00.0,,53.0,20.2,,,,17.97153,,,,0.0,0.25,0.25,,,,0,,,,0.0,C ,0.0,C ,2.8,,,,
2020-12-15 00:00:00.0,,,,,,,18.10278,,,,0.0,0.0,0.0,,,,0,,,,0.003472222,C ,0.004340278,C ,2.7,,,,
2020-12-16 00:00:00.0,,60.0,26.3,,,,17.48958,,,,0.0,0.0,0.0,,,,0,,,,0.0,C ,0.0,C ,0.0,,,,
2020-12-17 00:00:00.0,,59.0,34.8,,,,18.65417,,,,0.0,0.0,0.0,,,,0,,,,0.0,C ,0.0,C ,0.9,,,,
2020-12-18 00:00:00.0,,60.0,,,,,19.80626,,,,3.5,1.75,1.75,,,,0,,,,0.0,C ,0.0,C ,0.9,,,,
2020-12-19 00:00:00.0,,,,,,,19.9382,,,,1.0,2.75,1.0,,,,0,,,,0.0,C ,0.0,C ,1.6,,,,
2020-12-20 00:00:00.0,,,,,,,18.1389,,,,0.0,0.0,0.0,,,,0,,,,0.0,C ,0.0,C ,2.1,,,,
2020-12-21 00:00:00.0,,,,,,,17.08888,,,,0.0,0.0,0.0,,,,0,,,,0.0,C ,0.0,C ,1.8,,,,
2020-12-22 00:00:00.0,,,,,,,18.38264,,,,0.0,0.0,0.0,,,,0,,,,0.0,C ,0.0,C ,2.3,,,,
2020-12-23 00:00:00.0,,,,,,,19.92431,,,,0.0,0.0,0.0,,,,0,,,,0.0,C ,0.0,C ,0.4,,,,
2020-12-24 00:00:00.0,,,,,,,20.86875,,,,0.0,0.0,0.0,,,,0,,,,0.0,C ,0.0,C ,0.0,,,,
2020-12-25 00:00:00.0,,60.0,,,,,21.23056,,,,0.0,0.0,0.0,,,,0,,,,0.0,C ,0.0,C ,0.0,,,,
2020-12-26 00:00:00.0,,59.6,,,,,21.52291,,,,0.25,0.25,0.25,,,,0,,,,0.0,C ,0.0,C ,0.3,,,,
2020-12-27 00:00:00.0,,59.9,48.6,,,,21.42846,,,,0.25,0.25,0.25,,,,0,,,,0.0,C ,0.0,C ,2.3,,,,
2020-12-28 00:00:00.0,,60.0,,,,,21.90973,,,,0.0,0.0,0.0,,,,0,,,,0.0,C ,0.0,C ,0.0,,,,
2020-12-29 00:00:00.0,,,,,,,22.2139,,,,2.75,0.0,0.0,,,,0,,,,0.0,C ,0.0,C ,0.0,,,,
2020-12-30 00:00:00.0,,59.9,,,,,21.83055,,,,0.0,2.75,2.75,,,,0,,,,0.0,C ,0.0,C ,1.2,,,,
2020-12-31 00:00:00.0,,59.9,,,,,20.13334,,,,0.0,0.0,0.0,,,,0,,,,0.0,C ,0.0,C ,0.0,,,,
2021-01-01 00:00:00.0,,60.0,38.6,,,,20.01458,,,,0.0,0.0,0.0,,,,0,,,,0.0,C ,0.0,C ,0.0,,,,
2021-01-02 00:00:00.0,,60.0,35.8,,,,20.45277,,,,0.0,0.0,0.0,,,,0,,,,0.0,C ,0.0,C ,0.0,,,,
2021-01-03 00:00:00.0,,59.9,41.4,,,,21.6125,,,,0.0,0.0,0.0,,,,0,,,,0.0,C ,0.0,C ,0.0,,,,
2021-01-04 00:00:00.0,43.97777,55.1,37.4,,,,21.79167,,,,0.0,0.0,0.0,,,,0,,,,0.0,C ,0.0,C ,0.0,,,0.0,-23.90403
2021-01-05 00:00:00.0,39.77501,46.2,34.4,,,,21.63681,,,,86.0,20.5,4.0,,,,0,,,,0.0,C ,0.0,C ,0.0,,,0.0,-23.90403
2021-01-06 00:00:00.0,37.00903,47.4,31.9,,,,20.94793,,,,1.25,66.75,20.0,,,,0,,,,0.004861111,C ,0.006076389,C ,3.9,,,0.0,-23.90403
2021-01-07 00:00:00.0,39.03543,51.1,33.1,,,,21.08819,,,,0.0,0.0,0.0,,,,0,,,,0.0,C ,0.0,C ,0.3,,,0.0,-23.90403
2021-01-08 00:00:00.0,39.5257,51.9,31.3,,,,21.21598,,,,0.0,0.0,0.0,,,,0,,,,0.0,C ,0.0,C ,2.5,,,0.0,-23.90403
2021-01-09 00:00:00.0,36.1257,53.6,26.9,,,,20.44028,,,,0.0,0.0,0.0,,,,0,,,,0.0,C ,0.0,C ,1.3,,,0.0,-23.90403
2021-01-10 00:00:00.0,41.11389,59.3,29.7,,,,21.0507,,,,33.25,15.5,7.0,,,,0,,,,0.0,C ,0.0,C ,0.0,,,0.0,-23.90403
2021-01-11 00:00:00.0,37.89166,45.5,34.0,,,,21.28818,,,,0.0,17.75,11.75,,,,0,,,,0.009722224,C ,0.01215278,C ,4.1,,,0.0,-23.90403
2021-01-12 00:00:00.0,36.5493,52.0,24.3,,,,20.0368,,,,0.0,0.0,0.0,,,,0,,,,0.0,C ,0.0,C ,0.0,,,0.0,-23.90403
2021-01-13 00:00:00.0,39.09375,56.9,27.3,,,,19.5486,,,,0.0,0.0,0.0,,,,0,,,,0.0,C ,0.0,C ,0.0,,,0.0,-23.90403
2021-01-14 00:00:00.0,41.1757,57.8,31.4,,,,20.14791,,,,0.0,0.0,0.0,,,,0,,,,6.944445E-4,C ,8.680556E-4,C ,3.1,,,0.0,-23.90403
2021-01-15 00:00:00.0,40.12916,48.5,35.2,,,,20.4979,,,,0.0,0.0,0.0,,,,0,,,,0.0,C ,0.0,C ,2.9,,,0.0,-23.90403
2021-01-16 00:00:00.0,40.91249,57.6,35.2,,,,21.03681,,,,18.5,11.0,2.5,,,,0,,,,6.944445E-4,C ,8.680556E-4,C ,3.7,,,0.0,-23.90403
2021-01-17 00:00:00.0,37.04722,43.3,33.8,,,,20.33403,,,,1.0,8.5,2.0,,,,0,,,,0.006250001,C ,0.007812501,C ,4.9,,,0.0,-23.90403
2021-01-18 00:00:00.0,40.06736,57.3,28.6,,,,19.64029,,,,0.0,0.0,0.0,,,,0,,,,0.0,C ,0.0,C ,2.1,,,0.0,-23.90403
2021-01-19 00:00:00.0,43.54123,60.0,34.6,,,,20.68751,,,,0.0,0.0,0.0,,,,0,,,,0.0,C ,0.0,C ,2.0,,,,-21.74603
2021-01-20 00:00:00.0,,59.8,36.7,,,,21.71876,,,,0.0,0.0,0.0,,,,0,,,,0.0,C ,0.0,C ,1.8,,,,
2021-01-21 00:00:00.0,44.34286,59.8,36.6,,,,22.1625,,,,0.25,0.0,0.0,,,,0,,,,6.944445E-4,C ,8.680556E-4,C ,3.7,,,,-20.91602
2021-01-22 00:00:00.0,,59.9,39.6,,,,22.65001,,,,0.25,0.25,0.25,,,,0,,,,0.0,C ,0.0,C ,3.0,,,,
2021-01-23 00:00:00.0,,59.8,39.4,,,,23.15487,,,,0.0,0.25,0.25,,,,0,,,,0.0,C ,0.0,C ,2.7,,,,
2021-01-24 00:00:00.0,,59.7,39.1,,,,23.62708,,,,0.0,0.0,0.0,,,,0,,,,0.0,C ,0.0,C ,2.9,,,,
2021-01-25 00:00:00.0,,60.0,40.3,,,,23.92291,,,,1.0,0.0,0.0,,,,0,,,,0.0,C ,0.0,C ,2.1,,,,
2021-01-26 00:00:00.0,44.86806,48.1,41.8,,,,23.75277,,,,9.25,10.25,8.0,,,,0,,,,0.0,C ,0.0,C ,2.1,,,0.0,-23.90403
2021-01-27 00:00:00.0,44.1132,55.1,37.1,,,,22.84722,,,,2.75,0.0,0.0,,,,0,,,,0.01388889,C ,0.01736111,C ,3.2,,,0.0,-23.90403
2021-01-28 00:00:00.0,42.76598,52.2,36.3,,,,21.96111,,,,3.5,6.25,2.25,,,,0,,,,0.0,C ,0.0,C ,2.0,,,0.0,-23.90403
2021-01-29 00:00:00.0,42.43308,59.8,30.5,,,,22.25694,,,,0.0,0.0,0.0,,,,0,,,,0.0,C ,0.0,C ,0.0,,,,-22.07803
2021-01-30 00:00:00.0,27.26597,30.5,25.0,,,,21.01111,,,,0.0,0.0,0.0,,,,0,,,,0.008333335,C ,0.01041667,C ,3.6,,,0.0,-23.90403
2021-01-31 00:00:00.0,26.78264,38.7,18.5,,,,19.58127,,,,0.0,0.0,0.0,,,,0,,,,0.003472222,C ,0.004340278,C ,3.1,,,0.0,-23.90403
2021-02-01 00:00:00.0,25.85902,33.6,20.0,,,,19.53332,,,,0.0,0.0,0.0,,,,0,,,,0.002777778,C ,0.003472222,C ,4.3,,,0.0,-23.90403
2021-02-02 00:00:00.0,27.44931,36.9,20.3,,,,19.80069,,,,0.0,0.0,0.0,,,,0,,,,6.944445E-4,C ,8.680556E-4,C ,3.4,,,0.0,-23.90403
2021-02-03 00:00:00.0,27.42778,39.4,19.4,,,,19.89027,,,,0.0,0.0,0.0,,,,0,,,,6.944445E-4,C ,8.680556E-4,C ,2.1,,,0.0,-23.90403
2021-02-04 00:00:00.0,26.88751,41.8,17.1,,,,19.82154,,,,0.5,0.25,0.25,,,,0,,,,0.002777778,C ,0.003472222,C ,4.1,,,0.0,-21.74603
2021-02-05 00:00:00.0,28.09999,44.2,17.2,,,,19.44514,,,,0.0,0.25,0.25,,,,0,,,,0.0,C ,0.0,C ,0.3,,,0.0,-21.91203
2021-02-06 00:00:00.0,29.59028,44.2,20.8,,,,19.91597,,,,0.0,0.0,0.0,,,,0,,,,0.0,C ,0.0,C ,1.9,,,0.0,-23.90403
2021-02-07 00:00:00.0,25.87708,37.4,19.9,,,,19.61597,,,,8.0,7.5,1.75,,,,0,,,,0.0,C ,0.0,C ,1.9,,,0.0,-23.90403
2021-02-08 00:00:00.0,26.00833,34.3,22.2,,,,19.23125,,,,0.25,0.5,0.75,,,,0,,,,0.0,C ,0.0,C ,2.2,,,0.0,-23.90403
2021-02-09 00:00:00.0,24.60834,38.2,16.6,,,,18.64237,,,,0.0,0.25,0.25,,,,0,,,,0.003472222,C ,0.004340278,C ,5.4,,,0.0,-21.33102
2021-02-10 00:00:00.0,26.74028,38.1,18.3,,,,18.97013,,,,0.5,0.25,0.25,,,,0,,,,6.944445E-4,C ,8.680556E-4,C ,3.7,,,0.0,-23.90403
2021-02-11 00:00:00.0,27.61458,34.2,24.4,,,,19.66597,,,,30.5,5.5,2.0,,,,0,,,,6.944445E-4,C ,8.680556E-4,C ,3.1,,,0.0,-23.90403
2021-02-12 00:00:00.0,28.76944,34.7,26.2,,,,20.1243,,,,2.5,27.75,5.75,,,,0,,,,0.0,C ,0.0,C ,3.3,,,0.0,-23.90403
2021-02-13 00:00:00.0,29.68472,36.4,26.5,,,,20.83403,,,,0.25,0.0,0.0,,,,0,,,,0.003472222,C ,0.004340278,C ,3.9,,,0.0,-23.90403
2021-02-14 00:00:00.0,30.37847,40.2,24.3,,,,21.06112,,,,3.0,3.25,2.75,,,,0,,,,0.0,C ,0.0,C ,2.2,,,0.0,-23.90403
2021-02-15 00:00:00.0,29.84444,36.3,26.1,,,,21.16735,,,,4.0,0.0,0.0,,,,0,,,,0.001388889,C ,0.001736111,C ,2.3,,,0.0,-23.90403
2021-02-16 00:00:00.0,28.4875,31.7,26.7,,,,20.80623,,,,6.5,10.25,2.0,,,,0,,,,6.944445E-4,C ,8.680556E-4,C ,2.4,,,0.0,-23.90403
2021-02-17 00:00:00.0,30.2632,37.7,26.0,,,,20.76389,,,,0.25,0.5,0.25,,,,0,,,,0.0,C ,0.0,C ,0.2,,,0.0,-23.90403
2021-02-18 00:00:00.0,29.74306,42.3,22.4,,,,20.35069,,,,0.0,0.0,0.0,,,,0,,,,0.0,C ,0.0,C ,0.0,,,0.0,-23.90403
2021-02-19 00:00:00.0,27.41736,38.0,18.7,,,,20.225,,,,0.0,0.0,0.0,,,,0,,,,6.944445E-4,C ,8.680556E-4,C ,2.8,,,0.0,-21.99503
2021-02-20 00:00:00.0,23.78611,38.7,14.9,,,,18.53751,,,,0.0,0.0,0.0,,,,0,,,,0.001388889,C ,0.001736111,C ,2.8,,,0.0,-17.51302
2021-02-21 00:00:00.0,26.3625,40.7,16.9,,,,18.52151,,,,6.75,4.5,2.75,,,,0,,,,0.0,C ,0.0,C ,2.6,,,0.0,-21.58003
2021-02-22 00:00:00.0,27.17431,35.1,22.4,,,,19.42568,,,,0.0,2.25,1.5,,,,0,,,,0.003472222,C ,0.004340278,C ,6.7,,,0.0,-23.90403
2021-02-23 00:00:00.0,24.375,37.1,15.0,,,,18.52501,,,,0.0,0.0,0.0,,,,0,,,,0.0,C ,0.0,C ,0.0,,,0.0,-19.09002
2021-02-24 00:00:00.0,24.36111,37.4,15.5,,,,18.0875,,,,0.0,0.0,0.0,,,,0,,,,0.0,C ,0.0,C ,0.0,,,0.0,-20.00302
2021-02-25 00:00:00.0,27.36666,41.9,18.8,,,,18.61667,,,,0.0,0.0,0.0,,,,0,,,,0.0,C ,0.0,C ,0.0,,,0.0,-23.90403
2021-02-26 00:00:00.0,28.38195,42.2,19.9,,,,19.38542,,,,0.0,0.0,0.0,,,,0,,,,0.0,C ,0.0,C ,0.0,,,0.0,-23.90403
2021-02-27 00:00:00.0,28.45209,39.6,21.8,,,,20.05626,,,,0.25,0.0,0.0,,,,0,,,,0.0,C ,0.0,C ,0.4,,,0.0,-23.90403
2021-02-28 00:00:00.0,29.29722,39.2,23.9,,,,20.62638,,,,0.0,0.25,0.25,,,,0,,,,0.0,C ,0.0,C ,0.0,,,0.0,-23.90403
2021-03-01 00:00:00.0,29.78751,39.1,24.9,,,,20.98124,,,,0.0,0.0,0.0,,,,0,,,,0.0,C ,0.0,C ,0.0,,,0.0,-23.90403
2021-03-02 00:00:00.0,31.25555,41.1,25.2,,,,21.3493,,,,0.0,0.0,0.0,,,,0,,,,0.0,C ,0.0,C ,0.0,,,0.0,-23.90403
2021-03-03 00:00:00.0,31.9118,41.0,26.9,,,,21.80348,,,,0.25,0.25,0.25,,,,0,,,,0.0,C ,0.0,C ,0.8,,,0.0,-23.90403
2021-03-04 00:00:00.0,30.01389,41.2,23.1,,,,21.39861,,,,0.0,0.0,0.0,,,,0,,,,0.0,C ,0.0,C ,0.0,,,0.0,-23.90403
2021-03-05 00:00:00.0,28.09167,36.4,24.1,,,,20.92361,,,,0.0,0.0,0.0,,,,0,,,,0.0,C ,0.0,C ,0.0,,,0.0,-23.90403
2021-03-06 00:00:00.0,27.87014,39.0,22.8,,,,20.10069,,,,0.0,0.0,0.0,,,,0,,,,0.0,C ,0.0,C ,0.0,,,0.0,-23.90403
2021-03-07 00:00:00.0,28.20833,43.9,17.3,,,,19.22847,,,,0.0,0.0,0.0,,,,0,,,,0.0,C ,0.0,C ,0.0,,,0.0,-22.74203
2021-03-08 00:00:00.0,31.45347,40.1,25.7,,,,19.76042,,,,0.0,0.0,0.0,,,,0,,,,0.0,C ,0.0,C ,0.0,,,0.0,-23.90403
2021-03-09 00:00:00.0,24.31875,37.1,14.2,,,,18.27222,,,,0.0,0.0,0.0,,,,0,,,,0.0,C ,0.0,C ,0.0,,,0.0,-19.00702
2021-03-10 00:00:00.0,26.45903,39.6,17.5,,,,18.51527,,,,0.0,0.0,0.0,,,,0,,,,0.0,C ,0.0,C ,0.0,,,0.0,-22.16103
2021-03-11 00:00:00.0,28.775,41.0,22.8,,,,19.33404,,,,0.0,0.0,0.0,,,,0,,,,0.0,C ,0.0,C ,0.0,,,0.0,-23.90403
2021-03-12 00:00:00.0,26.14791,39.3,16.8,,,,29.83754,,,,0.0,0.0,0.0,,,,0,,,,1.275695,C ,1.594619,C ,18.2,,,0.0,-21.58003
2021-03-13 00:00:00.0,26.98403,39.8,15.0,,,,41.60006,,,,0.0,0.0,0.0,,,,0,,,,1.104861,C ,1.381076,C ,15.2,,,0.0,-19.75402
2021-03-14 00:00:00.0,29.97222,40.3,22.0,,,,41.60006,,,,0.0,0.0,0.0,,,,0,,,,1.863195,C ,2.328994,C ,15.0,,,0.0,-23.90403
2021-03-15 00:00:00.0,30.34791,39.2,24.2,,,,41.60006,,,,6.5,0.0,0.0,,,,0,,,,2.288195,C ,2.860243,C ,17.8,,,0.0,-23.90403
2021-03-16 00:00:00.0,30.11389,32.2,28.3,,,,41.60006,,,,43.5,38.5,8.75,,,,0,,,,2.15,C ,2.6875,C ,26.5,,,0.0,-23.90403
2021-03-17 00:00:00.0,26.38333,29.1,22.4,,,,41.60006,,,,0.0,11.5,4.5,,,,0,,,,15.57917,C ,19.47396,C ,41.9,,,0.0,-23.90403
2021-03-18 00:00:00.0,23.9875,30.5,17.5,,,,41.60006,,,,0.0,0.0,0.0,,,,0,,,,4.080556,C ,5.100695,C ,26.8,,,0.0,-23.48903
2021-03-19 00:00:00.0,25.55764,35.6,15.9,,,,41.60006,,,,2.75,0.0,0.0,,,,0,,,,1.764584,C ,2.205729,C ,17.7,,,0.0,-21.49702
2021-03-20 00:00:00.0,28.19862,33.1,26.0,,,,41.60006,,,,5.5,8.25,1.75,,,,0,,,,1.485417,C ,1.856771,C ,12.5,,,0.0,-23.90403
2021-03-21 00:00:00.0,26.49999,33.0,20.8,,,,41.60006,,,,0.25,0.0,0.0,,,,0,,,,6.045833,C ,7.557292,C ,26.2,,,0.0,-23.90403
2021-03-22 00:00:00.0,25.16181,35.9,15.9,,,,41.60006,,,,0.0,0.25,0.25,,,,0,,,,1.50625,C ,1.882813,C ,14.4,,,0.0,-21.41402
2021-03-23 00:00:00.0,29.28959,37.7,22.2,,,,41.60006,,,,0.0,0.0,0.0,,,,0,,,,1.341667,C ,1.677083,C ,15.9,,,0.0,-23.90403
2021-03-24 00:00:00.0,31.17847,40.3,25.2,,,,41.60006,,,,0.25,0.0,0.0,,,,0,,,,1.771528,C ,2.21441,C ,13.2,,,0.0,-23.90403
2021-03-25 00:00:00.0,30.04028,34.0,28.0,,,,41.60006,,,,7.75,8.0,2.75,,,,0,,,,2.642361,C ,3.302951,C ,16.9,,,0.0,-23.90403
2021-03-26 00:00:00.0,28.98472,29.9,28.0,,,,41.60006,,,,17.75,16.75,3.0,,,,0,,,,9.818748,C ,12.27344,C ,28.5,,,0.0,-23.90403
2021-03-27 00:00:00.0,27.60555,28.6,26.8,,,,41.60006,,,,51.5,47.75,11.5,,,,0,,,,12.40139,C ,15.50174,C ,34.9,,,0.0,-23.90403
2021-03-28 00:00:00.0,30.03959,35.1,27.1,,,,41.60006,,,,0.0,4.75,3.25,,,,0,,,,9.291667,C ,11.61458,C ,29.0,,,0.0,-23.90403
2021-03-29 00:00:00.0,27.66249,33.6,23.3,,,,41.60006,,,,0.25,0.0,0.0,,,,0,,,,6.610415,C ,8.263018,C ,23.0,,,0.0,-23.90403
2021-03-30 00:00:00.0,26.86737,35.7,19.6,,,,41.60006,,,,0.0,0.25,0.25,,,,0,,,,2.493055,C ,3.116319,C ,15.3,,,0.0,-23.90403
2021-03-31 00:00:00.0,26.97709,36.3,18.7,,,,41.60006,,,,0.0,0.0,0.0,,,,0,,,,1.951389,C ,2.439236,C ,15.4,,,0.0,-23.90403
2021-04-01 00:00:00.0,29.8132,36.6,23.5,,,,41.60006,,,,0.0,0.0,0.0,,,,0,,,,2.109028,C ,2.636285,C ,15.4,,,0.0,-23.90403
2021-04-02 00:00:00.0,30.1639,37.8,23.8,,,,41.60006,,,,0.25,0.0,0.0,,,,0,,,,2.160417,C ,2.700521,C ,15.0,,,0.0,-23.90403
2021-04-03 00:00:00.0,32.04305,40.7,25.1,,,,41.60006,,,,0.0,0.25,0.25,,,,0,,,,1.984723,C ,2.480903,C ,14.5,,,0.0,-23.90403
2021-04-04 00:00:00.0,31.85973,39.8,25.4,,,,41.60006,,,,0.25,0.0,0.0,,,,0,,,,1.822222,C ,2.277777,C ,18.4,,,0.0,-23.90403
2021-04-05 00:00:00.0,34.49306,43.1,29.1,,,,41.60006,,,,0.0,0.25,0.25,,,,0,,,,1.933333,C ,2.416667,C ,12.0,,,0.0,-23.90403
2021-04-06 00:00:00.0,34.93195,41.6,32.4,,,,41.60006,,,,0.25,0.25,0.25,,,,0,,,,2.669446,C ,3.336807,C ,18.2,,,0.0,-23.90403
2021-04-07 00:00:00.0,36.27292,43.3,32.1,,,,41.60006,,,,0.0,0.0,0.0,,,,0,,,,2.852778,C ,3.565973,C ,21.5,,,0.0,-23.90403
2021-04-08 00:00:00.0,34.3772,39.0,30.7,,,,41.6,,,,,,8.0,,,,,,,,,C ,,C ,31.8,,,,
2021-04-09 00:00:00.0,,,,,,,,,,,,,0.0,,,,,,,,,C ,,C ,,,,,
2021-04-10 00:00:00.0,,,,,,,,,,,,,0.0,,,,,,,,,C ,,C ,,,,,
2021-04-11 00:00:00.0,,,,,,,,,,,,,0.0,,,,,,,,,C ,,C ,,,,,
2021-04-12 00:00:00.0,,,,,,,,,,,,,0.0,,,,,,,,,C ,,C ,,,,,
2021-04-13 00:00:00.0,,,,,,,,,,,,,0.0,,,,,,,,,C ,,C ,,,,,
2021-04-14 00:00:00.0,,,,,,,,,,,,,0.0,,,,,,,,,C ,,C ,,,,,
2021-04-15 00:00:00.0,,,,,,,,,,,,,0.0,,,,,,,,,C ,,C ,,,,,
2021-04-16 00:00:00.0,,,,,,,,,,,,,0.0,,,,,,,,,C ,,C ,,,,,
2021-04-17 00:00:00.0,,,,,,,,,,,,,0.0,,,,,,,,,C ,,C ,,,,,
2021-04-18 00:00:00.0,,,,,,,,,,,,,0.0,,,,,,,,,C ,,C ,,,,,
2021-04-19 00:00:00.0,,,,,,,,,,,,,0.0,,,,,,,,,C ,,C ,,,,,
2021-04-20 00:00:00.0,,,,,,,,,,,,,0.0,,,,,,,,,C ,,C ,,,,,
2021-04-21 00:00:00.0,,,,,,,,,,,,,0.0,,,,,,,,,C ,,C ,,,,,
2021-04-22 00:00:00.0,,,,,,,,,,,,,0.0,,,,,,,,,C ,,C ,,,,,
2021-04-23 00:00:00.0,,,,,,,,,,,,,0.0,,,,,,,,,C ,,C ,,,,,
2021-04-24 00:00:00.0,,,,,,,,,,,,,0.0,,,,,,,,,C ,,C ,,,,,
2021-04-25 00:00:00.0,,,,,,,,,,,,,0.0,,,,,,,,,C ,,C ,,,,,
2021-04-26 00:00:00.0,,,,,,,,,,,,,0.0,,,,,,,,,C ,,C ,,,,,
2021-04-27 00:00:00.0,,,,,,,,,,,,,0.0,,,,,,,,,C ,,C ,,,,,
2021-04-28 00:00:00.0,,,,,,,,,,,,,0.0,,,,,,,,,C ,,C ,,,,,
2021-04-29 00:00:00.0,,,,,,,,,,,,,0.0,,,,,,,,,C ,,C ,,,,,
2021-04-30 00:00:00.0,,,,,,,,,,,,,0.0,,,,,,,,,C ,,C ,,,,,
2021-05-01 00:00:00.0,,,,,,,,,,,,,0.0,,,,,,,,,C ,,C ,,,,,
2021-05-02 00:00:00.0,,,,,,,,,,,,,0.0,,,,,,,,,C ,,C ,,,,,
2021-05-03 00:00:00.0,,,,,,,,,,,,,0.0,,,,,,,,,C ,,C ,,,,,
2021-05-04 00:00:00.0,,,,,,,,,,,,,0.0,,,,,,,,,C ,,C ,,,,,
2021-05-05 00:00:00.0,,,,,,,,,,,,,0.0,,,,,,,,,C ,,C ,,,,,
2021-05-06 00:00:00.0,,,,,,,,,,,,,0.0,,,,,,,,,C ,,C ,,,,,
2021-05-07 00:00:00.0,,,,,,,,,,,,,0.0,,,,,,,,,C ,,C ,,,,,
2021-05-08 00:00:00.0,,,,,,,,,,,,,0.0,,,,,,,,,C ,,C ,,,,,
2021-05-09 00:00:00.0,,,,,,,,,,,,,0.0,,,,,,,,,C ,,C ,,,,,
2021-05-10 00:00:00.0,,,,,,,,,,,,,0.0,,,,,,,,,C ,,C ,,,,,
2021-05-11 00:00:00.0,,,,,,,,,,,,,0.0,,,,,,,,,C ,,C ,,,,,
2021-05-12 00:00:00.0,,,,,,,,,,,,,0.0,,,,,,,,,C ,,C ,,,,,
2021-05-13 00:00:00.0,,,,,,,,,,,,,0.0,,,,,,,,,C ,,C ,,,,,
2021-05-14 00:00:00.0,,,,,,,,,,,,,0.0,,,,,,,,,C ,,C ,,,,,
2021-05-15 00:00:00.0,,,,,,,,,,,,,0.0,,,,,,,,,C ,,C ,,,,,
2021-05-16 00:00:00.0,,,,,,,,,,,,,0.0,,,,,,,,,C ,,C ,,,,,
2021-05-17 00:00:00.0,,,,,,,,,,,,,0.0,,,,,,,,,C ,,C ,,,,,
2021-05-18 00:00:00.0,,,,,,,,,,,,,0.0,,,,,,,,,C ,,C ,,,,,
2021-05-19 00:00:00.0,,,,,,,,,,,,,0.0,,,,,,,,,C ,,C ,,,,,
2021-05-20 00:00:00.0,,,,,,,,,,,,,0.0,,,,,,,,,C ,,C ,,,,,
2021-05-21 00:00:00.0,,,,,,,,,,,,,0.0,,,,,,,,,C ,,C ,,,,,
2021-05-22 00:00:00.0,,,,,,,,,,,,,0.0,,,,,,,,,C ,,C ,,,,,
2021-05-23 00:00:00.0,,,,,,,,,,,,,0.0,,,,,,,,,C ,,C ,,,,,
2021-05-24 00:00:00.0,,,,,,,,,,,,,0.0,,,,,,,,,C ,,C ,,,,,
2021-05-25 00:00:00.0,,,,,,,,,,,,,0.0,,,,,,,,,C ,,C ,,,,,
2021-05-26 00:00:00.0,,,,,,,,,,,,,0.0,,,,,,,,,C ,,C ,,,,,
2021-05-27 00:00:00.0,,,,,,,,,,,,,0.0,,,,,,,,,C ,,C ,,,,,
2021-05-28 00:00:00.0,,,,,,,,,,,,,0.0,,,,,,,,,C ,,C ,,,,,
2021-05-29 00:00:00.0,,,,,,,,,,,,,0.0,,,,,,,,,C ,,C ,,,,,
2021-05-30 00:00:00.0,,,,,,,,,,,,,0.0,,,,,,,,,C ,,C ,,,,,
2021-05-31 00:00:00.0,,,,,,,,,,,,,0.0,,,,,,,,,C ,,C ,,,,,
2021-06-01 00:00:00.0,,,,,,,,,,,,,0.0,,,,,,,,,C ,,C ,,,,,
2021-06-02 00:00:00.0,,,,,,,,,,,,,0.0,,,,,,,,,C ,,C ,,,,,
2021-06-03 00:00:00.0,,,,,,,,,,,,,0.0,,,,,,,,,C ,,C ,,,,,
2021-06-04 00:00:00.0,,,,,,,,,,,,,0.0,,,,,,,,,C ,,C ,,,,,
2021-06-05 00:00:00.0,,,,,,,,,,,,,0.0,,,,,,,,,C ,,C ,,,,,
2021-06-06 00:00:00.0,,,,,,,,,,,,,0.0,,,,,,,,,C ,,C ,,,,,
2021-06-07 00:00:00.0,,,,,,,,,,,,,0.0,,,,,,,,,C ,,C ,,,,,
2021-06-08 00:00:00.0,,,,,,,,,,,,,0.0,,,,,,,,,C ,,C ,,,,,
2021-06-09 00:00:00.0,,,,,,,,,,,,,0.0,,,,,,,,,C ,,C ,,,,,
2021-06-10 00:00:00.0,,,,,,,,,,,,,0.0,,,,,,,,,C ,,C ,,,,,
2021-06-11 00:00:00.0,,,,,,,,,,,,,0.0,,,,,,,,,C ,,C ,,,,,
2021-06-12 00:00:00.0,,,,,,,,,,,,,0.0,,,,,,,,,C ,,C ,,,,,
2021-06-13 00:00:00.0,,,,,,,,,,,,,0.0,,,,,,,,,C ,,C ,,,,,
2021-06-14 00:00:00.0,,,,,,,,,,,,,0.0,,,,,,,,,C ,,C ,,,,,
2021-06-15 00:00:00.0,,,,,,,,,,,,,0.0,,,,,,,,,C ,,C ,,,,,
2021-06-16 00:00:00.0,,,,,,,,,,,,,0.0,,,,,,,,,C ,,C ,,,,,
2021-06-17 00:00:00.0,,,,,,,41.6,,,,,,,,,,,49,,,,C ,,C ,12.0,,,,
2021-06-18 00:00:00.0,3.319444,11.9,-1.6,,,,41.60006,,,,0.0,0.0,0.0,,,6.938073,91,85,1.588095,,0.8749999,C ,1.09375,C ,10.1,,,18.09402,
2021-06-19 00:00:00.0,3.848611,12.4,-2.7,,,,41.60006,,,,0.0,0.0,0.0,,,6.971788,85,81,1.698828,,1.401389,C ,1.751737,C ,14.5,,,16.76601,
2021-06-20 00:00:00.0,5.888887,14.5,0.6,,,,41.60006,,,,0.0,0.0,0.0,,,7.991003,87,84,3.634286,,2.161111,C ,2.701389,C ,16.2,,,15.93601,13.77801
2021-06-21 00:00:00.0,6.319445,15.7,-0.6,,,,41.60006,,,,0.0,0.0,0.0,,,9.299028,92,85,5.667709,,1.468056,C ,1.83507,C ,13.7,,,10.624,15.35501
2021-06-22 00:00:00.0,8.986112,17.3,2.2,,,,41.60006,,,,0.25,0.25,0.25,,,10.6072,93,88,7.662908,,1.555555,C ,1.944444,C ,15.2,,,8.465997,15.02301
2021-06-23 00:00:00.0,10.94375,14.8,7.4,,,,41.60006,,,,,2.25,0.5,,,13.57277,98,97,11.38775,,2.664584,C ,3.33073,C ,18.0,,,0.0,7.553002
2021-06-24 00:00:00.0,,,,,,,,,,,0.0,,,,,,,,,,,  ,,  ,,,,,
2021-06-25 00:00:00.0,9.37778,18.1,3.4,,,,41.60006,,,,0.0,0.0,0.0,,,10.10743,85,87,6.907916,,3.32639,C ,4.157987,C ,23.9,,,9.129998,13.03101
2021-06-26 00:00:00.0,7.668149,,,,,,,,,,,,,,,,,,,,,  ,,  ,,,,,
2021-06-27 00:00:00.0,,,,,,,,,,,,,,,,,,,,,,  ,,  ,,,,,
2021-06-28 00:00:00.0,,,,,,,,,,,,,,,,,,,,,,  ,,  ,,,,,
2021-06-29 00:00:00.0,,,,,,,,,,,,,,,,,,,,,,  ,,  ,,,,,
2021-06-30 00:00:00.0,4.610073,12.2,-1.2,,,,41.60006,,,,0.0,0.0,0.0,,,8.474122,95,,4.339933,,1.669784,C ,2.08723,C ,18.6,,,15.43801,
2021-07-01 00:00:00.0,7.392537,,,,,,,,,,,,,,,,,,,,,  ,,  ,,,,,
2021-07-02 00:00:00.0,,,,,,,,,,,0.0,,,,,,,,,,,  ,,  ,,,,,
2021-07-03 00:00:00.0,7.786807,17.9,1.2,,,,41.60006,,,,0.0,0.0,0.0,,,7.768256,73,72,3.160637,,4.688889,C ,5.861111,C ,22.6,,,10.292,12.03501
2021-07-04 00:00:00.0,8.813891,18.9,2.0,,,,41.60006,,,,0.0,0.0,0.0,,,8.502755,79,75,4.522493,,3.158334,C ,3.947918,C ,17.4,,,12.78201,12.36701
2021-07-05 00:00:00.0,7.422915,18.8,-0.9,,,,41.60006,,,,0.0,0.0,0.0,,,8.79309,86,83,4.785962,,1.363889,C ,1.704862,C ,13.0,,,13.94401,7.469996
2021-07-06 00:00:00.0,8.713891,12.5,3.0,,,,,,,,,,,,,,,97,,,,  ,,  ,,,,,
2021-07-07 00:00:00.0,,,,,,,,,,,,,,,,,,,,,,  ,,  ,,,,,
2021-07-08 00:00:00.0,,,,,,,,,,,,,,,,,,,,,,  ,,  ,,,,,
2021-07-09 00:00:00.0,,,,,,,,,,,,,,,,,,,,,,  ,,  ,,,,,
2021-07-10 00:00:00.0,13.0209,,,,,,41.6,,,,0.0,,,,,10.00706,75,,6.399742,,,C ,,C ,27.9,,,,9.295999
2021-07-11 00:00:00.0,7.756945,17.6,1.4,,,,41.60006,,,,0.0,0.0,0.0,,,7.684043,73,67,3.154733,,3.446528,C ,4.30816,C ,25.7,,,8.797997,11.95201
2021-07-12 00:00:00.0,,,,,,,,,,,,,,,,,,,,,,  ,,  ,,,,,
2021-07-13 00:00:00.0,,,,,,,,,,,0.0,,,,,,,,,,,  ,,  ,,,,,
2021-07-14 00:00:00.0,5.072222,14.6,-0.8,,,,41.60006,,,,,0.0,0.0,,,8.513906,91,87,4.308121,,2.06875,C ,2.585937,C ,16.9,,,12.45001,9.96
2021-07-15 00:00:00.0,,,,,,,,,,,0.0,,,,,,,,,,,  ,,  ,,,,,
2021-07-16 00:00:00.0,6.375352,16.1,-0.8,,,,41.60006,,,,,0.25,0.25,,,8.802289,86,84,4.873769,,3.17817,C ,3.972712,C ,23.0,,,8.797997,8.880998
2021-07-17 00:00:00.0,7.49771,,,,,,41.6,,,,,,,,,8.606926,86,,4.753243,,,C ,,C ,51.8,,,,18.34302
2021-07-18 00:00:00.0,,,,,,,,,,,,,,,,,,,,,,  ,,  ,,,,,
2021-07-19 00:00:00.0,,,,,,,,,,,,,,,,,,,,,,  ,,  ,,,,,
2021-07-20 00:00:00.0,,,,,,,,,,,,,,,,,,,,,,  ,,  ,,,,,
2021-07-21 00:00:00.0,,,,,,,,,,,,,,,,,,,,,,  ,,  ,,,,,
2021-07-22 00:00:00.0,9.811541,,,,,,41.6,,,,,,,,,10.77956,88,,7.901428,,,C ,,C ,15.3,,,,9.047001
2021-07-23 00:00:00.0,11.93712,,,,,,41.6,,,,,,,,,12.10201,88,,9.613674,,,C ,,C ,19.6,,,,5.643999
2021-07-24 00:00:00.0,9.590581,13.5,6.3,,,,41.6,,,,,,,,,10.9953,89,,8.168372,,,C ,,C ,36.2,,,,12.201
2021-07-25 00:00:00.0,,,,,,,,,,,,,,,,,,,,,,  ,,  ,,,,,
2021-07-26 00:00:00.0,,,,,,,,,,,,,,,,,,,,,,  ,,  ,,,,,
2021-07-27 00:00:00.0,,,,,,,,,,,,,,,,,,,,,,  ,,  ,,,,,
2021-07-28 00:00:00.0,,,,,,,,,,,,,,,,,,,,,,  ,,  ,,,,,
2021-07-29 00:00:00.0,,,,,,,,,,,,,,,,,,,,,,  ,,  ,,,,,
2021-07-30 00:00:00.0,,,,,,,,,,,,,,,,,,,,,,  ,,  ,,,,,
2021-07-31 00:00:00.0,,,,,,,,,,,,,,,,,,,,,,  ,,  ,,,,,
2021-08-01 00:00:00.0,,,,,,,,,,,,,,,,,,,,,,  ,,  ,,,,,
2021-08-02 00:00:00.0,,,,,,,,,,,,,,,,,,,,,,  ,,  ,,,,,
2021-08-03 00:00:00.0,,,,,,,,,,,,,,,,,,,,,,  ,,  ,,,,,
2021-08-04 00:00:00.0,,,,,,,,,,,,,,,,,,,,,,  ,,  ,,,,,
2021-08-05 00:00:00.0,,,,,,,,,,,,,,,,,,,,,,  ,,  ,,,,,
2021-08-10 00:00:00.0,,,,,,,,,,,,,,,,,,,,,,  ,,  ,,,,,
2021-08-11 00:00:00.0,,,,,,,,,,,,,,,,,,,,,,  ,,  ,,,,,
2021-08-12 00:00:00.0,,,,,,,,,,,,,,,,,,,,,,  ,,  ,,,,,
2021-08-13 00:00:00.0,,,,,,,,,,,,,,,,,,,,,,  ,,  ,,,,,
2021-08-14 00:00:00.0,,,,,,,,,,,,,,,,,,,,,,  ,,  ,,,,,
2021-08-15 00:00:00.0,,,,,,,,,,,,,,,,,,88,,,,  ,,  ,,,,,
2021-08-16 00:00:00.0,,,,,,,,,,,,,,,,,,,,,,  ,,  ,,,,,
2021-08-17 00:00:00.0,,,,,,,,,,,,,,,,,,,,,,  ,,  ,,,,,
2021-08-18 00:00:00.0,,,,,,,,,,,,,,,,,,,,,,  ,,  ,,,,,
2021-08-19 00:00:00.0,,,,,,,,,,,,,,,,,,,,,,  ,,  ,,,,,
2021-08-20 00:00:00.0,,,,,,,,,,,,,,,,,,,,,,  ,,  ,,,,,
2021-08-21 00:00:00.0,,,,,,,,,,,,,,,,,,,,,,  ,,  ,,,,,
2021-08-22 00:00:00.0,,,,,,,,,,,,,,,,,,,,,,  ,,  ,,,,,
2021-08-23 00:00:00.0,,,,,,,,,,,,,,,,,,,,,,  ,,  ,,,,,
2021-08-24 00:00:00.0,,,,,,,,,,,,,,,,,,,,,,  ,,  ,,,,,
2021-08-25 00:00:00.0,,,,,,,,,,,,,,,,,,,,,,  ,,  ,,,,,
2021-08-26 00:00:00.0,,,,,,,,,,,,,,,,,,,,,,  ,,  ,,,,,
2021-08-27 00:00:00.0,9.150692,16.9,0.6,,,,41.60006,,,,0.0,0.0,0.0,,,7.83181,69,69,3.229769,,4.797916,C ,5.997395,C ,24.3,,,7.801996,12.20101
2021-08-28 00:00:00.0,11.43681,21.1,5.7,,,,41.60006,,,,0.25,0.0,0.0,,,11.87758,88,87,9.37291,,2.55,C ,3.1875,C ,21.6,,,6.307997,6.141997
2021-08-29 00:00:00.0,13.05625,24.6,2.6,,,,41.60006,,,,0.0,0.25,0.25,,,11.71543,81,79,9.071821,,1.985416,C ,2.481771,C ,13.0,,,5.477998,3.070999
2021-08-30 00:00:00.0,13.94584,24.6,6.8,,,,41.60006,,,,0.0,0.0,0.0,,,14.60332,89,86,12.25342,,2.888888,C ,3.61111,C ,17.9,,,,1.66
2021-08-31 00:00:00.0,17.70833,29.2,10.0,,,,41.60006,,,,31.25,20.75,12.75,,,18.1601,87,83,15.62106,,3.859723,C ,4.824653,C ,38.5,,,0.0,-8.133997
2021-09-01 00:00:00.0,13.51944,20.7,11.5,,,,41.60006,,,,0.75,11.25,6.0,,,14.68971,100,100,12.65903,,6.71875,C ,8.398437,C ,32.0,,,0.0,4.814
2021-09-02 00:00:00.0,12.18264,17.0,8.3,,,,41.60006,,,,0.25,0.25,0.25,,,13.84018,98,95,11.67065,,8.722913,C ,10.90364,C ,26.8,,,0.0,7.968001
2021-09-03 00:00:00.0,11.9632,18.8,6.9,,,,41.60006,,,,0.0,0.0,0.0,,,11.73531,87,85,9.247738,,2.927083,C ,3.658854,C ,20.0,,,0.83,7.386997
2021-09-04 00:00:00.0,9.335418,18.0,0.8,,,,41.60006,,,,3.5,3.5,1.0,,,10.92518,90,87,7.826804,,3.045139,C ,3.806424,C ,20.5,,,8.133996,6.141999
2021-09-05 00:00:00.0,12.10417,20.3,4.4,,,,41.60006,,,,0.25,0.0,0.0,,,11.91628,87,85,9.390938,,1.202083,C ,1.502604,C ,12.4,,,4.647998,5.892996
2021-09-06 00:00:00.0,10.44375,16.9,3.7,,,,41.60006,,,,0.0,0.25,0.25,,,13.00598,97,95,10.58062,,3.666667,C ,4.583333,C ,21.4,,,4.315999,8.548998
2021-09-07 00:00:00.0,13.42639,17.3,11.8,,,,41.60006,,,,35.5,17.0,4.0,,,14.75899,97,96,12.76656,,8.228474,C ,10.28559,C ,42.2,,,0.0,3.402998
2021-09-08 00:00:00.0,12.50903,13.7,11.6,,,,41.60006,,,,68.5,81.5,4.0,,,14.4028,100,100,12.39722,,18.02292,C ,22.52866,C ,68.4,,,0.0,7.055005
2021-09-09 00:00:00.0,11.95972,12.8,11.3,,,,41.60006,,,,0.5,6.0,1.25,,,13.8723,100,100,11.82847,,23.76111,C ,29.70139,C ,56.3,,,0.0,10.12601
2021-09-10 00:00:00.0,12.30625,16.2,10.7,,,,41.60006,,,,0.25,0.25,0.25,,,14.34655,100,100,12.27275,,11.1125,C ,13.89062,C ,27.0,,,0.0,7.304005
2021-09-11 00:00:00.0,12.43403,16.1,8.5,,,,41.60006,,,,0.0,0.0,0.0,,,14.42091,98,98,12.33516,,2.903472,C ,3.62934,C ,22.0,,,0.0,4.647999
2021-09-12 00:00:00.0,14.63403,18.5,10.8,,,,41.60006,,,,0.25,0.0,0.0,,,16.42584,100,100,14.27527,,3.200001,C ,4.0,C ,21.6,,,0.0,-2.075
2021-09-13 00:00:00.0,12.83681,20.0,6.8,,,,41.60006,,,,0.0,0.25,0.25,,,11.63562,83,82,9.079344,,10.75,C ,13.4375,C ,38.4,,,0.498,5.228998
2021-09-14 00:00:00.0,9.286808,14.6,5.9,,,,41.60006,,,,0.0,0.0,0.0,,,9.908188,88,83,6.779892,,7.789581,C ,9.736977,C ,38.6,,,8.631997,16.43402
2021-09-15 00:00:00.0,11.32083,20.3,3.3,,,,41.60006,,,,0.0,0.0,0.0,,,10.39729,78,73,7.444087,,5.574305,C ,6.967881,C ,34.1,,,6.805997,3.817998
2021-09-16 00:00:00.0,14.65625,24.4,7.3,,,,41.60006,,,,0.0,0.0,0.0,,,12.29434,75,68,9.913815,,3.802084,C ,4.752605,C ,19.5,,,0.0,-1.659999
2021-09-17 00:00:00.0,16.26945,24.0,9.3,,,,41.60006,,,,0.0,0.0,0.0,,,13.4336,77,75,11.31299,,3.67361,C ,4.592013,C ,21.8,,,0.0,-5.228997
2021-09-18 00:00:00.0,16.10069,25.0,9.4,,,,41.60006,,,,0.0,0.0,0.0,,,14.56257,83,81,12.49298,,2.829167,C ,3.536459,C ,18.1,,,0.0,-5.643999
2021-09-19 00:00:00.0,15.11875,19.9,11.3,,,,41.60006,,,,0.25,0.0,0.0,,,16.52123,94,93,14.4181,,5.207638,C ,6.509548,C ,24.9,,,0.0,-5.727003
2021-09-20 00:00:00.0,14.31458,17.7,7.4,,,,41.60006,,,,0.0,0.25,0.25,,,13.68246,91,89,11.27988,,14.07847,C ,17.59809,C ,41.0,,,3.319999,3.651999
2021-09-21 00:00:00.0,9.477083,17.8,1.7,,,,41.60006,,,,0.25,0.0,0.0,,,9.682053,84,82,6.327282,,6.036804,C ,7.546005,C ,25.2,,,9.461999,10.292
2021-09-22 00:00:00.0,9.435416,16.4,1.2,,,,41.60006,,,,0.75,0.75,0.25,,,11.95697,93,91,9.098409,,2.23889,C ,2.798612,C ,24.1,,,6.971997,6.889003
2021-09-23 00:00:00.0,13.75,19.6,10.2,,,,41.60006,,,,0.0,0.25,0.25,,,14.35908,91,85,12.29053,,2.838889,C ,3.548611,C ,15.3,,,0.0,0.08299921
2021-09-24 00:00:00.0,14.175,21.0,10.4,,,,41.60006,,,,0.0,0.0,0.0,,,13.67908,88,87,11.57442,,2.086805,C ,2.608507,C ,13.5,,,0.0,0.1659986
2021-09-25 00:00:00.0,13.54444,20.8,7.1,,,,41.60006,,,,0.25,0.25,0.25,,,15.16114,95,91,12.95503,,2.809028,C ,3.511286,C ,26.6,,,0.0,0.08299969
2021-09-26 00:00:00.0,15.0507,23.2,11.1,,,,41.60006,,,,5.0,0.0,0.0,,,14.15987,86,83,11.9786,,8.638196,C ,10.79774,C ,30.9,,,0.0,-1.079001
2021-09-27 00:00:00.0,9.259723,11.1,6.4,,,,41.60006,,,,2.5,7.5,2.0,,,10.91401,100,100,8.139169,,4.045138,C ,5.056422,C ,17.6,,,4.315999,
2021-09-28 00:00:00.0,9.21875,18.7,0.9,,,,41.60006,,,,0.0,0.0,0.0,,,10.44729,85,85,7.224781,,2.876388,C ,3.595485,C ,20.9,,,7.303997,3.402999
2021-09-29 00:00:00.0,12.49375,20.7,4.1,,,,41.60006,,,,0.25,0.0,0.0,,,12.81839,87,87,10.38812,,3.513888,C ,4.392361,C ,26.3,,,5.477998,1.411
2021-09-30 00:00:00.0,15.03334,18.9,11.8,,,,41.60006,,,,4.0,4.0,2.75,,,16.8453,99,100,14.72309,,3.423611,C ,4.279513,C ,28.0,,,0.0,-2.987999
2021-10-01 00:00:00.0,14.19792,23.6,7.4,,,,41.60006,,,,0.0,0.25,0.25,,,11.84276,80,76,9.408597,,4.136805,C ,5.171006,C ,25.4,,,0.0,2.904998
2021-10-02 00:00:00.0,13.52431,19.7,7.6,,,,41.60006,,,,0.5,0.5,0.5,,,13.8296,88,89,11.65283,,3.756945,C ,4.696181,C ,24.3,,,0.0,-0.9959996
2021-10-03 00:00:00.0,10.40555,16.4,4.8,,,,41.60006,,,,0.25,0.25,0.25,,,8.961793,79,74,5.361153,,10.37639,C ,12.97049,C ,36.2,,,10.126,14.35901
2021-10-04 00:00:00.0,11.61667,21.9,3.1,,,,41.60006,,,,0.0,0.0,0.0,,,9.427418,69,58,6.025977,,4.406943,C ,5.508679,C ,23.7,,,6.805997,0.9959998
2021-10-05 00:00:00.0,14.74861,24.7,4.9,,,,41.60006,,,,0.0,0.0,0.0,,,11.51445,72,63,8.943002,,4.679861,C ,5.849826,C ,29.3,,,3.817999,-1.494001
2021-10-06 00:00:00.0,11.61528,15.8,4.4,,,,41.60006,,,,0.0,0.0,0.0,,,9.691211,82,76,6.330844,,13.99791,C ,17.49739,C ,43.5,,,5.477998,11.20501
2021-10-07 00:00:00.0,8.084027,17.5,-0.9,,,,41.60006,,,,0.0,0.0,0.0,,,7.781118,74,64,3.247879,,1.83889,C ,2.298612,C ,14.1,,,9.461999,6.556997
2021-10-08 00:00:00.0,11.26389,20.4,2.7,,,,41.60006,,,,0.0,0.0,0.0,,,9.891096,77,74,6.717873,,2.230556,C ,2.788194,C ,17.6,,,6.971997,5.560996
2021-10-09 00:00:00.0,11.18333,19.9,1.6,,,,41.60006,,,,0.25,0.0,0.0,,,10.28154,78,78,7.120394,,3.580555,C ,4.475694,C ,21.1,,,6.639997,1.576999
2021-10-10 00:00:00.0,14.49306,23.0,5.5,,,,41.60006,,,,0.0,0.25,0.25,,,14.44414,86,87,12.22406,,4.5375,C ,5.671875,C ,25.4,,,2.49,-4.398998
2021-10-11 00:00:00.0,15.74236,20.1,13.8,,,,41.60006,,,,2.0,0.25,0.25,,,17.42883,97,96,15.30185,,4.04861,C ,5.060762,C ,22.2,,,0.0,-6.64
2021-10-12 00:00:00.0,17.04167,22.1,14.0,,,,41.60006,,,,0.5,2.0,0.5,,,18.54027,95,91,16.26021,,4.846528,C ,6.05816,C ,23.4,,,0.0,-10.624
2021-10-13 00:00:00.0,16.05347,19.3,14.3,,,,41.60006,,,,0.25,0.5,0.25,,,17.90165,100,99,15.68029,,1.913193,C ,2.391492,C ,13.9,,,0.0,-6.723002
2021-10-14 00:00:00.0,14.78472,25.4,9.8,,,,41.60006,,,,,8.0,2.0,,,15.17216,92,90,12.90685,,6.963829,C ,8.704785,C ,48.2,,,0.0,0.3319986
2021-10-15 00:00:00.0,,19.3,8.7,,,,41.6,,,,0.0,,0.0,,,,,64,,,,C ,,C ,24.8,,,,
2021-10-16 00:00:00.0,13.46319,21.8,4.6,,,,41.60006,,,,0.0,0.0,0.0,,,9.779465,68,54,6.60214,,4.414582,C ,5.518228,C ,30.3,,,5.311998,0.08299862
2021-10-17 00:00:00.0,,24.6,9.4,,,,41.6,,,,,,0.0,,,,,35,,,,C ,,C ,25.4,,,,
2021-10-18 00:00:00.0,12.21643,20.5,3.5,,,,41.60006,,,,0.0,0.0,0.0,,,11.51482,83,84,8.839895,,3.525695,C ,4.407118,C ,18.0,,,6.473997,2.572997
2021-10-19 00:00:00.0,14.68542,24.1,4.0,,,,41.60006,,,,0.25,0.0,0.0,,,12.21402,77,73,9.738814,,2.10625,C ,2.632812,C ,16.3,,,3.651999,-2.655999
2021-10-20 00:00:00.0,16.00417,25.5,5.3,,,,41.60006,,,,0.0,0.25,0.25,,,14.60015,82,81,12.33474,,2.805556,C ,3.506944,C ,20.2,,,1.66,-5.560999
2021-10-21 00:00:00.0,18.93681,28.6,11.2,,,,41.60006,,,,,0.25,0.25,,,18.10952,81,80,15.81514,,3.040425,C ,3.800531,C ,24.6,,,0.0,-12.69901
2021-10-22 00:00:00.0,,18.4,13.9,,,,41.6,,,,,,2.75,,,,,100,,,,C ,,C ,19.0,,,,
2021-10-23 00:00:00.0,14.93611,22.5,10.9,,,,41.60006,,,,1.0,1.0,1.0,,,13.14343,83,78,10.78665,,6.604861,C ,8.256077,C ,40.9,,,1.992,0.5809993
2021-10-24 00:00:00.0,12.80556,23.2,3.6,,,,41.60006,,,,0.0,0.0,0.0,,,10.68039,71,62,7.781847,,4.549305,C ,5.686632,C ,25.8,,,6.141997,-1.494
2021-10-25 00:00:00.0,18.07222,25.5,12.8,,,,41.60006,,,,0.0,0.0,0.0,,,12.05581,61,53,9.673107,,6.706945,C ,8.383681,C ,33.0,,,0.0,-10.126
2021-10-26 00:00:00.0,19.81458,30.9,10.8,,,,41.60006,,,,0.0,0.0,0.0,,,16.14426,74,61,14.06775,,3.634027,C ,4.542533,C ,23.8,,,0.0,-11.122
2021-10-27 00:00:00.0,22.93958,35.5,8.6,,,,41.60006,,,,0.0,0.0,0.0,,,19.90427,73,61,17.08117,,1.709028,C ,2.136285,C ,13.9,,,0.0,-16.10201
2021-10-28 00:00:00.0,25.72709,37.0,16.5,,,,41.60006,,,,0.0,0.0,0.0,,,21.77647,73,66,18.79467,,2.482639,C ,3.103299,C ,14.7,,,0.0,-20.83302
2021-10-29 00:00:00.0,22.3868,31.4,15.2,,,,41.60006,,,,0.0,0.0,0.0,,,19.02893,77,72,16.66615,,3.571528,C ,4.46441,C ,23.9,,,0.0,-16.76601
2021-10-30 00:00:00.0,21.275,32.3,14.8,,,,41.60006,,,,0.0,0.0,0.0,,,20.38976,85,83,17.53375,,6.768055,C ,8.46007,C ,30.4,,,0.0,-15.27201
2021-10-31 00:00:00.0,13.52609,16.4,11.6,,,,41.60006,,,,0.0,0.0,0.0,,,14.90606,95,94,12.80205,,10.1438,C ,12.67975,C ,24.3,,,0.0,3.900998
2021-11-01 00:00:00.0,12.6118,15.8,11.0,,,,41.60006,,,,3.25,3.0,0.75,,,14.74341,99,97,12.723,,6.229861,C ,7.787327,C ,22.4,,,0.0,4.232998
2021-11-02 00:00:00.0,17.53333,24.0,12.7,,,,41.60006,,,,0.0,0.25,0.25,,,20.82544,98,98,17.9411,,3.776389,C ,4.720486,C ,19.1,,,0.0,-14.52501
2021-11-03 00:00:00.0,20.29236,26.8,16.1,,,,41.60006,,,,0.0,0.0,0.0,,,20.45081,87,87,17.8272,,4.538194,C ,5.672743,C ,24.2,,,0.0,-20.66702
2021-11-04 00:00:00.0,20.99722,27.3,17.7,,,,41.60006,,,,1.0,1.0,0.75,,,22.79555,94,95,19.47283,,4.427083,C ,5.533854,C ,32.7,,,0.0,-20.25202
2021-11-05 00:00:00.0,15.15347,19.4,9.4,,,,41.60006,,,,0.0,0.0,0.0,,,11.25992,74,72,8.638152,,12.09584,C ,15.1198,C ,40.4,,,0.996,0.5809998
2021-11-06 00:00:00.0,11.51389,19.5,3.9,,,,41.60006,,,,0.0,0.0,0.0,,,10.67569,81,77,7.801457,,4.809721,C ,6.012152,C ,30.5,,,5.975997,5.062996
2021-11-07 00:00:00.0,14.83958,24.3,5.4,,,,41.60006,,,,0.0,0.0,0.0,,,13.30538,79,76,11.03268,,1.76875,C ,2.210938,C ,15.5,,,1.826,-3.817997
2021-11-08 00:00:00.0,18.55278,29.7,10.8,,,,41.60006,,,,0.0,0.0,0.0,,,16.25047,81,78,14.06985,,5.188193,C ,6.485242,C ,25.8,,,0.0,-8.133997
2021-11-09 00:00:00.0,15.05347,20.0,9.7,,,,41.60006,,,,0.25,0.0,0.0,,,13.45466,84,79,11.28917,,4.884027,C ,6.105033,C ,20.8,,,0.0,-1.991999
2021-11-10 00:00:00.0,15.41458,25.0,6.7,,,,41.60006,,,,0.0,0.25,0.25,,,13.99222,79,79,11.74955,,3.867361,C ,4.834202,C ,23.3,,,0.332,-5.644
2021-11-11 00:00:00.0,17.91805,25.8,9.7,,,,41.60006,,,,0.0,0.0,0.0,,,15.37457,78,71,13.35058,,3.58125,C ,4.476563,C ,24.1,,,0.0,-9.877001
2021-11-12 00:00:00.0,17.40903,24.7,10.5,,,,41.60006,,,,0.0,0.0,0.0,,,15.14213,79,74,13.11978,,3.822917,C ,4.778646,C ,29.4,,,0.0,-9.628
2021-11-13 00:00:00.0,18.35069,25.0,13.9,,,,41.60006,,,,7.25,3.5,2.25,,,16.84291,81,71,14.75224,,4.850695,C ,6.063368,C ,39.5,,,0.0,-15.18901
2021-11-14 00:00:00.0,20.72639,27.3,16.0,,,,41.60006,,,,0.0,3.75,3.5,,,16.6531,74,70,14.4719,,5.809027,C ,7.261284,C ,43.7,,,0.0,-16.68301
2021-11-15 00:00:00.0,20.71527,29.9,12.1,,,,41.60006,,,,0.0,0.0,0.0,,,18.00911,76,69,15.70059,,3.37361,C ,4.217013,C ,24.6,,,0.0,-15.85301
2021-11-16 00:00:00.0,15.4125,19.9,8.3,,,,41.60006,,,,0.0,0.0,0.0,,,12.86084,84,76,10.34092,,13.10139,C ,16.37674,C ,40.9,,,3.651999,1.328001
2021-11-17 00:00:00.0,12.93958,24.7,2.2,,,,41.60006,,,,0.0,0.0,0.0,,,9.965402,70,62,6.642026,,4.395139,C ,5.493923,C ,21.9,,,5.809998,-1.743
2021-11-18 00:00:00.0,18.11875,29.3,7.4,,,,41.6,,,,,,0.0,,,12.57408,66,55,10.19556,,3.646528,C ,4.55816,C ,20.8,,,0.0,-7.801997
2021-11-19 00:00:00.0,17.62569,24.2,11.6,,,,,,,,,,0.0,,,14.62939,79,79,12.57747,,7.280556,C ,9.100695,C ,26.2,,,0.0,-8.050997
2021-11-20 00:00:00.0,19.45695,31.9,9.8,,,,,,,,,,0.0,,,15.7006,72,66,13.56055,,2.475695,C ,3.094619,C ,17.0,,,0.0,-12.11801
2021-11-21 00:00:00.0,24.80764,37.1,17.0,,,,41.6,,,,0.0,,0.25,,,16.99605,64,46,14.80282,,4.94861,C ,6.185762,C ,37.2,,,0.0,-17.92802
2021-11-22 00:00:00.0,19.64097,33.7,11.0,,,,41.60006,,,,0.0,0.0,0.0,,,13.88343,69,59,11.52238,,9.18611,C ,11.48264,C ,45.7,,,0.0,-8.050997
2021-11-23 00:00:00.0,15.65139,26.0,5.0,,,,41.60006,,,,0.0,0.0,0.0,,,10.95316,65,49,8.176978,,2.491668,C ,3.114584,C ,15.6,,,5.145998,-5.395
2021-11-24 00:00:00.0,,,,,,,,,,,,,,,,,,37,,,,  ,,  ,,,,,
2021-11-25 00:00:00.0,21.02638,24.9,16.2,,,,17.79305,,,,0.0,0.25,0.25,,,17.71485,79,85,15.50773,,4.920138,C ,6.150173,C ,36.4,,,0.0,-19.00702
2021-11-26 00:00:00.0,19.89514,29.6,10.5,,,,17.57708,,,,0.0,0.0,0.0,,,16.12047,75,70,14.0413,,3.572223,C ,4.465279,C ,20.6,,,0.0,-11.039
2021-11-27 00:00:00.0,18.73125,28.1,12.4,,,,18.0132,,,,21.25,0.0,0.0,,,18.60381,85,83,16.27591,,3.786112,C ,4.73264,C ,23.3,,,0.0,-14.44201
2021-11-28 00:00:00.0,18.19539,21.3,16.0,,,,18.2,,,,,,13.0,,,23.28198,100,100,20.21924,,4.010769,C ,5.013462,C ,19.2,,,,-16.26801
2021-11-29 00:00:00.0,18.87917,24.3,14.9,,,,17.98056,,,,0.25,0.0,0.0,,,19.02663,92,90,16.60604,,15.18264,C ,18.9783,C ,45.3,,,0.0,-15.02301
2021-11-30 00:00:00.0,16.94375,24.7,11.5,,,,17.33473,,,,0.0,0.25,0.25,,,14.14505,79,71,12.0626,,7.870833,C ,9.838542,C ,29.3,,,0.0,-5.809994
2021-12-01 00:00:00.0,15.63055,23.7,5.7,,,,16.40694,,,,0.0,0.0,0.0,,,13.0632,74,60,10.72123,,2.266667,C ,2.833334,C ,20.8,,,2.822,-6.556998
2021-12-02 00:00:00.0,19.01528,28.3,10.4,,,,16.86527,,,,0.0,0.0,0.0,,,15.85544,75,68,13.81849,,2.086111,C ,2.607639,C ,16.0,,,0.0,-12.03501
2021-12-03 00:00:00.0,17.78889,25.4,11.1,,,,17.35209,,,,0.0,0.0,0.0,,,18.08235,90,86,15.81517,,5.029167,C ,6.286458,C ,24.8,,,0.0,-10.126
2021-12-04 00:00:00.0,16.81458,21.9,13.5,,,,17.02987,,,,3.75,0.0,0.0,,,15.6182,84,81,13.6317,,4.984722,C ,6.230903,C ,23.4,,,0.0,-9.877
2021-12-05 00:00:00.0,17.4743,23.6,13.9,,,,17.13333,,,,0.0,3.75,3.0,,,18.10745,91,89,15.84959,,1.733333,C ,2.166667,C ,17.5,,,0.0,-11.62
2021-12-06 00:00:00.0,18.87361,27.5,8.8,,,,17.18959,,,,0.0,0.0,0.0,,,15.80082,75,68,13.66675,,2.610417,C ,3.263021,C ,17.5,,,0.0,-11.86901
2021-12-07 00:00:00.0,21.45139,30.5,13.6,,,,18.15277,,,,0.0,0.0,0.0,,,19.15327,78,76,16.72215,,2.675694,C ,3.344617,C ,28.4,,,0.0,-16.51702
2021-12-08 00:00:00.0,21.77916,30.6,14.2,,,,18.82847,,,,0.0,0.0,0.0,,,19.18723,77,69,16.78542,,2.251389,C ,2.814236,C ,19.6,,,0.0,-18.34302
2021-12-09 00:00:00.0,21.81042,28.5,17.1,,,,19.28056,,,,0.0,0.0,0.0,,,19.64943,78,74,17.13004,,3.111111,C ,3.888889,C ,27.3,,,0.0,-21.08202
2021-12-10 00:00:00.0,20.44723,25.1,17.5,,,,19.25624,,,,0.0,0.0,0.0,,,20.08916,86,81,17.49331,,2.078472,C ,2.59809,C ,14.3,,,0.0,-20.25202
2021-12-11 00:00:00.0,21.33819,29.1,16.5,,,,19.27569,,,,38.25,0.0,0.0,,,22.26322,88,85,19.14201,,1.920139,C ,2.400174,C ,14.6,,,0.0,-20.91602
2021-12-12 00:00:00.0,20.91527,27.8,17.7,,,,19.45347,,,,6.25,44.5,8.75,,,22.42893,94,94,19.22789,,1.733333,C ,2.166667,C ,17.3,,,0.0,-20.66702
2021-12-13 00:00:00.0,20.04722,29.2,11.0,,,,18.90347,,,,0.0,0.0,0.0,,,14.73006,71,61,12.64667,,3.505555,C ,4.381944,C ,22.7,,,0.0,-12.11801
2021-12-14 00:00:00.0,18.90769,27.4,10.1,,,,,,,,,,,,,,,,,,,  ,,  ,,,,,
2021-12-15 00:00:00.0,,,,,,,,,,,,,,,,,,,,,,  ,,  ,,,,,
2021-12-16 00:00:00.0,19.47431,27.8,10.8,,,,18.32639,,,,0.0,0.0,0.0,,,17.89072,80,75,15.61892,,2.319445,C ,2.899307,C ,15.5,,,0.0,-13.19701
2021-12-17 00:00:00.0,21.26944,30.5,12.5,,,,18.77986,,,,0.25,0.0,0.0,,,19.15112,79,75,16.70113,,1.547222,C ,1.934028,C ,13.9,,,0.0,-16.76601
2021-12-18 00:00:00.0,22.40139,30.6,14.4,,,,19.38194,,,,0.0,0.25,0.25,,,19.28503,75,71,16.7569,,2.376389,C ,2.970486,C ,20.3,,,0.0,-18.50902
2021-12-19 00:00:00.0,23.83958,33.3,16.2,,,,20.05001,,,,0.0,0.0,0.0,,,22.87871,79,75,19.58432,,1.908333,C ,2.385416,C ,19.8,,,0.0,-21.66302
2021-12-20 00:00:00.0,21.65417,27.3,15.1,,,,20.3611,,,,0.0,0.0,0.0,,,20.05894,83,85,17.49322,,4.658334,C ,5.822918,C ,25.7,,,0.0,-18.26002
2021-12-21 00:00:00.0,20.96528,30.1,16.1,,,,20.18611,,,,0.25,0.25,0.25,,,21.90807,89,86,18.85265,,1.800694,C ,2.250868,C ,18.7,,,0.0,-19.67102
2021-12-22 00:00:00.0,22.22292,33.0,14.9,,,,20.21736,,,,0.0,0.0,0.0,,,20.97822,83,85,18.13573,,4.262501,C ,5.328126,C ,30.4,,,0.0,-16.76601
2021-12-23 00:00:00.0,22.05972,32.3,13.4,,,,20.25347,,,,0.0,0.0,0.0,,,21.07873,80,75,18.22274,,2.619444,C ,3.274305,C ,16.5,,,0.0,-18.34302
2021-12-24 00:00:00.0,24.21972,35.4,15.9,,,,20.83169,,,,2.5,2.25,1.0,,,22.35443,79,74,19.20411,,3.357043,C ,4.196303,C ,33.1,,,0.0,-20.83302
2021-12-25 00:00:00.0,22.40069,29.0,17.7,,,,20.79097,,,,0.0,0.25,0.25,,,18.84075,77,68,16.29308,,7.015276,C ,8.769094,C ,31.4,,,0.0,-19.83702
2021-12-26 00:00:00.0,20.25278,32.5,9.2,,,,19.54931,,,,0.0,0.0,0.0,,,15.74106,73,66,13.65825,,4.240973,C ,5.301216,C ,29.9,,,0.0,-10.624
2021-12-27 00:00:00.0,19.73542,31.7,7.4,,,,19.12153,,,,0.0,0.0,0.0,,,15.59632,71,61,13.35875,,1.708333,C ,2.135417,C ,12.1,,,0.0,-12.45001
2021-12-28 00:00:00.0,25.1868,37.6,15.2,,,,20.18888,,,,0.0,0.0,0.0,,,20.96953,70,59,18.16067,,3.541667,C ,4.427083,C ,23.5,,,0.0,-20.41802
2021-12-29 00:00:00.0,27.08334,38.4,18.3,,,,21.27153,,,,2.75,2.25,1.5,,,20.66021,63,52,17.7993,,3.254861,C ,4.068577,C ,41.4,,,0.0,-23.90403
2021-12-30 00:00:00.0,26.33542,33.0,21.5,,,,21.23265,,,,0.0,0.5,0.25,,,19.99139,64,70,17.34973,,5.958333,C ,7.447916,C ,29.2,,,0.0,-22.90803
2021-12-31 00:00:00.0,24.01597,34.5,12.9,,,,20.85278,,,,0.0,0.0,0.0,,,17.64173,65,48,15.32991,,2.804166,C ,3.505208,C ,20.0,,,0.0,-18.75802
2022-01-01 00:00:00.0,24.33611,31.6,19.3,,,,21.41251,,,,5.5,4.75,4.5,,,24.09509,83,74,20.44729,,2.705557,C ,3.381946,C ,27.8,,,0.0,-23.90403
2022-01-02 00:00:00.0,25.97292,36.9,17.2,,,,21.43986,,,,3.5,4.0,1.5,,,20.02645,66,61,17.35994,,3.002898,C ,3.753622,C ,29.0,,,0.0,-21.41403
2022-01-03 00:00:00.0,25.45724,35.3,16.4,,,,21.45416,,,,0.0,0.25,0.75,,,20.07076,67,53,17.42993,,2.057639,C ,2.572049,C ,19.2,,,0.0,-21.82903
2022-01-04 00:00:00.0,23.96042,30.3,16.1,,,,21.27986,,,,0.0,0.0,0.0,,,17.36744,68,52,14.4623,,8.500694,C ,10.62587,C ,32.8,,,0.0,-18.09402
2022-01-05 00:00:00.0,17.65139,26.3,8.4,,,,19.43888,,,,0.0,0.0,0.0,,,12.99671,69,56,10.75191,,4.006248,C ,5.00781,C ,25.3,,,0.0,-8.714998
2022-01-06 00:00:00.0,20.60625,32.4,9.1,,,,19.26111,,,,0.0,0.0,0.0,,,14.49351,65,50,12.34066,,2.125,C ,2.65625,C ,17.0,,,0.0,-13.28001
2022-01-07 00:00:00.0,22.67083,32.8,13.3,,,,19.7743,,,,0.0,0.0,0.0,,,17.4102,70,62,15.17668,,2.222222,C ,2.777778,C ,16.3,,,0.0,-16.84902
2022-01-08 00:00:00.0,23.49722,32.4,15.1,,,,20.31874,,,,0.0,0.0,0.0,,,19.43555,72,64,16.91172,,3.357639,C ,4.197049,C ,22.8,,,0.0,-20.16902
2022-01-09 00:00:00.0,24.80764,33.2,18.2,,,,21.16945,,,,0.0,0.0,0.0,,,20.75096,71,64,17.98657,,3.290278,C ,4.112847,C ,23.4,,,0.0,-23.90403
2022-01-10 00:00:00.0,27.05347,37.7,18.5,,,,21.80139,,,,0.0,0.0,0.0,,,20.71257,63,51,17.77646,,2.216666,C ,2.770833,C ,14.9,,,0.0,-23.90403
2022-01-11 00:00:00.0,28.58195,40.0,20.3,,,,22.44444,,,,0.0,0.0,0.0,,,19.58845,62,43,16.84186,,7.811805,C ,9.764756,C ,32.4,,,0.0,-21.41402
2022-01-12 00:00:00.0,22.87083,35.3,10.8,,,,21.52708,,,,0.0,0.0,0.0,,,15.25404,62,43,13.04274,,2.295834,C ,2.869792,C ,17.9,,,0.0,-15.93601
2022-01-13 00:00:00.0,27.63264,41.3,16.7,,,,22.03889,,,,0.0,0.0,0.0,,,18.35215,60,38,15.68855,,3.165972,C ,3.957465,C ,21.3,,,0.0,-21.16502
2022-01-14 00:00:00.0,30.33541,43.5,19.8,,,,23.00695,,,,0.0,0.0,0.0,,,21.23396,57,41,18.21066,,3.313195,C ,4.141494,C ,24.4,,,0.0,-23.90403
2022-01-15 00:00:00.0,28.925,42.0,18.1,,,,23.60694,,,,29.0,24.0,10.25,,,23.7837,69,57,20.21541,,3.24375,C ,4.054688,C ,23.8,,,0.0,-23.90403
2022-01-16 00:00:00.0,26.21181,35.6,21.5,,,,23.89653,,,,0.0,5.0,2.75,,,25.7177,82,80,21.4254,,5.755555,C ,7.194444,C ,33.7,,,0.0,-23.90403
2022-01-17 00:00:00.0,17.96389,22.7,14.9,,,,21.39931,,,,4.75,4.5,1.25,,,16.15294,84,86,14.07629,,9.063888,C ,11.32986,C ,34.7,,,0.0,-11.62
2022-01-18 00:00:00.0,17.83195,22.0,14.3,,,,19.57224,,,,2.5,0.5,0.5,,,20.6817,97,95,17.9605,,7.383333,C ,9.229166,C ,28.4,,,0.0,-17.51302
2022-01-19 00:00:00.0,21.95347,27.9,18.3,,,,20.41598,,,,0.0,2.25,1.25,,,23.88313,89,87,20.30915,,5.388194,C ,6.735243,C ,27.9,,,0.0,-23.90403
2022-01-20 00:00:00.0,22.40973,24.6,20.8,,,,21.14793,,,,8.75,0.5,0.5,,,27.56017,100,100,22.65486,,4.733334,C ,5.916667,C ,25.7,,,0.0,-23.90403
2022-01-21 00:00:00.0,22.99444,25.1,21.6,,,,21.78818,,,,8.5,16.5,2.75,,,27.71687,100,100,22.75972,,1.197222,C ,1.496528,C ,15.7,,,0.0,-23.90403
2022-01-22 00:00:00.0,21.25139,22.2,19.7,,,,21.68611,,,,26.25,26.25,5.25,,,25.28235,100,100,21.26459,,1.509028,C ,1.886285,C ,24.3,,,0.0,-23.90403
2022-01-23 00:00:00.0,24.64305,33.1,18.2,,,,22.13472,,,,0.0,0.25,0.25,,,25.60759,84,81,21.36782,,2.734723,C ,3.418403,C ,21.6,,,0.0,-23.90403
2022-01-24 00:00:00.0,26.67917,34.3,20.0,,,,23.05208,,,,0.0,0.0,0.0,,,27.42393,81,81,22.53898,,1.576389,C ,1.970486,C ,13.1,,,0.0,-23.90403
2022-01-25 00:00:00.0,27.33542,34.9,22.3,,,,23.94376,,,,0.0,0.0,0.0,,,28.40645,81,76,23.14249,,1.648611,C ,2.060764,C ,19.2,,,0.0,-23.90403
2022-01-26 00:00:00.0,22.60278,25.4,14.6,,,,23.43195,,,,0.0,0.0,0.0,,,19.83272,80,68,16.31019,,12.23125,C ,15.28906,C ,46.8,,,0.0,-17.34702
2022-01-27 00:00:00.0,16.16875,23.5,8.0,,,,20.5618,,,,0.0,0.0,0.0,,,12.90238,73,61,10.69493,,5.127778,C ,6.409722,C ,27.8,,,0.0,-7.054997
2022-01-28 00:00:00.0,17.99167,28.1,7.7,,,,19.87153,,,,0.0,0.0,0.0,,,14.81738,74,63,12.66553,,1.502083,C ,1.877604,C ,11.4,,,0.0,-8.631997
2022-01-29 00:00:00.0,21.57084,31.2,12.2,,,,20.30624,,,,0.0,0.0,0.0,,,19.03688,75,69,16.53455,,2.390973,C ,2.988716,C ,14.8,,,0.0,-16.68302
2022-01-30 00:00:00.0,24.04811,31.7,18.3,,,,21.45,,,,,,1.25,,,,,46,,,,C ,,C ,32.5,,,,
2022-01-31 00:00:00.0,18.36212,24.0,11.0,,,,20.26737,,,,0.0,0.0,0.0,,,12.78504,67,54,10.39502,,6.565277,C ,8.206596,C ,31.6,,,0.0,-11.039
2022-02-01 00:00:00.0,20.09513,30.0,10.7,,,,19.6132,,,,0.0,0.0,0.0,,,16.91606,72,62,14.75499,,3.545833,C ,4.432292,C ,26.5,,,0.0,-14.44201
2022-02-02 00:00:00.0,23.73125,33.2,15.3,,,,20.62571,,,,2.5,0.0,0.0,,,21.5825,75,62,18.62767,,1.851389,C ,2.314236,C ,16.0,,,0.0,-19.58802
2022-02-03 00:00:00.0,22.02014,26.0,19.8,,,,21.28609,,,,20.25,22.75,10.5,,,25.58345,99,100,21.39652,,0.9312499,C ,1.164062,C ,14.8,,,0.0,-23.90403
2022-02-04 00:00:00.0,21.84894,30.5,15.8,,,,21.16187,,,,,3.75,2.25,,,23.39689,88,84,20.05061,,2.289051,C ,2.861314,C ,20.1,,,0.0,-19.33902
2022-02-05 00:00:00.0,,20.0,14.9,,,,20.55,,,,,,3.75,,,,,67,,,,C ,,C ,35.6,,,,
2022-02-06 00:00:00.0,16.2972,23.8,11.5,,,,19.16503,,,,3.5,3.5,1.5,,,18.40339,97,100,16.02354,,8.466433,C ,10.58304,C ,29.1,,,0.0,-9.046999
2022-02-07 00:00:00.0,17.34028,22.0,12.6,,,,18.84513,,,,0.0,0.0,0.0,,,16.47223,87,87,14.40483,,5.685415,C ,7.106769,C ,23.1,,,0.0,-11.039
2022-02-08 00:00:00.0,17.53402,26.4,9.0,,,,18.23957,,,,0.0,0.0,0.0,,,15.93518,80,79,13.79775,,1.506945,C ,1.883681,C ,12.0,,,0.0,-10.624
2022-02-09 00:00:00.0,20.5,28.5,13.1,,,,18.82916,,,,0.0,0.0,0.0,,,18.53504,79,81,16.18989,,1.785417,C ,2.231771,C ,16.2,,,0.0,-15.93601
2022-02-10 00:00:00.0,22.39444,31.0,15.1,,,,19.76667,,,,0.0,0.0,0.0,,,21.29044,80,80,18.3692,,2.447222,C ,3.059028,C ,19.4,,,0.0,-18.34302
2022-02-11 00:00:00.0,18.68406,21.7,13.6,,,,19.75,,,,,,0.25,,,19.42989,93,86,16.74996,,9.734308,C ,12.16788,C ,34.9,,,0.0,-14.11001
2022-02-12 00:00:00.0,16.16389,21.4,10.7,,,,18.37569,,,,0.0,0.25,0.25,,,12.79706,76,71,10.49546,,8.898611,C ,11.12326,C ,35.1,,,0.0,-5.643997
2022-02-13 00:00:00.0,16.12291,26.8,7.4,,,,17.52918,,,,0.0,0.0,0.0,,,13.01757,72,61,10.76014,,5.159027,C ,6.448783,C ,28.0,,,0.0,-5.644001
2022-02-14 00:00:00.0,21.33541,33.3,11.7,,,,18.14166,,,,0.0,0.0,0.0,,,16.61851,68,61,14.52873,,2.441667,C ,3.052083,C ,14.4,,,0.0,-15.35501
2022-02-15 00:00:00.0,24.86111,34.6,15.2,,,,19.40973,,,,0.0,0.0,0.0,,,20.59779,69,57,17.91599,,2.261806,C ,2.827258,C ,16.0,,,0.0,-19.58802
2022-02-16 00:00:00.0,24.0743,35.0,16.6,,,,20.27291,,,,0.0,0.0,0.0,,,19.94923,75,67,17.3925,,6.699306,C ,8.374132,C ,35.5,,,0.0,-19.33902
2022-02-17 00:00:00.0,16.47084,23.2,7.9,,,,19.23402,,,,0.0,0.0,0.0,,,13.29128,79,72,11.13752,,5.06111,C ,6.326387,C ,34.4,,,0.0,-4.647994
2022-02-18 00:00:00.0,17.35347,27.0,8.1,,,,18.44514,,,,0.0,0.0,0.0,,,16.65517,81,82,14.33142,,3.174306,C ,3.967882,C ,25.8,,,0.0,-11.122
2022-02-19 00:00:00.0,21.0375,30.8,12.8,,,,19.28057,,,,0.0,0.0,0.0,,,20.78853,84,82,17.96926,,2.3875,C ,2.984375,C ,18.8,,,0.0,-17.76202
2022-02-20 00:00:00.0,19.93472,23.5,16.6,,,,19.7861,,,,0.0,0.0,0.0,,,22.49301,99,96,19.24885,,1.334722,C ,1.668403,C ,10.9,,,0.0,-19.09002
2022-02-21 00:00:00.0,19.57986,26.8,14.2,,,,19.59237,,,,0.0,0.0,0.0,,,19.5737,88,88,17.03796,,8.085416,C ,10.10677,C ,32.0,,,0.0,-13.36301
2022-02-22 00:00:00.0,20.50555,27.6,14.4,,,,19.81736,,,,0.0,0.0,0.0,,,20.06949,85,86,17.48986,,5.875,C ,7.34375,C ,23.6,,,0.0,-17.26402
2022-02-23 00:00:00.0,19.43125,28.1,12.8,,,,19.68542,,,,0.0,0.0,0.0,,,19.16698,85,83,16.73421,,2.394444,C ,2.993055,C ,20.9,,,0.0,-15.60401
2022-02-24 00:00:00.0,18.94167,24.0,15.6,,,,19.6611,,,,15.25,15.25,7.0,,,21.82503,100,100,18.76138,,1.827778,C ,2.284723,C ,24.0,,,0.0,-17.59602
2022-02-25 00:00:00.0,22.05,30.5,15.2,,,,19.48959,,,,0.0,0.0,0.0,,,17.00425,67,58,14.88327,,4.277778,C ,5.347222,C ,29.9,,,0.0,-19.67102
2022-02-26 00:00:00.0,22.85735,32.3,12.6,,,,19.75,,,,,,29.25,,,,,42,,,,C ,,C ,23.8,,,,
2022-02-27 00:00:00.0,,27.9,19.3,,,,20.85,,,,10.5,,9.0,,,,,100,,,,C ,,C ,19.3,,,,
2022-02-28 00:00:00.0,18.89653,26.0,12.9,,,,19.88472,,,,0.0,0.25,0.25,,,15.36136,78,73,12.96647,,6.345833,C ,7.932291,C ,33.9,,,0.0,-9.545
2022-03-01 00:00:00.0,16.82708,27.8,7.3,,,,18.29305,,,,0.0,0.0,0.0,,,15.61066,77,71,13.2279,,3.829167,C ,4.786459,C ,28.8,,,0.0,-10.292
2022-03-02 00:00:00.0,21.23124,28.3,14.2,,,,19.14584,,,,0.0,0.0,0.0,,,16.67645,77,70,14.49401,,6.556946,C ,8.196182,C ,29.6,,,0.0,-13.28001
2022-03-03 00:00:00.0,16.9118,28.2,7.3,,,,18.20625,,,,0.0,0.0,0.0,,,15.86211,81,80,13.5408,,1.98125,C ,2.476563,C ,17.4,,,0.0,-7.469999
2022-03-04 00:00:00.0,21.75417,32.1,15.0,,,,19.19374,,,,0.0,0.0,0.0,,,24.35466,90,88,20.40228,,1.817361,C ,2.271701,C ,19.3,,,0.0,-18.26002
2022-03-05 00:00:00.0,21.32639,27.6,17.4,,,,20.12986,,,,0.25,0.25,0.25,,,23.25068,94,89,19.84694,,3.613194,C ,4.516492,C ,16.3,,,0.0,-22.41003
2022-03-06 00:00:00.0,20.2993,27.1,12.6,,,,19.96805,,,,,0.25,0.25,,,20.09011,87,85,17.43771,,3.599305,C ,4.499132,C ,21.0,,,0.0,-17.43002
2022-03-07 00:00:00.0,,26.0,16.8,,,,19.95,,,,0.0,,4.0,,,,,81,,,,C ,,C ,28.9,,,,
2022-03-08 00:00:00.0,19.58472,29.3,11.2,,,,19.22153,,,,0.0,0.0,0.0,,,16.53002,76,70,14.4253,,2.752084,C ,3.440105,C ,16.8,,,0.0,-14.11001
2022-03-09 00:00:00.0,19.87777,25.9,15.6,,,,19.24378,,,,0.0,0.0,0.0,,,19.37299,85,85,16.96526,,2.510417,C ,3.138021,C ,18.8,,,0.0,-18.42602
2022-03-10 00:00:00.0,19.03333,24.7,11.0,,,,19.04027,,,,0.0,0.0,0.0,,,13.20068,69,61,10.74613,,3.646528,C ,4.558159,C ,36.0,,,0.0,-10.375
2022-03-11 00:00:00.0,15.94236,23.4,9.4,,,,17.95555,,,,0.0,0.0,0.0,,,13.95493,81,80,11.8483,,6.129862,C ,7.662327,C ,28.6,,,0.0,-5.809994
2022-03-12 00:00:00.0,14.57223,25.0,6.3,,,,16.74515,,,,0.0,0.0,0.0,,,13.98475,84,84,11.70591,,1.2875,C ,1.609375,C ,13.0,,,3.319999,-1.743001
2022-03-13 00:00:00.0,17.89861,27.7,10.2,,,,16.90486,,,,0.0,0.0,0.0,,,15.65953,78,76,13.58846,,2.274306,C ,2.842883,C ,16.9,,,0.0,-9.628
2022-03-14 00:00:00.0,20.21597,29.3,11.9,,,,17.56943,,,,0.0,0.0,0.0,,,17.86602,76,70,15.61462,,2.735416,C ,3.41927,C ,17.7,,,0.0,-15.10601
2022-03-15 00:00:00.0,20.45,28.3,13.6,,,,18.225,,,,0.0,0.0,0.0,,,16.90683,77,67,14.69004,,2.580556,C ,3.225696,C ,14.3,,,0.0,-13.61201
2022-03-16 00:00:00.0,21.72917,30.9,14.7,,,,18.65555,,,,0.25,0.0,0.0,,,20.78962,81,78,18.01891,,2.213889,C ,2.767361,C ,18.2,,,0.0,-18.59202
2022-03-17 00:00:00.0,21.75556,31.2,16.3,,,,19.0757,,,,,9.0,2.0,,,20.16425,83,83,17.53247,,4.745833,C ,5.932292,C ,26.8,,,0.0,-17.67902
2022-03-18 00:00:00.0,15.30956,18.2,8.0,,,,17.9,,,,0.0,,0.5,,,14.04747,85,86,11.47573,,6.800734,C ,8.500917,C ,23.4,,,,1.079001
2022-03-19 00:00:00.0,11.60694,22.0,3.7,,,,15.61459,,,,0.0,0.0,0.0,,,10.57777,80,79,7.596693,,2.721529,C ,3.401911,C ,23.4,,,7.137997,4.149998
2022-03-20 00:00:00.0,11.83472,20.6,3.1,,,,14.82916,,,,0.25,0.25,0.25,,,10.50281,77,77,7.590329,,2.525695,C ,3.157118,C ,22.2,,,6.639997,3.153997
2022-03-21 00:00:00.0,14.15973,18.4,10.0,,,,15.08403,,,,22.75,21.75,2.75,,,17.03841,99,96,14.88613,,2.341666,C ,2.927083,C ,18.0,,,0.0,-3.153999
2022-03-22 00:00:00.0,19.57084,26.4,15.9,,,,15.85208,,,,0.0,1.0,0.75,,,20.94677,92,89,18.17571,,1.943056,C ,2.42882,C ,20.1,,,0.0,-17.76202
2022-03-23 00:00:00.0,20.25,28.3,15.3,,,,16.10832,,,,82.0,4.25,4.25,,,23.05754,94,88,19.58815,,1.975,C ,2.46875,C ,23.2,,,0.0,-17.84502
2022-03-24 00:00:00.0,19.0618,22.2,12.1,,,,16.9486,,,,5.75,78.0,26.75,,,18.37137,91,87,15.81795,,2.725,C ,3.40625,C ,24.4,,,0.0,-13.36301
2022-03-25 00:00:00.0,15.18264,20.4,11.1,,,,15.90764,,,,2.25,7.75,1.25,,,18.44245,99,100,16.0743,,6.579167,C ,8.223959,C ,34.9,,,0.0,-10.292
2022-03-26 00:00:00.0,18.36666,21.5,16.9,,,,16.11319,,,,0.25,0.0,0.0,,,20.38622,100,98,17.69201,,12.36597,C ,15.45746,C ,35.3,,,0.0,-15.02301
2022-03-27 00:00:00.0,17.30764,26.5,10.1,,,,15.67361,,,,0.0,0.25,0.25,,,14.99561,81,78,12.9275,,4.109026,C ,5.136282,C ,25.7,,,0.0,-5.892997
2022-03-28 00:00:00.0,18.06853,28.6,8.9,,,,15.16085,,,,0.0,0.0,0.0,,,17.66451,84,84,15.2307,,1.481119,C ,1.851399,C ,18.6,,,0.0,-9.794001
2022-03-29 00:00:00.0,17.46818,23.1,13.0,,,,15.55,,,,,,1.0,,,19.21231,92,66,16.38872,,4.716667,C ,5.895833,C ,28.0,,,,-8.050997
2022-03-30 00:00:00.0,11.31181,16.5,7.4,,,,14.1396,,,,0.0,0.0,0.0,,,11.12329,87,85,8.512592,,10.89236,C ,13.61546,C ,36.9,,,0.0,12.36701
2022-03-31 00:00:00.0,11.86528,18.9,5.5,,,,13.29722,,,,0.25,0.0,0.0,,,12.30095,88,88,9.882794,,3.725,C ,4.65625,C ,19.4,,,2.987999,6.307993
2022-04-01 00:00:00.0,13.48542,22.2,5.8,,,,12.77153,,,,0.0,0.25,0.25,,,12.27616,82,81,9.887788,,0.8694443,C ,1.086805,C ,14.8,,,1.328,1.909
2022-04-02 00:00:00.0,14.70833,23.3,7.8,,,,12.56874,,,,0.25,0.0,0.0,,,13.64605,83,83,11.43834,,2.154861,C ,2.693576,C ,18.8,,,0.0,-0.8300005
2022-04-03 00:00:00.0,16.52084,25.7,10.3,,,,13.45417,,,,0.0,0.25,0.25,,,15.52658,86,85,13.22009,,3.465278,C ,4.331598,C ,21.8,,,0.0,-3.236999
2022-04-04 00:00:00.0,13.74652,24.1,4.3,,,,14.06597,,,,0.0,0.0,0.0,,,8.932351,61,52,5.321214,,3.474999,C ,4.343749,C ,20.6,,,3.983999,-0.5810002
2022-04-05 00:00:00.0,15.02223,26.1,6.2,,,,13.78057,,,,0.0,0.0,0.0,,,11.30365,69,65,8.660953,,2.638889,C ,3.298611,C ,23.6,,,4.979998,-1.659999
2022-04-06 00:00:00.0,17.99931,28.8,10.2,,,,14.39584,,,,0.0,0.0,0.0,,,16.19337,81,80,14.06874,,2.321529,C ,2.901911,C ,18.3,,,0.0,-8.964001
2022-04-07 00:00:00.0,16.77639,24.1,10.8,,,,14.87292,,,,0.0,0.0,0.0,,,15.61943,87,84,13.50334,,2.704861,C ,3.381076,C ,20.9,,,0.0,-4.232995
2022-04-08 00:00:00.0,16.3743,22.8,10.7,,,,15.24444,,,,0.0,0.0,0.0,,,18.14926,95,92,15.81355,,1.434028,C ,1.792535,C ,11.5,,,0.0,-8.880998
2022-04-09 00:00:00.0,17.07292,26.1,11.2,,,,15.39445,,,,0.25,0.25,0.25,,,18.41339,93,87,16.01089,,1.475,C ,1.84375,C ,16.8,,,0.0,-9.710999
2022-04-10 00:00:00.0,19.16459,27.3,15.5,,,,15.88751,,,,,17.25,7.0,,,21.80762,96,91,18.74244,,1.594445,C ,1.993056,C ,18.7,,,0.0,-18.26002
2022-04-11 00:00:00.0,,23.0,12.6,,,,15.85,,,,0.25,,2.25,,,,,92,,,,C ,,C ,30.7,,,,
2022-04-12 00:00:00.0,12.54306,20.4,6.2,,,,14.37292,,,,3.25,3.25,2.0,,,12.26609,88,85,9.895831,,3.103472,C ,3.87934,C ,29.3,,,1.494,4.481999
2022-04-13 00:00:00.0,11.97083,21.9,4.9,,,,13.37848,,,,0.0,0.25,0.25,,,10.50211,81,81,7.577106,,2.458333,C ,3.072917,C ,24.8,,,9.129998,6.224997
2022-04-14 00:00:00.0,11.5625,20.0,5.1,,,,12.8007,,,,0.0,0.0,0.0,,,11.51436,85,83,8.891089,,2.102778,C ,2.628472,C ,16.2,,,7.469996,4.564997
2022-04-15 00:00:00.0,12.22014,22.1,3.8,,,,12.5,,,,0.25,0.0,0.0,,,12.46687,88,84,9.851336,,0.7479168,C ,0.9348959,C ,10.6,,,6.805997,3.319998
2022-04-16 00:00:00.0,13.32778,23.2,5.9,,,,12.30763,,,,0.0,0.25,0.25,,,14.56855,93,87,12.16074,,0.7111109,C ,0.8888887,C ,11.5,,,2.656,2.241001
2022-04-17 00:00:00.0,14.68264,23.4,6.6,,,,12.3382,,,,0.0,0.0,0.0,,,15.68968,91,88,13.29961,,0.9805553,C ,1.225694,C ,11.6,,,0.996,-2.739
2022-04-18 00:00:00.0,16.55,24.8,11.6,,,,13.11736,,,,0.25,0.25,0.25,,,17.15524,92,91,14.94121,,1.422917,C ,1.778646,C ,12.9,,,0.0,-6.391
2022-04-19 00:00:00.0,17.11389,26.2,11.3,,,,13.47362,,,,0.0,0.0,0.0,,,17.5558,90,86,15.25763,,0.9798613,C ,1.224827,C ,10.3,,,0.0,-6.972
2022-04-20 00:00:00.0,18.09167,26.1,11.8,,,,13.90486,,,,0.5,0.5,0.25,,,18.49663,90,86,16.16996,,1.414584,C ,1.768229,C ,38.6,,,0.0,-10.292
2022-04-21 00:00:00.0,14.81042,21.2,9.3,,,,14.0368,,,,0.25,0.25,0.25,,,13.35972,85,74,11.13275,,3.494445,C ,4.368056,C ,18.3,,,0.0,-0.9130012
2022-04-22 00:00:00.0,13.81458,19.5,10.1,,,,13.89654,,,,0.0,0.0,0.0,,,12.23037,83,83,9.893336,,4.836112,C ,6.045139,C ,31.4,,,0.0,1.908999
2022-04-23 00:00:00.0,12.70833,23.3,4.1,,,,13.03681,,,,0.0,0.0,0.0,,,11.73384,78,76,9.086398,,4.204165,C ,5.255206,C ,29.2,,,6.639997,0.747
2022-04-24 00:00:00.0,16.98402,25.7,10.4,,,,13.59028,,,,21.75,0.0,0.0,,,14.93162,77,77,12.90001,,3.493056,C ,4.366321,C ,18.6,,,0.0,-10.209
2022-04-25 00:00:00.0,16.91805,22.5,11.0,,,,14.02223,,,,0.25,21.75,17.0,,,14.81076,85,83,12.69907,,2.672916,C ,3.341146,C ,21.1,,,0.0,-5.809991
2022-04-26 00:00:00.0,15.38652,25.5,9.0,,,,13.25,,,,,,25.0,,,,,62,,,,C ,,C ,36.5,,,,
2022-04-27 00:00:00.0,,,,,,,,,,,,,0.0,,,,,,,,,C ,,C ,,,,,
2022-04-28 00:00:00.0,,,,,,,,,,,,,0.0,,,,,,,,,C ,,C ,,,,,
2022-04-29 00:00:00.0,,,,,,,,,,,,,0.0,,,,,,,,,C ,,C ,,,,,
2022-04-30 00:00:00.0,,,,,,,,,,,,,0.0,,,,,,,,,C ,,C ,,,,,
2022-05-01 00:00:00.0,,,,,,,,,,,,,0.0,,,,,,,,,C ,,C ,,,,,
2022-05-02 00:00:00.0,,,,,,,,,,,,,0.0,,,,,,,,,C ,,C ,,,,,
2022-05-03 00:00:00.0,,,,,,,,,,,,,0.0,,,,,,,,,C ,,C ,,,,,
2022-05-04 00:00:00.0,,,,,,,,,,,,,0.0,,,,,,,,,C ,,C ,,,,,
2022-05-05 00:00:00.0,,,,,,,,,,,,,0.0,,,,,,,,,C ,,C ,,,,,
2022-05-06 00:00:00.0,,,,,,,,,,,,,0.0,,,,,,,,,C ,,C ,,,,,
2022-05-07 00:00:00.0,,,,,,,,,,,,,0.0,,,,,,,,,C ,,C ,,,,,
2022-05-08 00:00:00.0,,,,,,,,,,,,,0.0,,,,,,,,,C ,,C ,,,,,
2022-05-09 00:00:00.0,,,,,,,,,,,,,0.0,,,,,,,,,C ,,C ,,,,,
2022-05-10 00:00:00.0,,,,,,,,,,,,,0.0,,,,,,,,,C ,,C ,,,,,
2022-05-11 00:00:00.0,,,,,,,,,,,,,0.0,,,,,,,,,C ,,C ,,,,,
2022-05-12 00:00:00.0,,,,,,,,,,,,,0.0,,,,,,,,,C ,,C ,,,,,
2022-05-13 00:00:00.0,,,,,,,,,,,,,0.0,,,,,,,,,C ,,C ,,,,,
2022-05-14 00:00:00.0,,,,,,,,,,,,,0.0,,,,,,,,,C ,,C ,,,,,
2022-05-15 00:00:00.0,,,,,,,,,,,,,0.0,,,,,,,,,C ,,C ,,,,,
2022-05-16 00:00:00.0,,,,,,,,,,,,,0.0,,,,,,,,,C ,,C ,,,,,
2022-05-17 00:00:00.0,,,,,,,,,,,,,0.0,,,,,,,,,C ,,C ,,,,,
2022-05-18 00:00:00.0,,,,,,,,,,,,,0.0,,,,,,,,,C ,,C ,,,,,
2022-05-19 00:00:00.0,,,,,,,,,,,,,0.0,,,,,,,,,C ,,C ,,,,,
2022-05-20 00:00:00.0,,,,,,,,,,,,,0.0,,,,,,,,,C ,,C ,,,,,
2022-05-21 00:00:00.0,,,,,,,,,,,,,0.0,,,,,,,,,C ,,C ,,,,,
2022-05-22 00:00:00.0,,,,,,,,,,,,,0.0,,,,,,,,,C ,,C ,,,,,
2022-05-23 00:00:00.0,,,,,,,,,,,,,0.0,,,,,,,,,C ,,C ,,,,,
2022-05-24 00:00:00.0,,,,,,,,,,,,,0.0,,,,,,,,,C ,,C ,,,,,
2022-05-25 00:00:00.0,,,,,,,,,,,,,0.0,,,,,,,,,C ,,C ,,,,,
2022-05-26 00:00:00.0,,,,,,,,,,,,,0.0,,,,,,,,,C ,,C ,,,,,
2022-05-27 00:00:00.0,,,,,,,,,,,,,0.0,,,,,,,,,C ,,C ,,,,,
2022-05-28 00:00:00.0,,,,,,,,,,,,,0.0,,,,,,,,,C ,,C ,,,,,
2022-05-29 00:00:00.0,,,,,,,,,,,,,0.0,,,,,,,,,C ,,C ,,,,,
2022-05-30 00:00:00.0,,,,,,,,,,,,,0.0,,,,,,,,,C ,,C ,,,,,
2022-05-31 00:00:00.0,,,,,,,,,,,,,0.0,,,,,,,,,C ,,C ,,,,,
2022-06-01 00:00:00.0,,,,,,,,,,,,,0.0,,,,,,,,,C ,,C ,,,,,
2022-06-02 00:00:00.0,,,,,,,,,,,,,0.0,,,,,,,,,C ,,C ,,,,,
2022-06-03 00:00:00.0,,,,,,,,,,,,,0.0,,,,,,,,,C ,,C ,,,,,
2022-06-04 00:00:00.0,,,,,,,,,,,,,0.0,,,,,,,,,C ,,C ,,,,,
2022-06-05 00:00:00.0,,,,,,,,,,,,,0.0,,,,,,,,,C ,,C ,,,,,
2022-06-06 00:00:00.0,,,,,,,,,,,,,0.0,,,,,,,,,C ,,C ,,,,,
2022-06-07 00:00:00.0,,,,,,,,,,,,,0.0,,,,,,,,,C ,,C ,,,,,
2022-06-08 00:00:00.0,,,,,,,,,,,,,0.0,,,,,,,,,C ,,C ,,,,,
2022-06-09 00:00:00.0,,,,,,,,,,,,,0.0,,,,,,,,,C ,,C ,,,,,
2022-06-10 00:00:00.0,,,,,,,,,,,,,0.0,,,,,,,,,C ,,C ,,,,,
2022-06-11 00:00:00.0,,,,,,,,,,,,,0.0,,,,,,,,,C ,,C ,,,,,
2022-06-12 00:00:00.0,,,,,,,,,,,,,0.0,,,,,,,,,C ,,C ,,,,,
2022-06-13 00:00:00.0,,,,,,,,,,,,,0.0,,,,,,,,,C ,,C ,,,,,
2022-06-14 00:00:00.0,,,,,,,,,,,,,0.0,,,,,,,,,C ,,C ,,,,,
2022-06-15 00:00:00.0,,,,,,,,,,,,,0.0,,,,,,,,,C ,,C ,,,,,
2022-06-16 00:00:00.0,,,,,,,,,,,,,0.0,,,,,,,,,C ,,C ,,,,,
2022-06-17 00:00:00.0,,,,,,,,,,,,,0.0,,,,,,,,,C ,,C ,,,,,
2022-06-18 00:00:00.0,,,,,,,,,,,,,0.0,,,,,,,,,C ,,C ,,,,,
2022-06-19 00:00:00.0,,,,,,,,,,,,,0.0,,,,,,,,,C ,,C ,,,,,
2022-06-20 00:00:00.0,,,,,,,,,,,,,0.0,,,,,,,,,C ,,C ,,,,,
2022-06-21 00:00:00.0,,,,,,,,,,,,,0.0,,,,,,,,,C ,,C ,,,,,
2022-06-22 00:00:00.0,,,,,,,,,,,,,0.0,,,,,,,,,C ,,C ,,,,,
2022-06-23 00:00:00.0,,,,,,,,,,,,,0.0,,,,,,,,,C ,,C ,,,,,
2022-06-24 00:00:00.0,,,,,,,,,,,,,0.0,,,,,,,,,C ,,C ,,,,,
2022-06-25 00:00:00.0,,,,,,,,,,,,,0.0,,,,,,,,,C ,,C ,,,,,
2022-06-26 00:00:00.0,,,,,,,,,,,,,0.0,,,,,,,,,C ,,C ,,,,,
2022-06-27 00:00:00.0,,,,,,,,,,,,,0.0,,,,,,,,,C ,,C ,,,,,
2022-06-28 00:00:00.0,,,,,,,,,,,,,0.0,,,,,,,,,C ,,C ,,,,,
2022-06-29 00:00:00.0,,,,,,,,,,,,,0.0,,,,,,,,,C ,,C ,,,,,
2022-06-30 00:00:00.0,,,,,,,,,,,,,0.0,,,,,,,,,C ,,C ,,,,,
2022-07-01 00:00:00.0,,,,,,,,,,,,,0.0,,,,,,,,,C ,,C ,,,,,
2022-07-02 00:00:00.0,,,,,,,,,,,,,0.0,,,,,,,,,C ,,C ,,,,,
2022-07-03 00:00:00.0,,,,,,,,,,,,,0.0,,,,,,,,,C ,,C ,,,,,
2022-07-04 00:00:00.0,,,,,,,,,,,,,0.0,,,,,,,,,C ,,C ,,,,,
2022-07-05 00:00:00.0,,,,,,,,,,,,,0.0,,,,,,,,,C ,,C ,,,,,
2022-07-06 00:00:00.0,,,,,,,,,,,,,0.0,,,,,,,,,C ,,C ,,,,,
2022-07-07 00:00:00.0,,,,,,,,,,,,,0.0,,,,,,,,,C ,,C ,,,,,
2022-07-08 00:00:00.0,,,,,,,,,,,,,0.0,,,,,,,,,C ,,C ,,,,,
2022-07-09 00:00:00.0,,,,,,,,,,,,,0.0,,,,,,,,,C ,,C ,,,,,
2022-07-10 00:00:00.0,,,,,,,,,,,,,0.0,,,,,,,,,C ,,C ,,,,,
2022-07-11 00:00:00.0,,,,,,,,,,,,,0.0,,,,,,,,,C ,,C ,,,,,
2022-07-12 00:00:00.0,,,,,,,,,,,,,0.0,,,,,,,,,C ,,C ,,,,,
2022-07-13 00:00:00.0,,,,,,,,,,,,,0.0,,,,,,,,,C ,,C ,,,,,
2022-07-14 00:00:00.0,,,,,,,,,,,,,0.0,,,,,,,,,C ,,C ,,,,,
2022-07-15 00:00:00.0,,,,,,,,,,,,,0.0,,,,,,,,,C ,,C ,,,,,
2022-07-16 00:00:00.0,,,,,,,,,,,,,0.0,,,,,,,,,C ,,C ,,,,,
2022-07-17 00:00:00.0,,,,,,,,,,,,,0.0,,,,,,,,,C ,,C ,,,,,
2022-07-18 00:00:00.0,,,,,,,,,,,,,0.0,,,,,,,,,C ,,C ,,,,,
2022-07-19 00:00:00.0,,,,,,,,,,,,,0.0,,,,,,,,,C ,,C ,,,,,
2022-07-20 00:00:00.0,,,,,,,,,,,,,0.0,,,,,,,,,C ,,C ,,,,,
2022-07-21 00:00:00.0,,,,,,,,,,,,,0.0,,,,,,,,,C ,,C ,,,,,
2022-07-22 00:00:00.0,,,,,,,,,,,,,0.0,,,,,,,,,C ,,C ,,,,,
2022-07-23 00:00:00.0,,,,,,,,,,,,,0.0,,,,,,,,,C ,,C ,,,,,
2022-07-24 00:00:00.0,,,,,,,,,,,,,0.0,,,,,,,,,C ,,C ,,,,,
2022-07-25 00:00:00.0,,,,,,,,,,,,,0.0,,,,,,,,,C ,,C ,,,,,
2022-07-26 00:00:00.0,,,,,,,,,,,,,,,,,,,,,,  ,,  ,,,,,
2022-07-27 00:00:00.0,,,,,,,,,,,,,,,,,,,,,,  ,,  ,,,,,
2022-07-28 00:00:00.0,,,,,,,,,,,,,,,,,,,,,,  ,,  ,,,,,
2022-07-29 00:00:00.0,,,,,,,,,,,,,,,,,,,,,,  ,,  ,,,,,
2022-07-30 00:00:00.0,10.40682,,,,,,9.019441,,,,0.0,0.0,0.0,,,10.81321,87,82,7.834544,,1.590278,C ,1.987847,C ,10.6,,,7.967996,7.138
2022-07-31 00:00:00.0,10.99514,18.9,5.2,,,,9.197222,,,,0.0,0.0,0.0,,,12.40289,93,88,9.985918,,1.429861,C ,1.787326,C ,8.9,,,2.987999,9.047
2022-08-01 00:00:00.0,11.58055,20.5,2.9,,,,9.248614,,,,0.25,0.0,0.0,,,11.22405,87,83,8.491954,,1.526389,C ,1.907986,C ,13.6,,,5.477998,7.635996
2022-08-02 00:00:00.0,9.971527,15.5,4.5,,,,9.307639,,,,0.0,0.25,0.25,,,13.14358,100,100,10.71736,,2.013888,C ,2.51736,C ,10.7,,,5.145998,11.786
2022-08-03 00:00:00.0,11.34236,12.8,8.4,,,,10.12777,,,,0.0,0.0,0.0,,,12.86994,100,100,10.64653,,7.452776,C ,9.31597,C ,21.9,,,0.0,14.52502
2022-08-04 00:00:00.0,8.464583,12.8,4.7,,,,9.590969,,,,0.25,0.25,0.25,,,9.442157,91,89,6.057655,,5.653473,C ,7.066841,C ,20.3,,,10.126,19.25602
2022-08-05 00:00:00.0,6.191666,17.0,0.3,,,,8.368752,,,,0.0,0.0,0.0,,,8.338369,89,85,4.194787,,2.606944,C ,3.25868,C ,13.7,,,15.77001,14.19301
2022-08-06 00:00:00.0,6.514584,14.2,0.7,,,,8.031257,,,,0.0,0.0,0.0,,,9.036525,91,87,5.352475,,3.048612,C ,3.810765,C ,16.9,,,11.62,16.18502
2022-08-07 00:00:00.0,6.965973,11.6,3.5,,,,8.210421,,,,0.0,0.0,0.0,,,9.004363,92,90,5.4145,,4.788193,C ,5.985241,C ,19.6,,,13.94401,
2022-08-08 00:00:00.0,7.627082,13.6,4.0,,,,8.17778,,,,0.0,0.0,0.0,,,9.265665,91,88,5.804694,,2.458334,C ,3.072917,C ,17.8,,,14.60801,17.67902
2022-08-09 00:00:00.0,8.597917,16.0,3.8,,,,8.113193,,,,0.25,0.0,0.0,,,9.503193,87,83,6.159889,,1.341667,C ,1.677083,C ,10.7,,,12.118,16.35101
2022-08-10 00:00:00.0,7.712499,17.2,1.0,,,,7.613886,,,,0.0,0.25,0.25,,,9.212058,89,85,5.548243,,2.181251,C ,2.726563,C ,18.1,,,13.11401,11.78601
2022-08-11 00:00:00.0,9.562499,17.8,2.2,,,,7.893062,,,,0.0,0.0,0.0,,,10.42768,87,84,7.451423,,3.173611,C ,3.967013,C ,23.6,,,8.963998,11.95201
2022-08-12 00:00:00.0,11.18611,20.2,5.3,,,,8.172919,,,,0.25,0.0,0.0,,,11.67947,88,85,9.094013,,2.359028,C ,2.948785,C ,15.7,,,7.801996,6.225
2022-08-13 00:00:00.0,13.57708,24.1,6.0,,,,8.164585,,,,0.0,0.25,0.25,,,12.3512,82,79,9.962052,,2.153472,C ,2.69184,C ,15.8,,,1.328,1.826
2022-08-14 00:00:00.0,15.11111,24.6,8.2,,,,7.628469,,,,25.5,16.25,10.75,,,15.72747,90,85,13.53173,,2.403472,C ,3.00434,C ,23.6,,,0.0,-3.734999
2022-08-15 00:00:00.0,11.35078,15.1,5.7,,,,6.35,,,,,,10.5,,,10.85923,80,45,6.839071,,9.501558,C ,11.87695,C ,65.0,,,,11.37101
2022-08-16 00:00:00.0,9.442363,17.0,4.2,,,,5.89792,,,,10.5,0.25,0.25,,,9.388304,77,73,5.91685,,6.042362,C ,7.552953,C ,32.8,,,7.801996,11.122
2022-08-17 00:00:00.0,9.598609,14.2,4.3,,,,4.802083,,,,2.5,12.75,1.5,,,10.20619,93,85,7.100565,,5.452778,C ,6.815973,C ,25.5,,,5.809998,15.35501
2022-08-18 00:00:00.0,5.257639,11.5,1.0,,,,-0.09861128,,,,0.5,0.5,0.5,,,8.392374,95,95,4.262167,,9.928473,C ,12.41059,C ,41.0,,,15.60401,
2022-08-19 00:00:00.0,6.847223,17.7,-0.9,,,,-1.18125,,,,0.0,0.0,0.0,,,8.068735,80,76,3.67767,,4.602082,C ,5.752603,C ,25.1,,,10.956,5.560998
2022-08-20 00:00:00.0,9.972917,19.4,2.2,,,,0.3402777,,,,0.0,0.0,0.0,,,8.095404,71,63,3.910592,,4.599306,C ,5.749133,C ,26.5,,,9.794,8.798001
2022-08-21 00:00:00.0,7.919442,13.2,1.8,,,,5.927084,,,,0.0,0.0,0.0,,,10.85694,99,99,7.849427,,7.332638,C ,9.165798,C ,21.4,,,8.299996,16.84902
2022-08-22 00:00:00.0,8.706249,15.8,6.2,,,,5.893064,,,,0.0,0.0,0.0,,,10.99705,98,98,8.269802,,2.508333,C ,3.135417,C ,19.7,,,5.975997,19.09002
2022-08-23 00:00:00.0,10.54722,19.3,6.5,,,,5.433333,,,,0.0,0.0,0.0,,,11.79862,92,87,9.292427,,2.695139,C ,3.368924,C ,18.9,,,2.324,10.292
2022-08-24 00:00:00.0,13.20555,24.0,6.1,,,,0.6965265,,,,0.0,0.0,0.0,,,12.18175,81,73,9.74102,,2.845833,C ,3.557291,C ,12.9,,,2.987999,2.406999
2022-08-25 00:00:00.0,16.51527,25.9,7.3,,,,-3.912501,,,,0.0,0.0,0.0,,,16.61576,89,87,14.30964,,2.725,C ,3.40625,C ,16.9,,,0.0,-4.730997
2022-08-26 00:00:00.0,12.65764,23.9,1.2,,,,2.584397,,,,4.0,3.75,1.75,,,11.21252,79,79,8.100329,,2.016666,C ,2.520833,C ,19.2,,,7.635996,-0.7469977
2022-08-27 00:00:00.0,11.79792,15.3,3.8,,,,9.065969,,,,0.0,0.25,0.75,,,10.04408,81,76,6.296137,,11.925,C ,14.90625,C ,41.6,,,6.473997,10.458
2022-08-28 00:00:00.0,5.802083,13.4,-0.2,,,,8.474306,,,,0.0,0.0,0.0,,,7.334596,83,85,2.478803,,6.956251,C ,8.695314,C ,34.0,,,14.77401,11.20501
2022-08-29 00:00:00.0,7.122221,17.0,-1.0,,,,7.541673,,,,0.0,0.0,0.0,,,7.638954,77,76,2.992199,,3.81111,C ,4.763888,C ,22.1,,,12.45001,7.220997
2022-08-30 00:00:00.0,10.15764,20.4,3.1,,,,7.89583,,,,0.25,0.0,0.0,,,9.997651,83,81,6.802194,,3.587501,C ,4.484376,C ,22.3,,,10.292,8.299996
2022-08-31 00:00:00.0,12.72986,21.9,5.7,,,,8.755555,,,,0.0,0.25,0.25,,,13.86076,91,87,11.60421,,2.450694,C ,3.063368,C ,15.2,,,0.166,2.489999
2022-09-01 00:00:00.0,14.16875,22.0,9.7,,,,9.732641,,,,0.0,0.0,0.0,,,14.38949,92,88,12.13516,,5.620832,C ,7.026041,C ,24.8,,,0.0,1.078999
2022-09-02 00:00:00.0,9.099999,15.7,2.8,,,,9.190977,,,,0.0,0.0,0.0,,,8.030539,79,80,3.645499,,10.86805,C ,13.58507,C ,37.1,,,13.94401,13.03101
2022-09-03 00:00:00.0,8.029166,20.8,-1.8,,,,7.552778,,,,0.0,0.0,0.0,,,7.738317,72,69,3.096337,,3.895833,C ,4.869792,C ,26.4,,,8.631997,0.3319999
2022-09-04 00:00:00.0,12.66111,24.1,3.6,,,,7.713197,,,,0.0,0.0,0.0,,,9.281231,67,60,5.848805,,5.195138,C ,6.493923,C ,29.7,,,7.303997,2.489999
2022-09-05 00:00:00.0,14.27222,26.4,5.2,,,,8.351391,,,,0.0,0.0,0.0,,,9.745028,67,60,6.58119,,3.33264,C ,4.1658,C ,19.0,,,7.137997,0.9959999
2022-09-06 00:00:00.0,13.79514,23.9,4.8,,,,9.457637,,,,0.25,0.0,0.0,,,11.46966,77,76,8.808788,,3.354167,C ,4.192709,C ,18.3,,,4.647998,2.158
2022-09-07 00:00:00.0,15.50903,25.3,8.7,,,,10.09583,,,,0.0,0.25,0.25,,,14.40249,84,82,12.23495,,2.72639,C ,3.407987,C ,21.5,,,0.0,-3.983997
2022-09-08 00:00:00.0,11.00139,15.7,6.1,,,,10.3882,,,,3.75,3.75,1.0,,,12.07002,96,91,9.652377,,10.14236,C ,12.67795,C ,29.5,,,1.66,13.52901
2022-09-09 00:00:00.0,7.888889,12.6,3.1,,,,8.909031,,,,0.25,0.25,0.25,,,8.908628,90,89,5.197745,,10.98681,C ,13.73351,C ,35.5,,,11.786,19.00702
2022-09-10 00:00:00.0,7.839584,18.5,-0.1,,,,6.420137,,,,0.0,0.0,0.0,,,7.837218,77,76,3.335675,,5.713889,C ,7.142361,C ,23.2,,,11.288,4.813999
2022-09-11 00:00:00.0,10.98889,22.2,1.2,,,,6.120137,,,,0.0,0.0,0.0,,,9.313311,74,67,5.821088,,2.286111,C ,2.857639,C ,16.5,,,7.801996,3.402999
2022-09-12 00:00:00.0,12.67292,20.7,7.6,,,,8.546528,,,,0.0,0.0,0.0,,,10.76133,79,76,8.00322,,2.217361,C ,2.771701,C ,14.0,,,0.0,5.560998
2022-09-13 00:00:00.0,11.22708,22.2,2.2,,,,8.237496,,,,0.0,0.0,0.0,,,10.71966,83,83,7.738413,,2.920834,C ,3.651042,C ,14.7,,,7.635996,4.149999
2022-09-14 00:00:00.0,12.31944,21.9,8.6,,,,8.054856,,,,0.0,0.0,0.0,,,12.64274,90,86,10.35645,,2.25625,C ,2.820312,C ,13.3,,,0.0,5.312001
2022-09-15 00:00:00.0,13.6375,23.9,6.3,,,,6.240279,,,,0.25,0.0,0.0,,,11.84958,80,79,9.365662,,3.520833,C ,4.401042,C ,23.3,,,3.153999,1.66
2022-09-16 00:00:00.0,15.47361,23.2,8.9,,,,5.299999,,,,0.0,0.25,0.25,,,15.11358,86,84,13.06867,,4.272917,C ,5.341146,C ,27.2,,,0.0,-5.727
2022-09-17 00:00:00.0,16.18056,23.9,11.3,,,,6.176388,,,,0.0,0.0,0.0,,,15.83851,87,86,13.81973,,3.899306,C ,4.874132,C ,22.9,,,0.0,-7.054999
2022-09-18 00:00:00.0,16.39931,23.3,12.5,,,,5.804862,,,,5.75,0.0,0.0,,,16.45194,90,86,14.38511,,3.868055,C ,4.835068,C ,22.3,,,0.0,-8.216996
2022-09-19 00:00:00.0,14.69722,19.7,11.5,,,,10.77153,,,,0.25,6.0,4.25,,,15.95707,98,96,13.83229,,7.987501,C ,9.984376,C ,27.0,,,0.0,-1.411
2022-09-20 00:00:00.0,10.34097,17.1,1.6,,,,10.07153,,,,0.0,0.0,0.0,,,9.701784,81,79,6.4351,,4.784722,C ,5.980902,C ,22.1,,,4.979998,10.707
2022-09-21 00:00:00.0,12.30972,20.7,6.7,,,,6.506249,,,,0.0,0.0,0.0,,,10.11423,75,68,7.039416,,2.459722,C ,3.074653,C ,14.5,,,1.328,4.896998
2022-09-22 00:00:00.0,12.125,19.3,8.2,,,,3.736112,,,,0.5,0.5,0.5,,,10.76892,83,82,7.905433,,2.961112,C ,3.70139,C ,22.3,,,2.987999,6.888997
2022-09-23 00:00:00.0,10.83125,20.6,3.9,,,,-0.8499999,,,,0.0,0.0,0.0,,,10.30138,79,71,7.237062,,2.39861,C ,2.998263,C ,14.7,,,7.469996,4.731
2022-09-24 00:00:00.0,15.03472,24.6,7.9,,,,-2.55,,,,0.0,0.0,0.0,,,11.89965,72,71,9.480496,,2.787501,C ,3.484376,C ,17.3,,,0.0,-3.983999
2022-09-25 00:00:00.0,15.74653,23.6,5.7,,,,-2.170139,,,,0.0,0.0,0.0,,,12.5245,75,66,10.21892,,3.264584,C ,4.08073,C ,21.6,,,0.498,-4.647998
2022-09-26 00:00:00.0,15.86528,23.9,8.9,,,,6.484026,,,,0.0,0.0,0.0,,,15.1908,86,85,13.09874,,2.263889,C ,2.829861,C ,18.7,,,0.0,-5.726998
2022-09-27 00:00:00.0,13.42222,20.4,5.6,,,,5.81736,,,,0.0,0.0,0.0,,,10.06569,77,72,6.620363,,7.725002,C ,9.656252,C ,34.6,,,5.477998,1.411
2022-09-28 00:00:00.0,8.885417,20.9,-1.8,,,,10.38056,,,,0.0,0.0,0.0,,,7.356617,69,66,2.399801,,2.104862,C ,2.631077,C ,24.9,,,10.79,-0.1659994
2022-09-29 00:00:00.0,10.48958,21.5,-0.8,,,,10.04096,,,,0.0,0.0,0.0,,,8.508335,72,64,4.47513,,2.526389,C ,3.157986,C ,21.5,,,7.967996,2.075
2022-09-30 00:00:00.0,12.88472,23.0,3.4,,,,10.4757,,,,0.0,0.0,0.0,,,11.29276,78,77,8.509836,,2.501389,C ,3.126736,C ,16.1,,,6.141997,0.08299884
2022-10-01 00:00:00.0,13.69514,24.7,2.3,,,,10.95902,,,,0.0,0.0,0.0,,,12.28651,80,79,9.72978,,2.324306,C ,2.905382,C ,17.6,,,3.319999,0.1660012
2022-10-02 00:00:00.0,14.17292,22.9,6.0,,,,11.62778,,,,0.0,0.0,0.0,,,10.85272,79,75,7.904765,,7.670832,C ,9.58854,C ,32.3,,,5.975997,2.821999
2022-10-03 00:00:00.0,9.836112,19.6,0.5,,,,10.88681,,,,0.25,0.0,0.0,,,9.790175,80,81,6.418264,,4.303473,C ,5.379341,C ,25.3,,,6.805997,3.153998
2022-10-04 00:00:00.0,12.325,21.2,1.9,,,,11.05277,,,,0.0,0.25,0.25,,,10.96121,80,82,8.182126,,3.643056,C ,4.55382,C ,24.4,,,5.975997,2.738998
2022-10-05 00:00:00.0,14.26736,24.1,4.0,,,,11.47361,,,,0.0,0.0,0.0,,,13.0388,81,82,10.61647,,2.544444,C ,3.180555,C ,17.8,,,3.485999,-3.402998
2022-10-06 00:00:00.0,15.72084,23.3,8.1,,,,12.26597,,,,0.0,0.0,0.0,,,14.51583,84,81,12.35498,,4.181249,C ,5.226562,C ,18.1,,,0.498,-4.481998
2022-10-07 00:00:00.0,14.68055,27.7,3.0,,,,11.95625,,,,8.0,0.5,0.25,,,11.37572,72,63,8.439699,,4.272222,C ,5.340278,C ,30.3,,,6.473997,-2.49
2022-10-08 00:00:00.0,12.32084,15.3,6.8,,,,12.03403,,,,0.25,7.75,2.5,,,11.52554,89,84,8.734003,,12.48264,C ,15.6033,C ,42.8,,,4.149999,10.541
2022-10-09 00:00:00.0,9.164584,18.4,1.4,,,,10.57083,,,,0.0,0.0,0.0,,,8.737513,78,71,4.943355,,7.630554,C ,9.538193,C ,30.1,,,8.963998,9.876998
2022-10-10 00:00:00.0,9.753472,21.2,-2.1,,,,10.00416,,,,0.0,0.0,0.0,,,8.754776,76,73,4.680908,,2.867361,C ,3.584201,C ,19.1,,,9.461999,-0.5809983
2022-10-11 00:00:00.0,12.74653,24.5,-0.4,,,,9.753472,,,,0.0,0.0,0.0,,,9.820222,72,68,6.403196,,2.165972,C ,2.707465,C ,15.2,,,6.473997,-1.162
2022-10-12 00:00:00.0,15.94097,27.4,6.7,,,,9.75763,,,,1.25,0.0,0.0,,,9.847237,60,41,6.637882,,5.726389,C ,7.157986,C ,33.6,,,0.83,-4.066998
2022-10-13 00:00:00.0,12.08472,17.3,4.8,,,,9.181248,,,,0.25,1.5,1.0,,,8.001356,67,60,3.451737,,11.50486,C ,14.38108,C ,45.3,,,6.307997,9.461997
2022-10-14 00:00:00.0,8.225,18.5,-3.2,,,,9.834726,,,,0.0,0.0,0.0,,,7.297945,70,59,2.30067,,3.575,C ,4.46875,C ,21.6,,,9.96,6.058998
2022-10-15 00:00:00.0,11.07708,21.2,0.5,,,,9.37153,,,,0.0,0.0,0.0,,,10.16223,78,71,6.910681,,2.872222,C ,3.590277,C ,23.6,,,6.473997,-0.9130002
2022-10-16 00:00:00.0,12.55694,22.7,2.5,,,,9.791663,,,,0.0,0.0,0.0,,,11.24152,80,80,8.401032,,3.819445,C ,4.774306,C ,30.4,,,5.975997,1.245
2022-10-17 00:00:00.0,14.30695,22.0,5.3,,,,10.44861,,,,0.25,0.0,0.0,,,11.66373,77,75,9.097464,,5.1,C ,6.375,C ,26.0,,,3.485999,-0.2490002
2022-10-18 00:00:00.0,13.89236,21.8,5.1,,,,11.06875,,,,0.0,0.25,0.25,,,13.20813,83,84,10.91656,,4.63611,C ,5.795138,C ,37.8,,,2.987999,-2.323997
2022-10-19 00:00:00.0,16.15138,23.6,7.6,,,,12.58959,,,,0.25,0.25,0.25,,,17.67307,92,97,15.38686,,3.334027,C ,4.167534,C ,21.0,,,0.0,-8.881
2022-10-20 00:00:00.0,20.03541,29.0,15.0,,,,13.80485,,,,1.5,1.5,1.25,,,18.54839,84,83,16.24542,,2.139583,C ,2.674479,C ,12.0,,,0.0,-13.86101
2022-10-21 00:00:00.0,14.99166,20.6,11.0,,,,13.61875,,,,5.75,1.5,0.75,,,13.7923,87,84,11.68149,,13.19375,C ,16.49219,C ,37.8,,,0.0,-2.074999
2022-10-22 00:00:00.0,10.76597,16.0,6.4,,,,11.37639,,,,0.0,4.25,0.75,,,10.31766,86,86,7.315122,,8.341671,C ,10.42709,C ,28.3,,,4.315999,12.61601
2022-10-23 00:00:00.0,10.54306,22.1,-1.5,,,,7.178474,,,,0.0,0.0,0.0,,,10.29198,78,73,6.926391,,2.745139,C ,3.431424,C ,24.3,,,6.805997,-4.232993
2022-10-24 00:00:00.0,16.83125,26.8,9.2,,,,1.35,,,,0.0,0.0,0.0,,,15.28218,79,81,13.17534,,3.1625,C ,3.953125,C ,21.0,,,0.0,-8.797998
2022-10-25 00:00:00.0,19.55209,28.6,12.7,,,,0.9500003,,,,0.0,0.0,0.0,,,17.19486,77,71,15.08365,,2.865277,C ,3.581597,C ,22.2,,,0.0,-15.02301
2022-10-26 00:00:00.0,16.55416,19.2,14.7,,,,17.05,,,,23.25,23.0,4.5,,,18.31735,100,100,16.06389,,3.9875,C ,4.984375,C ,21.3,,,0.0,-7.055
2022-10-27 00:00:00.0,17.97847,26.7,12.1,,,,13.96529,,,,0.0,0.25,0.25,,,13.89898,72,68,11.73336,,8.612499,C ,10.76562,C ,27.4,,,0.0,-10.375
2022-10-28 00:00:00.0,18.33334,26.4,11.6,,,,12.84306,,,,4.25,0.0,0.0,,,12.61486,63,52,10.33897,,4.498612,C ,5.623265,C ,27.1,,,0.0,-11.122
2022-10-29 00:00:00.0,16.78334,24.8,12.6,,,,5.461112,,,,3.75,4.25,1.75,,,14.27512,79,72,12.06268,,4.618749,C ,5.773437,C ,26.2,,,0.0,-7.801995
2022-10-30 00:00:00.0,11.66528,16.2,5.4,,,,-1.45,,,,0.75,4.5,1.25,,,10.6047,85,85,7.596718,,9.765972,C ,12.20747,C ,38.6,,,4.647998,12.28401
2022-10-31 00:00:00.0,9.009723,16.8,3.0,,,,-5.25,,,,0.25,0.25,0.25,,,9.183764,83,74,5.65311,,8.76597,C ,10.95746,C ,41.7,,,11.122,14.02701
2022-11-01 00:00:00.0,11.01597,23.8,0.6,,,,-0.5,,,,0.0,0.0,0.0,,,8.825596,69,56,5.006338,,2.663195,C ,3.328994,C ,17.2,,,6.473997,-1.66
2022-11-02 00:00:00.0,17.14027,30.3,6.9,,,,-3.85,,,,0.25,0.0,0.0,,,10.3519,63,49,7.428482,,4.393749,C ,5.492186,C ,22.7,,,0.498,-1.908998
2022-11-03 00:00:00.0,14.825,25.6,4.8,,,,,,,,0.0,0.25,0.25,,,10.97409,71,62,8.202393,,3.425,C ,4.28125,C ,21.5,,,5.643998,-1.992
2022-11-04 00:00:00.0,16.11597,24.5,9.1,,,,-9.05,,,,0.0,0.0,0.0,,,13.12122,75,66,10.98123,,3.438195,C ,4.297744,C ,25.2,,,0.0,-6.307994
2022-11-05 00:00:00.0,16.99167,25.5,9.4,,,,-3.85,,,,0.25,0.0,0.0,,,14.04832,75,66,11.97354,,3.246526,C ,4.058157,C ,25.6,,,0.0,-8.963999
2022-11-06 00:00:00.0,18.25834,26.3,10.6,,,,-6.65,,,,0.0,0.25,0.25,,,14.62618,74,67,12.59553,,3.447221,C ,4.309027,C ,26.4,,,0.0,-10.209
2022-11-07 00:00:00.0,18.78125,27.0,12.2,,,,-9.6,,,,0.25,0.0,0.0,,,14.44659,72,63,12.37393,,3.403472,C ,4.25434,C ,23.7,,,0.0,-12.53301
2022-11-08 00:00:00.0,18.93195,28.2,10.3,,,,,,,,0.0,0.25,0.25,,,14.50861,72,63,12.4469,,3.415973,C ,4.269966,C ,24.2,,,0.0,-11.122
2022-11-09 00:00:00.0,19.45625,28.7,10.8,,,,41.6,,,,0.0,0.0,0.0,,,14.91646,71,63,12.81092,,3.179165,C ,3.973957,C ,21.7,,,0.0,-11.62
2022-11-10 00:00:00.0,20.32986,29.7,12.7,,,,41.6,,,,0.0,0.0,0.0,,,16.99057,74,63,14.88775,,2.588195,C ,3.235244,C ,18.8,,,0.0,-15.52101
2022-11-11 00:00:00.0,21.49444,31.8,11.3,,,,45.7,,,,0.0,0.0,0.0,,,17.33192,72,66,15.1653,,2.604861,C ,3.256076,C ,20.6,,,0.0,-16.10201
2022-11-12 00:00:00.0,20.93472,28.5,16.0,,,,41.6,,,,7.5,6.5,1.5,,,20.4933,85,75,17.8668,,3.347917,C ,4.184896,C ,24.0,,,0.0,-19.75402
2022-11-13 00:00:00.0,20.51805,26.6,17.2,,,,16.85,,,,11.0,3.25,1.0,,,21.71003,90,87,18.78768,,1.384028,C ,1.730035,C ,23.2,,,0.0,-21.16502
2022-11-14 00:00:00.0,18.59792,21.4,16.0,,,,16.03472,,,,0.0,8.75,1.5,,,18.24935,90,87,15.95347,,15.94236,C ,19.92795,C ,49.4,,,0.0,-15.60402
2022-11-15 00:00:00.0,19.39167,28.2,11.4,,,,12.85694,,,,0.0,0.0,0.0,,,13.63477,64,54,11.5602,,8.881249,C ,11.10156,C ,30.2,,,0.0,-11.78601
2022-11-16 00:00:00.0,23.14375,36.1,13.1,,,,10.1,,,,1.0,0.0,0.0,,,17.17295,63,55,15.01762,,2.770139,C ,3.462674,C ,23.7,,,0.0,-17.67902
2022-11-17 00:00:00.0,21.7,25.8,17.8,,,,0.1500001,,,,0.25,1.25,0.75,,,18.13297,75,75,15.88221,,3.425,C ,4.28125,C ,17.7,,,0.0,-20.75002
2022-11-18 00:00:00.0,19.21944,24.8,13.3,,,,6.45,,,,0.75,0.5,0.25,,,19.94384,88,84,17.3741,,2.704861,C ,3.381076,C ,22.1,,,0.0,-17.18102
2022-11-19 00:00:00.0,24.05695,32.2,17.5,,,,11.92153,,,,0.25,0.25,0.25,,,21.79779,75,66,18.84722,,2.243055,C ,2.803819,C ,23.9,,,0.0,-21.33102
2022-11-20 00:00:00.0,,23.7,15.9,,,,9.05,,,,,,0.25,,,,,98,,,,C ,,C ,39.0,,,,
2022-11-21 00:00:00.0,,16.0,14.2,,,,17.25,,,,,,0.0,,,,,,,,,C ,,C ,23.0,,,,
2022-11-22 00:00:00.0,,,,,,,,,,,,,0.0,,,,,,,,,C ,,C ,,,,,
2022-11-23 00:00:00.0,,,,,,,,,,,,,0.0,,,,,,,,,C ,,C ,,,,,
2022-11-24 00:00:00.0,,,,,,,,,,,,,0.0,,,,,,,,,C ,,C ,,,,,
2022-11-25 00:00:00.0,,,,,,,,,,,,,0.0,,,,,,,,,C ,,C ,,,,,
2022-11-26 00:00:00.0,,,,,,,,,,,,,0.0,,,,,,,,,C ,,C ,,,,,
2022-11-27 00:00:00.0,,,,,,,,,,,,,0.0,,,,,,,,,C ,,C ,,,,,
2022-11-28 00:00:00.0,,,,,,,,,,,,,0.0,,,,,,,,,C ,,C ,,,,,
2022-11-29 00:00:00.0,,,,,,,,,,,,,0.0,,,,,,,,,C ,,C ,,,,,
2022-11-30 00:00:00.0,,,,,,,,,,,,,0.0,,,,,,,,,C ,,C ,,,,,
2022-12-01 00:00:00.0,,,,,,,,,,,,,0.0,,,,,,,,,C ,,C ,,,,,
2022-12-02 00:00:00.0,,,,,,,,,,,,,0.0,,,,,,,,,C ,,C ,,,,,
2022-12-03 00:00:00.0,,,,,,,,,,,,,0.0,,,,,,,,,C ,,C ,,,,,
2022-12-04 00:00:00.0,,,,,,,,,,,,,0.0,,,,,,,,,C ,,C ,,,,,
2022-12-05 00:00:00.0,,,,,,,,,,,,,0.0,,,,,,,,,C ,,C ,,,,,
2022-12-06 00:00:00.0,,,,,,,,,,,,,0.0,,,,,,,,,C ,,C ,,,,,
2022-12-07 00:00:00.0,,,,,,,,,,,,,0.0,,,,,,,,,C ,,C ,,,,,
2022-12-08 00:00:00.0,,,,,,,,,,,,,0.0,,,,,,,,,C ,,C ,,,,,
2022-12-09 00:00:00.0,,,,,,,,,,,,,0.0,,,,,,,,,C ,,C ,,,,,
2022-12-10 00:00:00.0,,,,,,,,,,,,,0.0,,,,,,,,,C ,,C ,,,,,
2022-12-11 00:00:00.0,,,,,,,,,,,,,0.0,,,,,,,,,C ,,C ,,,,,
2022-12-12 00:00:00.0,,,,,,,,,,,,,0.0,,,,,,,,,C ,,C ,,,,,
2022-12-13 00:00:00.0,,,,,,,,,,,,,0.0,,,,,,,,,C ,,C ,,,,,
2022-12-14 00:00:00.0,,,,,,,,,,,,,0.0,,,,,,,,,C ,,C ,,,,,
2022-12-15 00:00:00.0,,,,,,,,,,,,,0.0,,,,,,,,,C ,,C ,,,,,
2022-12-16 00:00:00.0,,,,,,,,,,,,,0.0,,,,,,,,,C ,,C ,,,,,
2022-12-17 00:00:00.0,,,,,,,,,,,,,0.0,,,,,,,,,C ,,C ,,,,,
2022-12-18 00:00:00.0,,,,,,,,,,,,,0.0,,,,,,,,,C ,,C ,,,,,
2022-12-19 00:00:00.0,,,,,,,,,,,,,0.0,,,,,,,,,C ,,C ,,,,,
2022-12-20 00:00:00.0,,,,,,,,,,,,,0.0,,,,,,,,,C ,,C ,,,,,
2022-12-21 00:00:00.0,,,,,,,,,,,,,0.0,,,,,,,,,C ,,C ,,,,,
2022-12-22 00:00:00.0,,,,,,,,,,,,,0.0,,,,,,,,,C ,,C ,,,,,
2022-12-23 00:00:00.0,,,,,,,,,,,,,0.0,,,,,,,,,C ,,C ,,,,,
2022-12-24 00:00:00.0,,,,,,,,,,,,,0.0,,,,,,,,,C ,,C ,,,,,
2022-12-25 00:00:00.0,,,,,,,,,,,,,0.0,,,,,,,,,C ,,C ,,,,,
2022-12-26 00:00:00.0,,,,,,,,,,,,,0.0,,,,,,,,,C ,,C ,,,,,
2022-12-27 00:00:00.0,,,,,,,,,,,,,0.0,,,,,,,,,C ,,C ,,,,,
2022-12-28 00:00:00.0,,,,,,,,,,,,,0.0,,,,,,,,,C ,,C ,,,,,
2022-12-29 00:00:00.0,,,,,,,,,,,,,0.0,,,,,,,,,C ,,C ,,,,,
2022-12-30 00:00:00.0,,,,,,,,,,,,,0.0,,,,,,,,,C ,,C ,,,,,
2022-12-31 00:00:00.0,,,,,,,,,,,,,0.0,,,,,,,,,C ,,C ,,,,,
2023-01-01 00:00:00.0,,,,,,,,,,,,,0.0,,,,,,,,,C ,,C ,,,,,
2023-01-02 00:00:00.0,,,,,,,,,,,,,0.0,,,,,,,,,C ,,C ,,,,,
2023-01-03 00:00:00.0,,,,,,,,,,,,,0.0,,,,,,,,,C ,,C ,,,,,
2023-01-04 00:00:00.0,,,,,,,,,,,,,0.0,,,,,,,,,C ,,C ,,,,,
2023-01-05 00:00:00.0,,,,,,,,,,,,,0.0,,,,,,,,,C ,,C ,,,,,
2023-01-06 00:00:00.0,,,,,,,,,,,,,0.0,,,,,,,,,C ,,C ,,,,,
2023-01-07 00:00:00.0,,,,,,,,,,,,,0.0,,,,,,,,,C ,,C ,,,,,
2023-01-08 00:00:00.0,,,,,,,,,,,,,0.0,,,,,,,,,C ,,C ,,,,,
2023-01-09 00:00:00.0,,,,,,,,,,,,,0.0,,,,,,,,,C ,,C ,,,,,
2023-01-10 00:00:00.0,,,,,,,,,,,,,0.0,,,,,,,,,C ,,C ,,,,,
2023-01-11 00:00:00.0,,,,,,,,,,,,,0.0,,,,,,,,,C ,,C ,,,,,
2023-01-12 00:00:00.0,,,,,,,,,,,,,0.0,,,,,,,,,C ,,C ,,,,,
2023-01-13 00:00:00.0,,,,,,,,,,,,,0.0,,,,,,,,,C ,,C ,,,,,
2023-01-14 00:00:00.0,,,,,,,,,,,,,0.0,,,,,,,,,C ,,C ,,,,,
2023-01-15 00:00:00.0,,,,,,,,,,,,,0.0,,,,,,,,,C ,,C ,,,,,
2023-01-16 00:00:00.0,,,,,,,,,,,,,0.0,,,,,,,,,C ,,C ,,,,,
2023-01-17 00:00:00.0,,,,,,,,,,,,,0.0,,,,,,,,,C ,,C ,,,,,
2023-01-18 00:00:00.0,,,,,,,,,,,,,0.0,,,,,,,,,C ,,C ,,,,,
2023-01-19 00:00:00.0,,,,,,,,,,,,,0.0,,,,,,,,,C ,,C ,,,,,
2023-01-20 00:00:00.0,,,,,,,,,,,,,0.0,,,,,,,,,C ,,C ,,,,,
2023-01-21 00:00:00.0,,,,,,,,,,,,,0.0,,,,,,,,,C ,,C ,,,,,
2023-01-22 00:00:00.0,,,,,,,,,,,,,0.0,,,,,,,,,C ,,C ,,,,,
2023-01-23 00:00:00.0,,,,,,,,,,,,,0.0,,,,,,,,,C ,,C ,,,,,
2023-01-24 00:00:00.0,,,,,,,,,,,,,0.0,,,,,,,,,C ,,C ,,,,,
2023-01-25 00:00:00.0,,,,,,,,,,,,,0.0,,,,,,,,,C ,,C ,,,,,
2023-01-26 00:00:00.0,,,,,,,,,,,,,0.0,,,,,,,,,C ,,C ,,,,,
2023-01-27 00:00:00.0,,,,,,,,,,,,,0.0,,,,,,,,,C ,,C ,,,,,
2023-01-28 00:00:00.0,,,,,,,,,,,,,0.0,,,,,,,,,C ,,C ,,,,,
2023-01-29 00:00:00.0,,,,,,,,,,,,,0.0,,,,,,,,,C ,,C ,,,,,
2023-01-30 00:00:00.0,,,,,,,,,,,,,0.0,,,,,,,,,C ,,C ,,,,,
2023-01-31 00:00:00.0,,,,,,,,,,,,,0.0,,,,,,,,,C ,,C ,,,,,
2023-02-01 00:00:00.0,,,,,,,,,,,,,0.0,,,,,,,,,C ,,C ,,,,,
2023-02-02 00:00:00.0,,,,,,,,,,,,,0.0,,,,,,,,,C ,,C ,,,,,
2023-02-03 00:00:00.0,,,,,,,,,,,,,0.0,,,,,,,,,C ,,C ,,,,,
2023-02-04 00:00:00.0,,,,,,,,,,,,,0.0,,,,,,,,,C ,,C ,,,,,
2023-02-05 00:00:00.0,,,,,,,,,,,,,0.0,,,,,,,,,C ,,C ,,,,,
2023-02-06 00:00:00.0,,,,,,,,,,,,,0.0,,,,,,,,,C ,,C ,,,,,
2023-02-07 00:00:00.0,,,,,,,,,,,,,0.0,,,,,,,,,C ,,C ,,,,,
2023-02-08 00:00:00.0,,,,,,,,,,,,,0.0,,,,,,,,,C ,,C ,,,,,
2023-02-09 00:00:00.0,,,,,,,,,,,,,0.0,,,,,,,,,C ,,C ,,,,,
2023-02-10 00:00:00.0,,,,,,,,,,,,,0.0,,,,,,,,,C ,,C ,,,,,
2023-02-11 00:00:00.0,,,,,,,,,,,,,0.0,,,,,,,,,C ,,C ,,,,,
2023-02-12 00:00:00.0,,,,,,,,,,,,,0.0,,,,,,,,,C ,,C ,,,,,
2023-02-13 00:00:00.0,,,,,,,,,,,,,0.0,,,,,,,,,C ,,C ,,,,,
2023-02-14 00:00:00.0,,,,,,,,,,,,,0.0,,,,,,,,,C ,,C ,,,,,
2023-02-15 00:00:00.0,,,,,,,,,,,,,0.0,,,,,,,,,C ,,C ,,,,,
2023-02-16 00:00:00.0,,,,,,,,,,,,,0.0,,,,,,,,,C ,,C ,,,,,
2023-02-17 00:00:00.0,,,,,,,,,,,,,0.0,,,,,,,,,C ,,C ,,,,,
2023-02-18 00:00:00.0,,,,,,,,,,,,,0.0,,,,,,,,,C ,,C ,,,,,
2023-02-19 00:00:00.0,,,,,,,,,,,,,0.0,,,,,,,,,C ,,C ,,,,,
2023-02-20 00:00:00.0,,,,,,,,,,,,,0.0,,,,,,,,,C ,,C ,,,,,
2023-02-21 00:00:00.0,,,,,,,,,,,,,0.0,,,,,,,,,C ,,C ,,,,,
2023-02-22 00:00:00.0,,,,,,,,,,,,,0.0,,,,,,,,,C ,,C ,,,,,
2023-02-23 00:00:00.0,,,,,,,,,,,,,0.0,,,,,,,,,C ,,C ,,,,,
2023-02-24 00:00:00.0,,,,,,,,,,,,,0.0,,,,,,,,,C ,,C ,,,,,
2023-02-25 00:00:00.0,,,,,,,,,,,,,0.0,,,,,,,,,C ,,C ,,,,,
2023-02-26 00:00:00.0,,,,,,,,,,,,,0.0,,,,,,,,,C ,,C ,,,,,
2023-02-27 00:00:00.0,,,,,,,,,,,,,0.0,,,,,,,,,C ,,C ,,,,,
2023-02-28 00:00:00.0,,,,,,,,,,,,,0.0,,,,,,,,,C ,,C ,,,,,
2023-03-01 00:00:00.0,,,,,,,,,,,,,0.0,,,,,,,,,C ,,C ,,,,,
2023-03-02 00:00:00.0,,,,,,,,,,,,,0.0,,,,,,,,,C ,,C ,,,,,
2023-03-03 00:00:00.0,,,,,,,,,,,,,0.0,,,,,,,,,C ,,C ,,,,,
2023-03-04 00:00:00.0,,,,,,,,,,,,,0.0,,,,,,,,,C ,,C ,,,,,
2023-03-05 00:00:00.0,,,,,,,,,,,,,0.0,,,,,,,,,C ,,C ,,,,,
2023-03-06 00:00:00.0,,,,,,,,,,,,,0.0,,,,,,,,,C ,,C ,,,,,
2023-03-07 00:00:00.0,,,,,,,,,,,,,0.0,,,,,,,,,C ,,C ,,,,,
2023-03-08 00:00:00.0,,,,,,,,,,,,,0.0,,,,,,,,,C ,,C ,,,,,
2023-03-09 00:00:00.0,,,,,,,,,,,,,0.0,,,,,,,,,C ,,C ,,,,,
2023-03-10 00:00:00.0,,,,,,,,,,,,,0.0,,,,,,,,,C ,,C ,,,,,
2023-03-11 00:00:00.0,,,,,,,,,,,,,0.0,,,,,,,,,C ,,C ,,,,,
2023-03-12 00:00:00.0,,,,,,,,,,,,,0.0,,,,,,,,,C ,,C ,,,,,
2023-03-13 00:00:00.0,,,,,,,,,,,,,0.0,,,,,,,,,C ,,C ,,,,,
2023-03-14 00:00:00.0,,,,,,,,,,,,,0.0,,,,,,,,,C ,,C ,,,,,
2023-03-15 00:00:00.0,,,,,,,23.95,,,,,,,,,,,55,,,,C ,,C ,12.3,,,,
2023-03-16 00:00:00.0,23.35972,30.0,17.9,,,,23.67152,,,,0.0,0.0,0.0,,,23.92097,86,86,20.34907,,2.556251,C ,3.195313,C ,17.4,,,0.0,-23.65503
2023-03-17 00:00:00.0,24.90694,32.9,19.4,,,,23.84167,,,,0.0,0.0,0.0,,,25.38292,82,80,21.30326,,3.283334,S ,4.104167,C ,20.9,,,0.0,-23.90403
2023-03-18 00:00:00.0,21.03472,23.7,18.8,,,,23.12918,,,,17.5,0.0,0.0,,,21.03116,87,83,18.29221,,5.616667,SE,7.020833,C ,20.1,,,0.0,-23.90403
2023-03-19 00:00:00.0,21.29305,25.7,17.3,,,,22.67986,,,,0.0,17.5,3.5,,,22.65005,93,94,19.39426,,2.850694,S ,3.563368,C ,18.6,,,0.0,-20.75002
2023-03-20 00:00:00.0,18.1632,25.7,11.0,,,,21.54931,,,,0.0,0.0,0.0,,,15.37047,78,72,13.32869,,3.305556,C ,4.131945,C ,24.5,,,0.0,-10.292
2023-03-21 00:00:00.0,17.88403,27.3,10.4,,,,20.53888,,,,0.0,0.0,0.0,,,14.95223,76,70,12.89501,,0.7541667,C ,0.9427084,C ,13.7,,,0.0,-9.296
2023-03-22 00:00:00.0,19.57916,27.7,12.3,,,,20.32432,,,,0.0,0.0,0.0,,,15.51685,70,63,13.52302,,1.281945,C ,1.602431,C ,15.9,,,0.0,-14.85701
2023-03-23 00:00:00.0,19.97222,27.2,13.9,,,,20.53054,,,,0.0,0.0,0.0,,,20.12219,87,89,17.53113,,0.2805556,C ,0.3506945,C ,9.1,,,0.0,-16.76601
2023-03-24 00:00:00.0,20.44445,28.1,14.9,,,,20.63056,,,,0.0,0.0,0.0,,,18.98154,81,76,16.65905,,2.15764,C ,2.697049,C ,22.1,,,0.0,-17.67902
2023-03-25 00:00:00.0,20.89652,29.3,15.8,,,,20.8868,,,,0.0,0.0,0.0,,,19.684,83,75,17.15887,,5.891666,S ,7.364583,C ,34.6,,,0.0,-17.09801
2023-03-26 00:00:00.0,16.53333,22.7,10.8,,,,19.99375,,,,0.0,0.0,0.0,,,13.60069,78,71,11.51891,,5.538888,S ,6.923611,C ,25.6,,,0.0,-6.141994
2023-03-27 00:00:00.0,16.39722,27.5,6.4,,,,18.8111,,,,0.0,0.0,0.0,,,15.20518,80,76,12.98604,,0.9256946,C ,1.157118,C ,19.3,,,0.332,-6.557003
2023-03-28 00:00:00.0,22.02569,31.6,15.5,,,,19.53958,,,,6.0,0.0,0.0,,,18.78718,72,65,16.49782,,1.499306,C ,1.874132,C ,24.9,,,0.0,-19.42202
2023-03-29 00:00:00.0,19.12238,23.5,9.4,,,,19.84056,,,,0.0,6.0,2.0,,,15.3995,79,80,12.91106,,6.582517,C ,8.228147,C ,31.2,,,1.328,-10.458
2023-03-30 00:00:00.0,12.85417,23.7,4.4,,,,17.69583,,,,0.0,0.0,0.0,,,11.52235,77,69,8.874505,,0.5083331,C ,0.6354164,C ,16.9,,,6.805997,-0.6640002
2023-03-31 00:00:00.0,14.38264,20.2,10.3,,,,17.45903,,,,0.0,0.0,0.0,,,11.45312,76,67,8.765972,,11.60417,S ,14.50521,C ,43.3,,,0.83,-0.6639987
2023-04-01 00:00:00.0,12.34305,22.9,4.3,,,,16.37501,,,,0.0,0.0,,,,11.20384,77,72,8.460631,,0.6152778,C ,0.7690972,C ,14.5,,,6.971997,0.3319989
2023-04-02 00:00:00.0,17.87986,26.6,12.2,,,,17.08334,,,,0.0,0.0,,,,15.11912,75,71,13.11852,,0.822222,C ,1.027777,C ,19.4,,,0.0,-11.288
2023-04-03 00:00:00.0,15.61875,20.7,11.8,,,,17.29584,,,,2.75,2.75,,,,16.33692,94,92,14.24806,,0.1833333,C ,0.2291667,C ,10.0,,,0.0,-4.98
2023-04-04 00:00:00.0,16.11944,24.8,10.8,,,,17.36876,,,,0.25,0.0,,,,14.7195,84,80,12.62241,,1.8625,C ,2.328125,C ,20.7,,,0.0,-4.149998
2023-04-05 00:00:00.0,14.95417,25.7,4.8,,,,16.8,,,,0.0,0.25,,,,14.33361,82,82,11.93542,,0.9743055,C ,1.217882,C ,17.4,,,4.979998,-3.236999
2023-04-06 00:00:00.0,18.03194,25.3,13.4,,,,17.31876,,,,0.0,0.0,,,,16.209,80,78,14.19409,,0.8263889,C ,1.032986,C ,16.4,,,0.0,-11.703
2023-04-07 00:00:00.0,18.54375,28.0,11.0,,,,17.48819,,,,0.0,0.0,,,,15.61264,78,72,13.56786,,0.4243055,C ,0.5303819,C ,12.5,,,0.0,-8.881
2023-04-08 00:00:00.0,18.175,28.4,8.6,,,,17.42153,,,,0.0,0.0,,,,16.1017,81,78,14.0015,,0.5243054,C ,0.6553817,C ,14.2,,,0.0,-8.963999
2023-04-09 00:00:00.0,19.49305,28.6,12.9,,,,17.72083,,,,0.0,0.0,,,,15.88775,73,68,13.86841,,1.508334,C ,1.885417,C ,19.8,,,0.0,-14.35901
2023-04-10 00:00:00.0,16.85486,20.1,14.5,,,,17.60974,,,,0.0,0.0,,,,15.62676,83,79,13.63326,,5.32361,C ,6.654513,C ,27.9,,,0.0,-10.209
2023-04-11 00:00:00.0,19.71112,28.9,14.4,,,,18.02778,,,,17.25,17.25,,,,18.86963,85,83,16.55526,,3.17639,C ,3.970487,C ,32.8,,,0.0,-15.35501
2023-04-12 00:00:00.0,15.29653,20.4,8.7,,,,17.8896,,,,0.0,0.0,,,,13.39664,85,83,11.1657,,6.096528,S ,7.62066,C ,27.2,,,0.0,-0.4149997
2023-04-13 00:00:00.0,10.1757,18.5,3.4,,,,15.97292,,,,0.0,0.0,,,,9.83643,83,81,6.648016,,3.760417,C ,4.700521,C ,24.7,,,8.465997,12.035
2023-04-14 00:00:00.0,9.857642,18.1,2.8,,,,14.74237,,,,0.0,0.0,,,,9.524561,80,79,6.188414,,0.8083332,C ,1.010417,C ,13.2,,,7.635996,11.039
2023-04-15 00:00:00.0,11.91667,19.9,4.6,,,,14.32293,,,,0.0,0.0,,,,11.33038,79,76,8.704595,,0.3993056,C ,0.499132,C ,8.9,,,4.149999,3.070996
2023-04-16 00:00:00.0,13.71319,21.2,6.4,,,,14.76735,,,,0.0,0.0,,,,12.12717,82,80,9.742802,,1.609722,C ,2.012153,C ,15.4,,,1.66,1.576998
2023-04-17 00:00:00.0,11.26389,22.3,3.5,,,,14.35973,,,,7.5,7.25,,,,12.07188,89,86,9.418969,,1.038889,C ,1.298612,C ,17.3,,,6.971997,5.644002
2023-04-18 00:00:00.0,12.15278,20.0,6.8,,,,14.59653,,,,3.75,0.25,,,,11.42459,84,81,8.858818,,3.987501,W ,4.984377,C ,23.1,,,0.664,6.640004
2023-04-19 00:00:00.0,12.33333,18.4,6.6,,,,14.40833,,,,0.5,4.25,,,,11.42488,85,82,8.82623,,7.997916,S ,9.997396,C ,34.3,,,4.481998,7.469996
2023-04-20 00:00:00.0,12.0743,23.6,4.7,,,,13.5757,,,,0.0,0.0,,,,11.96982,82,77,9.36272,,1.252083,C ,1.565104,C ,16.5,,,7.469996,2.406999
2023-04-21 00:00:00.0,13.68125,21.9,8.1,,,,13.99167,,,,0.0,0.0,,,,12.65164,82,78,10.38593,,1.541667,C ,1.927084,C ,23.3,,,0.0,0.8299997
2023-04-22 00:00:00.0,13.20695,20.0,7.1,,,,14.11875,,,,0.0,0.0,,,,13.29562,89,87,11.09259,,4.724305,C ,5.905381,C ,28.8,,,0.0,3.070997
2023-04-23 00:00:00.0,15.71249,24.0,10.1,,,,14.65625,,,,0.0,0.0,,,,14.94762,85,81,12.93762,,0.3979167,C ,0.4973959,C ,13.8,,,0.0,-4.979999
2023-04-24 00:00:00.0,16.38541,25.3,12.0,,,,15.12015,,,,0.25,0.0,,,,17.37949,92,86,15.20267,,0.7694445,C ,0.9618056,C ,13.2,,,0.0,-8.963998
2023-04-25 00:00:00.0,18.03889,24.6,14.6,,,,16.10624,,,,0.25,0.25,,,,19.60102,94,92,17.14758,,0.7916666,C ,0.9895832,C ,12.1,,,0.0,-14.60801
2023-04-26 00:00:00.0,19.08125,27.4,15.7,,,,16.69861,,,,0.25,0.25,,,,18.06262,86,80,15.80987,,1.159028,C ,1.448785,C ,13.0,,,0.0,-13.19701
2023-04-27 00:00:00.0,13.22569,21.4,6.8,,,,16.02777,,,,0.0,0.25,,,,13.63511,91,87,11.43087,,0.7520832,C ,0.940104,C ,9.8,,,0.664,2.822002
2023-04-28 00:00:00.0,18.34167,28.2,11.3,,,,16.09444,,,,0.0,0.0,,,,17.25243,80,77,15.12982,,2.679861,W ,3.349826,C ,22.2,,,0.0,-14.11001
2023-04-29 00:00:00.0,20.54098,28.9,15.0,,,,16.94514,,,,0.75,0.0,,,,17.48606,76,73,15.38758,,2.929167,W ,3.661458,C ,23.2,,,0.0,-16.84901
2023-04-30 00:00:00.0,16.77639,21.2,12.0,,,,16.98402,,,,7.0,7.75,,,,16.87992,93,91,14.49275,,6.560414,C ,8.200518,C ,49.2,,,0.0,-6.058995
2023-05-01 00:00:00.0,11.73889,19.7,5.2,,,,15.52361,,,,0.0,0.0,,,,8.656976,71,63,4.696512,,3.047222,W ,3.809027,C ,24.4,,,6.307997,8.216996
2023-05-02 00:00:00.0,10.00625,20.3,2.1,,,,13.96458,,,,0.0,0.0,,,,8.407211,70,65,4.352921,,1.234028,C ,1.542535,C ,13.4,,,8.299996,7.386996
2023-05-03 00:00:00.0,10.875,20.8,0.5,,,,13.00556,,,,0.0,0.0,,,,9.728558,78,70,6.473639,,0.7138888,C ,0.892361,C ,12.3,,,7.801996,6.058998
2023-05-04 00:00:00.0,11.92361,22.3,4.3,,,,12.86042,,,,0.0,0.0,,,,11.12961,82,80,8.431646,,0.9486113,C ,1.185764,C ,14.0,,,4.149999,5.312001
2023-05-05 00:00:00.0,11.89375,21.8,5.4,,,,12.95209,,,,2.0,0.25,,,,12.32824,89,82,9.854679,,1.043056,C ,1.303819,C ,11.3,,,4.315999,7.137999
2023-05-06 00:00:00.0,14.01806,18.8,6.9,,,,13.70278,,,,22.75,24.25,,,,17.67372,100,100,15.20486,,2.796528,E ,3.49566,C ,25.3,,,0.332,-5.893002
2023-05-07 00:00:00.0,16.96924,20.2,14.6,,,,,,,,,,,,,,,,,,,  ,,  ,,,,,
2023-10-24 00:00:00.0,,,,,,,,,,,,,,,,,,,,,,  ,,  ,,,,,
2023-10-25 00:00:00.0,11.93194,20.4,3.4,,,,11.60903,,,,0.0,0.0,0.0,,,10.46203,77,71,7.540918,,4.718056,S ,5.89757,C ,19.7,,,5.975997,3.734998
2023-10-26 00:00:00.0,16.39236,27.5,7.2,,,,11.70208,,,,0.0,0.0,0.0,,,12.20691,67,57,9.834856,,3.95625,W ,4.945313,C ,24.4,,,0.0,-5.976
2023-10-27 00:00:00.0,19.61528,28.7,10.9,,,,12.84097,,,,0.0,0.0,0.0,,,14.62899,66,55,12.59869,,3.675,W ,4.59375,C ,23.5,,,0.0,-13.03101
2023-10-28 00:00:00.0,21.74444,31.6,11.7,,,,14.23958,,,,4.25,0.0,0.0,,,15.5433,65,55,13.54246,,2.965973,E ,3.707466,C ,17.3,,,0.0,-16.10201
2023-10-29 00:00:00.0,17.19028,23.4,13.8,,,,15.51319,,,,2.0,5.25,2.0,,,15.40763,81,78,13.13309,,4.353471,E ,5.441839,C ,29.2,,,0.0,-7.967999
2023-10-30 00:00:00.0,14.80903,21.5,9.2,,,,14.45834,,,,0.0,1.0,1.0,,,9.866172,68,58,6.574507,,7.403475,S ,9.254343,C ,30.4,,,2.324,0.1659994
2023-10-31 00:00:00.0,10.72431,18.0,5.2,,,,13.06041,,,,0.0,0.0,0.0,,,9.335712,78,69,5.934261,,4.895833,SE,6.119792,C ,26.8,,,8.797997,10.209
2023-11-01 00:00:00.0,9.013196,17.3,1.1,,,,11.45209,,,,0.0,0.0,0.0,,,8.053856,74,64,3.793284,,4.946527,E ,6.183158,C ,31.8,,,10.126,8.880998
2023-11-02 00:00:00.0,8.81875,15.2,2.1,,,,10.34167,,,,19.5,5.25,1.0,,,10.47678,85,80,7.359844,,4.30139,E ,5.376737,C ,23.5,,,6.141997,11.53701
2023-11-03 00:00:00.0,12.50625,16.7,8.8,,,,7.297915,,,,0.0,14.25,2.25,,,12.41329,90,89,10.07611,,9.166662,S ,11.45833,C ,27.4,,,2.158,8.299996
2023-11-04 00:00:00.0,13.02986,23.7,3.4,,,,6.686111,,,,0.25,0.0,0.0,,,10.93518,75,68,8.141481,,3.956945,E ,4.946181,C ,18.5,,,5.643998,-0.3320007
2023-11-05 00:00:00.0,17.2868,27.1,7.9,,,,7.470831,,,,0.0,0.25,0.25,,,14.60966,75,67,12.48601,,2.458333,W ,3.072916,C ,20.9,,,0.0,-7.967997
2023-11-06 00:00:00.0,19.42153,29.4,10.6,,,,10.40347,,,,0.0,0.0,0.0,,,15.09685,72,63,13.07003,,2.72639,E ,3.407987,C ,18.8,,,0.0,-10.292
2023-11-07 00:00:00.0,19.98195,32.0,11.7,,,,14.50764,,,,3.5,3.25,2.5,,,19.13792,84,77,16.58342,,3.572222,E ,4.465278,C ,37.5,,,0.0,-11.454
2023-11-08 00:00:00.0,18.44097,27.2,9.7,,,,12.2007,,,,0.0,0.25,0.25,,,11.83071,65,53,9.305104,,4.595137,S ,5.743921,C ,28.8,,,0.0,-7.137998
2023-11-09 00:00:00.0,15.12014,26.0,3.8,,,,10.68195,,,,0.0,0.0,0.0,,,9.869503,64,52,6.671628,,3.435417,E ,4.294271,C ,22.0,,,5.311998,-2.656
2023-11-10 00:00:00.0,15.36458,23.1,8.3,,,,3.3,,,,12.75,2.5,2.0,,,12.92328,76,63,10.32543,,3.838195,E ,4.797743,C ,29.0,,,0.0,-6.391003
2023-11-11 00:00:00.0,19.75902,26.3,14.3,,,,12.4,,,,0.25,10.5,5.75,,,18.43222,81,77,16.17492,,6.39236,W ,7.99045,C ,29.9,,,0.0,-17.09801
2023-11-12 00:00:00.0,15.99167,19.9,11.4,,,,4.15,,,,0.0,0.0,0.0,,,11.37924,70,62,8.61734,,4.834721,S ,6.043401,C ,23.3,,,1.162,-2.821999
2023-11-13 00:00:00.0,13.66736,24.2,2.8,,,,0.4500003,,,,0.0,0.0,0.0,,,9.68139,65,52,6.370174,,1.692361,C ,2.115451,C ,12.8,,,5.975997,-2.158
2023-11-14 00:00:00.0,17.20348,27.5,7.0,,,,-1.4,,,,0.0,0.0,0.0,,,12.22359,68,57,9.850998,,2.689583,W ,3.361979,C ,20.4,,,0.0,-4.896996
2023-11-15 00:00:00.0,17.75694,28.6,9.1,,,,13.45,,,,0.0,0.0,0.0,,,15.49185,76,71,12.93718,,2.54514,E ,3.181424,C ,19.2,,,0.0,-8.465998
2023-11-16 00:00:00.0,17.01736,25.4,7.3,,,,11.98195,,,,0.0,0.0,0.0,,,9.979925,57,46,6.858759,,4.379862,W ,5.474827,C ,28.0,,,0.0,-5.809995
2023-11-17 00:00:00.0,18.52778,30.7,9.8,,,,11.6,,,,9.0,7.0,4.25,,,13.62469,67,56,11.40882,,4.102777,W ,5.128471,C ,27.2,,,0.0,-10.79
2023-11-18 00:00:00.0,16.0257,21.2,10.6,,,,10.97917,,,,0.0,2.0,2.75,,,10.20735,63,49,6.988031,,7.384722,W ,9.230902,C ,36.2,,,0.0,-5.228995
2023-11-19 00:00:00.0,17.11528,26.1,7.5,,,,8.797219,,,,0.0,0.0,0.0,,,10.30991,57,49,7.389594,,6.290973,W ,7.863717,C ,35.4,,,0.0,-5.809993
2023-11-20 00:00:00.0,19.37361,32.5,9.5,,,,2.728471,,,,0.5,0.5,0.5,,,15.63071,71,65,13.47102,,3.836112,W ,4.79514,C ,32.0,,,0.0,-13.11401
2023-11-21 00:00:00.0,18.39444,26.3,11.4,,,,-4.469014,,,,0.0,0.0,0.0,,,11.94524,66,50,9.387654,,4.297915,C ,5.372393,C ,20.2,,,0.0,-7.635997
2023-11-22 00:00:00.0,16.35348,27.8,3.8,,,,-2.543356,,,,0.0,0.0,0.0,,,10.40045,61,44,7.431742,,2.020833,C ,2.526041,C ,16.5,,,4.979998,-5.477997
2023-11-23 00:00:00.0,18.23611,28.5,7.2,,,,4.15,,,,0.0,0.0,0.0,,,9.913372,59,42,6.695513,,6.316667,S ,7.895833,C ,32.1,,,0.83,-4.896998
2023-11-24 00:00:00.0,15.58264,27.6,2.8,,,,10.32708,,,,0.0,0.0,0.0,,,10.2965,63,51,7.245683,,2.146528,C ,2.683159,C ,14.2,,,5.477998,-5.145998
2023-11-25 00:00:00.0,19.70694,31.0,10.0,,,,11.62916,,,,0.0,0.0,0.0,,,14.11648,65,53,12.03833,,2.484028,W ,3.105035,C ,19.8,,,0.0,-12.45001
2023-11-26 00:00:00.0,23.62014,34.0,14.6,,,,13.23472,,,,0.0,0.0,0.0,,,18.11437,67,54,15.91116,,2.674305,W ,3.342881,C ,18.5,,,0.0,-18.26002
2023-11-27 00:00:00.0,23.9118,33.1,15.7,,,,14.37639,,,,0.0,0.0,0.0,,,20.14085,73,60,17.56203,,4.335416,E ,5.41927,C ,24.5,,,0.0,-20.66702
2023-11-28 00:00:00.0,23.7625,32.4,17.7,,,,15.13959,,,,52.25,13.25,12.75,,,21.86617,75,65,18.90252,,3.611806,E ,4.514758,C ,46.9,,,0.0,-23.32303
2023-11-29 00:00:00.0,21.40764,27.0,18.0,,,,14.20415,,,,0.25,39.0,20.75,,,21.20008,88,89,18.42604,,2.533334,W ,3.166667,C ,21.9,,,0.0,-23.65503
2023-11-30 00:00:00.0,24.11944,32.8,16.1,,,,7.925003,,,,71.75,0.25,0.25,,,19.68826,70,60,17.16839,,2.445833,W ,3.057292,C ,15.0,,,0.0,-21.24802
2023-12-01 00:00:00.0,19.10694,22.3,15.8,,,,6.599302,,,,75.0,146.75,32.25,,,20.61683,96,94,17.96548,,4.215278,E ,5.269098,C ,34.9,,,0.0,-18.17702
2023-12-02 00:00:00.0,22.5486,32.2,15.4,,,,4.25,,,,0.25,0.0,0.0,,,19.96101,78,69,17.19768,,6.884723,W ,8.605904,C ,34.0,,,0.0,-17.34702
2023-12-03 00:00:00.0,16.67779,23.5,11.3,,,,2.2,,,,0.0,0.25,0.25,,,11.45728,67,57,8.793113,,4.806251,SE,6.007814,C ,29.9,,,0.0,-7.137995
2023-12-04 00:00:00.0,15.45556,23.5,7.4,,,,1.55,,,,0.0,0.0,0.0,,,11.58372,69,59,9.092589,,2.447917,E ,3.059897,C ,15.2,,,0.0,-5.311999
2023-12-05 00:00:00.0,16.03889,23.6,8.5,,,,,,,,0.5,0.5,0.25,,,15.52565,83,80,13.37072,,2.598611,E ,3.248264,C ,21.6,,,0.0,-10.79
2023-12-06 00:00:00.0,18.92639,25.1,16.4,,,,,,,,21.25,20.25,3.5,,,20.12473,93,90,17.57645,,5.149306,E ,6.436632,C ,22.9,,,0.0,-16.76601
2023-12-07 00:00:00.0,18.94792,24.5,15.5,,,,2.7,,,,0.25,1.0,0.75,,,17.54772,84,80,15.41133,,6.606249,S ,8.257812,C ,20.3,,,0.0,-13.03101
2023-12-08 00:00:00.0,16.89653,24.5,9.5,,,,1.3,,,,0.0,0.25,0.25,,,14.51853,78,69,12.48821,,3.202777,E ,4.003471,C ,17.9,,,0.0,-8.382998
2023-12-09 00:00:00.0,17.94167,24.8,12.1,,,,-4.85,,,,0.5,0.5,0.25,,,17.28782,82,75,15.14263,,2.3,E ,2.875,C ,25.2,,,0.0,-13.28001
2023-12-10 00:00:00.0,22.03194,30.2,14.6,,,,-3.15,,,,0.25,0.0,0.0,,,18.9104,74,64,16.57463,,1.849305,W ,2.311632,C ,16.8,,,0.0,-19.00702
2023-12-11 00:00:00.0,22.74653,28.9,16.3,,,,15.8,,,,0.0,0.25,0.25,,,20.33266,77,68,17.71127,,2.976389,E ,3.720486,C ,23.0,,,0.0,-21.24802
2023-12-12 00:00:00.0,25.07569,33.1,19.5,,,,-7.7,,,,22.5,22.25,17.75,,,24.99598,79,69,21.07087,,2.918751,E ,3.648438,C ,21.4,,,0.0,-23.90403
2023-12-13 00:00:00.0,21.2007,25.1,14.7,,,,1.15,,,,0.0,0.25,0.25,,,19.69946,86,83,16.9196,,6.784029,SE,8.480036,C ,29.5,,,0.0,-18.42602
2023-12-14 00:00:00.0,19.11875,29.5,9.9,,,,15.95,,,,44.25,31.25,16.5,,,18.77526,81,72,16.27294,,3.742362,E ,4.677953,C ,23.6,,,0.0,-14.60801
2023-12-15 00:00:00.0,23.55277,31.6,17.7,,,,11.85416,,,,0.25,13.0,3.0,,,25.62081,86,85,21.43518,,2.666666,E ,3.333333,C ,28.3,,,0.0,-23.90403
2023-12-16 00:00:00.0,25.65764,32.2,20.9,,,,20.20694,,,,31.0,6.5,4.25,,,27.84744,85,78,22.83424,,4.013195,E ,5.016494,C ,40.2,,,0.0,-23.90403
2023-12-17 00:00:00.0,22.6625,29.2,17.9,,,,20.53057,,,,0.0,24.75,15.5,,,22.49929,86,84,19.34794,,6.232637,W ,7.790796,C ,63.7,,,0.0,-23.32303
2023-12-18 00:00:00.0,17.3875,22.3,13.0,,,,19.57916,,,,0.0,0.0,0.0,,,14.72277,82,76,12.58589,,11.38889,S ,14.23611,C ,30.9,,,0.0,-7.718995
2023-12-19 00:00:00.0,13.83403,19.5,8.5,,,,9.957638,,,,0.0,0.0,0.0,,,12.81761,81,74,10.59416,,6.595832,SE,8.24479,C ,26.9,,,0.0,-2.157999
2023-12-20 00:00:00.0,17.99722,24.4,12.8,,,,2.000694,,,,1.25,1.25,0.75,,,16.94396,81,73,14.87002,,3.660416,E ,4.57552,C ,25.7,,,0.0,-15.93601
2023-12-21 00:00:00.0,20.96041,27.8,16.5,,,,5.0,,,,0.0,0.0,0.0,,,20.23925,83,77,17.67907,,2.942362,C ,3.677952,C ,19.6,,,0.0,-19.67102
2023-12-22 00:00:00.0,21.625,29.3,14.4,,,,12.4,,,,3.0,0.5,0.5,,,20.31991,80,74,17.69137,,1.974306,E ,2.467882,C ,20.9,,,0.0,-18.67502
2023-12-23 00:00:00.0,21.27569,32.1,16.2,,,,1.4,,,,17.0,19.5,13.25,,,21.20854,87,79,18.39776,,4.277779,W ,5.347224,C ,44.5,,,0.0,-20.25202
2023-12-24 00:00:00.0,22.43055,29.7,17.7,,,,4.75,,,,21.25,21.0,17.5,,,23.96079,87,83,20.33228,,1.833333,W ,2.291667,C ,21.7,,,0.0,-22.90803
2023-12-25 00:00:00.0,19.35695,22.4,13.9,,,,5.95,,,,0.0,0.25,0.5,,,15.57087,77,71,13.32556,,9.09722,S ,11.37153,C ,37.4,,,0.0,-13.86101
2023-12-26 00:00:00.0,19.39861,30.5,10.0,,,,18.5,,,,0.0,0.0,0.0,,,16.5328,71,63,14.34012,,2.361112,W ,2.95139,C ,14.1,,,0.0,-14.02701
2023-12-27 00:00:00.0,22.88194,31.0,14.4,,,,41.6,,,,10.5,3.5,3.0,,,19.40948,72,60,16.94677,,3.196528,W ,3.99566,C ,23.5,,,0.0,-18.50902
2023-12-28 00:00:00.0,22.75,31.2,17.7,,,,41.6,,,,13.5,20.5,7.25,,,23.18419,88,86,19.79208,,3.603471,W ,4.504339,C ,31.7,,,0.0,-21.66302
2023-12-29 00:00:00.0,17.7632,21.5,12.4,,,,19.3,,,,0.0,0.0,0.0,,,13.48783,74,67,11.15604,,10.71319,S ,13.39149,C ,36.3,,,0.0,-8.797997
2023-12-30 00:00:00.0,16.50347,25.1,8.4,,,,-3.5,,,,0.0,0.0,0.0,,,13.17201,71,62,10.9376,,6.066668,S ,7.583334,C ,27.9,,,0.0,-7.469998
2023-12-31 00:00:00.0,20.84306,29.9,12.8,,,,,,,,0.0,0.0,0.0,,,17.79671,72,64,15.60555,,2.325694,W ,2.907118,C ,17.1,,,0.0,-17.76202
2024-01-01 00:00:00.0,22.19861,27.9,17.5,,,,,,,,0.0,0.0,0.0,,,19.1499,73,69,16.71362,,1.792361,E ,2.240452,C ,12.1,,,0.0,-21.49702
2024-01-02 00:00:00.0,22.46944,29.4,15.5,,,,,,,,0.0,0.0,0.0,,,20.31021,78,71,17.68939,,3.511111,E ,4.388888,C ,19.4,,,0.0,-19.83702
2024-01-03 00:00:00.0,21.92639,29.5,14.1,,,,,,,,0.0,0.0,0.0,,,19.38944,76,69,16.90855,,3.529862,E ,4.412328,C ,29.4,,,0.0,-18.17702
2024-01-04 00:00:00.0,22.86527,29.6,17.5,,,,,,,,0.0,0.0,0.0,,,21.47486,79,72,18.6123,,3.256249,E ,4.070312,C ,22.2,,,0.0,-22.49303
2024-01-05 00:00:00.0,24.64445,32.0,19.7,,,,,,,,68.25,30.75,17.0,,,24.82493,82,77,20.95794,,3.273612,E ,4.092015,C ,26.5,,,0.0,-23.90403
2024-01-06 00:00:00.0,23.61876,31.2,18.3,,,,16.45,,,,40.75,78.0,32.75,,,24.47646,86,78,20.60651,,4.366667,W ,5.458333,C ,45.0,,,0.0,-23.73803
2024-01-07 00:00:00.0,22.18403,30.9,16.4,,,,19.9,,,,2.75,3.0,2.75,,,20.98801,83,79,18.22895,,3.258333,E ,4.072917,C ,61.8,,,0.0,-18.42602
2024-01-08 00:00:00.0,22.68125,32.1,16.2,,,,0.05000019,,,,0.25,0.25,0.25,,,22.38325,81,74,19.23522,,2.85764,W ,3.57205,C ,21.3,,,0.0,-21.08202
2024-01-09 00:00:00.0,24.15417,32.5,17.5,,,,14.66666,,,,1.0,1.0,0.5,,,20.77938,74,64,18.04693,,3.821528,E ,4.77691,C ,27.2,,,0.0,-23.24003
2024-01-10 00:00:00.0,22.33125,29.1,16.2,,,,8.2,,,,9.25,9.25,9.0,,,19.22458,75,64,16.76821,,4.732638,E ,5.915798,C ,44.1,,,0.0,-21.08203
2024-01-11 00:00:00.0,18.38541,23.4,13.8,,,,-5.6,,,,0.0,0.0,0.0,,,15.08978,77,70,13.04778,,6.164582,S ,7.705728,C ,22.7,,,0.0,-12.61601
2024-01-12 00:00:00.0,17.51806,26.1,10.5,,,,23.9,,,,0.0,0.0,0.0,,,15.59133,78,70,13.55276,,2.276389,E ,2.845486,C ,17.7,,,0.0,-10.209
2024-01-13 00:00:00.0,22.29862,30.7,15.3,,,,44.65,,,,0.0,0.0,0.0,,,22.20436,79,72,19.02035,,2.63264,W ,3.2908,C ,19.0,,,0.0,-19.00702
2024-01-14 00:00:00.0,24.31806,29.9,18.3,,,,17.45,,,,0.0,0.0,0.0,,,19.19093,70,67,16.61716,,6.550696,W ,8.18837,C ,34.8,,,0.0,-20.75002
2024-01-15 00:00:00.0,22.32709,33.1,13.1,,,,44.55,,,,5.75,0.0,0.0,,,18.26914,70,59,15.98663,,3.156945,W ,3.946181,C ,21.5,,,0.0,-17.84502
2024-01-16 00:00:00.0,21.74305,29.6,16.6,,,,17.85,,,,0.25,5.75,1.75,,,21.78751,86,82,18.83555,,3.004167,E ,3.755208,C ,20.3,,,0.0,-21.49703
2024-01-17 00:00:00.0,22.96459,32.0,15.8,,,,,,,,0.25,0.25,0.25,,,21.486,79,76,18.56944,,2.220833,E ,2.776041,C ,21.1,,,0.0,-20.50102
2024-01-18 00:00:00.0,24.63334,31.0,19.5,,,,20.7,,,,10.25,10.25,6.75,,,23.95279,80,71,20.25503,,4.145139,W ,5.181423,C ,29.5,,,0.0,-22.41003
2024-01-19 00:00:00.0,20.36736,27.2,13.5,,,,18.5,,,,0.0,0.25,0.25,,,16.64383,77,71,14.50394,,5.710417,S ,7.138021,C ,26.8,,,0.0,-13.19701
2024-01-20 00:00:00.0,18.875,27.7,10.4,,,,16.4,,,,0.0,0.0,0.0,,,15.92531,75,68,13.84228,,3.304861,E ,4.131076,C ,20.3,,,0.0,-11.537
2024-01-21 00:00:00.0,20.68889,29.8,10.7,,,,16.8,,,,0.0,0.0,0.0,,,17.77681,75,67,15.54711,,1.746528,E ,2.18316,C ,13.1,,,0.0,-15.43801
2024-01-22 00:00:00.0,22.99791,32.7,14.5,,,,15.8,,,,0.0,0.0,0.0,,,19.86452,75,64,17.34515,,1.829861,C ,2.287326,C ,15.8,,,0.0,-17.51302
2024-01-23 00:00:00.0,22.94723,32.5,14.4,,,,18.5,,,,0.0,0.0,0.0,,,18.95314,72,61,16.54104,,2.305556,E ,2.881945,C ,15.9,,,0.0,-18.09402
2024-01-24 00:00:00.0,23.29861,31.3,16.7,,,,,,,,0.25,0.0,0.0,,,20.11515,73,65,17.57154,,2.649306,E ,3.311632,C ,20.0,,,0.0,-21.08202
2024-01-25 00:00:00.0,24.62153,32.8,17.5,,,,41.6,,,,0.0,0.25,0.25,,,21.1594,72,62,18.36657,,2.808333,E ,3.510416,C ,17.0,,,0.0,-22.24403
2024-01-26 00:00:00.0,24.61528,32.5,17.8,,,,,,,,0.25,0.0,0.0,,,20.73682,72,63,17.96412,,3.065278,E ,3.831597,C ,23.7,,,0.0,-23.32303
2024-01-27 00:00:00.0,24.72014,33.0,18.5,,,,,,,,0.0,0.25,0.25,,,20.79764,72,62,18.0388,,2.824306,E ,3.530383,C ,18.5,,,0.0,-23.90403
2024-01-28 00:00:00.0,23.73056,31.5,16.1,,,,,,,,0.0,0.0,0.0,,,20.94442,75,67,18.19384,,2.902778,E ,3.628472,C ,25.0,,,0.0,-21.82903
2024-01-29 00:00:00.0,24.12639,33.9,15.0,,,,,,,,0.0,0.0,0.0,,,21.91065,76,68,18.88047,,2.09375,E ,2.617188,C ,22.5,,,0.0,-20.25202
2024-01-30 00:00:00.0,25.32848,36.7,17.7,,,,,,,,0.0,0.0,0.0,,,24.55381,78,67,20.73466,,1.826389,C ,2.282986,C ,14.0,,,0.0,-22.99103
2024-01-31 00:00:00.0,27.77639,36.7,19.7,,,,,,,,0.0,0.0,0.0,,,24.12854,66,57,20.47169,,1.923612,W ,2.404514,C ,16.0,,,0.0,-23.90403
2024-02-01 00:00:00.0,28.6743,37.1,20.9,,,,,,,,0.0,0.0,0.0,,,21.202,59,53,18.28066,,3.457639,C ,4.322049,C ,30.2,,,0.0,-23.90403
2024-02-02 00:00:00.0,29.18264,39.2,21.8,,,,,,,,0.0,0.0,0.0,,,22.45326,63,51,19.20691,,2.318055,E ,2.897569,C ,19.2,,,0.0,-23.90403
2024-02-03 00:00:00.0,26.50417,36.7,19.4,,,,-9.15,,,,0.0,0.0,0.0,,,21.37964,69,60,18.21033,,8.289583,S ,10.36198,C ,37.1,,,0.0,-21.58002
2024-02-04 00:00:00.0,19.07986,27.8,10.3,,,,5.8,,,,0.0,0.0,0.0,,,14.78072,72,62,12.77868,,4.085417,E ,5.106771,C ,20.0,,,0.0,-10.873
2024-02-05 00:00:00.0,20.65902,32.4,9.9,,,,1.8,,,,0.0,0.0,0.0,,,19.06549,76,66,16.47711,,2.744444,E ,3.430555,C ,18.2,,,0.0,-14.77401
2024-02-06 00:00:00.0,21.84514,24.7,20.5,,,,5.031948,,,,36.0,35.25,22.25,,,25.52603,97,96,21.41294,,2.449305,E ,3.061631,C ,24.5,,,0.0,-23.90403
2024-02-07 00:00:00.0,24.57501,33.3,20.6,,,,0.25,,,,9.0,0.75,0.25,,,27.12921,88,84,22.41342,,2.65625,C ,3.320313,C ,21.1,,,0.0,-23.90403
2024-02-08 00:00:00.0,21.71527,25.0,18.5,,,,18.05,,,,6.0,15.0,2.5,,,25.68739,99,99,21.45604,,2.679861,E ,3.349826,C ,17.8,,,0.0,-23.90403
2024-02-09 00:00:00.0,23.7007,29.8,20.8,,,,11.525,,,,140.25,109.0,49.0,,,27.1003,93,91,22.39528,,3.936111,E ,4.920139,C ,27.6,,,0.0,-23.90403
2024-02-10 00:00:00.0,23.49237,26.1,22.0,,,,15.53958,,,,3.0,34.0,6.0,,,29.25301,100,99,23.64615,,3.384722,E ,4.230903,C ,19.9,,,0.0,-23.90403
2024-02-11 00:00:00.0,26.04167,33.6,18.9,,,,20.66041,,,,23.25,0.25,0.25,,,27.34266,82,78,22.50306,,2.277778,W ,2.847222,C ,13.8,,,0.0,-23.90403
2024-02-12 00:00:00.0,22.23542,25.6,15.5,,,,20.41459,,,,0.0,23.25,21.75,,,21.2392,86,85,17.82793,,10.02083,S ,12.52604,C ,47.2,,,0.0,-18.59202
2024-02-13 00:00:00.0,16.88958,24.1,10.1,,,,15.59097,,,,0.0,0.0,0.0,,,13.72592,74,68,11.65796,,5.74375,S ,7.179687,C ,22.3,,,0.0,-8.216997
2024-02-14 00:00:00.0,18.1882,26.2,11.4,,,,3.2,,,,0.0,0.0,0.0,,,15.18675,76,65,13.1738,,1.645139,E ,2.056424,C ,15.8,,,0.0,-9.877001
2024-02-15 00:00:00.0,20.25069,29.7,13.0,,,,19.7,,,,0.0,0.0,0.0,,,18.77948,79,73,16.41166,,2.029166,E ,2.536458,C ,16.6,,,0.0,-16.35102
2024-02-16 00:00:00.0,22.45139,30.2,16.6,,,,-1.8,,,,0.0,0.0,0.0,,,21.18403,80,74,18.38074,,2.511805,E ,3.139756,C ,19.0,,,0.0,-20.83302
2024-02-17 00:00:00.0,24.0257,31.3,18.9,,,,17.25,,,,0.0,0.0,0.0,,,23.16449,80,74,19.83655,,2.278472,E ,2.84809,C ,16.2,,,0.0,-23.90403
2024-02-18 00:00:00.0,23.33958,30.9,18.5,,,,17.35,,,,0.25,0.0,0.0,,,24.1007,86,84,20.45703,,2.275695,E ,2.844619,C ,17.1,,,0.0,-23.90403
2024-02-19 00:00:00.0,23.5493,31.7,18.2,,,,16.15,,,,0.0,0.25,0.25,,,23.62409,84,81,20.13085,,2.493056,C ,3.11632,C ,15.4,,,0.0,-23.90403
2024-02-20 00:00:00.0,22.96111,31.3,18.9,,,,16.1,,,,0.0,0.0,0.0,,,24.5603,88,85,20.78716,,1.161111,C ,1.451389,C ,8.8,,,0.0,-23.90403
2024-02-21 00:00:00.0,25.34236,34.2,19.0,,,,18.65,,,,0.0,0.0,0.0,,,26.16722,83,80,21.78109,,1.655555,C ,2.069444,C ,13.7,,,0.0,-23.90403
2024-02-22 00:00:00.0,25.2125,32.4,19.9,,,,7.65,,,,7.0,7.0,3.5,,,25.63594,84,81,21.44824,,2.523612,E ,3.154515,C ,29.5,,,0.0,-23.90403
2024-02-23 00:00:00.0,22.01736,28.4,17.8,,,,1.55,,,,0.0,0.0,0.0,,,21.793,85,82,18.83623,,4.940969,S ,6.176212,C ,27.1,,,0.0,-22.49303
2024-02-24 00:00:00.0,17.91527,22.7,12.4,,,,3.55,,,,0.0,0.0,0.0,,,14.11779,76,71,12.05925,,5.214583,SE,6.518229,C ,25.1,,,0.0,-8.797997
2024-02-25 00:00:00.0,17.32708,26.3,9.6,,,,16.95,,,,0.0,0.0,0.0,,,16.72902,80,73,14.51427,,2.853472,E ,3.566841,C ,18.3,,,0.0,-11.95201
2024-02-26 00:00:00.0,21.15694,28.7,15.6,,,,16.6,,,,2.25,2.0,2.0,,,22.99821,89,87,19.55716,,1.73125,E ,2.164063,C ,15.8,,,0.0,-18.92402
2024-02-27 00:00:00.0,23.98542,32.9,19.1,,,,19.65,,,,0.0,0.25,0.25,,,25.17714,86,83,21.17665,,1.876389,W ,2.345486,C ,13.3,,,0.0,-23.90403
2024-02-28 00:00:00.0,25.55625,33.5,19.1,,,,-2.15,,,,0.0,0.0,0.0,,,25.27052,79,73,21.22089,,2.831944,W ,3.539931,C ,20.3,,,0.0,-23.90403
2024-02-29 00:00:00.0,21.74514,26.4,17.3,,,,10.65,,,,0.0,0.0,0.0,,,17.26545,74,66,15.12648,,4.538889,E ,5.673611,C ,16.9,,,0.0,-19.17302
2024-03-01 00:00:00.0,19.50903,30.2,9.5,,,,2.1,,,,7.75,0.0,0.0,,,16.4335,75,71,14.24737,,1.732638,E ,2.165798,C ,19.5,,,0.0,-12.53301
2024-03-02 00:00:00.0,22.78263,31.5,17.8,,,,18.55,,,,0.0,7.75,6.5,,,22.66385,84,78,19.078,,6.525001,S ,8.156251,C ,33.2,,,0.0,-20.58402
2024-03-03 00:00:00.0,16.98473,25.1,7.9,,,,16.75,,,,0.0,0.0,0.0,,,11.32925,67,58,8.735079,,3.168751,C ,3.960939,C ,26.0,,,0.0,-4.564995
2024-03-04 00:00:00.0,16.6625,26.6,8.3,,,,41.6,,,,0.0,0.0,0.0,,,12.10261,68,64,9.71044,,5.461805,S ,6.827257,C ,27.7,,,0.0,-5.560997
2024-03-05 00:00:00.0,15.18889,23.2,8.9,,,,-9.3,,,,0.0,0.0,0.0,,,13.23082,81,75,11.0749,,4.550693,S ,5.688366,C ,20.5,,,0.0,-3.734997
2024-03-06 00:00:00.0,16.90069,26.5,7.9,,,,15.85,,,,0.0,0.0,0.0,,,15.79378,79,74,13.56877,,1.652084,C ,2.065104,C ,11.9,,,0.0,-10.707
2024-03-07 00:00:00.0,22.19375,31.1,15.2,,,,,,,,6.0,0.0,0.0,,,18.67704,74,66,16.38911,,1.971528,W ,2.464409,C ,16.4,,,0.0,-19.42202
2024-03-08 00:00:00.0,21.82778,30.3,18.0,,,,,,,,5.5,6.0,1.25,,,22.67171,89,87,19.46301,,1.454861,C ,1.818576,C ,18.8,,,0.0,-22.16103
2024-03-09 00:00:00.0,22.44654,30.0,17.0,,,,20.75,,,,0.0,5.5,3.5,,,19.27237,77,75,16.73907,,4.838193,S ,6.047742,C ,22.3,,,0.0,-18.50902
2024-03-10 00:00:00.0,18.84306,29.3,9.4,,,,41.60006,,,,6.75,0.0,0.0,,,15.91002,74,68,13.79913,,1.654167,E ,2.067708,C ,13.4,,,0.0,-12.86501
2024-03-11 00:00:00.0,19.09236,22.3,17.5,,,,41.60006,,,,20.25,27.0,4.25,,,21.63959,98,100,18.73086,,2.434028,E ,3.042535,C ,24.6,,,0.0,-21.91203
2024-03-12 00:00:00.0,19.57083,23.2,17.3,,,,41.6,,,,23.0,23.0,7.25,,,22.52891,99,100,19.37072,,1.827083,C ,2.283854,C ,27.5,,,0.0,-22.90803
2024-03-13 00:00:00.0,20.86736,26.8,17.0,,,,-7.8,,,,0.25,0.25,0.25,,,24.71505,96,95,20.78982,,1.455555,C ,1.819444,C ,18.5,,,0.0,-22.41003
2024-03-14 00:00:00.0,23.57361,30.2,16.0,,,,18.2,,,,0.0,0.0,0.0,,,22.48186,85,82,19.05981,,3.311112,C ,4.13889,C ,21.1,,,0.0,-19.25602
2024-03-15 00:00:00.0,19.30903,29.9,10.8,,,,19.15,,,,0.0,0.0,0.0,,,17.79131,79,71,15.42201,,0.9965278,C ,1.24566,C ,13.5,,,0.0,-13.03101
2024-03-16 00:00:00.0,21.59097,30.1,15.9,,,,16.15,,,,0.25,0.0,0.0,,,20.20097,84,83,17.42975,,3.584722,C ,4.480903,C ,21.9,,,0.0,-16.68301
2024-03-17 00:00:00.0,18.19722,27.4,10.2,,,,16.5,,,,26.5,0.25,0.25,,,16.80473,79,74,14.64438,,1.755556,C ,2.194444,C ,20.5,,,0.0,-11.78601
2024-03-18 00:00:00.0,20.31041,26.7,17.0,,,,16.35,,,,0.5,27.0,12.75,,,22.43435,94,92,19.27477,,1.684722,C ,2.105903,C ,19.0,,,0.0,-20.75003
2024-03-19 00:00:00.0,21.35069,26.7,17.9,,,,17.3,,,,12.25,1.25,1.0,,,23.1642,92,89,19.82787,,2.438889,E ,3.048612,C ,26.9,,,0.0,-23.73803
2024-03-20 00:00:00.0,19.63403,23.1,17.8,,,,16.85,,,,8.75,19.75,8.75,,,21.797,97,99,18.71037,,4.629168,C ,5.78646,C ,27.7,,,0.0,-21.49702
2024-03-21 00:00:00.0,15.19097,19.7,9.7,,,,41.6,,,,0.25,0.0,0.0,,,13.38891,84,83,11.28735,,5.806944,S ,7.25868,C ,23.8,,,0.0,-1.743001
2024-03-22 00:00:00.0,15.46042,24.6,9.0,,,,41.6,,,,0.0,0.25,0.25,,,13.3531,77,71,11.19246,,1.627083,C ,2.033854,C ,13.0,,,0.0,-6.557
2024-03-23 00:00:00.0,17.44236,23.8,11.0,,,,18.35,,,,0.0,0.0,0.0,,,17.34641,86,81,15.17841,,2.222917,W ,2.778646,C ,24.4,,,0.0,-12.78201
2024-03-24 00:00:00.0,20.96319,30.7,14.0,,,,-3.45,,,,0.0,0.0,0.0,,,19.3101,82,79,16.8541,,2.338889,W ,2.923611,C ,12.8,,,0.0,-13.94401
2024-03-25 00:00:00.0,16.84306,22.9,11.4,,,,16.4,,,,0.25,0.25,0.25,,,16.1208,89,88,14.00857,,3.31389,C ,4.142362,C ,17.2,,,0.0,-7.303995
2024-03-26 00:00:00.0,16.60209,26.6,7.8,,,,19.9,,,,0.0,0.0,0.0,,,16.69139,85,84,14.32616,,1.04375,C ,1.304688,C ,13.2,,,0.0,-6.723
2024-03-27 00:00:00.0,19.0743,27.9,12.1,,,,16.0,,,,14.75,4.5,4.5,,,20.64813,90,87,17.79585,,0.9020833,C ,1.127604,C ,14.4,,,0.0,-15.85301
2024-03-28 00:00:00.0,21.5875,29.7,16.6,,,,15.8,,,,0.25,10.5,4.5,,,22.44754,89,87,19.25736,,0.6826388,C ,0.8532985,C ,8.3,,,0.0,-20.08602
2024-03-29 00:00:00.0,21.77847,29.4,16.1,,,,-1.3,,,,0.0,0.0,0.0,,,21.90226,84,82,18.90481,,2.006945,W ,2.508681,C ,15.5,,,0.0,-20.33502
2024-03-30 00:00:00.0,19.43612,22.6,13.8,,,,41.6,,,,0.0,0.0,0.0,,,18.20368,87,77,15.53985,,3.6375,SE,4.546875,C ,19.5,,,0.0,-15.10601
2024-03-31 00:00:00.0,15.05486,21.0,10.0,,,,41.6,,,,0.0,0.0,0.0,,,13.35378,79,69,11.22967,,1.865973,C ,2.332466,C ,15.2,,,0.0,-5.478
2024-04-01 00:00:00.0,15.49722,23.6,11.0,,,,17.85,,,,2.75,2.5,2.0,,,14.86986,88,84,12.83173,,1.2125,C ,1.515625,C ,21.2,,,0.0,-3.402997
2024-04-02 00:00:00.0,15.14583,24.1,7.5,,,,41.6,,,,0.0,0.25,0.25,,,14.52481,83,78,12.38901,,1.396528,C ,1.74566,C ,17.2,,,0.0,-4.98
2024-04-03 00:00:00.0,17.50209,23.5,14.6,,,,18.1,,,,0.0,0.0,0.0,,,17.85659,92,92,15.64176,,1.590277,C ,1.987847,C ,17.6,,,0.0,-9.711
2024-04-04 00:00:00.0,16.26806,26.8,7.6,,,,15.85,,,,0.0,0.0,0.0,,,12.42838,71,62,10.10955,,2.043056,W ,2.553819,C ,16.2,,,0.0,-4.232998
2024-04-05 00:00:00.0,17.87847,28.6,9.4,,,,16.0,,,,0.25,0.0,0.0,,,16.72663,82,80,14.49525,,1.616667,E ,2.020834,C ,18.7,,,0.0,-9.711002
2024-04-06 00:00:00.0,19.68611,28.8,12.6,,,,15.9,,,,0.0,0.25,0.25,,,17.43916,80,73,15.28496,,1.732639,C ,2.165799,C ,19.2,,,0.0,-13.03101
2024-04-07 00:00:00.0,19.27847,28.2,13.1,,,,17.15,,,,0.25,0.0,0.0,,,18.319,84,81,16.02579,,1.344444,C ,1.680555,C ,14.0,,,0.0,-12.45001
2024-04-08 00:00:00.0,19.75486,28.1,14.0,,,,16.5,,,,0.0,0.25,0.25,,,20.03383,87,85,17.43877,,1.853472,W ,2.31684,C ,19.2,,,0.0,-15.43801
2024-04-09 00:00:00.0,17.40764,21.2,12.5,,,,-4.65,,,,0.0,0.0,0.0,,,16.10995,86,83,13.82495,,7.39375,S ,9.242188,C ,27.5,,,0.0,-9.296002
2024-04-10 00:00:00.0,12.21528,18.9,7.6,,,,16.45,,,,0.0,0.0,0.0,,,10.67209,81,75,7.87981,,4.661806,S ,5.827257,C ,24.1,,,3.153999,8.880995
2024-04-11 00:00:00.0,9.858333,17.3,4.1,,,,15.8,,,,0.0,0.0,0.0,,,10.40461,83,81,7.460666,,2.104167,C ,2.630209,C ,22.1,,,7.303997,11.122
2024-04-12 00:00:00.0,12.54514,18.2,7.9,,,,2.6,,,,2.5,2.25,0.75,,,14.33227,94,92,12.18353,,2.375001,C ,2.968751,C ,14.2,,,0.0,3.071
2024-04-13 00:00:00.0,16.32014,21.0,13.9,,,,3.5,,,,33.25,2.0,1.25,,,18.07677,94,94,15.86959,,5.784028,E ,7.230034,C ,24.1,,,0.0,-11.20501
2024-04-14 00:00:00.0,17.76945,19.3,16.1,,,,5.65,,,,33.5,39.25,4.75,,,20.86097,100,100,18.14529,,6.728474,E ,8.410592,C ,34.2,,,0.0,-19.42202
2024-04-15 00:00:00.0,20.74375,22.4,19.2,,,,41.6,,,,17.25,43.0,6.0,,,25.20496,100,100,21.20069,,6.134027,E ,7.667534,C ,34.4,,,0.0,-23.90403
2024-04-16 00:00:00.0,19.46319,22.5,15.6,,,,4.5,,,,0.5,0.5,0.25,,,20.49551,98,97,17.74125,,5.222917,W ,6.528646,C ,31.5,,,0.0,-17.34702
2024-04-17 00:00:00.0,16.06806,21.9,11.7,,,,0.05804123,,,,0.0,0.0,0.0,,,13.89542,79,73,11.78465,,5.710417,W ,7.138021,C ,28.9,,,0.0,-6.307997
2024-04-18 00:00:00.0,15.2757,24.6,9.3,,,,17.15,,,,0.0,0.0,0.0,,,12.32157,75,67,10.01125,,4.227083,W ,5.283854,C ,23.2,,,0.0,-3.403
2024-04-19 00:00:00.0,17.77709,26.6,11.6,,,,16.35,,,,0.0,0.0,0.0,,,18.11327,85,82,15.78727,,2.877083,W ,3.596354,C ,23.5,,,0.0,-13.19701
2024-04-20 00:00:00.0,19.84098,28.1,14.4,,,,41.6,,,,0.0,0.0,0.0,,,19.05796,85,77,16.62887,,2.261806,E ,2.827258,C ,16.5,,,0.0,-13.44601
2024-04-21 00:00:00.0,15.02361,18.3,12.4,,,,15.8,,,,3.0,0.0,0.0,,,13.15985,80,75,10.93041,,4.937498,SE,6.171873,C ,22.5,,,0.0,-0.9960002
2024-04-22 00:00:00.0,14.03403,19.7,10.4,,,,7.15,,,,1.25,4.0,1.75,,,14.44802,88,90,12.39385,,4.299999,E ,5.374999,C ,26.6,,,0.0,-0.9960008
2024-04-23 00:00:00.0,15.95139,21.4,9.8,,,,18.3,,,,0.25,0.5,0.25,,,13.6356,81,78,11.32275,,5.537501,W ,6.921877,C ,25.5,,,0.0,-3.983994
2024-04-24 00:00:00.0,12.21597,19.4,7.1,,,,41.6,,,,0.0,0.0,0.0,,,11.88946,84,84,9.377592,,4.384026,C ,5.480032,C ,21.6,,,0.0,6.888996
2024-04-25 00:00:00.0,10.87153,14.2,7.7,,,,41.6,,,,2.25,2.0,0.5,,,13.21196,100,100,10.9697,,0.8673609,C ,1.084201,C ,13.2,,,0.0,9.462005
2024-04-26 00:00:00.0,12.10069,17.4,6.2,,,,16.35,,,,12.75,12.75,6.5,,,14.7018,100,100,12.36875,,2.952083,S ,3.690104,C ,13.3,,,1.494,6.141995
2024-04-27 00:00:00.0,10.77431,17.5,6.4,,,,16.35,,,,0.0,0.25,0.25,,,9.740139,81,75,6.465266,,2.73125,W ,3.414063,C ,21.3,,,3.817999,14.19301
2024-04-28 00:00:00.0,10.99653,20.3,4.7,,,,-4.75,,,,0.0,0.0,0.0,,,10.04119,77,73,6.949706,,3.767361,W ,4.709201,C ,28.4,,,6.971997,6.059003
2024-04-29 00:00:00.0,13.95625,21.7,9.1,,,,19.0,,,,0.5,0.0,0.0,,,13.50939,83,81,11.32001,,2.165972,E ,2.707465,C ,26.1,,,0.0,-3.071
2024-04-30 00:00:00.0,16.69236,20.5,13.3,,,,,,,,0.0,0.5,0.25,,,16.77378,90,90,14.51022,,2.750695,C ,3.438368,C ,23.2,,,0.0,-10.375
2024-05-01 00:00:00.0,11.77778,17.7,6.1,,,,-5.55,,,,0.0,0.0,0.0,,,9.627406,76,69,6.355899,,2.946528,C ,3.68316,C ,20.1,,,1.162,11.039
2024-05-02 00:00:00.0,9.508333,16.2,6.1,,,,-4.0,,,,0.0,0.0,0.0,,,8.735805,79,75,4.990332,,5.530555,C ,6.913194,C ,27.2,,,10.79,15.93601
2024-05-03 00:00:00.0,8.322222,17.6,1.2,,,,15.15,,,,0.0,0.0,0.0,,,8.855964,81,78,5.114714,,1.615278,C ,2.019097,C ,13.2,,,9.461999,11.371
2024-05-04 00:00:00.0,11.77083,21.2,4.8,,,,,,,,0.0,0.0,0.0,,,13.15325,89,87,10.6773,,1.770833,C ,2.213541,C ,16.4,,,7.469996,1.908998
2024-05-05 00:00:00.0,16.3368,22.5,12.2,,,,41.6,,,,3.0,1.25,0.25,,,18.33079,97,98,16.06148,,2.979167,C ,3.723958,C ,21.4,,,0.0,-9.462
2024-05-06 00:00:00.0,13.33333,15.4,11.2,,,,,,,,0.0,1.75,0.75,,,14.71804,97,97,12.71929,,9.598612,SE,11.99826,C ,34.2,,,0.0,3.651998
2024-05-07 00:00:00.0,15.69166,17.9,13.5,,,,,,,,0.75,0.75,0.25,,,18.24241,100,100,16.01113,,2.752083,E ,3.440104,C ,23.8,,,0.0,-6.640004
2024-05-08 00:00:00.0,14.32362,18.8,7.8,,,,17.05,,,,0.0,0.0,0.0,,,13.70691,91,88,11.23323,,9.918751,W ,12.39844,C ,43.1,,,2.987999,4.066999
2024-05-09 00:00:00.0,9.049998,18.8,1.9,,,,15.8,,,,0.0,0.0,0.0,,,8.332746,76,74,4.303627,,3.261807,W ,4.077259,C ,18.9,,,10.956,12.11801
2024-05-10 00:00:00.0,10.03889,19.4,3.6,,,,-8.4,,,,0.0,0.0,0.0,,,10.02259,83,80,6.901477,,1.0125,C ,1.265625,C ,15.7,,,8.797997,9.213003
2024-05-11 00:00:00.0,8.90486,15.4,4.2,,,,15.9,,,,0.0,0.0,0.0,,,10.00719,91,90,6.845704,,5.247223,SE,6.559029,C ,26.7,,,12.78201,15.60401
2024-05-12 00:00:00.0,7.377777,13.7,3.3,,,,42.95,,,,0.0,0.0,0.0,,,9.034232,90,89,5.407225,,5.329168,S ,6.66146,C ,23.1,,,13.28001,17.59602
2024-05-13 00:00:00.0,6.4625,15.9,0.4,,,,41.65,,,,0.5,0.5,0.5,,,9.017685,92,87,5.18485,,4.706251,S ,5.882814,C ,19.4,,,12.61601,10.707
2024-05-14 00:00:00.0,6.325694,13.5,1.1,,,,41.6,,,,0.0,0.0,0.0,,,7.954404,85,82,3.602025,,5.19028,W ,6.48785,C ,26.6,,,14.44201,13.94401
2024-05-15 00:00:00.0,8.277083,17.4,2.9,,,,27.3,,,,0.0,0.0,0.0,,,9.113405,82,78,5.545892,,4.725695,W ,5.907119,C ,24.2,,,8.299996,13.86101
2024-05-16 00:00:00.0,10.49375,17.8,4.5,,,,41.6,,,,0.0,0.0,0.0,,,9.861027,81,77,6.735514,,2.584722,W ,3.230903,C ,20.0,,,6.971997,11.205
2024-05-17 00:00:00.0,8.838194,14.7,3.8,,,,41.6,,,,0.25,0.0,0.0,,,9.615391,88,85,6.329843,,4.470834,S ,5.588542,C ,23.4,,,10.458,16.43401
2024-05-18 00:00:00.0,6.377778,13.4,-0.6,,,,17.15,,,,1.0,0.25,0.25,,,8.715162,90,87,4.785227,,1.56875,C ,1.960938,C ,14.0,,,10.624,14.69102
2024-05-19 00:00:00.0,8.07778,11.8,6.0,,,,22.55,,,,0.0,1.0,0.25,,,9.75667,93,90,6.568524,,1.335417,C ,1.669271,C ,10.6,,,11.288,
2024-05-20 00:00:00.0,7.715278,16.9,2.1,,,,19.85,,,,0.25,0.25,0.25,,,9.69852,89,87,6.313933,,1.935417,C ,2.419271,C ,21.5,,,8.631997,13.86101
2024-05-21 00:00:00.0,10.19931,15.0,7.3,,,,42.7,,,,0.0,0.0,0.0,,,12.25652,97,95,9.893766,,1.070833,C ,1.338542,C ,8.4,,,0.0,13.52901
2024-05-22 00:00:00.0,10.23264,17.9,5.4,,,,21.25,,,,0.0,0.0,0.0,,,10.91087,91,88,8.139899,,2.184722,C ,2.730903,C ,16.7,,,6.805997,14.52501
2024-05-23 00:00:00.0,8.697918,15.8,5.5,,,,20.15,,,,0.0,0.0,0.0,,,10.35331,93,91,7.361248,,5.940279,S ,7.425349,C ,28.3,,,12.94801,17.18102
2024-05-24 00:00:00.0,5.129168,11.6,0.4,,,,41.6,,,,0.0,0.0,0.0,,,7.169863,88,91,2.1034,,6.031944,S ,7.53993,C ,29.2,,,16.26801,
2024-05-25 00:00:00.0,4.674305,12.5,-1.3,,,,41.6,,,,0.25,0.0,0.0,,,8.247311,92,91,3.953119,,3.795831,S ,4.744789,C ,21.5,,,13.94401,
2024-05-26 00:00:00.0,5.552778,12.7,0.3,,,,,,,,0.0,0.25,0.25,,,8.44218,91,87,4.385885,,0.7888887,C ,0.9861109,C ,15.2,,,13.61201,15.85302
2024-05-27 00:00:00.0,6.74861,12.9,2.1,,,,41.6,,,,0.0,0.0,0.0,,,8.987667,93,91,5.328836,,2.675,C ,3.34375,C ,17.3,,,15.43801,19.25602
2024-05-28 00:00:00.0,9.727085,19.1,3.2,,,,20.25,,,,0.0,0.0,0.0,,,11.38398,92,88,8.764553,,1.027083,C ,1.283854,C ,11.8,,,6.141997,12.69901
2024-05-29 00:00:00.0,10.00764,14.7,7.0,,,,,,,,0.25,0.0,0.0,,,12.29017,98,98,9.907853,,2.173612,W ,2.717015,C ,21.3,,,0.0,15.02301
2024-05-30 00:00:00.0,10.23333,18.1,4.6,,,,16.4,,,,0.0,0.25,0.25,,,11.53922,94,88,8.906887,,1.673611,C ,2.092014,C ,10.1,,,4.979998,14.27601
2024-05-31 00:00:00.0,9.276388,16.9,3.0,,,,16.2,,,,0.0,0.0,0.0,,,11.71946,96,93,9.043043,,1.500695,E ,1.875868,C ,14.1,,,7.469996,12.28401
2024-06-01 00:00:00.0,12.40834,18.7,9.6,,,,41.6,,,,0.0,0.0,0.0,,,13.36778,95,91,11.08695,,2.093056,W ,2.61632,C ,18.1,,,2.822,6.141997
2024-06-02 00:00:00.0,8.487499,15.2,5.3,,,,41.6,,,,0.0,0.0,0.0,,,9.449123,88,83,6.113362,,4.089583,C ,5.111979,C ,25.5,,,10.956,18.92402
2024-06-03 00:00:00.0,5.975695,14.2,1.2,,,,41.6,,,,0.0,0.0,0.0,,,7.962515,90,84,3.616462,,2.383333,C ,2.979167,C ,17.8,,,16.76601,16.10202
2024-06-04 00:00:00.0,6.325001,12.8,1.1,,,,41.6,,,,0.0,0.0,0.0,,,9.369375,91,89,5.832576,,1.293056,C ,1.616319,C ,15.9,,,8.797997,15.77002
2024-06-05 00:00:00.0,10.9,17.3,7.7,,,,41.6,,,,0.0,0.0,0.0,,,12.91421,96,95,10.67218,,0.9284722,C ,1.16059,C ,17.1,,,0.0,11.62001
2024-06-06 00:00:00.0,12.97222,19.9,9.1,,,,18.2,,,,0.25,0.0,0.0,,,13.61998,93,89,11.51285,,2.134722,W ,2.668402,C ,12.9,,,0.0,3.568998
2024-06-07 00:00:00.0,12.80278,21.6,6.9,,,,42.55,,,,2.75,3.0,2.5,,,13.81402,91,85,11.58113,,1.432639,C ,1.790799,C ,8.1,,,0.166,1.328
2024-06-08 00:00:00.0,14.58403,16.8,12.5,,,,41.6,,,,0.0,0.0,0.0,,,16.97796,100,100,14.89653,,2.951389,E ,3.689236,C ,18.2,,,0.0,-2.821999
2024-06-09 00:00:00.0,17.62222,22.3,12.9,,,,16.15,,,,0.0,0.0,0.0,,,18.95886,96,95,16.49672,,4.320139,W ,5.400174,C ,23.5,,,0.0,-11.703
2024-06-10 00:00:00.0,12.71458,20.2,7.1,,,,16.0,,,,0.25,0.25,0.25,,,12.25529,89,84,9.916654,,3.337499,W ,4.171874,C ,15.1,,,0.0,5.892996
2024-06-11 00:00:00.0,11.09861,18.7,6.6,,,,16.85,,,,0.25,0.25,0.25,,,12.37011,91,89,10.00773,,1.915278,E ,2.394098,C ,16.7,,,1.162,7.469998
2024-06-12 00:00:00.0,14.29722,17.5,12.4,,,,15.85,,,,0.0,0.0,0.0,,,16.78632,99,99,14.69535,,1.552083,C ,1.940104,C ,14.0,,,0.0,-3.319999
2024-06-13 00:00:00.0,19.56458,25.5,15.5,,,,20.15,,,,0.0,0.0,0.0,,,20.42896,90,87,17.81046,,3.084028,C ,3.855036,C ,24.4,,,0.0,-17.76202
2024-06-14 00:00:00.0,15.46389,20.2,11.4,,,,18.15,,,,0.0,0.0,0.0,,,14.36686,87,83,12.24951,,1.271528,C ,1.58941,C ,11.5,,,0.0,-1.66
2024-06-15 00:00:00.0,11.52292,21.4,4.4,,,,18.85,,,,0.0,0.0,0.0,,,10.33091,82,77,7.379193,,1.603472,C ,2.00434,C ,16.2,,,8.299996,7.718999
2024-06-16 00:00:00.0,10.55,22.8,5.1,,,,15.8,,,,0.0,0.0,0.0,,,10.49673,85,81,7.559196,,1.218055,C ,1.522569,C ,8.1,,,8.797997,10.87301
2024-06-17 00:00:00.0,9.172916,19.5,0.4,,,,18.4,,,,0.0,0.0,0.0,,,11.28986,91,87,8.23602,,1.848611,C ,2.310764,C ,15.3,,,8.465997,5.395001
2024-06-18 00:00:00.0,12.82292,15.4,10.3,,,,,,,,4.5,4.25,3.25,,,15.01645,100,100,12.975,,1.346528,C ,1.68316,C ,11.7,,,0.0,5.312001
2024-06-19 00:00:00.0,12.21875,19.2,8.3,,,,15.9,,,,0.0,0.25,0.25,,,11.27326,87,80,8.643283,,2.090278,C ,2.612847,C ,10.8,,,2.822,8.964003
2024-06-20 00:00:00.0,5.872223,13.8,-2.2,,,,17.15,,,,1.75,0.0,0.0,,,8.049494,87,84,3.575119,,2.048611,E ,2.560764,C ,15.2,,,11.288,11.78601
2024-06-21 00:00:00.0,11.43333,15.7,6.2,,,,16.15,,,,1.25,3.0,1.0,,,14.74593,99,100,12.54952,,3.252779,E ,4.065973,C ,25.5,,,,6.059003
2024-06-22 00:00:00.0,13.39097,17.6,8.8,,,,16.05,,,,0.25,0.25,0.25,,,14.19811,97,96,12.07147,,4.170139,S ,5.212674,C ,17.3,,,0.0,5.477999
2024-06-23 00:00:00.0,9.497222,14.7,5.5,,,,41.6,,,,0.0,0.0,0.0,,,9.603831,86,82,6.303216,,5.904166,W ,7.380207,C ,28.9,,,6.307997,17.76202
2024-06-24 00:00:00.0,6.305555,11.9,2.0,,,,,,,,0.0,0.0,0.0,,,8.808819,95,93,4.998332,,4.387499,S ,5.484374,C ,22.3,,,14.60801,
2024-06-25 00:00:00.0,4.004167,11.3,-0.8,,,,,,,,0.0,0.0,0.0,,,7.673166,93,90,3.010423,,0.7645832,C ,0.9557289,C ,7.6,,,17.26402,
2024-06-26 00:00:00.0,6.478473,11.2,1.6,,,,19.1,,,,0.75,0.0,0.0,,,9.204722,91,87,5.668899,,5.059721,W ,6.324651,C ,30.9,,,9.627999,
2024-06-27 00:00:00.0,8.681945,11.2,6.9,,,,,,,,3.0,3.75,1.25,,,11.01175,98,100,8.298125,,4.486806,W ,5.608508,C ,19.8,,,1.162,
2024-06-28 00:00:00.0,6.314584,10.0,2.9,,,,43.6,,,,0.25,0.25,0.25,,,8.141706,90,92,3.842959,,9.29861,W ,11.62326,C ,35.8,,,17.26402,
2024-06-29 00:00:00.0,4.220833,9.3,1.1,,,,,,,,0.0,0.0,0.0,,,7.576761,92,93,2.874231,,9.87778,W ,12.34723,C ,32.9,,,18.92402,
2024-06-30 00:00:00.0,4.740277,14.8,-2.0,,,,19.65,,,,0.0,0.0,0.0,,,7.130344,79,76,1.956872,,4.708334,W ,5.885417,C ,29.6,,,9.96,9.379
2024-07-01 00:00:00.0,9.565278,15.9,5.7,,,,41.6,,,,0.0,0.0,0.0,,,8.791932,77,77,5.101602,,3.147917,W ,3.934896,C ,17.0,,,4.979998,17.01501
2024-07-02 00:00:00.0,8.55347,18.2,0.1,,,,16.7,,,,0.0,0.0,0.0,,,9.049855,82,79,5.377617,,3.592361,W ,4.490452,C ,22.2,,,8.963998,11.53701
2024-07-03 00:00:00.0,7.052778,10.4,2.9,,,,17.05,,,,0.0,0.0,0.0,,,8.425491,90,89,4.415904,,4.860417,W ,6.075521,C ,22.8,,,15.27201,
2024-07-04 00:00:00.0,4.280555,11.9,-1.0,,,,-6.15,,,,0.0,0.0,0.0,,,5.700685,73,68,-1.093833,,5.567363,W ,6.959204,C ,31.4,,,17.09801,
2024-07-05 00:00:00.0,2.889583,10.6,-3.2,,,,18.6,,,,0.0,0.0,0.0,,,5.216969,72,71,-2.256358,,7.276388,W ,9.095486,C ,35.5,,,17.26402,
2024-07-06 00:00:00.0,3.553472,10.6,-1.8,,,,41.6,,,,0.0,0.0,0.0,,,7.429205,91,87,2.484324,,1.796528,W ,2.24566,C ,9.2,,,16.26801,
2024-07-07 00:00:00.0,2.824306,10.3,-1.8,,,,44.35,,,,0.0,0.0,0.0,,,6.16395,89,86,-0.09790143,,4.590973,S ,5.738716,C ,22.8,,,18.92402,
2024-07-08 00:00:00.0,0.3180556,9.9,-6.2,,,,15.9,,,,0.0,0.0,0.0,,,5.160501,84,80,-2.456401,,2.144444,C ,2.680555,C ,17.8,,,18.59202,
2024-07-09 00:00:00.0,0.7770835,10.5,-6.0,,,,41.6,,,,0.0,0.0,0.0,,,4.985382,81,78,-2.876909,,0.834722,C ,1.043403,C ,13.4,,,18.09402,
2024-07-10 00:00:00.0,1.352084,11.5,-6.0,,,,15.8,,,,0.0,0.0,0.0,,,5.523188,81,76,-1.563704,,1.515972,C ,1.894965,C ,13.7,,,17.59602,
2024-07-11 00:00:00.0,3.688889,14.9,-3.8,,,,41.6,,,,0.0,0.0,0.0,,,5.924626,79,74,-0.5101976,,2.124307,C ,2.655384,C ,12.1,,,16.76601,6.059
2024-07-12 00:00:00.0,3.063889,13.4,-3.3,,,,41.6,,,,0.0,0.0,0.0,,,7.406027,93,89,2.276786,,1.120833,C ,1.401042,C ,10.8,,,17.92802,11.122
2024-07-13 00:00:00.0,5.590972,16.1,-3.5,,,,41.6,,,,0.0,0.0,0.0,,,6.838293,78,73,1.417653,,2.311111,NW,2.888889,C ,14.1,,,15.60401,9.462
2024-07-14 00:00:00.0,5.476388,15.4,-1.6,,,,,,,,0.0,0.0,0.0,,,6.377914,76,73,0.5450032,,1.745833,W ,2.182292,C ,12.3,,,15.93601,9.046999
2024-07-15 00:00:00.0,4.647223,16.3,-5.2,,,,41.6,,,,0.0,0.0,0.0,,,8.421961,92,86,3.846307,,1.580556,W ,1.975695,C ,12.6,,,14.44201,9.711002
2024-07-16 00:00:00.0,8.309027,18.2,1.6,,,,41.6,,,,0.25,0.25,0.25,,,10.24278,90,87,7.008391,,1.907639,E ,2.384548,C ,15.1,,,8.963998,10.70701
2024-07-17 00:00:00.0,10.34444,19.8,3.8,,,,,,,,0.0,0.0,0.0,,,10.20428,84,78,7.187355,,1.735417,C ,2.169271,C ,9.7,,,6.971997,10.624
2024-07-18 00:00:00.0,11.10555,20.4,4.4,,,,41.6,,,,0.0,0.0,0.0,,,12.02117,89,87,9.478573,,2.892361,W ,3.615452,C ,18.9,,,7.967996,6.806004
2024-07-19 00:00:00.0,8.444443,13.3,2.6,,,,,,,,0.0,0.0,0.0,,,8.894073,89,87,5.133723,,7.845136,S ,9.80642,C ,32.7,,,11.62,16.01901
2024-07-20 00:00:00.0,4.368055,10.2,-2.1,,,,,,,,17.25,12.5,3.25,,,8.475045,93,92,4.189398,,1.531945,C ,1.914931,C ,15.4,,,9.129998,
2024-07-21 00:00:00.0,8.868054,14.7,7.3,,,,41.6,,,,0.25,4.75,1.75,,,11.06526,98,99,8.353195,,3.170834,SE,3.963542,C ,14.5,,,3.153999,19.00702
2024-07-22 00:00:00.0,7.961805,16.9,1.3,,,,15.85,,,,0.0,0.25,0.25,,,9.719271,89,86,6.337231,,3.814582,W ,4.768228,C ,28.0,,,9.295999,12.11801
2024-07-23 00:00:00.0,10.74028,19.5,4.8,,,,15.9,,,,0.0,0.0,0.0,,,12.50471,94,91,9.985543,,2.463888,W ,3.07986,C ,14.7,,,6.141997,8.300001
2024-07-24 00:00:00.0,12.22153,16.4,9.6,,,,45.15,,,,2.75,2.75,2.25,,,14.16696,99,100,12.01856,,1.894445,W ,2.368056,C ,15.0,,,0.0,7.304002
2024-07-25 00:00:00.0,10.95694,22.1,3.7,,,,45.45,,,,0.0,0.0,0.0,,,10.31468,83,78,7.35314,,2.601389,W ,3.251736,C ,16.3,,,7.137997,9.628001
2024-07-26 00:00:00.0,10.5757,19.9,4.6,,,,15.8,,,,0.0,0.0,0.0,,,10.67392,86,83,7.815803,,1.633333,E ,2.041666,C ,13.6,,,8.133996,10.375
2024-07-27 00:00:00.0,9.122914,18.2,2.0,,,,41.6,,,,0.0,0.0,0.0,,,7.664995,77,71,2.960011,,4.09236,C ,5.115451,C ,27.0,,,14.60801,12.201
2024-07-28 00:00:00.0,4.568057,15.7,-3.1,,,,41.6,,,,0.0,0.0,0.0,,,5.525541,73,68,-1.461959,,2.440278,C ,3.050347,C ,20.3,,,16.26801,4.398998
2024-07-29 00:00:00.0,3.40764,14.7,-4.6,,,,,,,,0.0,0.0,0.0,,,5.367241,72,64,-1.906171,,1.854167,C ,2.317708,C ,11.6,,,16.60001,9.046998
2024-07-30 00:00:00.0,5.323611,14.1,-1.4,,,,41.6,,,,0.0,0.0,0.0,,,7.895854,87,86,3.40664,,3.122917,NW,3.903646,C ,23.4,,,14.94001,11.45401
2024-07-31 00:00:00.0,9.218751,17.1,3.6,,,,,,,,0.0,0.0,0.0,,,11.92889,94,91,9.238694,,2.077084,E ,2.596355,C ,13.1,,,7.801996,10.624
2024-08-01 00:00:00.0,16.29028,21.8,11.6,,,,,,,,0.0,0.0,0.0,,,18.13777,94,93,15.91791,,2.466666,E ,3.083333,C ,18.0,,,0.0,-10.458
2024-08-02 00:00:00.0,21.77014,29.0,15.2,,,,41.6,,,,13.25,0.0,0.0,,,20.1363,77,71,17.6019,,5.946527,W ,7.433159,C ,28.9,,,0.0,-22.90803
2024-08-03 00:00:00.0,15.40625,22.6,11.2,,,,2.1,,,,0.0,13.25,3.5,,,12.65293,81,77,10.20275,,5.065278,W ,6.331597,C ,27.1,,,0.0,0.2489996
2024-08-04 00:00:00.0,11.08333,20.8,3.7,,,,0.55,,,,0.0,0.0,0.0,,,8.539515,70,68,4.595552,,3.184723,NW,3.980904,C ,14.7,,,6.971997,7.967999
2024-08-05 00:00:00.0,11.11181,18.9,5.0,,,,,,,,0.5,0.0,0.0,,,12.93555,90,87,10.44802,,3.74514,E ,4.681425,C ,23.6,,,7.801996,4.813993
2024-08-06 00:00:00.0,14.66042,16.4,13.2,,,,-3.0,,,,16.75,17.25,5.0,,,16.24484,100,100,14.19028,,4.443056,E ,5.55382,C ,28.1,,,0.0,0.747
2024-08-07 00:00:00.0,10.75972,14.6,9.1,,,,16.2,,,,15.75,2.0,0.75,,,12.13543,97,96,9.812879,,10.00139,W ,12.50174,C ,37.5,,,0.0,8.217003
2024-08-08 00:00:00.0,8.404169,9.8,5.9,,,,-8.777782,,,,13.0,26.75,3.0,,,10.65809,100,100,7.871306,,16.35208,SE,20.4401,C ,41.6,,,5.311998,
2024-08-09 00:00:00.0,7.173611,12.0,4.1,,,,-8.75,,,,0.0,0.0,0.0,,,8.7925,89,87,5.105252,,6.926389,S ,8.657986,C ,24.3,,,15.43801,
2024-08-10 00:00:00.0,8.363194,16.3,2.9,,,,41.6,,,,0.0,0.0,0.0,,,9.531466,82,73,6.075317,,5.430555,W ,6.788194,C ,32.5,,,8.631997,13.52901
2024-08-11 00:00:00.0,8.552778,12.6,5.0,,,,41.6,,,,0.0,0.0,0.0,,,9.098039,87,87,5.561497,,14.19236,S ,17.74045,C ,46.7,,,12.45001,19.92002
2024-08-12 00:00:00.0,6.771528,14.0,1.3,,,,41.6,,,,0.0,0.0,0.0,,,8.560045,87,85,4.661517,,5.197915,S ,6.497394,C ,22.5,,,13.94401,16.10202
2024-08-13 00:00:00.0,9.547916,18.5,4.0,,,,41.6,,,,0.0,0.0,0.0,,,9.42687,79,76,6.061321,,4.212503,W ,5.265629,C ,27.5,,,7.967996,9.877004
2024-08-14 00:00:00.0,10.18403,19.5,3.1,,,,15.8,,,,0.0,0.0,0.0,,,10.31798,85,83,7.293834,,1.798611,C ,2.248264,C ,12.0,,,8.299996,9.130003
2024-08-15 00:00:00.0,10.18264,17.3,5.2,,,,41.6,,,,0.0,0.0,0.0,,,10.82875,91,88,8.020639,,6.061114,SE,7.576392,C ,21.8,,,8.963998,13.94401
2024-08-16 00:00:00.0,8.395143,13.2,4.1,,,,-8.9,,,,0.0,0.0,0.0,,,9.876627,92,90,6.740723,,9.378472,SE,11.72309,C ,27.5,,,8.299996,19.17302
2024-08-17 00:00:00.0,8.816666,15.6,2.7,,,,,,,,0.0,0.0,0.0,,,11.07252,91,88,8.279785,,4.124305,E ,5.155381,C ,21.6,,,7.635996,12.45001
2024-08-18 00:00:00.0,12.72014,18.5,9.1,,,,-9.2,,,,0.0,0.0,0.0,,,13.88424,94,92,11.75935,,5.052777,E ,6.315971,C ,27.4,,,0.0,2.987999
2024-08-19 00:00:00.0,8.968055,12.4,2.7,,,,41.6,,,,0.0,0.0,0.0,,,9.579659,93,89,6.137852,,15.88125,SE,19.85156,C ,41.4,,,7.137997,
2024-08-20 00:00:00.0,4.206249,11.8,-1.5,,,,-7.8,,,,0.25,0.0,0.0,,,7.827448,90,88,3.241607,,4.322222,E ,5.402778,C ,27.8,,,15.93601,
2024-08-21 00:00:00.0,8.142361,10.4,5.4,,,,,,,,29.75,30.0,4.5,,,11.15114,100,100,8.525,,13.51528,SE,16.89409,C ,37.4,,,2.324,
2024-08-22 00:00:00.0,8.253474,10.2,5.8,,,,,,,,0.0,0.0,0.0,,,10.46233,98,98,7.595745,,17.13125,S ,21.41406,C ,41.5,,,5.809998,
2024-08-23 00:00:00.0,6.734026,12.6,3.6,,,,16.05,,,,0.25,0.0,0.0,,,9.060214,94,93,5.475581,,6.720137,S ,8.400171,C ,23.2,,,14.94001,20.33502
2024-08-24 00:00:00.0,5.959028,12.7,0.7,,,,41.6,,,,0.0,0.25,0.25,,,8.823685,93,90,4.99748,,7.55486,S ,9.443575,C ,28.8,,,13.44601,14.94002
2024-08-25 00:00:00.0,7.247915,11.4,4.0,,,,,,,,0.0,0.0,0.0,,,9.173699,92,90,5.675546,,5.954165,S ,7.442707,C ,22.6,,,13.77801,
2024-08-26 00:00:00.0,6.827084,16.4,-0.5,,,,41.6,,,,0.0,0.0,0.0,,,9.415302,90,87,5.70302,,1.563889,C ,1.954861,C ,18.7,,,9.96,8.881001
2024-08-27 00:00:00.0,10.16597,19.5,3.8,,,,41.6,,,,0.25,0.0,0.0,,,10.65415,88,83,7.74048,,2.966667,W ,3.708334,C ,20.6,,,9.794,10.458
2024-08-28 00:00:00.0,10.4125,19.7,4.2,,,,,,,,0.0,0.25,0.25,,,10.80972,85,82,7.939411,,2.386111,E ,2.982639,C ,18.3,,,7.967996,7.470003
2024-08-29 00:00:00.0,11.07708,19.2,4.6,,,,41.6,,,,0.0,0.0,0.0,,,11.22635,91,87,8.461044,,4.897222,SE,6.121528,C ,27.2,,,6.805997,10.624
2024-08-30 00:00:00.0,6.633335,13.9,1.5,,,,41.6,,,,0.0,0.0,0.0,,,7.764948,81,74,3.205925,,3.99375,E ,4.992188,C ,24.5,,,13.77801,17.26402
2024-08-31 00:00:00.0,8.649302,10.6,6.3,,,,,,,,24.75,24.75,3.0,,,11.53013,100,100,9.034721,,7.737498,SE,9.671872,C ,28.0,,,0.332,
2024-09-01 00:00:00.0,11.09305,17.6,6.3,,,,16.9,,,,0.0,0.0,0.0,,,12.17587,92,91,9.763741,,6.218056,S ,7.77257,C ,21.3,,,2.324,10.209
2024-09-02 00:00:00.0,11.41528,17.8,7.9,,,,-7.9,,,,0.25,0.25,0.25,,,13.12239,95,92,10.92081,,2.221528,C ,2.77691,C ,16.0,,,0.0,8.134004
2024-09-03 00:00:00.0,12.96042,19.3,8.7,,,,,,,,0.0,0.0,0.0,,,11.02557,79,73,8.244377,,4.614583,S ,5.768229,C ,20.7,,,0.0,4.066998
2024-09-04 00:00:00.0,11.3257,20.4,5.3,,,,42.6,,,,0.0,0.0,0.0,,,9.371568,76,70,5.966535,,6.268751,W ,7.835938,C ,30.8,,,7.801996,9.628
2024-09-05 00:00:00.0,8.960416,18.2,1.1,,,,17.95,,,,0.0,0.0,0.0,,,8.111701,72,68,3.826077,,2.883332,W ,3.604165,C ,15.8,,,7.801996,8.715003
2024-09-06 00:00:00.0,13.30069,21.1,8.6,,,,6.0,,,,0.0,0.0,0.0,,,11.49189,77,78,8.955928,,4.225694,W ,5.282118,C ,30.2,,,0.332,1.742999
2024-09-07 00:00:00.0,13.20973,23.9,3.8,,,,16.9,,,,0.0,0.0,0.0,,,10.82461,73,65,8.000916,,1.7625,C ,2.203125,C ,11.4,,,6.971997,0.331999
2024-09-08 00:00:00.0,14.40625,25.0,4.7,,,,42.4,,,,0.0,0.0,0.0,,,10.43391,70,59,7.459433,,1.50625,C ,1.882813,C ,9.1,,,4.647998,-6.673932E-7
2024-09-09 00:00:00.0,13.35,20.0,7.4,,,,45.55,,,,1.0,1.0,0.5,,,13.49161,88,88,11.30762,,3.088194,E ,3.860243,C ,19.5,,,0.0,2.323998
2024-09-10 00:00:00.0,14.76805,20.9,12.0,,,,41.6,,,,0.25,0.25,0.25,,,15.47663,93,90,13.37745,,4.133333,C ,5.166667,C ,36.8,,,0.0,-2.158
2024-09-11 00:00:00.0,12.79514,19.9,6.6,,,,41.6,,,,0.0,0.0,0.0,,,11.29962,81,79,8.726856,,3.405555,S ,4.256944,C ,21.2,,,0.332,3.817998
2024-09-12 00:00:00.0,13.05416,20.8,7.0,,,,41.6,,,,0.0,0.0,0.0,,,11.98459,82,77,9.593668,,2.565277,W ,3.206596,C ,20.1,,,0.0,1.825999
2024-09-13 00:00:00.0,12.68889,20.5,6.7,,,,41.6,,,,0.0,0.0,0.0,,,11.94319,83,76,9.464901,,3.765972,W ,4.707465,C ,17.8,,,1.162,4.647995
2024-09-14 00:00:00.0,10.37292,16.9,4.1,,,,44.35,,,,0.0,0.0,0.0,,,8.98837,78,75,5.343608,,6.170139,S ,7.712674,C ,26.4,,,8.963998,12.367
2024-09-15 00:00:00.0,10.98472,20.0,3.8,,,,41.6,,,,0.0,0.0,0.0,,,10.21329,77,70,7.171307,,3.439584,W ,4.299479,C ,22.6,,,6.971997,4.896997
2024-09-16 00:00:00.0,13.56667,26.1,2.1,,,,42.0,,,,0.0,0.0,0.0,,,9.956753,71,67,6.742132,,3.746528,W ,4.68316,C ,20.5,,,6.805997,1.162001
2024-09-17 00:00:00.0,15.31111,26.4,7.4,,,,41.6,,,,0.0,0.0,0.0,,,13.1439,76,73,10.81903,,2.809028,E ,3.511286,C ,19.2,,,0.0,-2.821999
2024-09-18 00:00:00.0,17.82777,28.0,11.1,,,,41.6,,,,0.0,0.0,0.0,,,17.39255,86,82,15.16763,,2.758334,E ,3.447917,C ,18.5,,,0.0,-9.379
2024-09-19 00:00:00.0,16.14514,21.8,13.5,,,,,,,,6.75,6.75,5.5,,,17.03167,95,93,14.90375,,3.855557,E ,4.819446,C ,27.3,,,0.0,-6.308002
2024-09-20 00:00:00.0,15.00764,21.9,9.7,,,,41.6,,,,0.0,0.0,0.0,,,11.34088,72,64,8.789773,,4.318055,W ,5.397569,C ,21.6,,,0.0,-3.153997
2024-09-21 00:00:00.0,15.80347,24.0,9.0,,,,15.85,,,,0.5,0.0,0.0,,,14.85553,82,79,12.81694,,3.208334,E ,4.010417,C ,20.6,,,0.0,-7.220999
2024-09-22 00:00:00.0,15.29097,17.8,12.4,,,,,,,,1.0,1.5,0.5,,,16.54556,97,97,14.45356,,3.889584,C ,4.861979,C ,33.3,,,0.0,-2.655999
2024-09-23 00:00:00.0,14.65556,22.7,6.5,,,,20.65,,,,0.0,0.0,0.0,,,11.36415,74,69,8.727887,,2.804861,C ,3.506076,C ,19.3,,,0.166,-1.245001
2024-09-24 00:00:00.0,13.85555,22.1,7.8,,,,41.6,,,,0.0,0.0,0.0,,,10.89966,74,63,8.195477,,2.952777,E ,3.690972,C ,25.0,,,0.166,1.327999
2024-09-25 00:00:00.0,12.39792,20.1,5.0,,,,41.6,,,,0.0,0.0,0.0,,,10.27503,76,73,7.257528,,4.640278,E ,5.800347,C ,26.6,,,5.311998,2.738998
2024-09-26 00:00:00.0,12.35625,19.5,4.8,,,,43.6,,,,0.0,0.0,0.0,,,8.391302,67,56,4.202587,,5.949306,S ,7.436633,C ,26.2,,,5.311998,5.726995
2024-09-27 00:00:00.0,10.94653,22.2,-1.7,,,,45.5,,,,0.0,0.0,0.0,,,10.23764,77,75,6.861128,,2.847917,W ,3.559896,C ,23.0,,,7.137997,-1.577
2024-09-28 00:00:00.0,16.7618,26.7,9.4,,,,41.60006,,,,0.0,0.0,0.0,,,14.78165,78,72,12.71854,,3.877778,W ,4.847222,C ,26.1,,,0.0,-8.715
2024-09-29 00:00:00.0,18.44792,28.1,8.5,,,,45.8,,,,0.0,0.0,0.0,,,16.88633,81,77,14.69778,,2.022222,W ,2.527778,C ,18.3,,,0.0,-11.537
2024-09-30 00:00:00.0,18.29375,23.2,15.6,,,,,,,,1.5,1.5,1.5,,,18.89734,94,87,16.33841,,4.025694,E ,5.032117,C ,21.7,,,0.0,-12.86501
2024-10-01 00:00:00.0,10.82361,15.6,7.9,,,,,,,,3.75,0.0,0.0,,,11.58437,93,91,9.117571,,6.663889,SE,8.329861,C ,21.2,,,0.332,13.11402
2024-10-02 00:00:00.0,10.02986,18.3,4.3,,,,45.7,,,,0.0,3.75,3.5,,,9.306711,82,75,5.883215,,7.552778,S ,9.440972,C ,33.3,,,9.96,13.03101
2024-10-03 00:00:00.0,9.818056,20.5,0.8,,,,41.6,,,,0.0,0.0,0.0,,,9.25588,77,76,5.67291,,1.810417,C ,2.263022,C ,13.0,,,7.469996,3.319999
2024-10-04 00:00:00.0,13.75416,23.4,5.3,,,,,,,,0.0,0.0,0.0,,,11.54351,75,65,8.949598,,3.355556,W ,4.194445,C ,22.0,,,5.477998,-1.411001
2024-10-05 00:00:00.0,15.42986,25.7,9.3,,,,,,,,0.0,0.0,0.0,,,12.64335,80,74,10.32934,,7.079167,SE,8.848959,C ,31.8,,,0.83,-1.078998
2024-10-06 00:00:00.0,12.02014,20.4,4.1,,,,44.1,,,,0.0,0.0,0.0,,,12.08819,83,76,9.512642,,4.327778,E ,5.409723,C ,26.9,,,6.141997,1.493999
2024-10-07 00:00:00.0,15.62778,20.0,12.0,,,,,,,,0.5,0.0,0.0,,,16.81378,94,92,14.73169,,1.692361,E ,2.115452,C ,16.6,,,0.0,-7.635996
2024-10-08 00:00:00.0,11.98542,17.1,8.9,,,,,,,,1.25,1.75,0.25,,,12.39326,93,90,10.09921,,10.40903,SE,13.01128,C ,27.6,,,0.0,10.45801
2024-10-09 00:00:00.0,13.44514,22.7,8.4,,,,,,,,0.0,0.0,0.0,,,12.56477,83,82,10.31099,,2.977083,E ,3.721354,C ,17.9,,,0.0,0.1660017
2024-10-10 00:00:00.0,15.23612,23.5,8.6,,,,49.6,,,,0.25,0.0,0.0,,,15.05696,86,86,12.97052,,2.003473,E ,2.504341,C ,18.6,,,0.0,-6.224999
2024-10-11 00:00:00.0,17.19097,28.6,9.7,,,,45.55,,,,0.0,0.25,0.25,,,14.08671,79,79,11.8502,,6.604166,S ,8.255207,C ,32.4,,,0.0,-4.232997
2024-10-12 00:00:00.0,15.17986,26.1,6.0,,,,,,,,0.0,0.0,0.0,,,10.5419,67,61,7.632106,,2.535416,W ,3.16927,C ,21.2,,,2.656,-0.747
2024-10-13 00:00:00.0,15.82084,26.9,4.6,,,,,,,,0.0,0.0,0.0,,,12.55506,73,74,9.968891,,2.063195,E ,2.578994,C ,16.6,,,3.153999,-4.481999
2024-10-14 00:00:00.0,16.86458,24.3,10.8,,,,,,,,0.25,0.0,0.0,,,17.61999,89,89,15.39058,,3.207639,E ,4.009549,C ,25.7,,,0.0,-11.039
2024-10-15 00:00:00.0,19.56041,27.5,14.2,,,,,,,,1.75,2.0,1.75,,,18.25077,86,81,16.00182,,4.170833,S ,5.213541,C ,26.9,,,0.0,-14.02701
2024-10-16 00:00:00.0,15.60972,24.9,10.5,,,,41.6,,,,0.25,0.25,0.25,,,15.42798,89,83,13.3832,,4.077778,E ,5.097223,C ,22.6,,,0.0,-3.818
2024-10-17 00:00:00.0,18.34514,28.8,12.2,,,,41.60006,,,,0.0,0.0,0.0,,,16.01847,80,80,13.92137,,3.718056,W ,4.64757,C ,20.1,,,0.0,-9.046999
2024-10-18 00:00:00.0,17.10348,28.0,5.7,,,,41.92505,,,,0.0,0.0,0.0,,,11.33014,66,53,8.718966,,1.647917,C ,2.059896,C ,14.7,,,3.153999,-4.315996
2024-10-19 00:00:00.0,19.21319,30.8,8.1,,,,41.60006,,,,0.0,0.0,0.0,,,16.02481,74,64,13.82062,,2.11111,W ,2.638888,C ,12.4,,,0.0,-12.20101
2024-10-20 00:00:00.0,21.6118,30.0,14.8,,,,41.60006,,,,0.5,0.0,0.0,,,19.16961,77,71,16.7896,,2.929167,E ,3.661458,C ,23.3,,,0.0,-16.35102
2024-10-21 00:00:00.0,23.76667,33.8,17.0,,,,41.60006,,,,0.25,0.75,0.25,,,23.3076,82,77,19.78442,,4.022915,W ,5.028644,C ,18.0,,,0.0,-20.58402
2024-10-22 00:00:00.0,18.55278,26.9,9.5,,,,41.60006,,,,0.0,0.0,0.0,,,13.47543,69,56,11.33599,,2.697917,E ,3.372396,C ,19.3,,,0.0,-10.458
2024-10-23 00:00:00.0,15.37084,20.3,13.0,,,,41.60006,,,,21.0,20.0,4.75,,,16.1892,92,90,14.15584,,2.334028,E ,2.917534,C ,21.2,,,0.0,-5.478
2024-10-24 00:00:00.0,15.35486,19.5,13.3,,,,41.60006,,,,0.0,1.0,0.25,,,16.39769,97,98,14.35805,,5.730556,SE,7.163195,C ,23.7,,,0.0,-3.070999
2024-10-25 00:00:00.0,13.46736,21.3,8.9,,,,15.85,,,,2.0,2.0,2.0,,,12.62471,87,77,10.17403,,7.971527,S ,9.964409,C ,64.9,,,2.324,4.730999
2024-10-26 00:00:00.0,13.04931,24.5,3.4,,,,-9.4,,,,0.0,0.0,0.0,,,10.3164,72,60,7.285653,,5.590971,W ,6.988714,C ,37.8,,,6.307997,0.9959991
2024-10-27 00:00:00.0,15.95903,27.0,4.8,,,,17.9,,,,0.0,0.0,0.0,,,14.23782,76,71,11.88158,,2.165973,W ,2.707466,C ,22.2,,,5.145998,-6.972001
2024-10-28 00:00:00.0,21.50903,31.5,12.1,,,,27.6,,,,0.0,0.0,0.0,,,17.92113,72,63,15.71427,,2.775694,W ,3.469618,C ,18.8,,,0.0,-16.35102
2024-10-29 00:00:00.0,23.38334,33.5,14.8,,,,1.1,,,,0.0,0.0,0.0,,,21.08327,75,68,18.26028,,2.071528,C ,2.58941,C ,15.6,,,0.0,-20.08602
2024-10-30 00:00:00.0,24.13194,33.3,16.0,,,,-5.2,,,,0.0,0.0,0.0,,,19.91086,72,61,17.38993,,2.289583,W ,2.861979,C ,20.4,,,0.0,-19.83702
2024-10-31 00:00:00.0,21.58681,28.5,16.3,,,,43.9,,,,0.0,0.0,0.0,,,20.74286,83,75,18.05686,,2.363889,E ,2.954861,C ,21.7,,,0.0,-19.83702
2024-11-01 00:00:00.0,23.45903,32.3,17.3,,,,41.6,,,,13.5,0.0,0.0,,,25.38907,86,84,21.24837,,2.163889,E ,2.704861,C ,19.8,,,0.0,-21.99503
2024-11-02 00:00:00.0,19.54236,23.6,12.6,,,,41.6,,,,1.25,14.5,5.75,,,19.12987,94,93,16.45595,,5.24236,S ,6.552949,C ,23.1,,,0.0,-14.02701
2024-11-03 00:00:00.0,14.70834,23.1,5.6,,,,41.6,,,,66.0,0.25,0.25,,,13.94844,79,73,11.49438,,4.150694,E ,5.188367,C ,24.7,,,4.481998,-7.138005
2024-11-04 00:00:00.0,17.94306,23.4,14.9,,,,-4.65,,,,1.25,67.25,17.25,,,18.35443,92,90,16.10984,,6.696528,S ,8.370661,C ,45.5,,,0.0,-12.69901
2024-11-05 00:00:00.0,19.07083,28.4,11.7,,,,20.1,,,,0.0,0.0,0.0,,,14.84982,73,68,12.75531,,1.588195,C ,1.985244,C ,12.1,,,0.0,-9.794001
2024-11-06 00:00:00.0,18.72916,27.6,9.6,,,,18.6,,,,0.0,0.0,0.0,,,15.37522,73,63,13.31025,,3.324306,C ,4.155382,C ,27.4,,,0.0,-12.11801
2024-11-07 00:00:00.0,15.38889,19.5,8.8,,,,16.5,,,,0.0,0.0,0.0,,,11.10236,72,66,8.382436,,7.322917,SE,9.153646,C ,32.7,,,0.0,-1.743002
2024-11-08 00:00:00.0,16.14861,27.2,6.7,,,,41.6,,,,0.0,0.0,0.0,,,14.99344,79,71,12.7555,,1.795833,E ,2.244792,C ,15.2,,,0.498,-6.805999
2024-11-09 00:00:00.0,19.95,28.7,12.3,,,,41.6,,,,0.0,0.0,0.0,,,19.01606,80,71,16.59019,,1.875695,C ,2.344618,C ,14.5,,,0.0,-16.76601
2024-11-10 00:00:00.0,18.84583,22.7,15.2,,,,43.6,,,,4.75,4.5,2.0,,,19.56179,95,93,17.03022,,2.827778,C ,3.534723,C ,36.1,,,0.0,-14.19301
2024-11-11 00:00:00.0,14.41111,22.3,9.5,,,,42.35,,,,0.0,0.25,0.25,,,12.72241,84,82,10.42038,,6.34514,S ,7.931424,C ,39.5,,,0.166,1.079
2024-11-12 00:00:00.0,14.41458,25.3,5.1,,,,41.6,,,,0.0,0.0,0.0,,,11.60083,74,60,9.030603,,2.75,W ,3.4375,C ,19.8,,,5.311998,-1.992001
2024-11-13 00:00:00.0,17.60278,28.6,8.2,,,,17.1,,,,0.0,0.0,0.0,,,14.06921,70,65,11.91152,,2.064584,W ,2.58073,C ,13.1,,,0.0,-8.631998
2024-11-14 00:00:00.0,21.98403,30.9,12.8,,,,16.75,,,,0.0,0.0,0.0,,,17.29128,68,58,15.1901,,2.380556,W ,2.975695,C ,19.9,,,0.0,-17.43002
2024-11-15 00:00:00.0,23.91042,32.9,15.9,,,,41.6,,,,0.0,0.0,0.0,,,20.56757,72,63,17.90343,,2.57986,W ,3.224826,C ,20.1,,,0.0,-21.16502
2024-11-16 00:00:00.0,22.1368,30.8,16.1,,,,41.6,,,,17.75,0.0,0.0,,,19.14094,76,68,16.71545,,7.672221,SE,9.590276,C ,33.0,,,0.0,-18.50902
2024-11-17 00:00:00.0,14.92222,18.9,10.7,,,,41.6,,,,0.25,18.0,9.0,,,13.34649,86,88,11.17033,,10.67152,SE,13.33941,C ,33.6,,,0.0,-0.9959997
2024-11-18 00:00:00.0,15.58403,25.3,5.7,,,,44.4,,,,0.0,0.0,0.0,,,13.19133,75,66,10.89909,,2.117362,C ,2.646702,C ,13.5,,,3.817999,-4.647996
2024-11-19 00:00:00.0,15.95139,24.6,7.0,,,,20.95,,,,0.0,0.0,0.0,,,14.95375,83,77,12.80334,,2.395139,E ,2.993923,C ,14.7,,,0.0,-7.054998
2024-11-20 00:00:00.0,18.04584,26.9,9.6,,,,41.6,,,,0.0,0.0,0.0,,,15.69419,77,69,13.61677,,2.441667,E ,3.052083,C ,17.1,,,0.0,-10.873
2024-11-21 00:00:00.0,19.66598,26.8,13.7,,,,41.6,,,,0.0,0.0,0.0,,,18.06077,81,73,15.8407,,2.179861,E ,2.724827,C ,14.8,,,0.0,-13.94401
2024-11-22 00:00:00.0,20.19653,29.3,10.7,,,,21.3,,,,0.25,0.0,0.0,,,18.10248,78,74,15.81494,,2.283333,E ,2.854167,C ,21.2,,,0.0,-14.27601
2024-11-23 00:00:00.0,21.53959,28.7,15.2,,,,41.6,,,,0.0,0.25,0.25,,,20.60656,81,74,17.94158,,2.790973,E ,3.488716,C ,21.9,,,0.0,-18.59202
2024-11-24 00:00:00.0,22.69444,30.7,17.9,,,,44.5,,,,34.5,34.25,22.0,,,23.06903,85,81,19.74018,,3.485417,E ,4.356771,C ,33.5,,,0.0,-23.07403
2024-11-25 00:00:00.0,20.24722,25.8,13.8,,,,41.6,,,,0.0,0.25,0.25,,,18.92666,84,80,16.39403,,5.513196,SE,6.891494,C ,25.7,,,0.0,-15.77001
2024-11-26 00:00:00.0,18.72361,29.4,10.1,,,,20.35,,,,1.5,0.0,0.0,,,20.24928,89,88,17.44282,,3.634723,E ,4.543404,C ,27.4,,,0.0,-14.52501
2024-11-27 00:00:00.0,20.37015,26.3,13.9,,,,-5.8,,,,0.25,1.75,1.5,,,20.07669,89,88,17.33752,,3.164583,C ,3.955729,C ,22.6,,,0.0,-17.01502
2024-11-28 00:00:00.0,18.73334,28.9,10.0,,,,16.4,,,,16.0,12.75,6.25,,,16.25175,76,65,14.15383,,3.345139,E ,4.181424,C ,28.9,,,0.0,-12.20101
2024-11-29 00:00:00.0,19.37778,25.9,13.4,,,,16.0,,,,0.0,3.25,2.5,,,16.16167,78,72,14.09254,,4.859028,C ,6.073785,C ,26.4,,,0.0,-12.28401
2024-11-30 00:00:00.0,17.28819,26.2,9.4,,,,16.2,,,,18.0,0.0,0.0,,,14.97162,78,70,12.91639,,2.268056,E ,2.835071,C ,18.9,,,0.0,-9.628
2024-12-01 00:00:00.0,15.9993,21.0,13.6,,,,41.6,,,,36.25,54.25,9.0,,,17.83452,99,100,15.61599,,2.961806,E ,3.702257,C ,29.9,,,0.0,-7.552996
2024-12-02 00:00:00.0,13.87153,20.0,8.6,,,,-1.45,,,,2.25,2.0,1.5,,,12.27541,83,77,9.965154,,7.291667,S ,9.114583,C ,27.7,,,0.0,2.406999
2024-12-03 00:00:00.0,14.875,24.1,6.6,,,,41.6,,,,0.0,0.25,0.25,,,11.54184,70,62,9.020847,,5.522917,W ,6.903646,C ,29.1,,,0.498,-3.486
2024-12-04 00:00:00.0,19.24722,29.2,9.9,,,,41.6,,,,0.0,0.0,0.0,,,14.85624,67,56,12.79341,,3.173611,W ,3.967014,C ,25.6,,,0.0,-14.11001
2024-12-05 00:00:00.0,19.875,28.7,15.1,,,,16.0,,,,3.5,3.5,0.75,,,18.18684,82,77,15.94842,,2.55486,W ,3.193575,C ,25.3,,,0.0,-13.03101
2024-12-06 00:00:00.0,17.34167,24.4,12.5,,,,19.8,,,,0.0,0.0,0.0,,,17.06497,91,85,14.80975,,5.184029,S ,6.480036,C ,25.9,,,0.0,-6.888996
2024-12-07 00:00:00.0,13.62222,20.1,8.6,,,,18.05,,,,0.0,0.0,0.0,,,10.99471,75,69,8.338505,,6.984723,S ,8.730904,C ,25.4,,,0.498,0.9129989
2024-12-08 00:00:00.0,13.40069,23.6,4.2,,,,16.05,,,,0.0,0.0,0.0,,,10.48342,72,61,7.580066,,1.734723,C ,2.168403,C ,12.2,,,5.477998,0.2489993
2024-12-09 00:00:00.0,16.33889,27.3,5.5,,,,41.6,,,,0.0,0.0,0.0,,,12.71184,71,58,10.36458,,1.343056,C ,1.67882,C ,14.9,,,3.983999,-6.390998
2024-12-10 00:00:00.0,21.29584,32.0,11.8,,,,17.1,,,,0.0,0.0,0.0,,,18.79592,73,63,16.39211,,2.043057,W ,2.553821,C ,15.5,,,0.0,-16.26801
2024-12-11 00:00:00.0,22.85416,32.5,13.7,,,,16.3,,,,14.75,0.0,0.0,,,19.2056,74,62,16.77143,,2.020833,E ,2.526041,C ,20.2,,,0.0,-17.76202
2024-12-12 00:00:00.0,22.54306,30.9,17.8,,,,16.0,,,,13.75,24.0,7.5,,,23.95259,87,86,20.34437,,3.372222,E ,4.215278,C ,20.4,,,0.0,-23.48903
2024-12-13 00:00:00.0,21.50972,27.0,18.3,,,,-2.3,,,,2.0,6.5,1.75,,,22.59558,92,91,19.4203,,2.508333,E ,3.135416,C ,16.2,,,0.0,-22.49303
2024-12-14 00:00:00.0,19.63055,25.5,14.7,,,,20.25,,,,0.0,0.0,0.0,,,19.77201,90,88,17.21833,,7.040973,SE,8.801216,C ,26.5,,,0.0,-15.52101
2024-12-15 00:00:00.0,17.2493,24.1,12.1,,,,17.25,,,,0.0,0.0,0.0,,,15.36563,82,75,13.36109,,6.910416,SE,8.63802,C ,22.8,,,0.0,-8.299997
2024-12-16 00:00:00.0,17.32084,24.3,11.1,,,,16.55,,,,0.0,0.0,0.0,,,16.68655,86,83,14.59652,,3.403472,E ,4.254341,C ,16.6,,,0.0,-10.956
2024-12-17 00:00:00.0,19.21875,29.1,10.0,,,,16.25,,,,0.25,0.0,0.0,,,18.28255,80,73,15.98279,,1.813195,E ,2.266493,C ,14.4,,,0.0,-14.27601
2024-12-18 00:00:00.0,22.48611,31.5,15.8,,,,20.75,,,,0.0,0.25,0.25,,,20.50468,77,66,17.86882,,1.967361,C ,2.459202,C ,20.0,,,0.0,-20.75002
2024-12-19 00:00:00.0,24.82777,33.3,18.8,,,,-0.8,,,,0.0,0.0,0.0,,,22.7116,74,67,19.52057,,1.859027,W ,2.323784,C ,14.6,,,0.0,-23.90403
2024-12-20 00:00:00.0,21.4243,25.6,13.8,,,,15.9,,,,0.0,0.0,0.0,,,14.96261,67,53,12.42576,,9.381947,S ,11.72743,C ,36.0,,,0.0,-16.60001
2024-12-21 00:00:00.0,15.99375,25.5,6.8,,,,15.85,,,,0.0,0.0,0.0,,,12.54942,72,60,10.25273,,2.21875,E ,2.773438,C ,18.2,,,0.498,-5.560996
2024-12-22 00:00:00.0,19.00555,29.7,10.4,,,,19.2,,,,0.0,0.0,0.0,,,16.29757,74,67,14.18012,,3.325695,W ,4.157118,C ,22.9,,,0.0,-12.11801
2024-12-23 00:00:00.0,19.58334,30.7,13.1,,,,17.35,,,,13.75,13.75,2.75,,,17.46327,81,70,15.32472,,2.404861,W ,3.006076,C ,29.1,,,0.0,-14.02701
2024-12-24 00:00:00.0,18.09792,23.6,13.9,,,,16.5,,,,0.25,0.25,0.25,,,17.28241,86,86,15.20256,,6.742362,S ,8.427952,C ,22.6,,,0.0,-12.78201
2024-12-25 00:00:00.0,16.39236,22.1,13.6,,,,,,,,0.0,0.0,0.0,,,16.63971,89,89,14.59942,,9.587499,S ,11.98437,C ,24.5,,,0.0,-7.967999
2024-12-26 00:00:00.0,19.01806,24.8,15.1,,,,17.1,,,,0.0,0.0,0.0,,,17.82246,85,82,15.66247,,6.496529,SE,8.120661,C ,25.9,,,0.0,-12.53301
2024-12-27 00:00:00.0,18.25208,27.8,10.0,,,,16.6,,,,0.0,0.0,0.0,,,16.83796,83,81,14.66874,,3.554167,C ,4.442708,C ,19.3,,,0.0,-9.212999
2024-12-28 00:00:00.0,18.73958,26.7,11.7,,,,19.65,,,,0.0,0.0,0.0,,,17.53095,82,77,15.33482,,3.506944,E ,4.38368,C ,19.3,,,0.0,-11.952
2024-12-29 00:00:00.0,19.52014,29.4,9.5,,,,19.2,,,,0.0,0.0,0.0,,,17.59504,78,72,15.30985,,2.013194,E ,2.516492,C ,14.5,,,0.0,-12.20101
2024-12-30 00:00:00.0,21.60278,30.2,13.8,,,,41.6,,,,0.0,0.0,0.0,,,19.31878,77,66,16.88155,,2.254861,E ,2.818576,C ,18.5,,,0.0,-16.35102
2024-12-31 00:00:00.0,22.26667,31.0,15.9,,,,16.05,,,,5.0,0.0,0.0,,,22.31942,83,75,19.19174,,2.195833,E ,2.744792,C ,17.2,,,0.0,-20.91602
2025-01-01 00:00:00.0,22.61944,32.8,18.0,,,,20.1,,,,1.75,6.75,4.75,,,23.13287,86,82,19.70592,,3.30486,E ,4.131075,C ,23.5,,,0.0,-23.48903
2025-01-02 00:00:00.0,19.13612,24.1,13.1,,,,16.25,,,,0.0,0.0,0.0,,,15.58616,77,68,13.50954,,8.706249,S ,10.88281,C ,34.3,,,0.0,-13.03101
2025-01-03 00:00:00.0,17.8007,24.8,11.0,,,,,,,,0.0,0.0,0.0,,,16.76365,81,75,14.70817,,10.59167,S ,13.23959,C ,29.8,,,0.0,-13.11401
2025-01-04 00:00:00.0,18.83611,25.6,14.3,,,,20.6,,,,0.0,0.0,0.0,,,16.77915,81,80,14.73813,,6.92361,S ,8.654512,C ,20.1,,,0.0,-11.205
2025-01-05 00:00:00.0,19.28125,27.8,12.1,,,,-3.65,,,,0.0,0.0,0.0,,,16.82772,78,70,14.78342,,2.286111,E ,2.857638,C ,17.1,,,0.0,-13.11401
2025-01-06 00:00:00.0,19.70903,30.7,7.8,,,,-0.3000002,,,,0.0,0.0,0.0,,,16.22465,74,65,14.04446,,1.650694,E ,2.063368,C ,14.1,,,0.0,-11.122
2025-01-07 00:00:00.0,22.03472,32.6,12.2,,,,2.15,,,,0.0,0.0,0.0,,,18.35981,73,63,16.05971,,1.547916,C ,1.934895,C ,14.0,,,0.0,-15.85301
2025-01-08 00:00:00.0,23.0243,32.4,14.1,,,,,,,,0.0,0.0,0.0,,,19.12972,73,66,16.73211,,1.975695,E ,2.469619,C ,15.8,,,0.0,-16.43401
2025-01-09 00:00:00.0,23.86389,36.4,12.1,,,,,,,,0.0,0.0,0.0,,,19.31543,71,61,16.78966,,1.609028,E ,2.011285,C ,18.0,,,0.0,-16.76601
2025-01-10 00:00:00.0,23.02361,34.0,14.9,,,,,,,,4.5,4.25,4.0,,,21.79047,81,75,18.77753,,1.619444,C ,2.024306,C ,25.0,,,0.0,-19.75402
2025-01-11 00:00:00.0,22.87917,30.7,15.1,,,,41.6,,,,0.0,0.25,0.25,,,21.05063,79,72,18.24537,,2.152778,E ,2.690972,C ,18.5,,,0.0,-18.34302
2025-01-12 00:00:00.0,23.71806,33.4,14.8,,,,41.6,,,,0.0,0.0,0.0,,,20.53625,74,67,17.85514,,2.147222,E ,2.684028,C ,21.7,,,0.0,-19.92002
2025-01-13 00:00:00.0,25.42709,36.3,16.6,,,,,,,,0.0,0.0,0.0,,,21.56372,71,59,18.64244,,2.124306,E ,2.655382,C ,16.7,,,0.0,-21.08202
2025-01-14 00:00:00.0,26.04166,37.1,16.7,,,,41.6,,,,0.5,0.0,0.0,,,21.6785,71,62,18.74087,,1.761111,W ,2.201389,C ,14.5,,,0.0,-21.82903
2025-01-15 00:00:00.0,27.01527,38.4,17.9,,,,,,,,0.25,0.75,0.5,,,23.08113,69,55,19.69136,,2.241667,W ,2.802083,C ,14.5,,,0.0,-23.90403
2025-01-16 00:00:00.0,27.35277,39.7,20.6,,,,41.6,,,,10.0,0.0,0.0,,,25.10227,74,65,21.13598,,3.243056,W ,4.05382,C ,27.3,,,0.0,-23.90403
2025-01-17 00:00:00.0,21.84236,28.0,17.0,,,,-5.65,,,,0.0,10.0,3.25,,,18.8261,80,77,16.44905,,5.635416,SE,7.04427,C ,21.0,,,0.0,-19.09002
2025-01-18 00:00:00.0,20.31736,27.0,15.2,,,,,,,,0.0,0.0,0.0,,,20.2671,84,80,17.70146,,4.43125,E ,5.539063,C ,25.2,,,0.0,-20.00302
2025-01-19 00:00:00.0,20.9264,26.9,14.8,,,,,,,,0.0,0.0,0.0,,,18.95501,81,76,16.61991,,3.558333,E ,4.447917,C ,24.1,,,0.0,-15.93601
2025-01-20 00:00:00.0,21.20209,30.3,11.1,,,,41.6,,,,0.0,0.0,0.0,,,16.37498,70,59,14.27548,,2.468056,E ,3.08507,C ,18.4,,,0.0,-14.44201
2025-01-21 00:00:00.0,22.375,33.8,9.2,,,,,,,,0.0,0.0,0.0,,,18.1331,71,63,15.73672,,1.666666,C ,2.083333,C ,14.5,,,0.0,-16.10201
2025-01-22 00:00:00.0,23.76528,33.0,15.6,,,,,,,,0.0,0.0,0.0,,,18.29815,70,59,16.04276,,3.826389,S ,4.782987,C ,17.5,,,0.0,-19.09002
2025-01-23 00:00:00.0,23.36944,36.8,12.2,,,,41.6,,,,33.0,0.0,0.0,,,22.13807,77,68,18.8481,,2.591667,E ,3.239583,C ,19.1,,,0.0,-17.43002
2025-01-24 00:00:00.0,24.75556,32.6,18.8,,,,41.6,,,,0.0,33.0,11.5,,,23.97258,82,75,20.3096,,5.101389,S ,6.376736,C ,35.8,,,0.0,-22.41003
2025-01-25 00:00:00.0,22.9118,34.6,11.5,,,,44.75,,,,0.0,0.0,0.0,,,16.65952,67,60,14.5406,,1.449305,C ,1.811632,C ,13.6,,,0.0,-15.52101
2025-01-26 00:00:00.0,24.57569,37.4,12.3,,,,41.6,,,,0.0,0.0,0.0,,,17.72562,64,47,15.39787,,1.375694,C ,1.719618,C ,12.6,,,0.0,-17.51302
2025-01-27 00:00:00.0,25.70139,35.7,19.3,,,,41.6,,,,0.0,0.0,0.0,,,21.31704,68,57,18.45876,,2.789584,W ,3.48698,C ,16.4,,,0.0,-23.65503
2025-01-28 00:00:00.0,21.2757,28.6,14.4,,,,43.0,,,,0.0,0.0,0.0,,,17.79637,79,78,15.57946,,4.790279,SE,5.987849,C ,20.6,,,0.0,-14.44201
2025-01-29 00:00:00.0,20.29444,32.3,9.7,,,,45.65,,,,0.25,0.0,0.0,,,18.02398,78,73,15.63918,,2.709722,E ,3.387152,C ,16.9,,,0.0,-12.61601
2025-01-30 00:00:00.0,23.65277,33.8,15.0,,,,45.0,,,,0.0,0.25,0.25,,,20.85646,75,68,18.07597,,2.39375,E ,2.992188,C ,20.4,,,0.0,-19.09002
2025-01-31 00:00:00.0,24.48889,34.4,13.3,,,,16.25,,,,1.0,0.0,0.0,,,20.21182,71,61,17.59007,,1.629861,C ,2.037327,C ,17.2,,,0.0,-19.17302
2025-02-01 00:00:00.0,23.2,33.6,17.3,,,,,,,,0.25,1.25,1.0,,,23.21467,85,83,19.83929,,3.475,C ,4.34375,C ,26.7,,,0.0,-22.74203
2025-02-02 00:00:00.0,27.07709,39.0,18.2,,,,41.6,,,,0.0,0.0,0.0,,,23.68301,69,57,20.17348,,2.509723,E ,3.137153,C ,17.2,,,0.0,-23.90403
2025-02-03 00:00:00.0,28.01458,38.0,21.5,,,,,,,,0.0,0.0,0.0,,,25.60038,72,64,21.46747,,2.107639,C ,2.634549,C ,19.6,,,0.0,-23.90403
2025-02-04 00:00:00.0,23.32777,28.0,16.7,,,,,,,,0.0,0.0,0.0,,,20.89737,81,76,17.90922,,5.925,SE,7.40625,C ,29.8,,,0.0,-19.33902
2025-02-05 00:00:00.0,18.06597,24.2,11.2,,,,41.6,,,,0.0,0.0,0.0,,,20.69961,94,96,17.78053,,2.712501,E ,3.390626,C ,29.4,,,0.0,-15.02301
2025-02-06 00:00:00.0,23.21805,34.6,12.7,,,,,,,,0.0,0.0,0.0,,,19.2214,71,63,16.76479,,1.404861,C ,1.756077,C ,13.8,,,0.0,-17.59602
2025-02-07 00:00:00.0,25.70069,36.9,14.6,,,,,,,,0.0,0.0,0.0,,,19.9328,66,52,17.34879,,2.136805,W ,2.671007,C ,19.9,,,0.0,-19.33902
2025-02-08 00:00:00.0,26.35417,38.0,20.1,,,,,,,,0.0,0.0,0.0,,,21.47193,67,55,18.39979,,5.550693,W ,6.938366,C ,30.9,,,0.0,-23.65503
2025-02-09 00:00:00.0,21.3382,31.1,10.8,,,,,,,,0.0,0.0,0.0,,,16.60387,71,60,14.53155,,3.320833,E ,4.151042,C ,19.0,,,0.0,-14.77401
2025-02-10 00:00:00.0,26.48959,40.8,16.8,,,,,,,,0.0,0.0,0.0,,,21.24219,67,54,18.16861,,5.25625,W ,6.570313,C ,38.3,,,0.0,-20.08602
2025-02-11 00:00:00.0,21.58195,30.0,15.0,,,,,,,,0.0,0.0,0.0,,,14.53544,62,56,12.48213,,2.340972,E ,2.926216,C ,17.7,,,0.0,-17.09801
2025-02-12 00:00:00.0,20.54583,29.7,11.9,,,,,,,,0.0,0.0,0.0,,,13.78743,65,53,11.59848,,2.660417,C ,3.325521,C ,18.9,,,0.0,-12.69901
2025-02-13 00:00:00.0,20.54861,31.2,12.1,,,,,,,,0.0,0.0,0.0,,,15.72338,70,60,13.61902,,4.859029,E ,6.073786,C ,25.0,,,0.0,-13.69501
2025-02-14 00:00:00.0,19.04514,27.7,12.8,,,,,,,,1.0,1.0,0.75,,,19.33053,87,87,16.82372,,2.151389,E ,2.689236,C ,15.5,,,0.0,-15.43801
2025-02-15 00:00:00.0,23.3132,33.8,14.2,,,,,,,,0.0,0.0,0.0,,,19.77801,72,61,17.22908,,1.614583,C ,2.018228,C ,14.4,,,0.0,-19.17302
2025-02-16 00:00:00.0,22.77222,35.3,15.6,,,,0.9,,,,5.5,5.25,4.75,,,20.71191,83,78,18.01206,,2.495139,C ,3.118924,C ,28.5,,,0.0,-19.50502
2025-02-17 00:00:00.0,18.33264,41.4,12.1,,,,3.4,,,,0.0,0.25,0.25,,,14.40096,77,71,12.12873,,7.525692,S ,9.407114,C ,39.7,,,0.0,-7.552997
2025-02-18 00:00:00.0,14.11458,23.1,4.8,,,,,,,,0.0,0.0,0.0,,,10.77966,68,57,8.005177,,1.93125,W ,2.414062,C ,15.3,,,4.481998,-4.316
2025-02-19 00:00:00.0,20.85416,33.7,9.3,,,,,,,,0.0,0.0,0.0,,,13.26568,59,50,11.0306,,2.240973,W ,2.801216,C ,14.1,,,0.0,-12.36701
2025-02-20 00:00:00.0,24.70208,37.1,15.3,,,,,,,,0.0,0.0,0.0,,,21.06735,71,66,18.22799,,2.522917,W ,3.153646,C ,18.7,,,0.0,-18.17702
2025-02-21 00:00:00.0,28.06111,40.1,18.7,,,,,,,,10.25,10.0,9.75,,,23.73936,69,59,20.20978,,2.602778,W ,3.253472,C ,32.3,,,0.0,-23.90403
2025-02-22 00:00:00.0,26.94514,37.0,19.0,,,,0.85,,,,1.75,0.25,0.25,,,27.77326,79,74,22.72731,,1.673611,C ,2.092014,C ,14.9,,,0.0,-23.90403
2025-02-23 00:00:00.0,25.65417,33.0,20.3,,,,,,,,9.0,6.25,1.25,,,27.64807,87,84,22.70994,,2.757638,W ,3.447048,C ,32.8,,,0.0,-23.90403
2025-02-24 00:00:00.0,24.69444,30.1,20.9,,,,-8.8,,,,0.0,4.5,1.0,,,24.12684,80,73,20.48978,,3.381945,W ,4.227432,C ,25.2,,,0.0,-23.90403
2025-02-25 00:00:00.0,25.18681,34.1,18.3,,,,15.8,,,,0.0,0.0,0.0,,,25.08146,80,74,21.06882,,2.410417,W ,3.013021,C ,18.7,,,0.0,-23.90403
2025-02-26 00:00:00.0,20.30556,25.6,16.9,,,,-4.65,,,,0.0,0.0,0.0,,,18.12945,82,77,15.88586,,7.880557,SE,9.850696,C ,35.1,,,0.0,-18.67502
2025-02-27 00:00:00.0,21.91389,31.0,14.0,,,,18.85,,,,0.0,0.0,0.0,,,23.04935,83,77,19.61677,,3.002084,E ,3.752605,C ,22.9,,,0.0,-18.92402
2025-02-28 00:00:00.0,24.75417,34.2,19.0,,,,16.1,,,,56.75,49.0,26.5,,,27.56676,91,88,22.61891,,1.520833,C ,1.901042,C ,15.5,,,0.0,-23.90403
2025-03-01 00:00:00.0,23.82778,28.9,20.9,,,,16.8,,,,0.25,8.0,25.75,,,24.58518,87,85,20.76502,,6.025695,S ,7.532119,C ,34.0,,,0.0,-23.73803
2025-03-02 00:00:00.0,22.18056,31.5,16.0,,,,-3.75,,,,2.75,2.25,0.75,,,22.24174,86,84,19.14196,,1.529861,C ,1.912327,C ,17.9,,,0.0,-20.50102
2025-03-03 00:00:00.0,22.04861,27.3,18.7,,,,43.65,,,,29.75,1.0,0.5,,,26.28415,96,94,21.84007,,1.164583,C ,1.455729,C ,10.9,,,0.0,-23.90403
2025-03-04 00:00:00.0,21.34513,24.3,19.2,,,,25.65,,,,11.75,41.0,12.25,,,25.14534,100,100,21.16666,,1.578472,C ,1.973091,C ,14.6,,,0.0,-23.90403
2025-03-05 00:00:00.0,23.62917,33.0,19.3,,,,,,,,43.75,43.75,24.75,,,27.42486,93,92,22.40028,,3.244445,E ,4.055556,C ,43.4,,,0.0,-23.90403
2025-03-06 00:00:00.0,23.65764,29.4,19.9,,,,6.400001,,,,0.25,0.25,0.25,,,27.43337,92,91,22.55678,,3.161805,E ,3.952256,C ,35.0,,,0.0,-23.90403
2025-03-07 00:00:00.0,28.13611,36.5,22.6,,,,12.48098,,,,12.75,10.5,7.75,,,29.26188,81,76,23.58003,,4.165973,W ,5.207466,C ,27.5,,,0.0,-23.90403
2025-03-08 00:00:00.0,19.86459,23.6,14.0,,,,16.15,,,,0.0,2.25,1.5,,,17.57333,84,78,15.22573,,7.397916,S ,9.247396,C ,33.0,,,0.0,-16.76601
2025-03-09 00:00:00.0,15.38403,22.8,10.1,,,,16.25,,,,0.0,0.0,0.0,,,14.12376,82,81,12.07779,,3.653472,S ,4.56684,C ,18.6,,,0.0,-5.643997
2025-03-10 00:00:00.0,16.61319,25.0,9.4,,,,19.55,,,,4.75,3.0,1.5,,,15.01714,80,77,12.91647,,3.283334,W ,4.104167,C ,33.1,,,0.0,-8.798
2025-03-11 00:00:00.0,15.70278,22.1,11.3,,,,41.6,,,,0.0,1.75,2.25,,,13.76806,83,82,11.68581,,3.811805,C ,4.764757,C ,27.8,,,0.0,-3.817997
2025-03-12 00:00:00.0,13.98472,20.2,7.7,,,,19.15,,,,0.0,0.0,0.0,,,13.30254,87,86,11.11831,,3.310417,C ,4.138021,C ,19.2,,,0.0,-0.1660006
2025-03-13 00:00:00.0,13.02222,21.7,6.0,,,,19.5,,,,0.0,0.0,0.0,,,12.58523,84,80,10.21728,,3.12361,C ,3.904513,C ,21.9,,,4.481998,1.244999
2025-03-14 00:00:00.0,16.09722,26.7,8.1,,,,18.65,,,,0.0,0.0,0.0,,,15.46812,83,77,13.26648,,1.952778,C ,2.440972,C ,15.1,,,0.0,-6.556999
2025-03-15 00:00:00.0,17.88958,27.4,9.6,,,,19.25,,,,0.0,0.0,0.0,,,15.81511,80,76,13.71458,,1.332639,C ,1.665799,C ,14.6,,,0.0,-8.963999
2025-03-16 00:00:00.0,19.12222,28.6,13.3,,,,-2.8,,,,0.0,0.0,0.0,,,18.64404,85,79,16.31589,,1.040972,C ,1.301215,C ,12.6,,,0.0,-14.35901
2025-03-17 00:00:00.0,21.23055,30.7,13.8,,,,-7.3,,,,20.0,0.0,0.0,,,20.27497,81,78,17.61298,,1.281944,C ,1.60243,C ,14.7,,,0.0,-16.43402
2025-03-18 00:00:00.0,20.81458,29.0,16.6,,,,41.6,,,,0.0,20.0,19.5,,,21.39922,90,91,18.44479,,4.015278,SE,5.019097,C ,29.4,,,0.0,-17.51302
2025-03-19 00:00:00.0,19.11389,26.7,13.3,,,,3.4,,,,0.0,0.0,0.0,,,21.59472,94,95,18.48806,,1.655555,E ,2.069444,C ,13.8,,,0.0,-16.35102
2025-03-20 00:00:00.0,24.02084,33.0,18.4,,,,-0.7,,,,0.0,0.0,0.0,,,24.16014,83,80,20.49647,,1.574306,C ,1.967882,C ,15.3,,,0.0,-23.90403
2025-03-21 00:00:00.0,23.97986,33.5,16.4,,,,18.55,,,,7.0,0.0,0.0,,,23.35775,81,75,19.92613,,1.286111,C ,1.607639,C ,14.6,,,0.0,-21.74603
2025-03-22 00:00:00.0,21.15208,26.3,17.9,,,,41.6,,,,4.0,11.0,6.0,,,23.50327,96,94,20.03482,,2.931944,C ,3.66493,C ,25.0,,,0.0,-23.73803
2025-03-23 00:00:00.0,17.59376,19.0,16.8,,,,41.6,,,,2.75,1.75,1.5,,,19.91538,100,100,17.43539,,9.766666,SE,12.20833,C ,26.4,,,0.0,-12.45002
2025-03-24 00:00:00.0,18.74514,23.5,13.8,,,,16.6,,,,0.0,1.0,0.5,,,18.48522,90,90,16.1424,,6.527778,SE,8.159722,C ,22.3,,,0.0,-12.61601
2025-03-25 00:00:00.0,15.87639,23.5,9.2,,,,21.65,,,,0.0,0.0,0.0,,,14.9541,85,81,12.86982,,2.306249,C ,2.882812,C ,15.3,,,0.0,-5.062997
2025-03-26 00:00:00.0,15.86875,26.6,5.1,,,,41.6,,,,0.75,0.0,0.0,,,15.97983,84,84,13.53304,,1.329861,E ,1.662326,C ,16.2,,,2.656,-6.640004
2025-03-27 00:00:00.0,21.52639,30.9,16.3,,,,17.05,,,,0.0,0.75,0.75,,,21.58613,85,82,18.68464,,0.96875,C ,1.210938,C ,12.3,,,0.0,-22.07803
2025-03-28 00:00:00.0,20.35347,26.2,16.9,,,,-1.55,,,,1.5,1.25,0.5,,,22.2936,96,97,19.09105,,1.035417,C ,1.294271,C ,25.3,,,0.0,-19.25602
2025-03-29 00:00:00.0,18.19791,28.0,11.4,,,,-3.45,,,,0.0,0.25,0.25,,,18.09404,87,84,15.7183,,1.054861,C ,1.318576,C ,12.1,,,0.0,-9.462004
2025-03-30 00:00:00.0,20.15139,29.2,15.0,,,,-5.55,,,,22.25,21.75,16.75,,,20.59851,88,87,17.87624,,4.49375,E ,5.617188,C ,34.4,,,0.0,-15.43801
2025-03-31 00:00:00.0,15.58125,20.0,8.4,,,,19.55,,,,0.0,0.5,0.25,,,13.88127,87,85,11.65732,,6.800692,S ,8.500865,C ,30.0,,,2.324,-1.908999
2025-04-01 00:00:00.0,12.01111,21.3,4.5,,,,-5.8,,,,0.0,0.0,0.0,,,11.87345,83,83,9.274664,,1.521528,C ,1.90191,C ,15.4,,,6.971997,1.494
2025-04-02 00:00:00.0,16.24584,25.1,10.2,,,,-3.15,,,,0.0,0.0,0.0,,,15.54985,85,84,13.49148,,2.033333,C ,2.541666,C ,17.3,,,0.0,-6.473999
2025-04-03 00:00:00.0,12.72292,18.2,6.1,,,,-4.6,,,,0.0,0.0,0.0,,,11.73167,88,85,9.169655,,10.5243,S ,13.15538,C ,52.3,,,3.817999,9.295999
2025-04-04 00:00:00.0,9.025692,15.7,3.3,,,,17.8,,,,0.0,0.0,0.0,,,9.995637,87,86,6.855796,,5.094444,S ,6.368055,C ,23.0,,,7.801996,13.94401
2025-04-05 00:00:00.0,11.08264,19.9,2.9,,,,16.9,,,,0.0,0.0,0.0,,,10.70984,83,79,7.845003,,1.672222,C ,2.090277,C ,15.9,,,7.137997,6.722995
2025-04-06 00:00:00.0,13.64167,24.8,6.4,,,,22.6,,,,0.0,0.0,0.0,,,14.17731,87,83,11.86059,,2.417361,E ,3.021702,C ,18.2,,,3.153999,-1.411
2025-04-07 00:00:00.0,15.7868,22.1,9.2,,,,-9.75,,,,0.0,0.0,0.0,,,15.00132,86,85,12.97846,,2.549305,E ,3.186632,C ,17.3,,,0.0,-5.892994
2025-04-08 00:00:00.0,17.20417,24.8,12.1,,,,-5.9,,,,0.0,0.0,0.0,,,17.83035,88,86,15.63368,,4.057639,E ,5.072049,C ,24.0,,,0.0,-12.69901
2025-04-09 00:00:00.0,17.87777,24.4,11.5,,,,-5.6,,,,0.0,0.0,0.0,,,17.81277,88,86,15.5921,,3.679166,E ,4.598958,C ,27.9,,,0.0,-12.53301
2025-04-10 00:00:00.0,19.1375,23.7,16.1,,,,41.6,,,,0.75,0.0,0.0,,,20.47453,92,91,17.85231,,4.347915,E ,5.434894,C ,25.7,,,0.0,-18.09402
2025-04-11 00:00:00.0,19.81042,23.4,17.0,,,,,,,,6.75,2.5,0.75,,,22.96734,97,98,19.68832,,2.894444,E ,3.618056,C ,27.7,,,0.0,-23.40603
2025-04-12 00:00:00.0,19.16737,23.5,13.5,,,,17.15,,,,0.5,5.25,2.0,,,19.07396,93,90,16.60611,,2.906251,C ,3.632814,C ,21.6,,,0.0,-15.52102
2025-04-13 00:00:00.0,14.34097,22.4,8.3,,,,16.05,,,,0.0,0.25,0.25,,,13.25062,86,86,11.05232,,5.158332,S ,6.447916,C ,28.1,,,0.0,-0.3320006
2025-04-14 00:00:00.0,,,,,,,,,,,,,,,,,,,,,,  ,,  ,,,,,
2025-04-15 00:00:00.0,,,,,,,,,,,14.5,,,,,,,98,,,,  ,,  ,,,,,
2025-04-16 00:00:00.0,11.93264,18.9,6.0,,,,21.1,,,,0.0,0.25,0.25,,,12.97581,93,90,10.69373,,1.307639,C ,1.634549,C ,9.8,,,1.66,6.474001
2025-04-17 00:00:00.0,13.025,21.4,5.2,,,,,,,,0.25,0.0,0.0,,,14.49791,94,93,12.18899,,1.123611,C ,1.404514,C ,14.0,,,0.83,2.158
2025-04-18 00:00:00.0,13.54722,20.7,7.7,,,,19.5,,,,0.0,0.25,0.25,,,12.47789,85,82,10.14649,,5.197916,C ,6.497395,C ,29.8,,,0.0,0.9959989
2025-04-19 00:00:00.0,11.95764,19.6,6.5,,,,16.65,,,,0.0,0.0,0.0,,,12.27393,91,90,9.81903,,5.304167,S ,6.630209,C ,22.7,,,3.485999,7.386995
2025-04-20 00:00:00.0,12.23472,17.7,6.3,,,,15.85,,,,0.0,0.0,0.0,,,13.20647,91,89,11.00034,,1.771528,C ,2.21441,C ,16.1,,,0.166,5.228998
2025-04-21 00:00:00.0,12.50625,19.8,6.4,,,,41.6,,,,1.5,0.0,0.0,,,14.06959,92,91,11.82262,,1.232639,C ,1.540799,C ,15.5,,,1.826,1.992
2025-04-22 00:00:00.0,16.16736,23.3,12.7,,,,16.15,,,,0.0,1.5,1.0,,,17.1056,92,89,14.99497,,0.6486111,C ,0.8107639,C ,6.8,,,0.0,-9.13
2025-04-23 00:00:00.0,18.81111,27.9,13.9,,,,16.8,,,,0.0,0.0,0.0,,,17.63073,86,83,15.41689,,2.272223,C ,2.840278,C ,16.2,,,0.0,-9.794
2025-04-24 00:00:00.0,13.76111,24.0,8.1,,,,16.3,,,,0.25,0.0,0.0,,,14.63952,92,88,12.41709,,1.23125,C ,1.539062,C ,10.1,,,0.0,1.411
2025-04-25 00:00:00.0,18.05416,27.3,11.8,,,,18.1,,,,27.25,27.0,11.0,,,19.04763,89,86,16.54044,,3.033333,W ,3.791666,C ,35.8,,,0.0,-12.45001
2025-04-26 00:00:00.0,13.96458,19.7,7.9,,,,16.2,,,,0.0,0.5,1.0,,,11.29584,79,72,8.598411,,5.357638,W ,6.697047,C ,22.5,,,0.0,4.315998
2025-04-27 00:00:00.0,11.08264,20.2,4.7,,,,16.35,,,,0.0,0.0,0.0,,,10.2767,81,76,7.291061,,4.503473,W ,5.629342,C ,24.2,,,7.635996,9.13
2025-04-28 00:00:00.0,12.46875,22.0,6.3,,,,16.0,,,,0.0,0.0,0.0,,,11.55234,83,79,9.00721,,4.46111,C ,5.576387,C ,24.5,,,3.153999,5.311997
2025-04-29 00:00:00.0,12.23403,23.1,4.7,,,,-7.3,,,,0.0,0.0,0.0,,,13.10012,89,86,10.62716,,1.151389,C ,1.439236,C ,10.0,,,6.307997,4.149999
2025-04-30 00:00:00.0,15.09028,26.1,8.6,,,,16.1,,,,0.0,0.0,0.0,,,14.95507,87,84,12.78236,,2.156945,W ,2.696181,C ,15.2,,,0.0,-2.738999
2025-05-01 00:00:00.0,15.37292,25.3,8.8,,,,45.8,,,,0.0,0.0,0.0,,,14.82615,86,83,12.71965,,1.804861,E ,2.256077,C ,16.2,,,0.0,-3.818
2025-05-02 00:00:00.0,15.95555,24.2,10.6,,,,45.7,,,,0.0,0.0,0.0,,,14.29047,84,80,12.18528,,1.446528,C ,1.80816,C ,13.5,,,0.0,-3.236996
2025-05-03 00:00:00.0,14.1625,25.2,5.3,,,,-7.8,,,,0.0,0.0,0.0,,,13.97109,86,83,11.63316,,1.322917,C ,1.653646,C ,16.1,,,3.153999,-0.1659998
2025-05-04 00:00:00.0,16.50486,23.8,11.3,,,,15.8,,,,1.75,1.5,1.0,,,18.10012,95,95,15.72695,,3.996528,S ,4.99566,C ,21.6,,,0.0,-7.635997
2025-05-05 00:00:00.0,12.02014,17.1,6.7,,,,41.6,,,,0.0,0.25,0.25,,,12.59331,92,90,10.30891,,3.327778,E ,4.159723,C ,20.7,,,0.664,8.3
2025-05-06 00:00:00.0,16.22015,23.0,9.1,,,,42.9,,,,32.0,17.25,3.75,,,19.10923,97,93,16.64902,,2.726389,E ,3.407987,C ,25.0,,,0.0,-11.786
2025-05-07 00:00:00.0,15.79792,21.6,10.3,,,,44.45,,,,8.0,22.75,2.25,,,15.49324,93,88,13.41051,,2.664584,C ,3.33073,C ,14.2,,,0.0,-2.158
2025-05-08 00:00:00.0,13.80625,19.0,8.5,,,,17.85,,,,0.0,0.0,0.0,,,15.25264,97,95,13.10885,,2.647917,C ,3.309896,C ,20.4,,,0.0,1.327999
2025-05-09 00:00:00.0,12.44514,21.8,5.9,,,,17.9,,,,0.0,0.0,0.0,,,12.25301,85,80,9.797531,,2.936112,W ,3.67014,C ,19.8,,,4.813998,4.067
2025-05-10 00:00:00.0,12.61458,18.7,8.0,,,,41.6,,,,0.25,0.0,0.0,,,11.9839,85,86,9.60277,,3.980555,W ,4.975694,C ,18.7,,,0.332,5.560997
2025-05-11 00:00:00.0,12.26458,22.6,5.9,,,,20.15,,,,0.0,0.25,0.25,,,12.51614,88,85,10.0839,,1.249306,C ,1.561632,C ,15.4,,,5.311998,5.145998
2025-05-12 00:00:00.0,12.41944,21.7,7.1,,,,19.95,,,,0.25,0.0,0.0,,,13.11485,91,87,10.81833,,1.774306,E ,2.217882,C ,15.0,,,0.0,5.229
2025-05-13 00:00:00.0,14.70764,23.7,8.9,,,,45.75,,,,0.0,0.25,0.25,,,15.74078,92,88,13.57979,,1.568056,C ,1.96007,C ,14.3,,,0.0,-2.407001
2025-05-14 00:00:00.0,15.36319,23.1,10.2,,,,41.6,,,,0.0,0.0,0.0,,,17.13258,95,91,14.90813,,1.482639,C ,1.853298,C ,10.0,,,0.0,-5.478003
2025-05-15 00:00:00.0,16.65209,20.5,12.6,,,,,,,,6.0,4.0,0.5,,,19.86103,100,100,17.18762,,1.986805,E ,2.483506,C ,28.3,,,0.0,-15.35501
2025-05-16 00:00:00.0,18.99584,20.5,17.5,,,,,,,,2.0,3.75,0.25,,,21.83117,100,100,18.88056,,0.6381944,C ,0.7977431,C ,10.6,,,0.0,-20.99903
2025-05-17 00:00:00.0,18.46667,21.9,16.7,,,,6.45,,,,1.25,1.25,0.25,,,20.7576,99,98,18.04778,,2.497223,W ,3.121528,C ,19.6,,,0.0,-16.84901
2025-05-18 00:00:00.0,12.66666,18.3,5.9,,,,4.9,,,,0.5,0.5,0.25,,,10.20716,79,76,7.03161,,7.098612,C ,8.873264,C ,24.9,,,4.813998,11.039
2025-05-19 00:00:00.0,7.095139,11.3,4.2,,,,-0.5999999,,,,0.5,0.5,0.25,,,10.11171,98,97,7.060394,,0.9034722,C ,1.12934,C ,12.6,,,11.288,
2025-05-20 00:00:00.0,8.936805,16.9,3.8,,,,19.85,,,,0.25,0.5,0.25,,,9.549012,87,84,6.244562,,3.427083,W ,4.283854,C ,23.7,,,13.44601,14.44201
2025-05-21 00:00:00.0,7.02014,12.4,2.5,,,,,,,,0.5,0.25,0.25,,,9.970506,96,94,6.79393,,1.673612,C ,2.092015,C ,12.1,,,8.797997,
2025-05-22 00:00:00.0,8.514583,15.7,2.5,,,,-3.5,,,,0.5,0.5,0.25,,,9.82362,91,87,6.593874,,1.057639,C ,1.322048,C ,11.6,,,11.952,16.76601
2025-05-23 00:00:00.0,9.173614,16.7,4.1,,,,-6.8,,,,0.25,0.5,0.25,,,11.42169,94,92,8.684902,,1.3375,C ,1.671875,C ,16.5,,,8.133996,11.62
2025-05-24 00:00:00.0,12.05833,17.5,9.1,,,,7.85,,,,0.75,0.25,0.25,,,13.91036,98,96,11.73176,,0.4222221,C ,0.5277777,C ,9.2,,,0.0,5.81
2025-05-25 00:00:00.0,13.67222,20.8,8.4,,,,6.231246,,,,0.5,0.75,0.25,,,16.34929,98,96,14.18104,,1.428472,E ,1.78559,C ,14.5,,,0.0,-1.909
2025-05-26 00:00:00.0,15.72708,17.8,14.4,,,,7.941671,,,,1.5,0.5,0.25,,,18.07347,100,100,15.8882,,1.679167,E ,2.098958,C ,15.9,,,0.0,-4.814
2025-05-27 00:00:00.0,13.13611,16.7,8.9,,,,8.327774,,,,15.75,12.25,0.75,,,13.62259,98,98,11.40149,,14.22708,S ,17.78385,C ,42.7,,,0.498,7.635996
2025-05-28 00:00:00.0,8.382639,12.9,5.2,,,,4.877779,,,,8.25,11.25,0.5,,,10.35455,96,93,7.413182,,8.446527,S ,10.55816,C ,26.3,,,9.461999,19.33902
2025-05-29 00:00:00.0,7.145833,14.9,1.8,,,,2.322221,,,,3.5,4.5,0.25,,,8.609066,88,85,4.725363,,1.759722,C ,2.199653,C ,11.5,,,13.77801,15.68702
2025-05-30 00:00:00.0,7.234027,13.1,3.3,,,,-0.04097242,,,,1.25,1.75,0.25,,,9.607189,93,93,6.297974,,2.769445,W ,3.461806,C ,16.4,,,12.94801,19.25602
2025-05-31 00:00:00.0,8.444439,17.2,3.1,,,,-2.25,,,,0.75,0.75,0.25,,,9.30853,87,82,5.786365,,1.561805,C ,1.952257,C ,13.6,,,13.94401,15.10601
2025-06-01 00:00:00.0,7.069445,15.1,1.8,,,,41.8,,,,0.5,0.5,0.25,,,8.789944,87,83,4.985584,,2.663195,NW,3.328993,C ,18.9,,,9.96,15.43802
2025-06-02 00:00:00.0,9.440975,15.6,5.4,,,,,,,,0.25,0.5,0.25,,,11.22548,93,94,8.557272,,2.655556,W ,3.319445,C ,23.6,,,5.809998,13.61201
2025-06-03 00:00:00.0,10.38611,17.6,6.3,,,,3.6,,,,0.5,0.25,0.25,,,12.27267,97,92,9.793045,,1.033333,C ,1.291667,C ,11.9,,,6.307997,12.86501
2025-06-04 00:00:00.0,11.84861,20.0,7.9,,,,1.386014,,,,0.25,0.5,0.25,,,12.83642,94,90,10.38834,,2.865973,C ,3.582466,C ,19.4,,,2.324,9.046999
2025-06-05 00:00:00.0,7.718054,15.7,1.5,,,,16.15,,,,0.25,0.25,0.25,,,9.253067,89,86,5.705462,,1.828472,W ,2.28559,C ,12.0,,,12.78201,15.60402
2025-06-06 00:00:00.0,8.496529,19.7,2.2,,,,41.6,,,,0.25,0.25,0.25,,,9.102695,85,79,5.517681,,1.325695,C ,1.657118,C ,8.3,,,12.45001,13.36301
2025-06-07 00:00:00.0,8.885416,20.2,1.8,,,,,,,,0.25,0.25,0.25,,,10.84723,94,88,7.7596,,0.7090277,C ,0.8862846,C ,6.9,,,11.122,12.61601
2025-06-08 00:00:00.0,7.564586,10.1,3.0,,,,41.6,,,,0.25,0.0,0.0,,,9.988346,95,94,6.897769,,4.022917,S ,5.028646,C ,18.2,,,9.461999,
2025-06-09 00:00:00.0,7.447916,13.1,4.2,,,,41.6,,,,0.0,0.25,0.25,,,9.248211,92,90,5.813568,,1.545833,C ,1.932291,C ,11.5,,,15.60401,20.25202
2025-06-10 00:00:00.0,7.995833,17.3,2.6,,,,42.05,,,,0.25,0.25,0.25,,,10.38033,94,90,7.228902,,1.899306,C ,2.374132,C ,11.8,,,11.62,15.35501
2025-06-11 00:00:00.0,8.179862,15.4,3.4,,,,41.6,,,,0.25,0.25,0.25,,,10.61821,97,93,7.570843,,1.702778,E ,2.128472,C ,16.0,,,11.786,16.68301
2025-06-12 00:00:00.0,9.704865,16.8,5.3,,,,41.6,,,,0.25,0.25,0.25,,,11.50269,92,86,8.905425,,3.391667,E ,4.239583,C ,26.2,,,6.307997,11.869
2025-06-13 00:00:00.0,11.11736,13.8,9.1,,,,,,,,0.25,0.25,0.25,,,13.16216,99,100,11.00063,,1.409028,C ,1.761285,C ,17.0,,,0.0,8.964008
2025-06-14 00:00:00.0,10.02917,11.8,8.6,,,,41.6,,,,0.25,0.25,0.25,,,11.9205,100,100,9.503474,,4.922917,S ,6.153646,C ,16.3,,,1.162,
2025-06-15 00:00:00.0,7.040279,15.9,0.9,,,,42.8,,,,0.25,0.0,0.0,,,8.499571,89,83,4.491674,,1.267361,C ,1.584201,C ,13.3,,,15.27201,14.27601
2025-06-16 00:00:00.0,7.116668,10.5,3.6,,,,,,,,0.25,0.25,0.25,,,10.79993,100,100,7.920135,,1.838194,C ,2.297743,C ,18.2,,,7.801996,
2025-06-17 00:00:00.0,9.615276,15.2,5.1,,,,41.6,,,,0.0,0.25,0.25,,,10.79571,96,91,7.952168,,3.650694,C ,4.563368,C ,18.0,,,5.975997,16.10201
2025-06-18 00:00:00.0,7.70278,17.4,2.8,,,,,,,,0.25,0.25,0.25,,,9.215297,88,82,5.635523,,1.760417,C ,2.200521,C ,16.1,,,13.77801,15.77001
2025-06-19 00:00:00.0,7.801388,18.0,2.1,,,,41.6,,,,0.25,0.25,0.25,,,9.843162,90,86,6.495709,,2.368056,NW,2.960069,C ,17.1,,,9.627999,13.44601
2025-06-20 00:00:00.0,9.165277,17.6,3.4,,,,,,,,0.25,0.0,0.0,,,10.39844,90,87,7.431707,,3.052778,W ,3.815973,C ,22.0,,,8.797997,14.94001
2025-06-21 00:00:00.0,8.381249,14.5,4.4,,,,,,,,0.0,0.25,0.25,,,10.83546,99,98,7.993552,,1.932639,W ,2.415798,C ,9.3,,,10.624,18.42602
2025-06-22 00:00:00.0,8.924305,16.4,5.4,,,,,,,,0.25,0.25,0.25,,,10.67026,94,88,7.816144,,6.928473,W ,8.660591,C ,33.7,,,8.631997,17.59602
2025-06-23 00:00:00.0,6.886113,8.9,4.4,,,,,,,,0.25,0.25,0.25,,,10.06349,100,100,7.002991,,16.53958,W ,20.67447,C ,43.8,,,10.292,
2025-06-24 00:00:00.0,6.332639,13.1,0.0,,,,,,,,0.0,0.0,0.0,,,7.975827,86,83,3.626304,,4.29861,W ,5.373263,C ,24.5,,,15.60401,16.26802
2025-06-25 00:00:00.0,6.388196,13.7,2.2,,,,,,,,0.25,0.25,0.25,,,7.635802,85,83,3.029456,,4.205555,W ,5.256944,C ,22.1,,,17.09801,16.26801
2025-06-26 00:00:00.0,4.215278,13.0,-2.2,,,,41.6,,,,22.5,22.5,13.25,,,6.944153,84,81,1.639496,,5.004166,W ,6.255208,C ,25.2,,,16.76601,10.043
2025-06-27 00:00:00.0,5.90764,13.2,2.1,,,,41.6,,,,0.0,0.0,0.0,,,7.489912,82,82,2.81667,,3.515972,W ,4.394966,C ,18.3,,,16.43401,19.09002
2025-06-28 00:00:00.0,4.731249,8.9,2.2,,,,,,,,2.5,0.5,0.25,,,8.277718,96,90,4.2129,,4.571527,S ,5.714409,C ,19.5,,,18.75802,
2025-06-29 00:00:00.0,3.652083,7.3,1.2,,,,41.6,,,,1.25,3.25,0.5,,,7.514967,99,97,2.799696,,4.493057,S ,5.616321,C ,18.4,,,23.73803,
2025-06-30 00:00:00.0,2.027083,8.1,-1.6,,,,41.6,,,,0.25,0.25,0.25,,,6.84659,96,93,1.441715,,6.867362,W ,8.584202,C ,24.8,,,21.58002,
2025-07-01 00:00:00.0,3.099306,11.4,-2.3,,,,41.6,,,,0.0,0.0,0.0,,,6.052676,81,76,-0.2030366,,3.590278,W ,4.487847,C ,19.4,,,18.26002,
2025-07-02 00:00:00.0,2.347916,10.8,-2.8,,,,41.6,,,,0.0,0.0,0.0,,,5.860182,82,78,-0.667033,,2.451389,NW,3.064236,C ,15.5,,,18.59202,
2025-07-03 00:00:00.0,3.906944,12.4,-1.0,,,,41.6,,,,0.0,0.0,0.0,,,7.6383,91,87,2.909146,,3.623611,NW,4.529514,C ,22.0,,,17.26402,
2025-07-04 00:00:00.0,6.843751,14.9,2.0,,,,45.0,,,,0.0,0.0,0.0,,,9.479876,95,90,5.930647,,1.832639,C ,2.290799,C ,14.4,,,13.44601,16.60002
2025-07-05 00:00:00.0,5.659722,13.4,-0.3,,,,,,,,0.25,0.0,0.0,,,8.927428,97,94,4.854062,,2.797916,E ,3.497396,C ,20.1,,,14.11001,10.209
2025-07-06 00:00:00.0,8.448612,17.3,0.9,,,,41.6,,,,4.0,0.75,0.25,,,11.97901,97,92,9.314923,,2.223611,E ,2.779514,C ,22.1,,,5.311998,11.454
2025-07-07 00:00:00.0,11.09861,13.2,8.5,,,,41.6,,,,0.25,3.75,1.0,,,12.76855,100,100,10.49603,,1.354167,C ,1.692709,C ,12.2,,,0.996,11.45401
2025-07-08 00:00:00.0,7.325693,10.5,2.9,,,,43.8,,,,0.0,0.0,0.0,,,10.76148,100,100,7.841668,,1.654167,W ,2.067708,C ,10.9,,,9.461999,
2025-07-09 00:00:00.0,9.861113,10.6,8.9,,,,,,,,13.5,6.0,1.0,,,12.05335,100,100,9.719447,,1.339583,C ,1.674479,C ,16.3,,,0.0,
2025-07-10 00:00:00.0,9.984723,11.5,9.1,,,,,,,,1.5,9.0,0.75,,,12.14943,100,100,9.82292,,1.667361,E ,2.084201,C ,15.6,,,0.0,
2025-07-11 00:00:00.0,10.75764,15.6,8.2,,,,43.7,,,,0.0,0.0,0.0,,,13.11423,99,97,10.86972,,1.041667,C ,1.302083,C ,9.7,,,0.0,11.86901
2025-07-12 00:00:00.0,9.377085,12.4,6.8,,,,,,,,0.0,0.0,0.0,,,11.6479,100,100,9.129168,,1.495139,C ,1.868923,C ,14.6,,,0.166,
2025-07-13 00:00:00.0,10.60556,19.5,5.9,,,,,,,,0.0,0.0,0.0,,,12.12279,95,91,9.526896,,1.289584,C ,1.61198,C ,12.3,,,7.137997,11.45401
2025-07-14 00:00:00.0,8.822917,14.7,6.2,,,,-8.65,,,,1.0,0.0,0.0,,,11.57952,99,98,9.013151,,1.752083,E ,2.190104,C ,16.5,,,5.643998,15.93601
2025-07-15 00:00:00.0,11.2743,13.7,8.6,,,,,,,,12.25,6.75,0.5,,,13.97977,100,100,11.90903,,2.165972,E ,2.707466,C ,15.8,,,0.0,6.225003
2025-07-16 00:00:00.0,11.40834,13.2,8.3,,,,,,,,9.25,14.25,0.5,,,12.69131,99,97,10.4217,,12.4,S ,15.5,C ,34.9,,,0.0,13.28002
2025-07-17 00:00:00.0,8.354165,14.5,4.7,,,,-10.0,,,,3.75,4.25,0.25,,,10.14035,94,88,7.141395,,4.920142,S ,6.150177,C ,22.3,,,9.627999,19.42202
2025-07-18 00:00:00.0,9.488195,17.3,4.6,,,,,,,,2.5,3.0,0.25,,,10.54767,87,84,7.66198,,4.15486,NW,5.193576,C ,20.6,,,8.465997,11.703
2025-07-19 00:00:00.0,10.45972,16.7,6.1,,,,,,,,1.75,1.75,0.25,,,11.27258,92,89,8.665131,,3.085416,W ,3.85677,C ,23.8,,,3.651999,14.27601
2025-07-20 00:00:00.0,10.70139,17.9,6.9,,,,-9.7,,,,1.25,1.5,0.25,,,12.6651,96,91,10.31425,,1.967361,C ,2.459202,C ,11.4,,,,11.039
2025-07-21 00:00:00.0,9.262502,11.0,6.8,,,,,,,,1.0,1.0,0.25,,,11.59327,100,100,9.117363,,4.609722,S ,5.762153,C ,16.0,,,0.664,
