Fecha,Temperatura_Abrigo_150cm,Temperatura_Abrigo_150cm_Maxima,Temperatura_Abrigo_150cm_Minima,Temperatura_Intemperie_5cm_Minima,Temperatura_Intemperie_50cm_Minima,Temperatura_Suelo_5cm_Media,Temperatura_Suelo_10cm_Media,Temperatura_Inte_5cm,Temperatura_Intemperie_150cm_Minima,Humedad_Suelo,Precipitacion_Pluviometrica,Precipitacion_Cronologica,Precipitacion_Maxima_30minutos,Heliofania_Efectiva,Heliofania_Relativa,Tesion_Vapor_Media,Humedad_Media,Humedad_Media_8_14_20,Rocio_Medio,Duracion_Follaje_Mojado,Velocidad_Viento_200cm_Media,Direccion_Viento_200cm,Velocidad_Viento_1000cm_Media,Direccion_Viento_1000cm,Velocidad_Viento_Maxima,Presion_Media,Radiacion_Global,Horas_Frio,Unidades_Frio
2010-08-25 00:00:00.0,,,,,,,,,,,,,,,,,,,,,,  ,,  ,,,,,
2010-08-26 00:00:00.0,10.32361,18.4,3.0,,2.7,,11.95208,,2.8,,0.0,0.0,0.0,,,11.88715,91,83,9.265698,,,  ,,  ,,,,7.303997,8.548999
2010-08-27 00:00:00.0,14.21805,23.8,7.4,,6.7,,13.57222,,7.0,,0.0,0.0,0.0,,,13.8548,86,81,11.70113,,,  ,,  ,,,,0.0,0.4980004
2010-08-28 00:00:00.0,15.64723,22.3,10.2,,9.4,,14.22709,,10.1,,0.0,0.0,0.0,,,16.88256,91,90,14.71727,,,  ,,  ,,,,0.0,-7.885004
2010-08-29 00:00:00.0,14.52361,17.6,9.0,,8.4,,14.6632,,8.8,,0.0,0.0,0.0,,,8.686726,59,58,4.60515,,,  ,,  ,,,,1.66,3.485999
2010-08-30 00:00:00.0,9.927081,15.3,4.5,,4.1,,12.4368,,4.2,,0.3,0.3,0.3,,,9.157464,68,62,4.876459,,,  ,,  ,,,,7.137997,8.631997
2010-08-31 00:00:00.0,13.76181,15.0,12.8,,12.5,,13.43751,,12.5,,13.0,12.4,8.1,,,15.73588,100,100,13.74825,,,  ,,  ,,,,0.0,0.498
2010-09-01 00:00:00.0,10.63472,13.8,8.9,,8.7,,12.81529,,8.8,,8.900001,0.6,0.3,,,11.14409,91,91,8.438311,,,  ,,  ,,,,0.0,13.94402
2010-09-02 00:00:00.0,9.198611,11.7,6.8,,6.6,,11.38402,,6.6,,58.29997,57.19998,7.400001,,,11.86346,97,100,9.338585,,,  ,,  ,,,,1.494,
2010-09-03 00:00:00.0,12.07361,13.6,8.3,,8.2,,12.4,,8.2,,0.6,10.6,1.9,,,13.33843,98,97,11.11879,,,  ,,  ,,,,0.0,8.631997
2010-09-04 00:00:00.0,11.34445,17.6,7.0,,6.8,,12.58125,,6.8,,0.3,0.3,0.3,,,11.78293,87,84,9.3185,,,  ,,  ,,,,0.0,9.129999
2010-09-05 00:00:00.0,13.20278,22.2,6.7,,6.4,,13.40972,,6.9,,0.0,0.0,0.0,,,11.06833,75,64,8.41032,,,  ,,  ,,,,1.162,1.742999
2010-09-06 00:00:00.0,15.8618,23.3,9.4,,8.7,,14.43264,,9.3,,0.0,0.0,0.0,,,13.07193,74,71,10.90806,,,  ,,  ,,,,0.0,-6.888996
2010-09-07 00:00:00.0,16.63333,25.2,8.7,,7.5,,15.32014,,8.1,,0.0,0.0,0.0,,,12.74208,70,62,10.52728,,,  ,,  ,,,,0.0,-8.051
2010-09-08 00:00:00.0,16.37431,23.1,10.0,,9.6,,15.23056,,10.0,,0.0,0.0,0.0,,,11.54528,66,55,8.978057,,,  ,,  ,,,,0.0,-7.055001
2010-09-09 00:00:00.0,17.47709,25.3,11.6,,11.1,,15.90416,,11.4,,0.0,0.0,0.0,,,15.37683,77,73,13.35054,,,  ,,  ,,,,0.0,-10.873
2010-09-10 00:00:00.0,19.02362,27.0,15.4,,15.1,,17.01459,,15.4,,7.0,7.0,5.1,,,17.78561,84,77,15.64638,,,  ,,  ,,,,0.0,-15.43801
2010-09-11 00:00:00.0,15.9,20.7,10.5,,10.4,,17.10903,,10.7,,0.0,0.0,0.0,,,13.45435,82,79,11.22981,,,  ,,  ,,,,0.0,-3.900995
2010-09-12 00:00:00.0,12.50278,19.2,8.2,,7.7,,15.40903,,8.0,,0.0,0.0,0.0,,,12.05126,83,79,9.703948,,,  ,,  ,,,,0.0,4.564998
2010-09-13 00:00:00.0,11.99583,13.7,10.6,,10.3,,14.46389,,10.4,,19.2,18.9,3.3,,,13.65337,98,100,11.56553,,,  ,,  ,,,,0.0,9.047009
2010-09-14 00:00:00.0,13.05208,18.7,9.2,,9.0,,14.72292,,9.3,,0.0,0.3,0.6,,,11.49783,80,74,8.984211,,,  ,,  ,,,,0.0,2.987998
2010-09-15 00:00:00.0,14.99306,24.3,8.2,,7.8,,15.15139,,8.3,,0.0,0.0,0.0,,,10.27405,63,56,7.296837,,,  ,,  ,,,,0.0,-3.900998
2010-09-16 00:00:00.0,16.09513,22.8,9.7,,9.1,,16.06042,,9.7,,0.0,0.0,0.0,,,10.60306,62,53,7.735833,,,  ,,  ,,,,0.0,-6.307996
2010-09-17 00:00:00.0,11.67986,17.6,3.6,,3.4,,15.3882,,3.8,,0.0,0.0,0.0,,,7.775865,62,54,3.251452,,,  ,,  ,,,,3.651999,8.797997
2010-09-18 00:00:00.0,11.15278,18.9,4.0,,3.6,,14.57153,,3.9,,0.0,0.0,0.0,,,8.766419,68,58,4.993771,,,  ,,  ,,,,5.809998,5.727
2010-09-19 00:00:00.0,15.15347,22.9,9.3,,8.8,,15.52778,,9.1,,0.0,0.0,0.0,,,11.98709,69,62,9.618003,,,  ,,  ,,,,0.0,-5.395
2010-09-20 00:00:00.0,17.91598,25.7,11.5,,11.2,,16.50903,,11.4,,0.9,0.0,0.0,,,14.34043,70,63,12.28109,,,  ,,  ,,,,0.0,-12.11801
2010-09-21 00:00:00.0,16.67292,20.4,14.1,,13.6,,16.40903,,13.7,,0.0,0.9,0.9,,,15.66725,85,85,13.67557,,,  ,,  ,,,,0.0,-7.885
2010-09-22 00:00:00.0,15.97014,22.1,11.1,,9.8,,15.84375,,10.5,,0.3,0.3,0.3,,,15.19883,86,78,13.20102,,,  ,,  ,,,,0.0,-6.473999
2010-09-23 00:00:00.0,14.92778,21.6,8.8,,8.4,,16.33958,,8.8,,0.0,0.0,0.0,,,10.51569,67,60,7.606471,,,  ,,  ,,,,0.0,-2.158
2010-09-24 00:00:00.0,13.60695,21.4,6.9,,6.6,,16.20278,,6.9,,0.0,0.0,0.0,,,12.12502,76,72,9.635157,,,  ,,  ,,,,,-1.742999
2010-09-25 00:00:00.0,17.08958,25.3,10.4,,9.9,,17.58334,,10.6,,0.0,0.0,0.0,,,13.39344,72,63,11.25554,,,  ,,  ,,,,0.0,-9.046999
2010-09-26 00:00:00.0,17.47361,24.9,11.1,,10.7,,18.07917,,10.6,,0.0,0.0,0.0,,,13.72992,73,67,11.58985,,,  ,,  ,,,,0.0,-9.296
2010-09-27 00:00:00.0,16.93125,23.6,11.3,,10.9,,17.67639,,11.2,,6.100001,0.0,0.0,,,14.85755,76,76,12.77166,,,  ,,  ,,,,0.0,-11.039
2010-09-28 00:00:00.0,16.48472,19.4,13.9,,13.4,,17.67986,,13.7,,5.6,11.7,2.5,,,16.56758,92,86,14.51532,,,  ,,  ,,,,0.0,-7.470001
2010-09-29 00:00:00.0,14.74236,18.2,13.2,,12.8,,16.21111,,13.1,,0.0,0.0,0.0,,,13.81709,85,82,11.72034,,,  ,,  ,,,,0.0,-1.494
2010-09-30 00:00:00.0,12.84791,19.5,6.4,,6.2,,15.71459,,6.3,,0.0,0.0,0.0,,,10.78078,76,68,8.049163,,,  ,,  ,,,,1.992,2.821998
2010-10-01 00:00:00.0,11.92639,17.3,7.9,,7.4,,15.97639,,7.7,,0.0,0.0,0.0,,,9.98647,75,69,6.917313,,,  ,,  ,,,,0.0,9.711004
2010-10-02 00:00:00.0,12.83333,21.6,4.2,,3.7,,16.08889,,4.2,,0.0,0.0,0.0,,,8.510877,61,56,4.585523,,,  ,,  ,,,,4.979998,0.663999
2010-10-03 00:00:00.0,15.30208,22.6,6.3,,5.9,,16.38125,,6.1,,0.0,0.0,0.0,,,8.783974,55,46,5.042679,,,  ,,  ,,,,0.166,-4.481998
2010-10-04 00:00:00.0,15.79028,24.7,7.5,,6.9,,17.00972,,7.4,,0.0,0.0,0.0,,,9.975775,60,51,6.899456,,,  ,,  ,,,,0.0,-4.315998
2010-10-05 00:00:00.0,18.03611,26.5,9.3,,8.8,,17.99375,,9.2,,0.0,0.0,0.0,,,11.77394,60,52,9.34573,,,  ,,  ,,,,0.0,-11.122
2010-10-06 00:00:00.0,17.04305,24.0,12.6,,12.2,,17.61806,,12.5,,7.300001,2.0,0.8,,,14.69226,77,77,12.67217,,,  ,,  ,,,,0.0,-9.379
2010-10-07 00:00:00.0,17.07361,23.2,13.4,,12.9,,18.04374,,13.1,,0.0,5.3,3.9,,,13.84449,76,68,11.71479,,,  ,,  ,,,,0.0,-8.714997
2010-10-08 00:00:00.0,14.97431,23.1,7.8,,7.3,,18.25903,,7.5,,0.0,0.0,0.0,,,11.89885,75,63,9.491788,,,  ,,  ,,,,0.0,-2.158
2010-10-09 00:00:00.0,15.49514,23.9,7.5,,6.8,,18.48472,,7.1,,0.0,0.0,0.0,,,13.61308,79,72,11.45739,,,  ,,  ,,,,0.0,-5.478
2010-10-10 00:00:00.0,16.99028,24.6,10.8,,10.4,,19.01458,,10.6,,0.0,0.0,0.0,,,14.33823,77,71,12.30018,,,  ,,  ,,,,0.0,-8.465999
2010-10-11 00:00:00.0,17.1375,24.1,10.3,,9.9,,19.42569,,10.2,,0.0,0.0,0.0,,,12.91989,70,66,10.71609,,,  ,,  ,,,,0.0,-8.631998
2010-10-12 00:00:00.0,17.66042,25.4,11.0,,10.6,,19.79861,,10.8,,0.0,0.0,0.0,,,12.71871,65,54,10.48235,,,  ,,  ,,,,0.0,-11.703
2010-10-13 00:00:00.0,18.00903,25.1,13.5,,13.1,,19.53264,,13.4,,8.100001,7.200001,1.3,,,16.60625,82,78,14.49183,,,  ,,  ,,,,0.0,-13.03101
2010-10-14 00:00:00.0,17.03819,20.6,13.8,,13.8,,18.8861,,13.6,,0.6,1.5,0.6,,,17.96749,95,96,15.77383,,,  ,,  ,,,,0.0,-10.707
2010-10-15 00:00:00.0,13.81875,16.9,11.3,,11.3,,17.62014,,11.2,,0.0,0.0,0.0,,,14.49852,92,91,12.49619,,,  ,,  ,,,,0.0,1.494
2010-10-16 00:00:00.0,15.05625,20.1,10.0,,9.8,,18.51305,,10.0,,0.3,0.0,0.0,,,11.47764,70,62,8.873909,,,  ,,  ,,,,0.0,-3.900997
2010-10-17 00:00:00.0,13.5529,20.2,7.5,,7.0,,18.60764,,7.5,,0.0,0.3,0.3,,,9.944707,69,65,6.814638,,,  ,,  ,,,,0.0,0.8300027
2010-10-18 00:00:00.0,14.35764,24.1,4.2,,4.0,,19.01875,,4.3,,0.0,0.0,0.0,,,10.09732,64,57,7.045588,,,  ,,  ,,,,4.149999,-3.237
2010-10-19 00:00:00.0,18.6118,27.0,9.9,,9.6,,20.47709,,10.0,,0.0,0.0,0.0,,,12.13305,60,55,9.781157,,,  ,,  ,,,,0.0,-11.537
2010-10-20 00:00:00.0,20.65902,29.1,12.9,,12.3,,21.47917,,12.8,,0.0,0.0,0.0,,,15.14235,64,58,13.14411,,,  ,,  ,,,,0.0,-16.35102
2010-10-21 00:00:00.0,20.86458,28.3,14.8,,14.3,,21.35694,,14.7,,0.0,0.0,0.0,,,15.89889,67,63,13.89542,,,  ,,  ,,,,0.0,-17.92802
2010-10-22 00:00:00.0,18.025,23.6,13.2,,12.9,,21.70972,,13.2,,0.0,0.0,0.0,,,12.8987,69,66,10.63745,,,  ,,  ,,,,0.0,-10.375
2010-10-23 00:00:00.0,14.88681,23.0,6.8,,6.6,,21.32778,,7.2,,0.0,0.0,0.0,,,9.695323,62,53,6.312187,,,  ,,  ,,,,0.166,-3.984
2010-10-24 00:00:00.0,15.3125,23.4,8.1,,7.8,,20.78125,,8.1,,0.0,0.0,0.0,,,11.01394,67,61,8.227549,,,  ,,  ,,,,0.0,-4.565
2010-10-25 00:00:00.0,16.92083,25.3,8.3,,8.0,,21.42916,,8.4,,0.0,0.0,0.0,,,11.46345,65,55,8.92619,,,  ,,  ,,,,0.0,-7.137998
2010-10-26 00:00:00.0,17.81041,27.9,7.1,,6.5,,22.39514,,6.7,,0.0,0.0,0.0,,,12.35205,66,62,9.944771,,,  ,,  ,,,,0.0,-8.631998
2010-10-27 00:00:00.0,16.83403,24.7,9.1,,8.6,,22.4875,,9.0,,0.0,0.0,0.0,,,12.72632,69,69,10.34331,,,  ,,  ,,,,0.0,-9.130001
2010-10-28 00:00:00.0,19.55278,27.3,12.9,,12.7,,23.28402,,12.8,,0.3,0.0,0.0,,,14.89876,69,65,12.85327,,,  ,,  ,,,,0.0,-15.43801
2010-10-29 00:00:00.0,16.15485,19.2,14.1,,13.9,,20.10556,,13.9,,31.89999,32.2,5.8,,,14.83795,85,90,12.77978,,,  ,,  ,,,,0.0,-4.149998
2010-10-30 00:00:00.0,14.62639,20.1,8.5,,8.3,,18.27222,,8.4,,0.0,0.0,0.0,,,9.617966,61,50,6.310308,,,  ,,  ,,,,0.0,-4.648
2010-10-31 00:00:00.0,17.38889,23.9,11.9,,11.6,,19.27222,,11.8,,0.0,0.0,0.0,,,11.11894,57,50,8.43059,,,  ,,  ,,,,0.0,-9.960001
2010-11-01 00:00:00.0,18.70972,30.1,8.3,,8.1,,20.92639,,8.4,,0.0,0.0,0.0,,,13.45522,65,57,11.19282,,,  ,,  ,,,,0.0,-11.039
2010-11-02 00:00:00.0,21.37222,29.9,12.5,,12.0,,22.85555,,12.5,,0.0,0.0,0.0,,,14.22746,61,49,12.20133,,,  ,,  ,,,,0.0,-16.26801
2010-11-03 00:00:00.0,21.94028,32.2,13.3,,13.0,,23.05764,,13.3,,8.8,8.8,8.0,,,16.34371,64,59,14.16247,,,  ,,  ,,,,0.0,-16.76601
2010-11-04 00:00:00.0,19.01805,23.1,14.4,,14.3,,21.56598,,14.6,,0.0,0.0,0.0,,,17.50173,83,83,15.37506,,,  ,,  ,,,,0.0,-14.52501
2010-11-05 00:00:00.0,19.07569,26.3,11.6,,11.0,,21.54653,,11.6,,0.0,0.0,0.0,,,12.86969,65,53,10.46861,,,  ,,  ,,,,0.0,-12.03501
2010-11-06 00:00:00.0,21.11805,31.6,12.3,,12.1,,22.61944,,12.6,,0.0,0.0,0.0,,,12.89481,56,47,10.57595,,,  ,,  ,,,,0.0,-15.85301
2010-11-07 00:00:00.0,24.07153,35.2,13.0,,12.2,,23.72847,,13.0,,0.0,0.0,0.0,,,15.71314,53,46,13.67409,,,  ,,  ,,,,0.0,-17.59602
2010-11-08 00:00:00.0,18.0014,29.5,12.4,,12.1,,21.38958,,12.1,,15.8,13.6,2.6,,,14.51263,83,90,12.46826,,,  ,,  ,,,,0.0,-6.806005
2010-11-09 00:00:00.0,15.18959,21.5,11.1,,10.7,,20.06111,,11.0,,0.0,2.2,1.0,,,11.31134,70,67,8.599817,,,  ,,  ,,,,0.0,-3.485998
2010-11-10 00:00:00.0,14.9632,22.6,8.9,,8.4,,20.95,,8.7,,0.0,0.0,0.0,,,10.09613,63,55,7.05876,,,  ,,  ,,,,0.0,-4.481998
2010-11-11 00:00:00.0,15.80972,24.1,7.4,,6.8,,21.59375,,7.3,,0.0,0.0,0.0,,,11.5288,66,59,9.019527,,,  ,,  ,,,,0.0,-6.723
2010-11-12 00:00:00.0,18.175,25.9,10.6,,10.3,,22.55972,,10.5,,0.0,0.0,0.0,,,13.27868,67,59,11.12497,,,  ,,  ,,,,0.0,-10.624
2010-11-13 00:00:00.0,18.86875,26.3,11.4,,11.1,,23.07292,,11.3,,0.0,0.0,0.0,,,13.6394,67,58,11.47658,,,  ,,  ,,,,0.0,-11.95201
2010-11-14 00:00:00.0,19.50139,27.5,13.7,,13.3,,23.07431,,13.6,,0.0,0.0,0.0,,,14.11846,67,59,11.89059,,,  ,,  ,,,,0.0,-14.60801
2010-11-15 00:00:00.0,18.52778,25.8,13.1,,12.3,,22.57986,,12.9,,6.3,6.3,5.3,,,15.63296,76,71,13.62497,,,  ,,  ,,,,0.0,-13.03101
2010-11-16 00:00:00.0,18.34236,26.4,11.8,,11.5,,21.72222,,11.7,,0.0,0.0,0.0,,,15.00665,76,65,12.92682,,,  ,,  ,,,,0.0,-11.454
2010-11-17 00:00:00.0,18.55764,26.5,11.3,,11.0,,22.74236,,11.2,,0.0,0.0,0.0,,,13.64728,68,59,11.53541,,,  ,,  ,,,,0.0,-12.11801
2010-11-18 00:00:00.0,19.8125,28.8,11.9,,11.2,,23.37292,,11.6,,0.0,0.0,0.0,,,14.99972,68,60,12.97679,,,  ,,  ,,,,0.0,-14.52501
2010-11-19 00:00:00.0,21.87986,29.4,14.1,,13.5,,23.75972,,14.0,,0.0,0.0,0.0,,,14.89821,59,49,12.87095,,,  ,,  ,,,,0.0,-18.17702
2010-11-20 00:00:00.0,23.46458,31.2,15.6,,15.3,,25.14653,,15.5,,0.0,0.0,0.0,,,15.54826,59,52,13.43046,,,  ,,  ,,,,0.0,-20.16902
2010-11-21 00:00:00.0,24.35069,33.5,17.5,,17.2,,26.10278,,17.7,,4.3,4.0,1.5,,,17.70675,64,51,15.52899,,,  ,,  ,,,,0.0,-21.66303
2010-11-22 00:00:00.0,20.90903,26.6,16.4,,15.9,,24.81806,,16.4,,0.3,0.6,0.6,,,19.02005,79,77,16.69626,,,  ,,  ,,,,0.0,-19.75402
2010-11-23 00:00:00.0,21.78264,29.2,15.6,,15.1,,24.8,,15.5,,0.0,0.0,0.0,,,18.02569,73,61,15.83759,,,  ,,  ,,,,0.0,-20.08602
2010-11-24 00:00:00.0,23.11944,32.8,15.3,,14.9,,25.74792,,15.1,,0.0,0.0,0.0,,,15.776,61,52,13.59803,,,  ,,  ,,,,0.0,-19.50502
2010-11-25 00:00:00.0,24.40277,33.0,15.3,,15.0,,26.92847,,15.3,,0.0,0.0,0.0,,,15.01532,52,44,12.98559,,,  ,,  ,,,,0.0,-20.16902
2010-11-26 00:00:00.0,25.40694,33.8,18.2,,17.9,,27.69305,,18.2,,0.0,0.0,0.0,,,16.49653,54,47,14.42637,,,  ,,  ,,,,0.0,-23.90403
2010-11-27 00:00:00.0,23.8007,28.8,20.3,,20.2,,25.93889,,19.7,,0.0,0.0,0.0,,,17.50097,62,51,15.28777,,,  ,,  ,,,,0.0,-23.90403
2010-11-28 00:00:00.0,21.47153,28.2,13.7,,13.6,,26.40486,,13.8,,0.0,0.0,0.0,,,11.9755,55,45,9.140323,,,  ,,  ,,,,0.0,-15.93601
2010-11-29 00:00:00.0,18.76111,27.7,9.6,,9.6,,26.34792,,9.8,,0.0,0.0,0.0,,,12.23462,60,48,9.901912,,,  ,,  ,,,,0.0,-12.45001
2010-11-30 00:00:00.0,21.16528,32.9,15.0,,14.5,,25.41042,,14.5,,16.7,16.7,14.8,,,14.96654,64,56,12.88798,,,  ,,  ,,,,0.0,-18.50902
2010-12-01 00:00:00.0,23.9868,33.3,16.0,,15.7,,25.10764,,15.9,,0.0,0.0,0.0,,,15.8516,56,47,13.78319,,,  ,,  ,,,,0.0,-20.83302
2010-12-02 00:00:00.0,23.68333,30.2,17.9,,17.4,,25.28055,,17.2,,4.2,4.2,3.6,,,17.47375,61,62,15.17181,,,  ,,  ,,,,0.0,-23.82103
2010-12-03 00:00:00.0,23.24444,30.8,15.0,,14.9,,26.05139,,15.0,,0.0,0.0,0.0,,,13.90192,54,41,11.66184,,,  ,,  ,,,,0.0,-20.41802
2010-12-04 00:00:00.0,20.38333,27.0,16.5,,16.1,,24.5375,,16.4,,0.0,0.0,0.0,,,13.91072,59,56,11.73618,,,  ,,  ,,,,0.0,-20.99903
2010-12-05 00:00:00.0,22.64792,31.2,15.1,,14.9,,25.67014,,15.2,,0.0,0.0,0.0,,,14.71087,59,50,12.59393,,,  ,,  ,,,,0.0,-19.09002
2010-12-06 00:00:00.0,23.65069,32.9,15.7,,15.3,,26.70902,,15.7,,0.0,0.0,0.0,,,14.63198,50,42,12.27506,,,  ,,  ,,,,0.0,-21.08202
2010-12-07 00:00:00.0,26.11667,34.0,17.5,,17.0,,27.16806,,17.5,,0.0,0.0,0.0,,,15.6535,48,41,13.62783,,,  ,,  ,,,,0.0,-23.40603
2010-12-08 00:00:00.0,23.48611,29.6,16.4,,16.0,,27.29653,,16.3,,0.0,0.0,0.0,,,10.10595,41,30,6.27839,,,  ,,  ,,,,0.0,-20.99903
2010-12-09 00:00:00.0,18.59236,26.1,11.5,,11.0,,24.80834,,11.3,,1.2,1.2,0.6,,,13.67253,66,52,11.51712,,,  ,,  ,,,,0.0,-14.02701
2010-12-10 00:00:00.0,18.12986,24.2,14.0,,13.7,,22.07709,,14.0,,22.59999,22.59999,4.6,,,16.78362,81,77,14.60924,,,  ,,  ,,,,0.0,-14.94002
2010-12-11 00:00:00.0,20.80834,29.4,14.1,,13.8,,22.96598,,14.0,,15.0,9.3,8.0,,,20.6251,82,79,17.80278,,,  ,,  ,,,,0.0,-17.59602
2010-12-12 00:00:00.0,17.16875,23.6,10.8,,10.2,,22.49236,,10.2,,0.0,5.7,1.3,,,10.97514,65,63,8.15273,,,  ,,  ,,,,0.0,-6.473994
2010-12-13 00:00:00.0,17.98333,29.8,7.5,,7.2,,21.9243,,7.5,,0.0,0.0,0.0,,,9.830482,49,38,6.498144,,,  ,,  ,,,,0.0,-10.292
2010-12-14 00:00:00.0,23.12708,30.9,14.7,,14.6,,24.29167,,14.7,,0.0,0.0,0.0,,,13.05369,48,42,10.88553,,,  ,,  ,,,,0.0,-19.67102
2010-12-15 00:00:00.0,25.36667,33.0,17.0,,16.7,,25.50625,,16.9,,0.0,0.0,0.0,,,13.84932,45,41,11.78487,,,  ,,  ,,,,0.0,-22.65903
2010-12-16 00:00:00.0,25.75417,33.0,18.1,,17.6,,25.50903,,17.9,,0.0,0.0,0.0,,,16.03867,51,48,13.92704,,,  ,,  ,,,,0.0,-23.90403
2010-12-17 00:00:00.0,26.42708,35.1,18.9,,18.5,,26.77014,,18.8,,9.200001,6.4,4.8,,,18.17006,58,52,15.95871,,,  ,,  ,,,,0.0,-23.90403
2010-12-18 00:00:00.0,20.28542,23.9,18.2,,17.8,,24.53471,,18.0,,0.3,3.1,4.3,,,19.05078,83,82,16.67391,,,  ,,  ,,,,0.0,-22.24403
2010-12-19 00:00:00.0,20.26597,28.0,14.9,,14.6,,23.41945,,15.0,,0.0,0.0,0.0,,,19.42423,81,74,16.96884,,,  ,,  ,,,,0.0,-18.17702
2010-12-20 00:00:00.0,24.75486,34.5,16.9,,16.2,,25.78125,,16.5,,0.0,0.0,0.0,,,18.85537,65,54,16.42486,,,  ,,  ,,,,0.0,-22.07803
2010-12-21 00:00:00.0,26.9257,35.4,19.0,,18.1,,27.28333,,19.3,,0.0,0.0,0.0,,,18.84409,59,49,16.37708,,,  ,,  ,,,,0.0,-23.90403
2010-12-22 00:00:00.0,28.31875,37.2,20.6,,20.0,,28.55416,,20.5,,0.0,0.0,0.0,,,18.12757,50,42,15.92714,,,  ,,  ,,,,0.0,-23.90403
2010-12-23 00:00:00.0,27.98959,36.4,20.6,,20.1,,29.03055,,20.5,,0.3,0.3,0.3,,,20.19155,58,51,17.59977,,,  ,,  ,,,,0.0,-23.90403
2010-12-24 00:00:00.0,25.44444,34.6,18.0,,18.0,,29.14305,,18.1,,0.0,0.0,0.0,,,19.51636,64,57,17.02016,,,  ,,  ,,,,0.0,-23.82103
2010-12-25 00:00:00.0,26.72361,37.1,15.3,,14.8,,29.1875,,15.3,,0.0,0.0,0.0,,,13.40472,46,35,11.13116,,,  ,,  ,,,,0.0,-20.08602
2010-12-26 00:00:00.0,27.65208,37.8,17.1,,16.9,,30.15556,,17.3,,0.0,0.0,0.0,,,16.73118,48,39,14.59325,,,  ,,  ,,,,0.0,-22.74203
2010-12-27 00:00:00.0,29.58681,40.4,20.4,,20.1,,31.39375,,20.3,,0.0,0.0,0.0,,,18.54931,52,43,15.94257,,,  ,,  ,,,,0.0,-23.90403
2010-12-28 00:00:00.0,28.68194,37.0,20.3,,19.9,,31.7264,,20.2,,0.0,0.0,0.0,,,17.56252,50,40,15.28514,,,  ,,  ,,,,0.0,-23.90403
2010-12-29 00:00:00.0,26.56459,33.9,19.4,,19.3,,31.48334,,19.5,,0.0,0.0,0.0,,,19.41973,58,56,16.82914,,,  ,,  ,,,,0.0,-23.90403
2010-12-30 00:00:00.0,26.34167,33.9,19.7,,19.5,,31.925,,19.6,,0.0,0.0,0.0,,,21.00196,65,55,18.15586,,,  ,,  ,,,,0.0,-23.90403
2010-12-31 00:00:00.0,26.05,34.2,18.8,,18.6,,31.78541,,18.7,,0.0,0.0,0.0,,,19.77285,62,57,17.25312,,,  ,,  ,,,,0.0,-23.90403
2011-01-01 00:00:00.0,26.40347,33.8,19.3,,19.1,,32.15764,,19.3,,0.0,0.0,0.0,,,20.52912,64,59,17.82924,,,  ,,  ,,,,0.0,-23.90403
2011-01-02 00:00:00.0,25.80625,33.6,19.6,,19.5,,32.27153,,19.6,,0.0,0.0,0.0,,,21.05313,65,62,18.25869,,,  ,,  ,,,,0.0,-23.90403
2011-01-03 00:00:00.0,26.07639,33.2,20.7,,20.5,,31.92569,,20.6,,0.0,0.0,0.0,,,21.75289,68,63,18.81713,,,  ,,  ,,,,0.0,-23.90403
2011-01-04 00:00:00.0,25.42361,33.1,20.2,,20.0,,31.27431,,20.2,,6.200001,0.0,0.0,,,21.9145,70,64,18.9423,,,  ,,  ,,,,0.0,-23.90403
2011-01-05 00:00:00.0,24.57986,31.8,20.7,,20.4,,30.12152,,20.4,,0.0,6.200001,4.8,,,21.20049,73,64,18.23799,,,  ,,  ,,,,0.0,-23.90403
2011-01-06 00:00:00.0,23.88056,32.4,15.9,,15.6,,29.08194,,15.9,,0.0,0.0,0.0,,,16.73177,60,50,14.70134,,,  ,,  ,,,,0.0,-21.08202
2011-01-07 00:00:00.0,25.23334,35.9,16.7,,16.3,,30.02153,,16.7,,0.5,0.0,0.0,,,18.48926,60,53,16.20536,,,  ,,  ,,,,0.0,-22.07803
2011-01-08 00:00:00.0,26.54722,35.2,19.7,,19.1,,30.49166,,19.2,,0.0,0.5,0.5,,,21.99597,68,60,18.9964,,,  ,,  ,,,,0.0,-23.90403
2011-01-09 00:00:00.0,24.81945,31.5,19.1,,19.0,,30.59514,,19.1,,0.0,0.0,0.0,,,17.06221,59,50,14.78096,,,  ,,  ,,,,0.0,-23.90403
2011-01-10 00:00:00.0,23.92361,32.1,17.2,,16.9,,30.16319,,17.1,,7.9,0.0,0.0,,,19.34879,67,63,16.91854,,,  ,,  ,,,,0.0,-22.90803
2011-01-11 00:00:00.0,23.63472,31.3,18.6,,18.0,,29.0632,,17.9,,4.0,11.9,4.1,,,22.17847,81,82,19.13299,,,  ,,  ,,,,0.0,-23.90403
2011-01-12 00:00:00.0,24.14583,32.8,18.3,,18.1,,28.48542,,18.1,,0.0,0.0,0.0,,,20.0775,68,65,,,,  ,,  ,,,,0.0,-23.90403
2011-01-13 00:00:00.0,25.2882,33.4,17.9,,17.5,,29.29236,,17.9,,0.0,0.0,0.0,,,17.17912,53,59,13.97422,,,  ,,  ,,,,0.0,-23.82103
2011-01-14 00:00:00.0,27.00625,36.4,19.6,,19.3,,28.22639,,19.7,,0.0,0.0,0.0,,,19.93464,60,62,17.39093,,,  ,,  ,,,,0.0,-23.90403
2011-01-15 00:00:00.0,26.89236,35.9,20.1,,19.9,,28.84722,,20.0,,0.0,0.0,0.0,,,23.17064,67,62,19.81102,,,  ,,  ,,,,0.0,-23.90403
2011-01-16 00:00:00.0,25.68333,34.4,19.4,,19.3,,27.87708,,19.2,,18.6,18.6,9.6,,,21.09374,73,80,18.3123,,,  ,,  ,,,,0.0,-23.15703
2011-01-17 00:00:00.0,21.31111,29.0,14.8,,14.6,,25.35347,,14.8,,0.0,0.0,0.0,,,15.03706,64,55,12.83418,,,  ,,  ,,,,0.0,-17.51302
2011-01-18 00:00:00.0,23.71042,32.9,14.1,,13.6,,26.34791,,14.2,,0.0,0.0,0.0,,,15.53857,55,53,13.39975,,,  ,,  ,,,,0.0,-19.25602
2011-01-19 00:00:00.0,21.42638,26.5,18.1,,18.0,,24.47431,,18.0,,48.29999,48.29999,21.1,,,21.21546,89,90,18.42054,,,  ,,  ,,,,0.0,-22.82503
2011-01-20 00:00:00.0,21.83611,30.0,14.1,,13.7,,24.35347,,14.1,,0.0,0.0,0.0,,,15.1706,64,56,13.0116,,,  ,,  ,,,,0.0,-16.51701
2011-01-21 00:00:00.0,22.0875,31.5,13.4,,13.1,,25.24236,,13.4,,0.0,0.0,0.0,,,13.91623,56,52,11.7252,,,  ,,  ,,,,0.0,-17.43002
2011-01-22 00:00:00.0,24.47778,34.1,16.1,,15.9,,26.77569,,16.1,,0.0,0.0,0.0,,,20.1542,68,61,17.55142,,,  ,,  ,,,,0.0,-20.66702
2011-01-23 00:00:00.0,27.05139,35.2,20.2,,19.8,,28.25347,,20.1,,0.0,0.0,0.0,,,22.88132,65,61,19.5848,,,  ,,  ,,,,0.0,-23.90403
2011-01-24 00:00:00.0,28.35347,36.9,22.0,,21.7,,29.3625,,22.0,,0.0,0.0,0.0,,,24.64784,65,62,20.82152,,,  ,,  ,,,,0.0,-23.90403
2011-01-25 00:00:00.0,26.66389,35.4,21.9,,21.7,,29.01459,,21.9,,11.0,2.3,0.9,,,25.51224,78,72,21.38683,,,  ,,  ,,,,0.0,-23.90403
2011-01-26 00:00:00.0,25.10625,31.6,21.7,,21.4,,27.51041,,21.6,,0.3,9.000001,2.9,,,26.38226,83,79,21.94901,,,  ,,  ,,,,0.0,-23.90403
2011-01-27 00:00:00.0,25.28612,32.3,19.6,,19.4,,27.85972,,19.4,,0.0,0.0,0.0,,,23.15753,75,70,19.80547,,,  ,,  ,,,,0.0,-23.90403
2011-01-28 00:00:00.0,26.75208,35.3,19.5,,18.8,,28.33959,,19.2,,0.0,0.0,0.0,,,24.0486,72,64,20.44695,,,  ,,  ,,,,0.0,-23.90403
2011-01-29 00:00:00.0,25.43264,32.9,17.8,,17.6,,28.38403,,18.0,,0.0,0.0,0.0,,,18.88509,64,58,16.51479,,,  ,,  ,,,,0.0,-23.57203
2011-01-30 00:00:00.0,24.83889,36.5,17.5,,17.2,,28.2,,17.4,,8.200001,0.3,0.3,,,22.35201,71,67,18.95859,,,  ,,  ,,,,0.0,-22.07803
2011-01-31 00:00:00.0,26.03473,31.2,21.3,,21.3,,28.28819,,21.2,,9.200001,17.1,7.8,,,25.22323,76,76,21.16851,,,  ,,  ,,,,0.0,-23.90403
2011-02-01 00:00:00.0,22.00972,28.5,14.0,,13.8,,26.88194,,14.0,,0.0,0.0,0.0,,,14.18727,61,55,12.06111,,,  ,,  ,,,,0.0,-18.17702
2011-02-02 00:00:00.0,21.43681,30.9,13.7,,13.3,,25.95626,,13.6,,0.0,0.0,0.0,,,16.02669,63,60,13.96456,,,  ,,  ,,,,0.0,-16.93201
2011-02-03 00:00:00.0,25.0757,34.0,16.9,,16.5,,26.70277,,16.8,,0.0,0.0,0.0,,,19.98,63,59,17.38271,,,  ,,  ,,,,0.0,-22.57603
2011-02-04 00:00:00.0,24.26389,31.6,15.1,,15.0,,27.50416,,15.1,,0.0,0.0,0.0,,,14.60245,56,55,12.44378,,,  ,,  ,,,,0.0,-20.25203
2011-02-05 00:00:00.0,23.3625,33.9,13.6,,13.5,,27.28472,,13.8,,0.0,0.0,0.0,,,16.83272,62,58,14.6934,,,  ,,  ,,,,0.0,-17.34702
2011-02-06 00:00:00.0,21.23958,28.8,12.7,,12.6,,27.10555,,12.9,,0.0,0.0,0.0,,,12.05566,51,49,9.587749,,,  ,,  ,,,,0.0,-17.09801
2011-02-07 00:00:00.0,19.93889,21.7,17.4,,17.1,,25.39029,,17.3,,36.29998,28.79999,6.400001,,,20.31469,88,89,17.60397,,,  ,,  ,,,,0.0,-22.99103
2011-02-08 00:00:00.0,21.17986,28.1,17.8,,17.1,,24.18473,,17.1,,0.3,7.800002,1.6,,,20.44602,83,75,17.83036,,,  ,,  ,,,,0.0,-22.24403
2011-02-09 00:00:00.0,20.9632,28.7,16.5,,16.3,,24.57292,,16.4,,1.2,1.2,0.6,,,20.38848,83,76,17.76198,,,  ,,  ,,,,0.0,-19.58802
2011-02-10 00:00:00.0,21.375,29.1,15.6,,15.3,,24.67847,,15.5,,0.0,0.0,0.0,,,18.81488,77,73,16.51296,,,  ,,  ,,,,0.0,-18.67502
2011-02-11 00:00:00.0,22.26945,30.3,15.4,,14.8,,25.09722,,15.0,,0.0,0.0,0.0,,,19.56641,76,71,17.12454,,,  ,,  ,,,,0.0,-19.33902
2011-02-12 00:00:00.0,23.30278,31.3,17.2,,17.0,,25.73681,,17.1,,2.2,0.0,0.0,,,19.78622,72,67,17.27747,,,  ,,  ,,,,0.0,-21.24803
2011-02-13 00:00:00.0,24.25069,31.4,18.4,,18.0,,26.32847,,18.3,,0.0,2.2,1.1,,,21.25534,73,69,18.44134,,,  ,,  ,,,,0.0,-23.90403
2011-02-14 00:00:00.0,22.9382,31.5,13.8,,13.3,,25.93611,,13.6,,0.0,0.0,0.0,,,15.9103,62,54,13.85691,,,  ,,  ,,,,0.0,-18.26002
2011-02-15 00:00:00.0,22.75,31.0,14.8,,14.3,,25.69444,,14.7,,0.0,0.0,0.0,,,15.35559,59,57,13.34948,,,  ,,  ,,,,0.0,-18.92402
2011-02-16 00:00:00.0,23.66527,32.2,16.3,,16.1,,25.93681,,16.3,,0.0,0.0,0.0,,,19.21285,67,64,16.76907,,,  ,,  ,,,,0.0,-21.24803
2011-02-17 00:00:00.0,26.80972,34.4,21.2,,21.0,,27.49792,,21.3,,0.0,0.0,0.0,,,24.18514,69,66,20.52567,,,  ,,  ,,,,0.0,-23.90403
2011-02-18 00:00:00.0,23.41528,27.9,21.0,,20.9,,26.63263,,20.8,,4.8,4.8,1.1,,,25.826,93,92,21.61855,,,  ,,  ,,,,0.0,-23.90403
2011-02-19 00:00:00.0,23.83681,29.4,21.2,,21.2,,26.1757,,21.2,,0.3,0.0,0.0,,,24.57406,84,80,20.80683,,,  ,,  ,,,,0.0,-23.90403
2011-02-20 00:00:00.0,24.47432,32.0,20.3,,20.0,,26.84723,,20.3,,0.3,0.6,0.3,,,23.28385,78,75,19.9248,,,  ,,  ,,,,0.0,-23.90403
2011-02-21 00:00:00.0,24.49861,31.9,18.8,,18.6,,27.25972,,18.8,,0.0,0.0,0.0,,,22.25129,75,72,19.18371,,,  ,,  ,,,,0.0,-23.90403
2011-02-22 00:00:00.0,24.00417,31.4,19.4,,19.3,,27.13819,,19.4,,7.8,0.0,0.0,,,24.11346,81,79,20.49392,,,  ,,  ,,,,0.0,-23.90403
2011-02-23 00:00:00.0,22.9257,27.2,20.3,,20.1,,26.40347,,20.1,,0.9,8.700001,3.6,,,23.88733,89,90,20.32985,,,  ,,  ,,,,0.0,-23.90403
2011-02-24 00:00:00.0,21.99236,28.2,17.3,,17.1,,25.17153,,17.3,,0.0,0.0,0.0,,,21.52397,82,80,18.66103,,,  ,,  ,,,,0.0,-22.99103
2011-02-25 00:00:00.0,21.50694,27.6,17.2,,17.1,,25.40139,,17.2,,0.0,0.0,0.0,,,18.81467,79,77,16.50803,,,  ,,  ,,,,0.0,-20.00303
2011-02-26 00:00:00.0,21.50139,30.3,13.4,,12.7,,25.8375,,12.9,,0.0,0.0,0.0,,,17.72336,72,64,15.54698,,,  ,,  ,,,,0.0,-16.93201
2011-02-27 00:00:00.0,23.79583,33.3,16.1,,15.8,,26.62639,,15.9,,0.0,0.0,0.0,,,18.48414,67,59,16.19996,,,  ,,  ,,,,0.0,-21.49703
2011-02-28 00:00:00.0,23.99583,33.5,16.7,,16.5,,27.06598,,17.1,,0.0,0.0,0.0,,,18.30871,68,60,15.98523,,,  ,,  ,,,,0.0,-20.91602
2011-03-01 00:00:00.0,23.29098,31.0,17.4,,17.1,,27.44514,,17.3,,0.0,0.0,0.0,,,19.85293,73,69,17.32142,,,  ,,  ,,,,0.0,-22.74203
2011-03-02 00:00:00.0,23.11041,30.8,17.4,,17.1,,27.39652,,17.4,,0.0,0.0,0.0,,,18.7342,69,63,16.43998,,,  ,,  ,,,,0.0,-22.07803
2011-03-03 00:00:00.0,24.19514,33.4,18.0,,17.7,,27.64861,,17.9,,0.0,0.0,0.0,,,19.45605,68,59,17.05788,,,  ,,  ,,,,0.0,-23.82103
2011-03-04 00:00:00.0,24.37361,33.2,17.1,,16.6,,27.1493,,17.2,,0.0,0.0,0.0,,,19.80591,70,61,17.27317,,,  ,,  ,,,,0.0,-22.32703
2011-03-05 00:00:00.0,24.26805,32.6,18.2,,17.7,,26.58403,,18.1,,0.0,0.0,0.0,,,19.75647,70,63,17.20777,,,  ,,  ,,,,0.0,-23.90403
2011-03-06 00:00:00.0,23.97014,32.1,18.0,,17.8,,26.4743,,17.9,,0.0,0.0,0.0,,,21.83673,73,64,18.87266,,,  ,,  ,,,,0.0,-23.82103
2011-03-07 00:00:00.0,24.59167,30.5,21.0,,20.2,,26.34097,,20.6,,0.3,0.0,0.0,,,22.35114,74,73,19.25487,,,  ,,  ,,,,0.0,-23.90403
2011-03-08 00:00:00.0,25.93819,34.9,19.4,,19.0,,26.81528,,19.3,,0.0,0.3,0.3,,,22.88563,72,62,19.62455,,,  ,,  ,,,,0.0,-23.90403
2011-03-09 00:00:00.0,26.72222,35.6,19.5,,19.1,,27.41458,,19.5,,0.0,0.0,0.0,,,21.52468,66,59,18.58997,,,  ,,  ,,,,0.0,-23.90403
2011-03-10 00:00:00.0,26.70069,35.1,19.7,,19.5,,28.03819,,19.7,,0.0,0.0,0.0,,,22.8002,70,65,19.54416,,,  ,,  ,,,,0.0,-23.90403
2011-03-11 00:00:00.0,26.39375,35.0,19.3,,19.0,,28.50347,,19.1,,0.0,0.0,0.0,,,21.63813,66,57,18.71258,,,  ,,  ,,,,0.0,-23.90403
2011-03-12 00:00:00.0,23.55348,30.6,15.9,,15.8,,26.57571,,15.8,,25.4,25.4,20.3,,,21.80317,83,84,18.57385,,,  ,,  ,,,,0.0,-18.84102
2011-03-13 00:00:00.0,15.39306,22.6,9.5,,9.3,,22.42848,,9.4,,0.0,0.0,0.0,,,10.33053,66,58,7.311248,,,  ,,  ,,,,0.0,-3.070998
2011-03-14 00:00:00.0,15.40555,25.3,7.2,,7.0,,22.06319,,7.2,,0.0,0.0,0.0,,,10.97334,66,57,8.215125,,,  ,,  ,,,,0.0,-4.15
2011-03-15 00:00:00.0,18.32084,26.6,11.1,,10.5,,22.91111,,11.2,,1.5,0.0,0.0,,,13.7629,66,57,11.53171,,,  ,,  ,,,,0.0,-14.94001
2011-03-16 00:00:00.0,21.85625,29.1,16.0,,15.3,,24.3632,,15.4,,0.6,1.5,0.9,,,16.38976,66,58,14.26171,,,  ,,  ,,,,0.0,-21.08202
2011-03-17 00:00:00.0,21.42779,27.4,18.2,,17.4,,24.04514,,17.3,,0.0,0.6,0.3,,,18.75077,76,75,16.41177,,,  ,,  ,,,,0.0,-21.82903
2011-03-18 00:00:00.0,18.25,27.6,8.1,,7.5,,22.46528,,7.9,,0.0,0.0,0.0,,,9.128606,54,44,5.308249,,,  ,,  ,,,,0.0,-6.141996
2011-03-19 00:00:00.0,17.16319,28.6,6.8,,6.5,,22.08958,,7.0,,0.0,0.0,0.0,,,10.98545,61,51,8.204115,,,  ,,  ,,,,0.166,-6.391001
2011-03-20 00:00:00.0,20.07778,30.4,11.2,,10.6,,22.65139,,11.0,,0.0,0.0,0.0,,,12.78627,58,49,10.51402,,,  ,,  ,,,,0.0,-14.02701
2011-03-21 00:00:00.0,21.54514,32.4,11.1,,10.8,,23.30973,,11.2,,0.0,0.0,0.0,,,16.49891,68,62,14.23593,,,  ,,  ,,,,0.0,-15.85301
2011-03-22 00:00:00.0,24.65903,33.7,16.7,,16.2,,24.20903,,16.6,,17.1,0.0,0.0,,,20.63973,70,58,17.96252,,,  ,,  ,,,,0.0,-21.58003
2011-03-23 00:00:00.0,18.21806,25.1,14.8,,14.0,,22.25834,,14.0,,8.900002,25.99999,4.9,,,17.16097,91,100,15.00122,,,  ,,  ,,,,0.0,-9.711009
2011-03-24 00:00:00.0,17.43611,26.5,10.2,,9.9,,21.14236,,10.1,,0.0,0.0,0.0,,,13.75843,74,66,11.49959,,,  ,,  ,,,,0.0,-7.552999
2011-03-25 00:00:00.0,18.08889,23.2,14.4,,14.0,,21.09653,,14.5,,1.4,0.9,0.6,,,18.46871,87,85,16.21775,,,  ,,  ,,,,0.0,-17.01501
2011-03-26 00:00:00.0,19.75347,24.6,14.1,,13.5,,21.82916,,13.8,,0.0,0.5,0.5,,,15.08969,71,66,12.56883,,,  ,,  ,,,,0.0,-14.11001
2011-03-27 00:00:00.0,15.65625,24.4,7.8,,7.4,,20.58194,,7.7,,0.0,0.0,0.0,,,10.72095,64,58,7.930607,,,  ,,  ,,,,0.0,-4.149997
2011-03-28 00:00:00.0,16.83264,26.9,8.6,,8.1,,20.65833,,8.6,,0.0,0.0,0.0,,,11.33819,65,57,8.755087,,,  ,,  ,,,,0.0,-6.722999
2011-03-29 00:00:00.0,17.80277,26.8,10.7,,10.3,,20.55556,,10.7,,0.0,0.0,0.0,,,12.71386,67,60,10.46222,,,  ,,  ,,,,0.0,-8.714998
2011-03-30 00:00:00.0,18.71737,28.8,11.2,,10.8,,20.72848,,11.1,,0.0,0.0,0.0,,,15.41122,72,67,13.34932,,,  ,,  ,,,,0.0,-13.86101
2011-03-31 00:00:00.0,21.23959,30.5,12.9,,12.4,,21.6118,,13.0,,0.0,0.0,0.0,,,16.15306,70,64,14.08974,,,  ,,  ,,,,0.0,-14.94001
2011-04-01 00:00:00.0,21.31111,32.5,12.5,,11.9,,22.07917,,12.3,,2.0,0.0,0.0,,,17.48125,73,65,15.24791,,,  ,,  ,,,,0.0,-16.68302
2011-04-02 00:00:00.0,21.95139,29.7,15.8,,15.2,,22.99931,,15.3,,0.3,2.0,1.1,,,19.09169,78,70,16.69089,,,  ,,  ,,,,0.0,-21.24803
2011-04-03 00:00:00.0,20.35,28.8,15.3,,15.0,,22.17014,,15.2,,9.500001,9.800001,5.0,,,20.33256,85,78,17.67575,,,  ,,  ,,,,0.0,-18.92402
2011-04-04 00:00:00.0,18.40625,25.6,9.3,,8.6,,21.54931,,8.9,,0.0,0.0,0.0,,,11.59352,64,57,8.835333,,,  ,,  ,,,,0.0,-8.548998
2011-04-05 00:00:00.0,17.32361,28.0,7.5,,7.2,,20.31042,,7.4,,0.0,0.0,0.0,,,11.12545,61,57,8.468615,,,  ,,  ,,,,0.0,-7.138
2011-04-06 00:00:00.0,18.43542,27.6,9.7,,9.4,,20.4625,,9.7,,0.0,0.0,0.0,,,13.5475,67,59,11.44365,,,  ,,  ,,,,0.0,-10.79
2011-04-07 00:00:00.0,18.45555,26.4,13.4,,13.0,,20.14793,,13.2,,0.6,0.6,0.3,,,17.32134,83,73,15.10838,,,  ,,  ,,,,0.0,-14.44201
2011-04-08 00:00:00.0,17.90069,25.2,11.9,,11.4,,20.34861,,11.8,,0.3,0.3,0.3,,,15.08241,80,73,13.05484,,,  ,,  ,,,,0.0,-8.216996
2011-04-09 00:00:00.0,15.78194,25.3,6.9,,6.3,,19.81528,,6.4,,0.0,0.0,0.0,,,13.17411,76,70,10.90754,,,  ,,  ,,,,0.166,-4.149999
2011-04-10 00:00:00.0,18.53125,27.0,12.0,,11.7,,20.24514,,11.9,,0.0,0.0,0.0,,,15.85996,77,68,13.84597,,,  ,,  ,,,,0.0,-12.11801
2011-04-11 00:00:00.0,20.36041,29.4,13.4,,12.8,,20.975,,13.2,,0.0,0.0,0.0,,,16.84683,74,65,14.75484,,,  ,,  ,,,,0.0,-16.93202
2011-04-12 00:00:00.0,21.525,29.4,15.1,,14.5,,21.64722,,15.0,,0.0,0.0,0.0,,,17.03273,71,64,14.9178,,,  ,,  ,,,,0.0,-18.75802
2011-04-13 00:00:00.0,21.49375,29.7,13.9,,13.4,,21.78472,,13.6,,4.2,0.0,0.0,,,18.11528,71,67,15.87055,,,C ,,C ,,,,0.0,-18.42602
2011-04-14 00:00:00.0,18.89653,24.4,13.9,,13.4,,21.43472,,13.5,,0.3,4.5,2.3,,,12.98254,66,62,10.48098,,,C ,,C ,,,,0.0,-14.35901
2011-04-15 00:00:00.0,15.90694,20.9,9.6,,9.2,,19.94723,,9.1,,4.5,4.5,3.6,,,12.17039,70,68,9.673692,,,C ,,C ,,,,0.0,-5.229
2011-04-16 00:00:00.0,14.93195,23.8,8.0,,7.6,,18.93473,,8.0,,47.3,0.0,0.0,,,13.26684,79,71,11.07371,,,C ,,C ,,,,0.0,-4.814001
2011-04-17 00:00:00.0,17.2868,21.1,14.8,,14.7,,18.85972,,14.7,,0.0,47.3,11.9,,,14.00404,75,73,11.28153,,,C ,,C ,,,,0.0,-9.877
2011-04-18 00:00:00.0,13.54722,24.7,4.7,,4.5,,17.76735,,4.7,,0.0,0.0,0.0,,,8.854276,61,53,5.122551,,,C ,,C ,,,,4.481998,0.9130012
2011-04-19 00:00:00.0,15.27708,25.1,7.0,,6.2,,17.75208,,6.5,,4.7,0.0,0.0,,,11.0653,69,62,8.426952,,,C ,,C ,,,,0.0,-3.237
2011-04-20 00:00:00.0,16.33333,20.5,14.1,,13.7,,18.09096,,13.8,,4.0,8.400002,1.8,,,16.02362,88,95,13.94771,,,C ,,C ,,,,0.0,-6.889004
2011-04-21 00:00:00.0,15.83542,17.3,14.5,,14.2,,18.20835,,14.2,,0.0,0.3,0.3,,,17.23893,96,96,15.17228,,,C ,,C ,,,,0.0,-4.232998
2011-04-22 00:00:00.0,18.12778,24.4,15.4,,15.2,,18.73124,,15.1,,2.1,2.1,1.6,,,20.01119,94,88,17.43689,,,C ,,C ,,,,0.0,-15.02301
2011-04-23 00:00:00.0,14.97222,20.8,7.2,,6.7,,18.05278,,7.1,,0.0,0.0,0.0,,,9.128066,60,50,5.033153,,,C ,,C ,,,,0.0,-0.6640015
2011-04-24 00:00:00.0,14.06459,23.6,7.1,,6.2,,16.61667,,7.3,,0.0,0.0,0.0,,,9.426937,58,53,5.960026,,,C ,,C ,,,,0.0,-2.324
2011-04-25 00:00:00.0,17.87569,26.8,9.0,,8.9,,17.26945,,9.3,,0.0,0.0,0.0,,,11.96569,66,59,9.503221,,,C ,,C ,,,,0.0,-8.216997
2011-04-26 00:00:00.0,17.49514,27.5,10.6,,10.3,,17.70209,,10.5,,0.0,0.0,0.0,,,13.75601,71,67,11.65678,,,C ,,C ,,,,0.0,-8.880999
2011-04-27 00:00:00.0,18.52014,27.8,11.1,,10.5,,17.94097,,11.1,,0.0,0.0,0.0,,,14.12314,70,68,12.07473,,,C ,,C ,,,,0.0,-11.703
2011-04-28 00:00:00.0,20.19931,28.7,14.6,,14.4,,18.71041,,14.6,,0.0,0.0,0.0,,,16.68016,71,65,14.60021,,,C ,,C ,,,,0.0,-16.84901
2011-04-29 00:00:00.0,18.99652,25.5,15.1,,14.9,,19.04166,,15.1,,48.69999,41.0,26.0,,,19.17677,90,86,16.78084,,,C ,,C ,,,,0.0,-14.60801
2011-04-30 00:00:00.0,15.92222,19.9,14.3,,14.3,,18.78888,,14.3,,7.6,8.000001,2.8,,,16.8845,97,96,14.77096,,,C ,,C ,,,,0.0,-2.489999
2011-05-01 00:00:00.0,12.94444,14.7,10.9,,10.5,,17.05346,,10.4,,0.0,7.3,4.6,,,12.01137,83,80,9.381911,,,C ,,C ,,,,0.0,5.229001
2011-05-02 00:00:00.0,9.581253,17.0,2.7,,2.5,,15.175,,2.5,,0.0,0.0,0.0,,,8.510463,77,74,4.611963,,,C ,,C ,,,,9.96,14.02701
2011-05-03 00:00:00.0,9.777083,18.6,3.1,,2.6,,14.6125,,2.7,,0.0,0.0,0.0,,,9.908064,82,74,6.737226,,,C ,,C ,,,,10.458,9.461999
2011-05-04 00:00:00.0,12.86459,20.3,8.0,,7.2,,14.78055,,7.6,,0.0,0.0,0.0,,,12.47308,82,76,10.18583,,,C ,,C ,,,,0.0,0.9960014
2011-05-05 00:00:00.0,16.73472,24.9,11.0,,10.8,,15.75139,,11.0,,0.0,0.0,0.0,,,12.26085,69,62,9.897022,,,C ,,C ,,,,0.0,-6.141996
2011-05-06 00:00:00.0,13.625,23.7,5.1,,5.0,,15.6125,,5.4,,0.0,0.0,0.0,,,9.704944,66,60,6.510674,,,C ,,C ,,,,2.324,1.66
2011-05-07 00:00:00.0,15.26111,23.4,10.0,,9.6,,15.46528,,9.8,,0.0,0.0,0.0,,,11.71817,69,64,9.255011,,,C ,,C ,,,,0.0,-3.485999
2011-05-08 00:00:00.0,14.92014,18.7,12.3,,11.5,,15.60625,,12.2,,0.0,0.0,0.0,,,11.54872,73,64,8.833324,,,C ,,C ,,,,0.332,-1.162
2011-05-09 00:00:00.0,9.975695,18.5,2.2,,1.4,,14.46041,,1.5,,0.0,0.0,0.0,,,9.542703,80,74,6.217523,,,C ,,C ,,,,9.295999,10.292
2011-05-10 00:00:00.0,14.55764,24.9,9.0,,8.5,,14.96737,,8.8,,0.5,0.0,0.0,,,14.4123,82,79,12.24699,,,C ,,C ,,,,0.0,-5.395
2011-05-11 00:00:00.0,18.91389,26.4,15.2,,14.8,,17.06528,,15.1,,0.0,0.5,0.5,,,18.35498,85,81,16.1067,,,C ,,C ,,,,0.0,-15.52101
2011-05-12 00:00:00.0,17.12014,25.3,9.5,,8.3,,17.31597,,9.3,,0.0,0.0,0.0,,,15.35484,84,78,13.28493,,,C ,,C ,,,,0.0,-6.639998
2011-05-13 00:00:00.0,14.95972,18.0,13.0,,12.3,,16.7375,,12.9,,4.3,2.1,0.9,,,16.48448,96,93,14.44231,,,C ,,C ,,,,0.0,-3.817998
2011-05-14 00:00:00.0,16.11875,21.7,13.8,,13.7,,17.03751,,14.0,,0.3,2.5,1.6,,,15.71665,88,84,13.72115,,,C ,,C ,,,,0.0,-7.220999
2011-05-15 00:00:00.0,13.44097,21.1,7.6,,6.9,,16.37708,,7.2,,0.0,0.0,0.0,,,12.70876,87,79,10.45105,,,C ,,C ,,,,0.0,3.319998
2011-05-16 00:00:00.0,13.07222,20.1,9.6,,8.7,,15.65625,,9.3,,0.0,0.0,0.0,,,12.9405,87,82,10.76567,,,C ,,C ,,,,0.0,1.743002
2011-05-17 00:00:00.0,14.11319,21.9,9.5,,9.0,,15.68333,,9.6,,0.0,0.0,0.0,,,13.215,84,78,11.08711,,,C ,,C ,,,,0.0,-0.5809995
2011-05-18 00:00:00.0,13.99931,21.8,9.1,,8.7,,15.58333,,9.0,,0.0,0.0,0.0,,,13.31312,84,79,11.17749,,,C ,,C ,,,,0.0,-1.327999
2011-05-19 00:00:00.0,14.46875,22.9,8.8,,8.2,,15.57986,,8.3,,0.3,0.3,0.3,,,13.69604,83,78,11.59312,,,C ,,C ,,,,0.0,-2.323999
2011-05-20 00:00:00.0,16.81944,22.4,13.5,,13.1,,16.05972,,13.4,,0.0,0.0,0.0,,,15.87664,82,81,13.86724,,,C ,,C ,,,,0.0,-10.624
2011-05-21 00:00:00.0,18.54098,26.2,14.4,,14.0,,16.83958,,14.3,,0.0,0.0,0.0,,,15.15589,74,69,13.13995,,,C ,,C ,,,,0.0,-12.035
2011-05-22 00:00:00.0,17.15209,21.2,14.1,,13.6,,16.98959,,13.6,,9.200001,9.200001,4.3,,,16.10597,87,88,13.95958,,,C ,,C ,,,,0.0,-8.465998
2011-05-23 00:00:00.0,10.47986,18.3,3.6,,2.8,,15.11875,,3.6,,0.0,0.0,0.0,,,9.543956,81,78,6.238581,,,C ,,C ,,,,6.639997,12.03501
2011-05-24 00:00:00.0,9.554864,13.2,5.5,,4.9,,13.85001,,5.1,,18.0,12.0,2.0,,,12.21247,98,99,9.754081,,,C ,,C ,,,,3.817999,15.52101
2011-05-25 00:00:00.0,12.74861,17.8,10.4,,10.2,,14.30555,,10.2,,4.6,10.6,2.6,,,13.89482,95,93,11.84428,,,C ,,C ,,,,0.0,5.893002
2011-05-26 00:00:00.0,11.1507,17.4,6.3,,5.6,,13.91874,,5.8,,0.3,0.3,0.3,,,11.39856,88,85,8.853551,,,C ,,C ,,,,1.66,10.624
2011-05-27 00:00:00.0,10.52708,18.3,5.4,,4.6,,13.61042,,4.9,,0.0,0.0,0.0,,,11.17288,90,84,8.518719,,,C ,,C ,,,,3.651999,12.201
2011-05-28 00:00:00.0,10.9,18.8,6.6,,5.7,,13.025,,6.6,,0.0,0.0,0.0,,,10.69733,84,77,7.939062,,,C ,,C ,,,,1.66,10.79
2011-05-29 00:00:00.0,10.97847,17.4,6.6,,6.2,,13.03472,,6.6,,0.0,0.0,0.0,,,11.79051,90,88,9.357244,,,C ,,C ,,,,0.498,10.624
2011-05-30 00:00:00.0,12.29445,17.9,8.8,,8.4,,13.52083,,9.0,,0.0,0.0,0.0,,,12.45746,85,82,10.1917,,,C ,,C ,,,,0.0,3.568998
2011-05-31 00:00:00.0,12.97222,19.7,7.3,,6.8,,14.07292,,6.9,,0.0,0.0,0.0,,,12.52767,88,85,10.25801,,,C ,,C ,,,,0.0,5.062996
2011-06-01 00:00:00.0,10.16945,18.9,3.8,,3.4,,13.2882,,3.6,,0.0,0.0,0.0,,,10.91873,88,84,8.074886,,,C ,,C ,,,,8.465997,10.292
2011-06-02 00:00:00.0,11.19236,16.6,7.3,,6.6,,13.09376,,7.1,,0.0,0.0,0.0,,,12.3047,91,87,9.969321,,,C ,,C ,,,,0.0,9.296002
2011-06-03 00:00:00.0,11.49653,14.9,7.2,,6.5,,13.19167,,6.8,,0.0,0.0,0.0,,,9.713627,77,70,6.329933,,,C ,,C ,,,,1.66,11.03901
2011-06-04 00:00:00.0,6.647917,14.0,0.8,,0.0,,11.86875,,0.5,,0.0,0.0,0.0,,,7.535117,82,76,2.883015,,,C ,,C ,,,,15.27201,14.77402
2011-06-05 00:00:00.0,6.516667,14.6,1.9,,1.1,,10.97084,,1.7,,0.0,0.0,0.0,,,8.322976,82,78,4.249993,,,C ,,C ,,,,11.62,13.61201
2011-06-06 00:00:00.0,10.05416,11.8,8.3,,7.7,,11.72639,,7.7,,0.6,0.6,0.3,,,10.78376,91,94,8.04945,,,C ,,C ,,,,0.0,
2011-06-07 00:00:00.0,8.507639,13.5,3.1,,2.2,,11.63333,,2.5,,0.0,0.0,0.0,,,10.39482,94,94,7.47053,,,C ,,C ,,,,6.307997,19.58802
2011-06-08 00:00:00.0,9.176389,14.6,5.8,,5.2,,11.57361,,5.5,,0.0,0.0,0.0,,,11.08664,95,94,8.449164,,,C ,,C ,,,,2.987999,17.59602
2011-06-09 00:00:00.0,10.18333,16.6,6.3,,5.8,,11.53542,,6.1,,0.0,0.0,0.0,,,11.37508,88,82,8.776751,,,C ,,C ,,,,1.992,12.035
2011-06-10 00:00:00.0,12.60417,18.8,6.5,,6.1,,12.14653,,6.5,,0.0,0.0,0.0,,,12.82654,87,86,10.49156,,,C ,,C ,,,,1.494,5.228993
2011-06-11 00:00:00.0,14.22569,20.6,10.4,,10.0,,12.85417,,10.2,,0.0,0.0,0.0,,,13.39736,85,81,11.2968,,,C ,,C ,,,,0.0,-1.245
2011-06-12 00:00:00.0,13.09097,22.8,6.7,,6.1,,12.82847,,6.5,,0.0,0.0,0.0,,,12.23704,82,82,9.831513,,,C ,,C ,,,,0.166,3.735
2011-06-13 00:00:00.0,9.634722,17.0,4.1,,3.7,,12.26042,,3.9,,0.0,0.0,0.0,,,8.260357,76,79,4.155284,,,C ,,C ,,,,9.794,17.01502
2011-06-14 00:00:00.0,8.418056,16.2,4.3,,3.8,,11.36528,,4.2,,1.7,0.0,0.0,,,9.510387,83,79,6.213764,,,C ,,C ,,,,11.454,14.19301
2011-06-15 00:00:00.0,13.82361,19.0,11.3,,10.8,,12.7882,,10.9,,30.69999,18.8,8.6,,,14.99821,90,95,12.78567,,,C ,,C ,,,,0.0,-3.236999
2011-06-16 00:00:00.0,17.35625,21.5,15.4,,15.2,,15.0493,,15.3,,19.5,13.9,4.6,,,18.72045,95,93,16.44677,,,C ,,C ,,,,0.0,-12.36701
2011-06-17 00:00:00.0,13.90208,19.0,10.7,,10.4,,14.90972,,10.8,,0.0,19.2,15.6,,,14.59954,95,94,12.58871,,,C ,,C ,,,,0.0,1.991999
2011-06-18 00:00:00.0,13.17361,16.6,10.4,,10.1,,14.11319,,10.3,,12.1,8.900001,8.3,,,15.15104,96,97,13.04667,,,C ,,C ,,,,0.0,1.66
2011-06-19 00:00:00.0,17.23334,20.2,15.8,,15.6,,15.47292,,15.6,,0.0,3.2,1.3,,,19.21886,97,97,16.87188,,,C ,,C ,,,,0.0,-14.19302
2011-06-20 00:00:00.0,14.73264,17.6,11.6,,11.6,,15.58958,,11.5,,0.3,0.0,0.0,,,14.69872,94,96,12.61791,,,C ,,C ,,,,0.0,2.323999
2011-06-21 00:00:00.0,10.14097,15.6,6.8,,6.1,,13.35555,,6.4,,0.0,0.3,0.3,,,11.97356,95,95,9.56245,,,C ,,C ,,,,0.332,14.11001
2011-06-22 00:00:00.0,11.89583,15.2,9.3,,8.9,,13.21389,,9.4,,25.69999,12.4,8.6,,,12.50019,90,91,10.23716,,,C ,,C ,,,,0.0,8.300007
2011-06-23 00:00:00.0,11.72917,13.5,9.5,,9.4,,13.18403,,9.5,,0.0,13.3,3.1,,,12.50864,94,94,10.19757,,,C ,,C ,,,,1.328,11.70301
2011-06-24 00:00:00.0,9.286805,17.1,4.5,,3.6,,11.77639,,4.1,,0.0,0.0,0.0,,,10.30301,87,86,7.320891,,,C ,,C ,,,,10.458,13.19701
2011-06-25 00:00:00.0,7.669445,12.7,2.7,,2.3,,11.05972,,2.5,,0.3,0.3,0.3,,,8.802811,90,87,5.048854,,,C ,,C ,,,,11.288,21.41402
2011-06-26 00:00:00.0,4.280556,11.1,-1.0,,-1.3,,9.237503,,-1.2,,0.0,0.0,0.0,,,6.522975,83,75,0.8704569,,,C ,,C ,,,,16.93201,
2011-06-27 00:00:00.0,4.833333,15.9,-1.6,,-1.7,,8.462502,,-1.4,,0.0,0.0,0.0,,,6.864168,78,74,1.400698,,,C ,,C ,,,,12.78201,7.137997
2011-06-28 00:00:00.0,7.387499,16.1,1.0,,0.5,,8.877779,,1.0,,0.0,0.0,0.0,,,8.294442,82,80,4.187376,,,C ,,C ,,,,11.122,13.69501
2011-06-29 00:00:00.0,8.676388,16.0,2.8,,2.4,,9.047918,,2.7,,0.0,0.0,0.0,,,8.055037,73,68,3.845641,,,C ,,C ,,,,8.797997,15.43801
2011-06-30 00:00:00.0,7.972916,12.1,4.8,,4.3,,8.995143,,4.7,,0.0,0.0,0.0,,,7.002967,70,65,1.482215,,,C ,,C ,,,,12.28401,
2011-07-01 00:00:00.0,3.925694,12.3,-2.1,,-2.6,,7.568752,,-2.2,,0.0,0.0,0.0,,,5.203326,66,62,-2.281066,,,C ,,C ,,,,16.43401,
2011-07-02 00:00:00.0,4.392361,12.7,-2.5,,-2.8,,7.56389,,-2.3,,0.0,0.0,0.0,,,5.866788,72,67,-0.6029364,,,C ,,C ,,,,16.26801,11.62001
2011-07-03 00:00:00.0,3.6625,9.4,-1.8,,-2.2,,7.076391,,-2.0,,0.0,0.0,0.0,,,5.403819,72,69,-1.688015,,,C ,,C ,,,,18.26002,
2011-07-04 00:00:00.0,3.938889,15.3,-2.3,,-3.6,,6.627085,,-2.5,,0.0,0.0,0.0,,,5.738432,72,68,-0.9512969,,,C ,,C ,,,,14.94001,7.635996
2011-07-05 00:00:00.0,5.780555,14.1,-0.2,,-0.9,,7.17014,,-0.3,,0.0,0.0,0.0,,,6.787132,79,72,1.426201,,,C ,,C ,,,,16.43401,11.78601
2011-07-06 00:00:00.0,4.802083,15.0,-2.3,,-3.0,,7.203471,,-2.7,,0.0,0.0,0.0,,,6.887059,80,73,1.534311,,,C ,,C ,,,,13.94401,8.050997
2011-07-07 00:00:00.0,7.965277,18.8,2.0,,1.1,,7.668749,,2.1,,0.0,0.0,0.0,,,7.582146,73,68,2.963207,,,C ,,C ,,,,11.454,14.35901
2011-07-08 00:00:00.0,9.595138,18.7,3.1,,2.2,,8.343751,,3.0,,0.0,0.0,0.0,,,9.009802,79,72,5.429901,,,C ,,C ,,,,11.122,11.62
2011-07-09 00:00:00.0,11.47708,20.1,6.7,,6.0,,9.090278,,6.4,,0.0,0.0,0.0,,,8.935143,68,65,5.296774,,,C ,,C ,,,,,8.134
2011-07-10 00:00:00.0,13.67778,22.6,6.5,,5.8,,10.23403,,6.3,,0.0,0.0,0.0,,,9.815671,65,60,6.681455,,,C ,,C ,,,,0.498,0.663999
2011-07-11 00:00:00.0,13.88889,21.0,9.7,,9.4,,11.15694,,9.6,,0.0,0.0,0.0,,,13.98223,85,85,11.80878,,,C ,,C ,,,,0.0,-1.742996
2011-07-12 00:00:00.0,14.90764,22.5,8.6,,7.7,,12.03819,,8.4,,0.0,0.0,0.0,,,14.4157,88,86,12.34009,,,C ,,C ,,,,0.0,-1.743001
2011-07-13 00:00:00.0,11.83542,20.6,5.6,,5.0,,11.88403,,5.4,,0.0,0.0,0.0,,,11.26048,86,90,8.586846,,,C ,,C ,,,,3.983999,8.714998
2011-07-14 00:00:00.0,11.17569,13.9,8.7,,8.4,,11.39375,,8.6,,0.0,0.0,0.0,,,12.49266,90,91,9.992625,,,C ,,C ,,,,0.0,7.304003
2011-07-15 00:00:00.0,15.76944,19.1,13.1,,12.9,,12.975,,13.0,,0.6,0.6,0.3,,,16.97301,96,94,14.68703,,,C ,,C ,,,,0.0,-5.228995
2011-07-16 00:00:00.0,12.52847,18.8,8.6,,8.5,,12.47014,,8.6,,0.0,0.0,0.0,,,9.12562,68,56,5.253402,,,C ,,C ,,,,0.332,5.975997
2011-07-17 00:00:00.0,8.435419,17.8,0.8,,0.1,,10.85277,,0.8,,0.0,0.0,0.0,,,7.757108,72,69,3.252496,,,C ,,C ,,,,10.956,10.624
2011-07-18 00:00:00.0,10.62917,12.1,9.4,,8.8,,11.11805,,8.8,,30.09999,28.9,4.1,,,11.75108,92,97,9.192769,,,C ,,C ,,,,0.0,
2011-07-19 00:00:00.0,9.020833,12.0,5.9,,5.8,,11.17153,,5.7,,0.0,1.2,0.6,,,10.78129,97,94,7.953014,,,C ,,C ,,,,4.647998,
2011-07-20 00:00:00.0,7.379858,9.4,5.1,,4.8,,10.25277,,5.1,,0.0,0.0,0.0,,,9.582489,93,92,6.350342,,,C ,,C ,,,,9.794,
2011-07-21 00:00:00.0,8.78125,15.1,3.2,,2.8,,10.61528,,3.0,,0.0,0.0,0.0,,,9.49104,85,80,6.195352,,,C ,,C ,,,,7.303997,17.26402
2011-07-22 00:00:00.0,9.45625,17.2,4.6,,4.2,,10.26528,,4.7,,0.0,0.0,0.0,,,10.04136,85,81,6.988557,,,C ,,C ,,,,8.797997,12.61601
2011-07-23 00:00:00.0,10.67917,18.2,4.4,,4.0,,10.46667,,4.2,,0.0,0.0,0.0,,,10.34519,82,80,7.418059,,,C ,,C ,,,,5.643998,10.458
2011-07-24 00:00:00.0,11.45347,20.6,5.6,,4.9,,10.7993,,5.3,,0.0,0.0,0.0,,,12.42948,87,83,9.956923,,,C ,,C ,,,,4.647998,5.560994
2011-07-25 00:00:00.0,18.45695,26.8,14.4,,14.2,,13.1757,,14.3,,14.3,13.7,6.8,,,17.46979,85,88,15.2879,,,C ,,C ,,,,0.0,-11.039
2011-07-26 00:00:00.0,11.8368,17.2,6.3,,5.9,,12.51181,,6.1,,0.0,0.6,0.6,,,9.533359,73,69,6.230631,,,C ,,C ,,,,1.162,10.375
2011-07-27 00:00:00.0,10.17639,17.0,5.4,,5.0,,11.46805,,5.2,,0.0,0.0,0.0,,,10.22808,82,79,7.273145,,,C ,,C ,,,,4.813998,12.45001
2011-07-28 00:00:00.0,12.89444,18.7,8.6,,7.9,,12.42639,,8.7,,0.0,0.0,0.0,,,11.89824,82,80,9.511858,,,C ,,C ,,,,0.0,4.232998
2011-07-29 00:00:00.0,10.28889,15.3,6.3,,5.9,,11.86042,,6.2,,0.0,0.0,0.0,,,9.788126,82,79,6.638097,,,C ,,C ,,,,0.996,15.02301
2011-07-30 00:00:00.0,6.094445,11.3,-0.5,,-1.0,,10.64514,,-0.8,,0.0,0.0,0.0,,,6.601746,77,73,0.9769313,,,C ,,C ,,,,16.10201,
2011-07-31 00:00:00.0,4.735418,11.0,0.9,,0.4,,9.624304,,0.8,,0.0,0.0,0.0,,,6.343448,76,70,0.5109266,,,C ,,C ,,,,15.93601,
2011-08-01 00:00:00.0,3.984028,8.0,0.9,,0.7,,8.758327,,0.7,,0.0,0.0,0.0,,,7.132207,86,85,2.108034,,,C ,,C ,,,,18.42602,
2011-08-02 00:00:00.0,6.411111,13.3,2.1,,1.6,,8.678469,,1.9,,0.0,0.0,0.0,,,7.811324,78,78,3.339889,,,C ,,C ,,,,12.118,17.18102
2011-08-03 00:00:00.0,9.47014,15.6,3.9,,3.4,,9.393749,,3.7,,0.0,0.0,0.0,,,7.795026,70,67,3.324152,,,C ,,C ,,,,6.473997,16.84901
2011-08-04 00:00:00.0,5.800692,13.1,-0.9,,-1.7,,9.03264,,-1.3,,0.0,0.0,0.0,,,7.373612,82,79,2.532212,,,C ,,C ,,,,14.27601,13.52901
2011-08-05 00:00:00.0,9.967363,19.1,5.6,,5.0,,9.526384,,5.5,,0.0,0.0,0.0,,,8.693482,68,61,4.874215,,,C ,,C ,,,,9.129998,8.880998
2011-08-06 00:00:00.0,11.69306,21.8,3.8,,2.8,,10.21181,,3.1,,0.0,0.0,0.0,,,9.921917,76,70,6.769625,,,C ,,C ,,,,8.963998,5.145999
2011-08-07 00:00:00.0,13.48403,20.4,8.6,,7.9,,11.26667,,8.6,,0.0,0.0,0.0,,,10.6232,72,66,7.82558,,,C ,,C ,,,,0.0,1.908999
2011-08-08 00:00:00.0,13.67778,17.4,11.8,,11.4,,12.02084,,11.7,,0.0,0.0,0.0,,,12.9571,82,80,10.76668,,,C ,,C ,,,,0.0,-0.4980001
2011-08-09 00:00:00.0,14.73611,17.9,13.4,,13.2,,12.88542,,13.3,,0.0,0.0,0.0,,,15.45485,89,88,13.46225,,,C ,,C ,,,,0.0,-4.98
2011-08-10 00:00:00.0,16.67431,20.7,13.8,,13.4,,13.72431,,13.7,,0.0,0.0,0.0,,,16.47248,88,86,14.46088,,,C ,,C ,,,,0.0,-10.126
2011-08-11 00:00:00.0,17.33958,25.3,12.0,,11.4,,14.37848,,11.8,,0.0,0.0,0.0,,,17.40067,87,82,15.21896,,,C ,,C ,,,,0.0,-11.371
2011-08-12 00:00:00.0,18.93889,25.7,14.5,,13.3,,15.44653,,14.3,,0.0,0.0,0.0,,,18.83611,90,85,16.26425,,,C ,,C ,,,,0.0,-14.60802
2011-08-13 00:00:00.0,13.97847,19.8,10.2,,10.0,,14.7125,,10.2,,0.0,0.0,0.0,,,9.508079,64,57,5.838053,,,C ,,C ,,,,0.0,-6.791353E-7
2011-08-14 00:00:00.0,10.59722,19.1,2.3,,2.2,,13.12083,,2.5,,0.0,0.0,0.0,,,7.608301,64,61,3.016503,,,C ,,C ,,,,7.801996,4.979996
2011-08-15 00:00:00.0,12.03403,15.1,8.9,,8.6,,12.94237,,8.8,,0.0,0.0,0.0,,,11.86669,84,89,9.270558,,,C ,,C ,,,,0.0,5.478001
2011-08-16 00:00:00.0,13.0618,16.9,12.3,,11.8,,13.45973,,11.8,,2.1,2.1,0.6,,,14.64597,99,100,12.63919,,,C ,,C ,,,,0.0,2.738999
2011-08-17 00:00:00.0,8.993749,13.8,4.2,,3.1,,12.21875,,3.7,,0.3,0.3,0.3,,,11.31542,98,98,8.691464,,,C ,,C ,,,,4.149999,18.09402
2011-08-18 00:00:00.0,11.66042,17.3,8.6,,8.2,,12.34236,,8.1,,1.5,1.5,0.6,,,13.03649,94,92,10.83943,,,C ,,C ,,,,0.0,8.632002
2011-08-19 00:00:00.0,9.1757,13.2,5.0,,4.7,,12.09792,,4.9,,0.9,0.9,0.3,,,9.461216,87,82,6.058792,,,C ,,C ,,,,6.473997,18.92402
2011-08-20 00:00:00.0,5.495139,13.1,-0.8,,-1.0,,10.1493,,-0.9,,0.0,0.0,0.0,,,6.526487,76,67,0.8826182,,,C ,,C ,,,,14.60801,11.86901
2011-08-21 00:00:00.0,4.985416,12.3,-0.9,,-1.5,,9.90347,,-1.0,,0.0,0.0,0.0,,,6.087112,75,65,-0.105444,,,C ,,C ,,,,15.10601,
2011-08-22 00:00:00.0,4.738195,13.2,-2.5,,-3.2,,9.627774,,-2.7,,0.0,0.0,0.0,,,6.451291,78,72,0.6843626,,,C ,,C ,,,,14.60801,10.79001
2011-08-23 00:00:00.0,6.378473,14.6,-0.3,,-1.5,,9.552777,,-1.0,,0.0,0.0,0.0,,,7.658895,79,71,3.071375,,,C ,,C ,,,,11.288,10.54101
2011-08-24 00:00:00.0,9.821528,17.0,5.2,,4.5,,10.42639,,4.8,,0.0,0.0,0.0,,,11.21289,89,87,8.504663,,,C ,,C ,,,,7.137997,11.703
2011-08-25 00:00:00.0,10.08125,15.4,4.3,,3.4,,10.95763,,3.8,,0.0,0.0,0.0,,,10.57229,90,87,7.669503,,,C ,,C ,,,,8.963998,14.27601
2011-08-26 00:00:00.0,9.318748,16.2,3.8,,3.4,,10.72639,,3.6,,0.0,0.0,0.0,,,9.23834,80,72,5.79693,,,C ,,C ,,,,6.805997,14.44201
2011-08-27 00:00:00.0,10.99653,15.7,8.7,,8.2,,11.20416,,8.6,,0.0,0.0,0.0,,,11.50933,87,81,8.992361,,,C ,,C ,,,,0.0,8.217008
2011-08-28 00:00:00.0,11.52778,20.2,4.8,,4.3,,11.79028,,4.6,,0.0,0.0,0.0,,,9.640107,75,67,6.273368,,,C ,,C ,,,,5.809998,5.975999
2011-08-29 00:00:00.0,12.46111,21.0,5.1,,3.9,,12.32986,,4.9,,0.0,0.0,0.0,,,10.03824,72,66,6.928727,,,C ,,C ,,,,3.153999,4.315999
2011-08-30 00:00:00.0,11.19514,19.6,2.7,,1.5,,12.22708,,2.0,,0.0,0.0,0.0,,,7.081336,62,51,1.436145,,,C ,,C ,,,,7.303997,6.308
2011-08-31 00:00:00.0,9.524997,17.5,0.4,,-0.1,,11.65903,,0.2,,0.0,0.0,0.0,,,6.810042,60,60,1.257167,,,C ,,C ,,,,9.461999,10.541
2011-09-01 00:00:00.0,9.786805,17.5,3.7,,2.8,,11.74098,,3.2,,0.0,0.0,0.0,,,8.739111,74,68,4.989161,,,C ,,C ,,,,9.794,10.956
2011-09-02 00:00:00.0,12.37084,20.5,6.7,,6.1,,12.15764,,6.5,,0.0,0.0,0.0,,,8.453601,59,55,4.504456,,,C ,,C ,,,,1.162,2.904999
2011-09-03 00:00:00.0,17.34931,27.6,10.7,,10.3,,13.42847,,10.6,,0.0,0.0,0.0,,,11.73063,59,57,9.250382,,,C ,,C ,,,,0.0,-9.046999
2011-09-04 00:00:00.0,15.62361,25.0,12.9,,12.9,,14.00972,,12.9,,0.0,0.0,0.0,,,11.33411,69,63,8.34885,,,C ,,C ,,,,0.0,-0.498
2011-09-05 00:00:00.0,11.02778,20.7,1.8,,1.0,,12.36597,,1.5,,0.0,0.0,0.0,,,6.033326,53,45,-0.2835286,,,C ,,C ,,,,9.129998,4.814
2011-09-06 00:00:00.0,12.42222,23.4,2.5,,2.0,,12.51459,,2.7,,0.0,0.0,0.0,,,6.949636,51,45,1.721822,,,C ,,C ,,,,5.643998,2.656001
2011-09-07 00:00:00.0,14.45972,24.4,4.7,,4.2,,13.33542,,4.8,,0.0,0.0,0.0,,,7.487603,50,46,2.774493,,,C ,,C ,,,,2.324,-0.8300012
2011-09-08 00:00:00.0,14.37917,25.5,5.6,,4.8,,13.91181,,5.6,,0.0,0.0,0.0,,,8.78561,58,53,4.987299,,,C ,,C ,,,,3.651999,0.08300085
2011-09-09 00:00:00.0,15.24792,25.2,6.9,,6.1,,14.25555,,6.9,,0.0,0.0,0.0,,,9.453518,61,52,6.020292,,,C ,,C ,,,,,-2.406999
2011-09-10 00:00:00.0,16.74792,22.1,12.8,,12.0,,14.53819,,12.7,,0.0,0.0,0.0,,,9.190241,52,45,5.457075,,,C ,,C ,,,,0.0,-7.801996
2011-09-11 00:00:00.0,11.19722,21.0,0.5,,0.0,,13.92153,,0.4,,0.0,0.0,0.0,,,7.614406,63,56,2.991345,,,C ,,C ,,,,7.967996,0.5809999
2011-09-12 00:00:00.0,17.45278,28.0,10.6,,10.3,,15.08889,,10.5,,0.0,0.0,0.0,,,8.903327,47,40,5.209757,,,C ,,C ,,,,0.0,-8.631999
2011-09-13 00:00:00.0,14.75625,24.5,5.4,,4.6,,15.16389,,5.6,,0.0,0.0,0.0,,,6.505746,45,43,0.6244608,,,C ,,C ,,,,2.987999,-1.14423E-6
2011-09-14 00:00:00.0,12.70972,21.2,5.8,,5.5,,14.62847,,5.7,,0.0,0.0,0.0,,,6.383888,45,41,0.5238277,,,C ,,C ,,,,3.153999,1.494
2011-09-15 00:00:00.0,15.39028,25.0,8.0,,7.8,,15.54375,,8.1,,0.0,0.0,0.0,,,12.373,69,68,9.865253,,,C ,,C ,,,,0.0,-4.979999
2011-09-16 00:00:00.0,17.56945,22.9,14.1,,13.4,,16.24236,,13.5,,0.0,0.0,0.0,,,16.70248,84,84,14.61592,,,C ,,C ,,,,0.0,-12.53301
2011-09-17 00:00:00.0,17.57847,21.4,14.3,,14.7,,16.49028,,14.6,,0.0,0.0,0.0,,,14.08552,75,65,11.51657,,,C ,,C ,,,,0.0,-11.122
2011-09-18 00:00:00.0,12.60278,20.6,6.2,,5.8,,15.53056,,6.0,,0.0,0.0,0.0,,,9.615055,69,66,6.280275,,,C ,,C ,,,,1.66,3.070998
2011-09-19 00:00:00.0,14.91181,23.6,7.5,,7.3,,16.54792,,7.7,,0.0,0.0,0.0,,,9.444247,60,56,6.049047,,,C ,,C ,,,,0.0,-2.656001
2011-09-20 00:00:00.0,14.70208,25.4,5.6,,5.3,,16.97709,,5.6,,0.0,0.0,0.0,,,9.252762,61,53,5.822295,,,C ,,C ,,,,3.817999,-0.9129993
2011-09-21 00:00:00.0,17.11458,25.9,10.4,,9.7,,17.41667,,10.2,,0.0,0.0,0.0,,,10.87442,58,51,8.136845,,,C ,,C ,,,,0.0,-7.304
2011-09-22 00:00:00.0,14.34583,23.1,11.7,,11.2,,16.62639,,11.8,,0.0,0.0,0.0,,,11.94537,78,81,9.571898,,,C ,,C ,,,,0.0,2.987999
2011-09-23 00:00:00.0,12.49306,19.9,7.2,,6.9,,15.98889,,6.6,,0.0,0.0,0.0,,,9.999,71,69,6.955793,,,C ,,C ,,,,0.0,4.648
2011-09-24 00:00:00.0,13.16667,22.1,6.1,,5.1,,16.28403,,5.7,,0.0,0.0,0.0,,,11.59888,77,70,9.092332,,,C ,,C ,,,,1.494,0.9130009
2011-09-25 00:00:00.0,17.67153,26.8,11.3,,11.0,,17.77361,,11.2,,0.0,0.0,0.0,,,13.42361,67,63,11.3152,,,C ,,C ,,,,0.0,-11.786
2011-09-26 00:00:00.0,20.84167,30.8,12.6,,12.4,,19.56806,,12.9,,0.0,0.0,0.0,,,14.28576,62,57,12.25032,,,C ,,C ,,,,0.0,-14.85701
2011-09-27 00:00:00.0,19.80902,27.4,12.4,,12.0,,19.76736,,12.2,,0.0,0.0,0.0,,,13.20657,59,53,10.98524,,,C ,,C ,,,,0.0,-14.52501
2011-09-28 00:00:00.0,21.05417,30.1,14.9,,14.6,,19.16806,,14.8,,0.0,0.0,0.0,,,15.01679,61,60,13.01131,,,C ,,C ,,,,0.0,-17.26402
2011-09-29 00:00:00.0,21.45278,28.1,14.4,,13.7,,19.95209,,13.9,,0.0,0.0,0.0,,,15.42512,66,65,13.37619,,,C ,,C ,,,,0.0,-18.75802
2011-09-30 00:00:00.0,17.52153,24.8,10.4,,9.6,,18.77153,,10.4,,0.0,0.0,0.0,,,10.46838,56,49,7.49338,,,C ,,C ,,,,0.0,-9.794001
2011-10-01 00:00:00.0,16.33195,23.8,7.9,,7.2,,18.18403,,7.7,,0.0,0.0,0.0,,,13.59361,76,71,11.46864,,,C ,,C ,,,,0.0,-6.059
2011-10-02 00:00:00.0,16.51389,23.6,9.6,,9.3,,18.29444,,9.5,,0.0,0.0,0.0,,,10.47069,65,54,6.946286,,,C ,,C ,,,,0.0,-5.643998
2011-10-03 00:00:00.0,12.3368,19.5,4.4,,3.9,,17.2493,,4.2,,0.0,0.0,0.0,,,8.831328,67,64,5.109369,,,C ,,C ,,,,4.481998,5.229
2011-10-04 00:00:00.0,12.23959,16.9,9.1,,8.7,,16.47222,,9.0,,0.0,0.0,0.0,,,11.95352,83,81,9.578963,,,C ,,C ,,,,0.0,4.398999
2011-10-05 00:00:00.0,14.69305,25.2,4.9,,4.1,,16.88472,,4.4,,0.0,0.0,0.0,,,11.75905,73,63,9.259564,,,C ,,C ,,,,3.485999,-2.739
2011-10-06 00:00:00.0,17.66736,27.5,10.6,,10.0,,18.01319,,10.3,,10.0,4.5,1.8,,,15.57257,79,81,13.43234,,,C ,,C ,,,,0.0,-8.715001
2011-10-07 00:00:00.0,16.95555,19.2,14.0,,13.9,,17.89096,,13.8,,36.79999,41.99999,6.3,,,18.18963,95,95,15.98874,,,C ,,C ,,,,0.0,-10.79001
2011-10-08 00:00:00.0,17.02222,21.8,15.0,,14.8,,17.99652,,14.8,,1.1,0.3,0.3,,,18.13321,93,91,15.95529,,,C ,,C ,,,,0.0,-10.126
2011-10-09 00:00:00.0,16.55763,21.0,14.4,,13.9,,18.30903,,14.0,,0.3,1.4,0.8,,,16.39456,89,87,14.37347,,,C ,,C ,,,,0.0,-7.138002
2011-10-10 00:00:00.0,16.38681,22.3,12.2,,11.9,,18.02779,,12.0,,0.0,0.0,0.0,,,15.76474,84,80,13.77544,,,C ,,C ,,,,0.0,-10.043
2011-10-11 00:00:00.0,17.96805,24.9,12.4,,11.6,,18.78611,,11.9,,0.0,0.0,0.0,,,16.23852,81,74,14.21954,,,C ,,C ,,,,0.0,-12.28401
2011-10-12 00:00:00.0,15.04653,21.0,12.0,,11.8,,17.98125,,12.0,,21.0,21.0,4.3,,,15.33726,92,91,13.33421,,,C ,,C ,,,,0.0,-1.162
2011-10-13 00:00:00.0,16.125,21.1,13.9,,13.6,,17.02293,,13.8,,0.0,0.0,0.0,,,17.24905,92,87,15.16361,,,C ,,C ,,,,0.0,-9.461999
2011-10-14 00:00:00.0,17.00486,23.1,11.2,,10.9,,17.94514,,11.1,,0.0,0.0,0.0,,,13.62337,75,66,11.44811,,,C ,,C ,,,,0.0,-8.880999
2011-10-15 00:00:00.0,18.81667,29.3,11.2,,10.5,,18.7,,11.1,,0.0,0.0,0.0,,,13.04087,61,55,10.72062,,,C ,,C ,,,,0.0,-12.45001
2011-10-16 00:00:00.0,20.02847,26.6,13.3,,12.7,,19.34028,,13.1,,0.0,0.0,0.0,,,12.84717,61,53,10.554,,,C ,,C ,,,,0.0,-14.69101
2011-10-17 00:00:00.0,17.13056,22.4,11.0,,10.7,,19.52639,,11.0,,0.0,0.0,0.0,,,10.93971,61,58,8.152025,,,C ,,C ,,,,0.0,-9.461999
2011-10-18 00:00:00.0,15.34792,24.3,9.7,,9.5,,19.17847,,9.6,,12.3,12.3,3.4,,,12.86422,77,81,10.6196,,,C ,,C ,,,,0.0,-3.32
2011-10-19 00:00:00.0,16.36042,25.5,10.3,,9.6,,19.09445,,9.9,,0.0,0.0,0.0,,,14.71655,77,73,12.68527,,,C ,,C ,,,,0.0,-9.877001
2011-10-20 00:00:00.0,19.49167,27.5,12.1,,11.7,,19.99722,,11.8,,0.0,0.0,0.0,,,16.13535,74,69,14.1254,,,C ,,C ,,,,0.0,-14.60801
2011-10-21 00:00:00.0,20.71875,27.9,14.8,,14.4,,20.56875,,14.7,,0.0,0.0,0.0,,,16.6476,70,66,14.6135,,,C ,,C ,,,,0.0,-18.09402
2011-10-22 00:00:00.0,19.46666,26.3,15.2,,14.5,,20.28958,,15.2,,0.0,0.0,0.0,,,17.08231,80,81,14.94704,,,C ,,C ,,,,0.0,-15.85301
2011-10-23 00:00:00.0,15.72917,21.7,10.5,,10.3,,19.1743,,10.5,,0.0,0.0,0.0,,,14.68213,81,81,12.57315,,,C ,,C ,,,,0.0,-7.470001
2011-10-24 00:00:00.0,18.16875,24.8,14.5,,14.2,,19.67013,,14.1,,0.0,0.0,0.0,,,17.53031,85,84,15.39703,,,C ,,C ,,,,0.0,-13.77801
2011-10-25 00:00:00.0,17.29931,22.6,13.1,,12.7,,19.6375,,13.0,,0.0,0.0,0.0,,,14.25489,73,72,12.18824,,,C ,,C ,,,,0.0,-12.45001
2011-10-26 00:00:00.0,14.98541,20.3,8.7,,8.5,,19.40139,,8.6,,0.0,0.0,0.0,,,10.09375,65,57,6.937931,,,C ,,C ,,,,0.0,-1.826
2011-10-27 00:00:00.0,13.7632,23.7,5.3,,5.0,,18.94445,,5.2,,0.0,0.0,0.0,,,8.979298,63,56,5.339866,,,C ,,C ,,,,4.481998,0.2489997
2011-10-28 00:00:00.0,18.14514,30.0,8.6,,7.9,,19.58819,,8.7,,3.8,0.0,0.0,,,10.2227,50,41,6.994699,,,C ,,C ,,,,0.0,-8.631994
2011-10-29 00:00:00.0,19.58542,26.2,15.2,,14.7,,21.00833,,14.8,,0.0,3.8,2.1,,,14.89982,72,63,12.65719,,,C ,,C ,,,,0.0,-13.69501
2011-10-30 00:00:00.0,16.07917,24.2,8.1,,7.8,,20.29862,,8.1,,0.0,0.0,0.0,,,9.82424,60,48,6.447815,,,C ,,C ,,,,0.0,-6.224999
2011-10-31 00:00:00.0,15.7007,23.3,6.7,,6.2,,20.40347,,6.9,,0.0,0.0,0.0,,,9.839006,60,56,6.619944,,,C ,,C ,,,,0.498,-4.316
2011-11-01 00:00:00.0,16.59861,24.7,9.6,,9.1,,20.66805,,9.5,,0.0,0.0,0.0,,,12.28552,67,61,9.976624,,,C ,,C ,,,,0.0,-9.212999
2011-11-02 00:00:00.0,19.61598,28.3,13.0,,12.7,,21.59793,,13.0,,0.0,0.0,0.0,,,14.6699,65,64,12.62536,,,C ,,C ,,,,0.0,-14.60801
2011-11-03 00:00:00.0,22.68056,30.9,16.2,,15.8,,22.87361,,16.2,,0.0,0.0,0.0,,,15.48083,59,55,13.48737,,,C ,,C ,,,,0.0,-20.41803
2011-11-04 00:00:00.0,22.55208,28.8,17.6,,17.1,,22.91457,,17.5,,0.0,0.0,0.0,,,17.17491,65,61,15.0585,,,C ,,C ,,,,0.0,-22.99103
2011-11-05 00:00:00.0,23.66111,31.7,17.2,,16.7,,23.85208,,17.2,,0.0,0.0,0.0,,,19.64675,70,65,17.21654,,,C ,,C ,,,,0.0,-22.49303
2011-11-06 00:00:00.0,21.98333,29.8,15.1,,14.5,,24.6132,,15.3,,0.0,0.0,0.0,,,18.1917,73,65,15.99111,,,C ,,C ,,,,0.0,-18.84102
2011-11-07 00:00:00.0,22.60139,30.7,17.1,,16.7,,24.8007,,17.1,,0.0,0.0,0.0,,,14.06951,52,42,11.90884,,,C ,,C ,,,,0.0,-21.16503
2011-11-08 00:00:00.0,23.74931,31.6,17.2,,16.8,,24.78542,,17.1,,28.39999,0.0,0.0,,,15.9221,55,54,13.8479,,,C ,,C ,,,,0.0,-22.24403
2011-11-09 00:00:00.0,23.02847,29.2,19.0,,18.2,,24.03403,,18.5,,0.3,28.69999,9.3,,,19.93676,77,75,17.06104,,,C ,,C ,,,,0.0,-22.16103
2011-11-10 00:00:00.0,16.85903,24.4,9.1,,8.9,,21.63334,,9.0,,0.0,0.0,0.0,,,9.741597,55,51,6.518993,,,C ,,C ,,,,0.0,-8.382998
2011-11-11 00:00:00.0,17.60347,26.9,8.2,,8.1,,21.80417,,8.4,,0.0,0.0,0.0,,,11.45337,61,55,8.910773,,,C ,,C ,,,,0.0,-8.382998
2011-11-12 00:00:00.0,20.91944,29.4,13.2,,12.6,,23.03195,,13.2,,0.0,0.0,0.0,,,14.25748,60,55,12.20725,,,C ,,C ,,,,0.0,-15.85301
2011-11-13 00:00:00.0,21.55764,29.2,14.0,,13.6,,23.41736,,14.0,,0.0,0.0,0.0,,,13.86369,60,50,11.587,,,C ,,C ,,,,0.0,-17.18102
2011-11-14 00:00:00.0,20.50486,28.2,13.2,,12.9,,23.55625,,13.2,,0.0,0.0,0.0,,,13.47692,60,55,11.2757,,,C ,,C ,,,,0.0,-17.76202
2011-11-15 00:00:00.0,21.11667,30.9,13.1,,12.5,,23.94306,,13.0,,0.0,0.0,0.0,,,12.60098,55,47,10.29688,,,C ,,C ,,,,0.0,-15.85301
2011-11-16 00:00:00.0,22.83125,32.6,13.1,,12.9,,24.64028,,13.1,,0.0,0.0,0.0,,,12.75391,51,47,10.47257,,,C ,,C ,,,,0.0,-16.43401
2011-11-17 00:00:00.0,22.39097,31.3,14.0,,13.4,,24.99305,,14.3,,0.0,0.0,0.0,,,15.689,62,60,13.52752,,,C ,,C ,,,,0.0,-18.01102
2011-11-18 00:00:00.0,23.2125,31.5,15.8,,15.4,,25.81876,,15.7,,0.0,0.0,0.0,,,17.79038,66,56,15.55653,,,C ,,C ,,,,0.0,-21.24803
2011-11-19 00:00:00.0,24.78611,34.0,17.3,,16.9,,26.25069,,17.2,,8.000001,8.000001,4.3,,,18.54768,67,56,16.22115,,,C ,,C ,,,,0.0,-22.90803
2011-11-20 00:00:00.0,21.35555,29.3,17.8,,17.6,,25.11389,,17.6,,23.1,0.3,0.3,,,21.68641,85,81,18.78147,,,C ,,C ,,,,0.0,-22.74203
2011-11-21 00:00:00.0,20.6132,24.7,17.3,,17.1,,23.29999,,17.2,,0.6,23.4,7.900001,,,19.45955,83,81,16.98613,,,C ,,C ,,,,0.0,-20.91603
2011-11-22 00:00:00.0,21.09028,29.8,13.1,,12.5,,22.95833,,12.8,,0.0,0.0,0.0,,,12.88784,56,53,10.64116,,,C ,,C ,,,,0.0,-15.43801
2011-11-23 00:00:00.0,20.84862,28.7,13.3,,13.0,,23.5382,,13.3,,0.0,0.0,0.0,,,15.84085,65,61,13.76797,,,C ,,C ,,,,0.0,-16.60001
2011-11-24 00:00:00.0,24.00277,32.0,16.3,,16.0,,24.71528,,16.1,,0.0,0.0,0.0,,,19.2226,67,60,16.8552,,,C ,,C ,,,,0.0,-21.41403
2011-11-25 00:00:00.0,26.2611,33.4,19.8,,19.3,,25.79028,,19.7,,0.0,0.0,0.0,,,20.43209,62,57,17.82372,,,C ,,C ,,,,0.0,-23.90403
2011-11-26 00:00:00.0,27.09514,34.9,15.8,,16.0,,26.65833,,16.8,,0.0,0.0,0.0,,,13.84468,44,39,11.34099,,,C ,,C ,,,,0.0,-22.57603
2011-11-27 00:00:00.0,26.97569,36.4,20.7,,20.2,,26.76806,,20.6,,0.0,0.0,0.0,,,15.49914,45,42,13.38855,,,C ,,C ,,,,0.0,-23.90403
2011-11-28 00:00:00.0,26.59653,34.5,20.0,,19.6,,26.96111,,19.9,,0.0,0.0,0.0,,,20.84174,63,57,18.13924,,,C ,,C ,,,,0.0,-23.90403
2011-11-29 00:00:00.0,26.10973,35.2,18.8,,18.2,,27.13472,,18.5,,23.0,22.4,15.1,,,23.90383,79,83,20.33886,,,C ,,C ,,,,0.0,-23.90403
2011-11-30 00:00:00.0,18.94306,24.3,14.3,,14.4,,24.39097,,14.4,,0.0,0.6,0.3,,,13.55271,65,60,10.90491,,,C ,,C ,,,,0.0,-16.26802
2011-12-01 00:00:00.0,15.83194,25.2,7.0,,6.9,,22.48819,,6.9,,0.0,0.0,0.0,,,9.416948,57,53,6.049967,,,C ,,C ,,,,0.0,-4.648002
2011-12-02 00:00:00.0,19.39722,28.6,10.1,,10.7,,23.35694,,10.9,,0.0,0.0,0.0,,,12.38206,57,50,10.04207,,,C ,,C ,,,,0.0,-12.03501
2011-12-03 00:00:00.0,22.09931,30.2,14.3,,14.0,,24.37639,,14.2,,0.0,0.0,0.0,,,14.8063,59,53,12.75822,,,C ,,C ,,,,0.0,-18.50902
2011-12-04 00:00:00.0,22.66181,30.9,15.9,,15.6,,25.20347,,16.0,,0.0,0.0,0.0,,,16.66209,65,60,14.52383,,,C ,,C ,,,,0.0,-20.58403
2011-12-05 00:00:00.0,24.09445,32.6,18.7,,18.5,,26.16736,,18.8,,0.8,0.8,0.8,,,19.41522,69,55,16.9414,,,C ,,C ,,,,0.0,-23.90403
2011-12-06 00:00:00.0,24.10208,33.6,16.2,,16.0,,26.78542,,16.2,,0.0,0.0,0.0,,,17.46477,64,56,15.17638,,,C ,,C ,,,,0.0,-21.24803
2011-12-07 00:00:00.0,24.08194,34.0,14.4,,14.1,,27.35,,14.4,,0.0,0.0,0.0,,,17.43967,63,58,15.32508,,,C ,,C ,,,,0.0,-18.84102
2011-12-08 00:00:00.0,25.70486,37.1,16.9,,16.9,,28.04723,,17.1,,0.0,0.0,0.0,,,17.12123,57,52,14.92873,,,C ,,C ,,,,0.0,-21.99503
2011-12-09 00:00:00.0,25.34514,32.7,18.5,,18.3,,28.76111,,18.5,,0.0,0.0,0.0,,,20.15413,67,57,17.57293,,,C ,,C ,,,,0.0,-23.90403
2011-12-10 00:00:00.0,25.04236,33.6,17.8,,17.6,,29.1,,17.8,,0.0,0.0,0.0,,,18.84043,63,58,16.47265,,,C ,,C ,,,,0.0,-23.32303
2011-12-11 00:00:00.0,25.30278,32.5,19.2,,18.7,,27.06528,,19.2,,33.8,33.8,33.8,,,17.93022,58,54,15.73522,,,C ,,C ,,,,0.0,-23.90403
2011-12-12 00:00:00.0,22.29722,31.3,13.0,,12.8,,24.49028,,12.9,,0.0,0.0,0.0,,,11.42351,48,45,8.542194,,,C ,,C ,,,,0.0,-19.17302
2011-12-13 00:00:00.0,19.72083,28.0,11.0,,10.7,,23.3618,,10.9,,0.0,0.0,0.0,,,12.63191,57,58,10.17922,,,C ,,C ,,,,0.0,-14.11001
2011-12-14 00:00:00.0,21.30833,28.6,16.4,,16.0,,23.56389,,16.2,,1.1,1.1,0.8,,,18.19097,73,72,15.97074,,,C ,,C ,,,,0.0,-20.00302
2011-12-15 00:00:00.0,21.20972,27.8,17.1,,17.0,,23.97014,,17.3,,4.4,4.1,2.5,,,19.77612,82,77,17.28746,,,C ,,C ,,,,0.0,-22.57603
2011-12-16 00:00:00.0,20.75348,28.6,16.4,,16.1,,23.68334,,16.3,,0.0,0.3,0.3,,,17.86197,75,68,15.70796,,,C ,,C ,,,,0.0,-19.17302
2011-12-17 00:00:00.0,20.67569,29.6,13.9,,13.8,,23.62014,,14.0,,0.0,0.0,0.0,,,14.90138,65,56,12.78055,,,C ,,C ,,,,0.0,-16.01901
2011-12-18 00:00:00.0,23.28819,34.3,12.7,,11.9,,23.95417,,12.1,,0.0,0.0,0.0,,,14.13029,57,49,11.61186,,,C ,,C ,,,,0.0,-17.67902
2011-12-19 00:00:00.0,25.60416,37.2,15.7,,15.3,,24.9868,,15.6,,0.0,0.0,0.0,,,18.05306,61,51,15.68989,,,C ,,C ,,,,0.0,-21.41403
2011-12-20 00:00:00.0,27.28611,36.8,18.2,,17.6,,25.60972,,18.3,,0.0,0.0,0.0,,,19.17409,60,52,16.61111,,,C ,,C ,,,,0.0,-23.90403
2011-12-21 00:00:00.0,27.74514,35.4,23.5,,21.7,,24.97014,,21.8,,18.6,3.8,3.8,,,17.01577,46,44,14.88927,,,C ,,C ,,,,0.0,-23.90403
2011-12-22 00:00:00.0,25.01736,34.1,19.5,,19.1,,24.88403,,19.3,,0.0,14.8,5.8,,,22.91383,77,68,19.6649,,,C ,,C ,,,,0.0,-23.90403
2011-12-23 00:00:00.0,20.99653,31.6,15.0,,12.9,,24.2271,,12.4,,3.5,3.2,2.0,,,15.30335,72,74,13.20756,,,C ,,C ,,,,0.0,-16.93202
2011-12-24 00:00:00.0,16.24305,25.4,8.2,,7.9,,22.70069,,8.3,,0.0,0.3,0.3,,,11.01399,64,55,8.120258,,,C ,,C ,,,,0.0,-8.216998
2011-12-25 00:00:00.0,18.57708,27.7,10.5,,10.0,,23.24722,,10.7,,0.0,0.0,0.0,,,12.46597,61,56,10.15028,,,C ,,C ,,,,0.0,-10.624
2011-12-26 00:00:00.0,21.73959,31.0,13.5,,13.1,,23.7875,,13.6,,0.0,0.0,0.0,,,16.85116,68,60,14.78956,,,C ,,C ,,,,0.0,-15.60401
2011-12-27 00:00:00.0,24.60416,33.4,17.0,,16.5,,24.63889,,17.2,,0.3,0.3,0.3,,,17.58403,63,54,15.34257,,,C ,,C ,,,,0.0,-21.24803
2011-12-28 00:00:00.0,23.93124,32.7,16.3,,15.8,,24.90208,,16.2,,0.0,0.0,0.0,,,17.60552,64,57,15.43174,,,C ,,C ,,,,0.0,-21.99503
2011-12-29 00:00:00.0,24.34792,32.0,16.8,,16.5,,25.18194,,16.7,,0.0,0.0,0.0,,,17.81741,63,56,15.56239,,,C ,,C ,,,,0.0,-22.65903
2011-12-30 00:00:00.0,25.31389,34.8,18.0,,17.6,,25.55834,,17.9,,0.0,0.0,0.0,,,16.80049,57,50,14.54265,,,C ,,C ,,,,0.0,-23.65503
2011-12-31 00:00:00.0,25.21875,33.5,17.0,,17.0,,26.4368,,17.4,,0.0,0.0,0.0,,,18.68495,64,56,16.26902,,,C ,,C ,,,,0.0,-23.07403
2012-01-01 00:00:00.0,24.83195,34.2,16.5,,16.1,,27.37917,,16.5,,0.0,0.0,0.0,,,16.29812,57,47,13.94353,,,C ,,C ,,,,0.0,-22.32703
2012-01-02 00:00:00.0,26.10555,37.5,17.5,,16.9,,27.97084,,17.4,,0.0,0.0,0.0,,,17.70213,60,53,15.2867,,,C ,,C ,,,,0.0,-23.24003
2012-01-03 00:00:00.0,26.44305,35.3,18.8,,18.5,,28.35694,,19.1,,0.0,0.0,0.0,,,17.84472,58,54,15.48579,,,C ,,C ,,,,0.0,-23.90403
2012-01-04 00:00:00.0,23.45139,34.6,13.2,,13.1,,27.72847,,13.3,,0.0,0.0,0.0,,,15.31186,60,52,13.17552,,,C ,,C ,,,,0.0,-17.51302
2012-01-05 00:00:00.0,25.69514,35.9,15.5,,15.2,,28.52709,,15.5,,0.0,0.0,0.0,,,15.57455,52,47,13.51903,,,C ,,C ,,,,0.0,-21.33103
2012-01-06 00:00:00.0,29.57708,40.2,20.6,,20.1,,29.51319,,20.8,,0.0,0.0,0.0,,,14.42474,40,30,12.19444,,,C ,,C ,,,,0.0,-23.90403
2012-01-07 00:00:00.0,26.10139,35.5,18.5,,18.3,,30.03472,,18.4,,0.0,0.0,0.0,,,19.35305,62,56,16.9286,,,C ,,C ,,,,0.0,-23.90403
2012-01-08 00:00:00.0,26.49584,35.9,18.2,,17.9,,30.30209,,18.2,,0.0,0.0,0.0,,,18.44017,57,52,16.12128,,,C ,,C ,,,,0.0,-23.90403
2012-01-09 00:00:00.0,29.1611,41.3,20.7,,20.2,,30.65208,,20.8,,0.0,0.0,0.0,,,22.58632,60,52,19.38611,,,C ,,C ,,,,0.0,-23.90403
2012-01-10 00:00:00.0,31.96251,41.9,25.2,,24.7,,31.38195,,25.1,,0.6,0.6,0.3,,,22.24858,54,59,19.14918,,,C ,,C ,,,,0.0,-23.90403
2012-01-11 00:00:00.0,23.62084,28.2,20.7,,19.9,,29.15624,,19.9,,1.2,1.2,0.6,,,23.45539,81,78,19.99189,,,C ,,C ,,,,0.0,-23.90403
2012-01-12 00:00:00.0,24.62569,32.4,17.1,,17.2,,28.49792,,17.3,,0.0,0.0,0.0,,,13.36195,49,36,10.22356,,,C ,,C ,,,,0.0,-23.24003
2012-01-13 00:00:00.0,22.7,31.2,13.6,,13.3,,29.28402,,13.8,,0.0,0.0,0.0,,,13.51452,54,51,11.38031,,,C ,,C ,,,,0.0,-18.84102
2012-01-14 00:00:00.0,22.70277,33.2,13.5,,13.1,,29.54792,,13.5,,0.0,0.0,0.0,,,12.95485,54,48,10.19249,,,C ,,C ,,,,0.0,-17.43002
2012-01-15 00:00:00.0,23.91388,34.5,15.6,,14.9,,29.89861,,15.5,,0.0,0.0,0.0,,,15.05238,56,49,12.78764,,,C ,,C ,,,,0.0,-19.92002
2012-01-16 00:00:00.0,26.78055,37.5,15.9,,15.7,,30.78472,,16.1,,0.0,0.0,0.0,,,15.76604,53,46,13.38036,,,C ,,C ,,,,0.0,-22.82503
2012-01-17 00:00:00.0,27.72917,37.8,18.0,,17.3,,31.26945,,18.1,,0.0,0.0,0.0,,,15.99327,49,45,13.89729,,,C ,,C ,,,,0.0,-23.82103
2012-01-18 00:00:00.0,27.67917,38.4,19.2,,18.8,,31.79931,,19.1,,0.0,0.0,0.0,,,18.36421,53,51,16.04326,,,C ,,C ,,,,0.0,-23.90403
2012-01-19 00:00:00.0,28.23472,37.5,20.0,,19.7,,32.04515,,19.9,,0.0,0.0,0.0,,,20.23603,58,52,17.60412,,,C ,,C ,,,,0.0,-23.90403
2012-01-20 00:00:00.0,30.11875,40.3,22.5,,22.2,,32.32014,,22.7,,0.0,0.0,0.0,,,18.7382,47,40,16.38914,,,C ,,C ,,,,0.0,-23.90403
2012-01-21 00:00:00.0,29.1986,37.7,21.1,,20.8,,32.60695,,21.0,,20.7,4.5,4.5,,,20.26698,54,49,17.65184,,,C ,,C ,,,,0.0,-23.90403
2012-01-22 00:00:00.0,26.51737,34.6,20.3,,19.9,,31.41875,,20.0,,0.0,16.2,12.0,,,23.95149,74,64,20.34471,,,C ,,C ,,,,0.0,-23.90403
2012-01-23 00:00:00.0,27.21459,35.2,19.4,,18.8,,30.78333,,18.9,,8.400001,0.0,0.0,,,22.75796,69,60,19.50924,,,C ,,C ,,,,0.0,-23.90403
2012-01-24 00:00:00.0,23.95417,33.1,18.7,,18.3,,29.28125,,18.3,,0.0,8.400001,3.8,,,19.9896,72,65,17.33493,,,C ,,C ,,,,0.0,-23.90403
2012-01-25 00:00:00.0,22.17292,30.8,13.4,,13.3,,28.02153,,13.4,,0.0,0.0,0.0,,,13.65794,58,49,11.35859,,,C ,,C ,,,,0.0,-18.75802
2012-01-26 00:00:00.0,21.21111,30.4,12.3,,12.2,,27.68819,,12.5,,0.0,0.0,0.0,,,14.68991,62,58,12.66159,,,C ,,C ,,,,0.0,-17.09801
2012-01-27 00:00:00.0,23.2625,32.0,16.2,,15.9,,28.01389,,16.2,,0.0,0.0,0.0,,,16.07195,60,52,13.9691,,,C ,,C ,,,,0.0,-21.24803
2012-01-28 00:00:00.0,24.67083,33.3,16.8,,16.4,,28.61458,,16.8,,0.0,0.0,0.0,,,15.62209,54,51,13.53559,,,C ,,C ,,,,0.0,-22.16103
2012-01-29 00:00:00.0,26.29583,37.2,17.6,,17.2,,29.15277,,17.5,,0.0,0.0,0.0,,,19.06994,59,51,16.71883,,,C ,,C ,,,,0.0,-23.07403
2012-01-30 00:00:00.0,25.49375,37.0,21.4,,21.1,,28.87708,,21.0,,1.4,1.4,1.1,,,22.39025,75,77,19.26698,,,C ,,C ,,,,0.0,-23.90403
2012-01-31 00:00:00.0,24.43472,30.6,21.0,,20.1,,27.15001,,19.9,,2.5,2.5,1.1,,,22.44232,73,71,19.27479,,,C ,,C ,,,,0.0,-23.90403
2012-02-01 00:00:00.0,26.61667,36.0,19.8,,19.8,,27.93263,,19.8,,16.6,15.2,5.1,,,23.93399,74,66,20.30943,,,C ,,C ,,,,0.0,-23.90403
2012-02-02 00:00:00.0,24.40903,32.6,18.7,,18.5,,27.80902,,18.6,,22.6,23.7,17.6,,,24.01422,84,75,20.42151,,,C ,,C ,,,,0.0,-23.90403
2012-02-03 00:00:00.0,24.16666,33.4,20.1,,19.8,,27.72291,,20.0,,0.0,0.3,0.3,,,25.24963,81,74,21.22806,,,C ,,C ,,,,0.0,-23.90403
2012-02-04 00:00:00.0,26.82917,35.0,20.9,,20.6,,28.95902,,20.7,,0.0,0.0,0.0,,,27.43778,79,74,22.60711,,,C ,,C ,,,,0.0,-23.90403
2012-02-05 00:00:00.0,26.54444,33.8,23.1,,22.8,,29.1007,,22.8,,3.5,3.5,1.8,,,26.97099,82,80,22.31397,,,C ,,C ,,,,0.0,-23.90403
2012-02-06 00:00:00.0,26.19097,35.8,20.1,,19.6,,28.91528,,19.8,,9.8,0.0,0.0,,,27.43073,80,73,22.54429,,,C ,,C ,,,,0.0,-23.90403
2012-02-07 00:00:00.0,27.8007,34.7,22.0,,21.8,,29.9243,,21.8,,27.69999,9.8,7.3,,,28.34332,79,75,23.13385,,,C ,,C ,,,,0.0,-23.90403
2012-02-08 00:00:00.0,24.14584,31.1,20.0,,19.7,,27.92222,,19.7,,0.0,27.69999,7.3,,,24.42228,84,81,20.6962,,,C ,,C ,,,,0.0,-23.90403
2012-02-09 00:00:00.0,22.68819,29.4,15.8,,15.9,,27.1868,,15.9,,0.0,0.0,0.0,,,17.58037,69,61,15.38447,,,C ,,C ,,,,0.0,-21.33103
2012-02-10 00:00:00.0,21.07153,27.9,14.1,,13.8,,26.99097,,13.8,,0.0,0.0,0.0,,,16.01531,69,60,13.89471,,,C ,,C ,,,,0.0,-17.76202
2012-02-11 00:00:00.0,21.10139,30.4,13.1,,12.8,,26.89583,,13.0,,0.0,0.0,0.0,,,15.26137,66,56,13.21517,,,C ,,C ,,,,0.0,-15.52101
2012-02-12 00:00:00.0,23.20278,33.3,14.6,,14.3,,26.97084,,14.6,,0.0,0.0,0.0,,,17.57228,64,60,15.42283,,,C ,,C ,,,,0.0,-18.50902
2012-02-13 00:00:00.0,25.10764,33.7,16.7,,16.3,,27.61111,,16.7,,0.0,0.0,0.0,,,17.73073,61,53,15.53839,,,C ,,C ,,,,0.0,-22.07803
2012-02-14 00:00:00.0,26.11806,35.3,18.7,,18.3,,28.18263,,18.5,,0.0,0.0,0.0,,,19.84023,62,55,17.34324,,,C ,,C ,,,,0.0,-23.90403
2012-02-15 00:00:00.0,27.28889,36.3,18.8,,18.6,,28.82916,,18.8,,0.0,0.0,0.0,,,20.41274,59,56,17.7955,,,C ,,C ,,,,0.0,-23.90403
2012-02-16 00:00:00.0,29.09097,38.0,22.3,,22.0,,29.21112,,22.2,,13.2,13.2,12.6,,,24.03525,66,65,20.40938,,,C ,,C ,,,,0.0,-23.90403
2012-02-17 00:00:00.0,24.65486,30.7,20.1,,19.8,,27.63056,,19.8,,0.0,0.0,0.0,,,27.02844,85,82,22.3446,,,C ,,C ,,,,0.0,-23.90403
2012-02-18 00:00:00.0,28.15903,36.7,24.1,,23.9,,28.00764,,24.1,,0.6,0.0,0.0,,,26.70517,73,67,22.15625,,,C ,,C ,,,,0.0,-23.90403
2012-02-19 00:00:00.0,24.62847,27.7,21.3,,21.1,,27.45209,,21.1,,10.3,10.9,4.3,,,26.42315,87,88,21.98922,,,C ,,C ,,,,0.0,-23.90403
2012-02-20 00:00:00.0,23.31042,26.2,21.8,,21.6,,26.31945,,21.7,,6.400001,5.1,1.6,,,26.88342,96,95,22.2769,,,C ,,C ,,,,0.0,-23.90403
2012-02-21 00:00:00.0,22.93264,28.2,19.7,,19.0,,25.98403,,19.4,,0.0,1.3,1.3,,,20.9734,78,71,18.13628,,,C ,,C ,,,,0.0,-23.90403
2012-02-22 00:00:00.0,20.16042,29.1,12.1,,11.8,,25.42778,,12.0,,0.0,0.0,0.0,,,15.63952,69,63,13.60022,,,C ,,C ,,,,0.0,-14.94001
2012-02-23 00:00:00.0,20.70417,27.4,12.0,,11.8,,25.19444,,11.9,,0.0,0.0,0.0,,,15.64046,67,66,13.5431,,,C ,,C ,,,,0.0,-17.92802
2012-02-24 00:00:00.0,21.19861,28.6,15.4,,15.1,,25.04861,,15.4,,0.5,0.5,0.5,,,18.33077,75,70,16.10641,,,C ,,C ,,,,0.0,-17.09801
2012-02-25 00:00:00.0,23.36945,31.4,18.2,,17.8,,25.65208,,18.0,,1.2,0.0,0.0,,,19.99397,70,68,17.44314,,,C ,,C ,,,,0.0,-23.90403
2012-02-26 00:00:00.0,20.97917,29.1,14.2,,13.9,,25.07708,,13.8,,0.3,1.5,0.9,,,15.43751,69,58,13.31813,,,C ,,C ,,,,0.0,-15.93601
2012-02-27 00:00:00.0,20.50139,31.5,13.1,,12.7,,24.41667,,13.1,,28.7,1.8,1.8,,,16.38348,71,74,14.22832,,,C ,,C ,,,,0.0,-14.27601
2012-02-28 00:00:00.0,20.30347,24.7,17.4,,17.3,,23.12223,,17.3,,17.2,41.79999,10.1,,,20.78555,92,95,18.07956,,,C ,,C ,,,,0.0,-20.58403
2012-02-29 00:00:00.0,21.07639,27.6,18.2,,18.0,,23.41875,,18.1,,9.700001,5.0,1.1,,,20.8807,84,76,18.16911,,,C ,,C ,,,,0.0,-23.90403
2012-03-01 00:00:00.0,20.27986,26.3,15.1,,14.7,,23.86596,,14.7,,7.100001,14.1,2.6,,,18.94621,83,72,16.6057,,,C ,,C ,,,,0.0,-18.09402
2012-03-02 00:00:00.0,20.66528,29.2,13.8,,13.3,,23.86597,,13.5,,0.0,0.0,0.0,,,17.8648,76,68,15.68689,,,C ,,C ,,,,0.0,-15.43801
2012-03-03 00:00:00.0,22.7382,30.6,16.6,,16.3,,24.2757,,16.5,,0.0,0.0,0.0,,,20.67062,75,68,17.96459,,,C ,,C ,,,,0.0,-20.41803
2012-03-04 00:00:00.0,25.49444,33.6,18.8,,18.5,,25.06874,,18.7,,0.0,0.0,0.0,,,23.18109,72,67,19.83672,,,C ,,C ,,,,0.0,-23.90403
2012-03-05 00:00:00.0,24.45834,31.6,20.3,,20.1,,25.06388,,20.1,,43.69998,28.49999,6.8,,,24.46377,86,86,20.71919,,,C ,,C ,,,,0.0,-23.90403
2012-03-06 00:00:00.0,22.65208,30.2,18.7,,18.4,,24.46181,,18.7,,0.0,15.2,2.3,,,24.16033,87,83,20.52153,,,C ,,C ,,,,0.0,-23.90403
2012-03-07 00:00:00.0,23.91944,31.3,19.2,,18.6,,25.13958,,18.9,,0.0,0.0,0.0,,,25.51266,86,78,21.38213,,,C ,,C ,,,,0.0,-23.90403
2012-03-08 00:00:00.0,25.50625,32.8,20.1,,19.6,,25.90833,,19.8,,0.0,0.0,0.0,,,26.28223,83,76,21.89395,,,C ,,C ,,,,0.0,-23.90403
2012-03-09 00:00:00.0,24.31736,30.8,19.6,,19.4,,25.97916,,19.4,,0.3,0.0,0.0,,,25.28845,84,79,21.2499,,,C ,,C ,,,,0.0,-23.90403
2012-03-10 00:00:00.0,25.15695,33.2,19.8,,19.4,,25.93681,,19.0,,0.3,0.6,0.3,,,23.59956,76,68,20.09875,,,C ,,C ,,,,0.0,-23.90403
2012-03-11 00:00:00.0,26.52361,35.0,20.4,,20.2,,26.51181,,20.6,,0.0,0.0,0.0,,,26.49331,78,73,21.95126,,,C ,,C ,,,,0.0,-23.90403
2012-03-12 00:00:00.0,25.04931,31.2,19.5,,19.2,,26.60903,,19.2,,21.6,4.1,3.3,,,25.97484,85,83,21.59353,,,C ,,C ,,,,0.0,-23.90403
2012-03-13 00:00:00.0,22.20764,29.2,18.9,,18.7,,25.46805,,18.8,,3.5,21.0,5.3,,,21.90306,84,80,18.92328,,,C ,,C ,,,,0.0,-23.90403
2012-03-14 00:00:00.0,20.01042,26.8,14.6,,14.2,,24.6375,,14.4,,0.0,0.0,0.0,,,15.60329,73,63,13.48857,,,C ,,C ,,,,0.0,-16.01901
2012-03-15 00:00:00.0,17.69792,25.4,11.2,,10.5,,23.59375,,10.7,,0.0,0.0,0.0,,,14.11371,74,66,12.0585,,,C ,,C ,,,,0.0,-9.877001
2012-03-16 00:00:00.0,18.68126,27.4,12.3,,11.6,,23.51528,,12.2,,0.0,0.0,0.0,,,16.13912,77,68,14.102,,,C ,,C ,,,,0.0,-12.69901
2012-03-17 00:00:00.0,20.75695,29.4,14.5,,14.2,,23.77152,,14.4,,0.0,0.0,0.0,,,18.46114,78,71,16.20761,,,C ,,C ,,,,0.0,-15.52101
2012-03-18 00:00:00.0,22.67847,33.0,15.4,,15.0,,24.25347,,15.2,,0.0,0.0,0.0,,,21.20657,76,68,18.30305,,,C ,,C ,,,,0.0,-18.92402
2012-03-19 00:00:00.0,25.92292,33.2,21.0,,20.7,,25.32778,,20.9,,88.40005,80.40002,68.5,,,25.04659,81,76,21.09819,,,C ,,C ,,,,0.0,-23.90403
2012-03-20 00:00:00.0,20.74307,28.1,18.1,,17.9,,24.0,,18.0,,0.9,8.600001,2.1,,,22.75138,93,91,19.54815,,,C ,,C ,,,,0.0,-23.90403
2012-03-21 00:00:00.0,21.0757,26.5,18.4,,18.2,,24.0125,,18.3,,0.0,0.3,0.3,,,21.41457,88,83,18.57775,,,C ,,C ,,,,0.0,-23.48903
2012-03-22 00:00:00.0,18.82501,24.0,15.0,,14.5,,23.31875,,14.8,,0.3,0.3,0.3,,,16.41291,80,73,14.28684,,,C ,,C ,,,,0.0,-13.86101
2012-03-23 00:00:00.0,15.17847,23.5,8.0,,7.5,,21.99654,,7.9,,0.0,0.0,0.0,,,11.83244,73,64,9.412593,,,C ,,C ,,,,0.0,-4.233
2012-03-24 00:00:00.0,15.69861,25.0,8.7,,8.6,,21.57361,,8.7,,1.1,0.0,0.0,,,13.72563,79,69,11.56588,,,C ,,C ,,,,0.0,-5.477998
2012-03-25 00:00:00.0,16.86597,21.9,14.1,,13.5,,21.1493,,14.0,,6.900001,7.7,2.8,,,18.12028,95,96,15.91258,,,C ,,C ,,,,0.0,-9.960004
2012-03-26 00:00:00.0,16.18958,23.6,12.4,,11.8,,20.50972,,12.0,,0.0,0.3,0.3,,,14.86288,85,76,12.72142,,,C ,,C ,,,,0.0,-4.896997
2012-03-27 00:00:00.0,11.90139,18.1,7.0,,6.8,,18.53056,,6.9,,0.0,0.0,0.0,,,10.88613,81,75,8.204019,,,C ,,C ,,,,0.0,7.884995
2012-03-28 00:00:00.0,12.92292,23.3,5.2,,4.8,,18.04027,,5.3,,0.0,0.0,0.0,,,10.41459,71,66,7.513616,,,C ,,C ,,,,4.813998,0.1660001
2012-03-29 00:00:00.0,18.40347,27.9,11.5,,11.6,,19.60139,,11.8,,0.0,0.0,0.0,,,14.34064,69,63,12.25924,,,C ,,C ,,,,0.0,-11.205
2012-03-30 00:00:00.0,18.79931,28.3,9.3,,8.9,,20.66042,,9.3,,0.0,0.0,0.0,,,15.42037,77,64,13.33671,,,C ,,C ,,,,0.0,-10.375
2012-03-31 00:00:00.0,20.02986,29.0,13.8,,13.2,,21.22431,,13.5,,0.0,0.0,0.0,,,16.72535,75,67,14.68276,,,C ,,C ,,,,0.0,-13.94401
2012-04-01 00:00:00.0,20.38333,29.7,13.1,,12.7,,21.48889,,13.0,,0.0,0.0,0.0,,,16.19498,72,65,14.14916,,,C ,,C ,,,,0.0,-14.77401
2012-04-02 00:00:00.0,21.37708,30.8,14.2,,13.5,,22.07501,,13.8,,0.0,0.0,0.0,,,18.79545,77,70,16.47018,,,C ,,C ,,,,0.0,-16.18501
2012-04-03 00:00:00.0,21.9625,29.6,17.3,,17.3,,22.7375,,17.4,,0.0,0.0,0.0,,,21.39191,83,79,18.55263,,,C ,,C ,,,,0.0,-22.74203
2012-04-04 00:00:00.0,23.55001,32.3,17.9,,17.7,,23.04653,,17.8,,47.1,46.3,36.5,,,22.52744,78,70,19.37706,,,C ,,C ,,,,0.0,-23.73803
2012-04-05 00:00:00.0,19.18542,29.4,13.6,,13.3,,21.97431,,13.4,,0.0,0.8,0.8,,,14.82871,77,69,12.44968,,,C ,,C ,,,,0.0,-10.956
2012-04-06 00:00:00.0,15.75625,26.9,8.2,,7.9,,20.22291,,8.2,,0.0,0.0,0.0,,,11.16544,66,62,8.506149,,,C ,,C ,,,,0.0,-5.643998
2012-04-07 00:00:00.0,19.04236,29.6,11.3,,11.0,,20.24514,,11.4,,0.0,0.0,0.0,,,14.32119,66,55,12.24983,,,C ,,C ,,,,0.0,-12.118
2012-04-08 00:00:00.0,20.54375,28.4,13.4,,13.1,,21.07639,,13.4,,0.0,0.0,0.0,,,14.12191,63,60,12.01575,,,C ,,C ,,,,0.0,-14.77401
2012-04-09 00:00:00.0,18.32223,27.3,12.1,,11.8,,20.90485,,12.1,,0.0,0.0,0.0,,,15.6691,73,68,13.58239,,,C ,,C ,,,,0.0,-12.86501
2012-04-10 00:00:00.0,20.22778,28.9,14.9,,14.4,,21.06875,,14.8,,0.0,0.0,0.0,,,19.31017,83,78,16.89331,,,C ,,C ,,,,0.0,-18.34302
2012-04-11 00:00:00.0,20.02431,27.8,14.1,,13.9,,21.40347,,13.9,,0.0,0.0,0.0,,,19.8916,87,79,17.36973,,,C ,,C ,,,,0.0,-16.60001
2012-04-12 00:00:00.0,19.75556,28.4,14.0,,13.5,,21.71597,,13.8,,0.0,0.0,0.0,,,19.63565,88,80,17.14144,,,C ,,C ,,,,0.0,-15.02301
2012-04-13 00:00:00.0,19.1375,23.9,14.8,,14.4,,21.55624,,14.6,,0.6,0.6,0.3,,,20.15836,92,87,17.59521,,,C ,,C ,,,,0.0,-17.18102
2012-04-14 00:00:00.0,20.17222,27.6,15.9,,15.1,,21.63611,,15.6,,0.9,0.9,0.6,,,19.99233,85,80,17.4872,,,C ,,C ,,,,0.0,-19.50503
2012-04-15 00:00:00.0,18.95,27.5,12.1,,11.3,,21.23403,,11.7,,0.3,0.3,0.3,,,13.92188,72,61,11.66835,,,C ,,C ,,,,0.0,-10.624
2012-04-16 00:00:00.0,18.10486,28.3,10.5,,9.7,,20.52986,,10.1,,11.1,0.0,0.0,,,14.69618,73,65,12.67341,,,C ,,C ,,,,0.0,-10.624
2012-04-17 00:00:00.0,19.29375,24.9,15.3,,14.8,,20.7743,,15.2,,0.3,11.4,5.3,,,18.30546,85,86,16.10292,,,C ,,C ,,,,0.0,-17.34702
2012-04-18 00:00:00.0,18.00833,28.1,10.4,,9.9,,20.27778,,10.0,,0.0,0.0,0.0,,,16.85978,82,77,14.68279,,,C ,,C ,,,,0.0,-9.877001
2012-04-19 00:00:00.0,21.07153,29.2,15.3,,14.5,,21.24861,,15.0,,0.0,0.0,0.0,,,17.53212,76,64,15.39967,,,C ,,C ,,,,0.0,-16.76602
2012-04-20 00:00:00.0,18.87708,30.0,11.7,,11.6,,20.64028,,11.6,,,,0.0,,,16.77532,79,72,14.65597,,,C ,,C ,,,,0.0,-11.703
2012-04-21 00:00:00.0,16.04028,22.7,9.9,,9.6,,19.79305,,10.0,,,,0.0,,,10.17678,65,62,7.095697,,,C ,,C ,,,,0.0,-0.9959975
2012-04-22 00:00:00.0,12.07708,19.9,4.5,,4.0,,18.35347,,4.2,,,,0.25,,,10.36404,73,66,7.357853,,,C ,,C ,,,,5.809998,1.742999
2012-04-23 00:00:00.0,13.99861,20.3,8.4,,7.8,,18.70902,,8.3,,,,0.25,,,10.52014,74,69,7.443968,,,C ,,C ,,,,1.826,3.651998
2012-04-24 00:00:00.0,10.10486,18.7,3.7,,3.4,,17.15626,,4.1,,,,0.0,,,8.495869,71,62,4.585104,,,C ,,C ,,,,7.303997,9.710997
2012-04-25 00:00:00.0,11.13958,14.8,7.5,,7.1,,16.82222,,7.5,,0.0,0.0,0.0,,,11.17155,82,78,8.556241,,,C ,,C ,,,,0.0,7.387006
2012-04-26 00:00:00.0,12.45069,17.0,7.6,,7.0,,16.92361,,7.4,,0.0,0.0,0.0,,,9.865071,75,71,6.513167,,,C ,,C ,,,,2.324,9.129998
2012-04-27 00:00:00.0,9.327971,17.5,2.6,,2.0,,15.83497,,2.3,,1.75,0.0,0.0,,,9.784661,82,78,6.536407,,,C ,,C ,,,,7.801996,10.79
2012-04-28 00:00:00.0,11.11736,14.4,9.6,,9.3,,16.00138,,9.2,,3.0,4.5,1.0,,,12.52502,96,94,10.26534,,,C ,,C ,,,,0.0,9.79401
2012-04-29 00:00:00.0,8.906995,13.7,3.8,,3.1,,14.67693,,3.3,,0.0,0.25,0.25,,,9.858118,90,90,6.689749,,,C ,,C ,,,,11.122,16.18501
2012-04-30 00:00:00.0,10.15417,19.8,3.1,,1.9,,14.4625,,3.0,,0.0,0.0,0.0,,,9.751942,78,72,6.505967,,,C ,,C ,,,,7.469996,5.893002
2012-05-01 00:00:00.0,12.6625,20.6,7.0,,6.8,,14.91041,,7.0,,0.0,0.0,0.0,,,10.29868,72,69,7.388586,,,C ,,C ,,,,0.0,3.734998
2012-05-02 00:00:00.0,13.58889,22.7,6.7,,6.3,,14.84445,,6.6,,0.0,0.0,0.0,,,10.73765,71,66,7.97475,,,C ,,C ,,,,0.996,0.3319997
2012-05-03 00:00:00.0,16.24097,25.3,8.2,,7.7,,15.58264,,8.0,,0.0,0.0,0.0,,,13.47955,74,71,11.34772,,,C ,,C ,,,,0.0,-6.556999
2012-05-04 00:00:00.0,17.72569,26.6,11.2,,10.9,,16.59514,,11.1,,0.0,0.0,0.0,,,15.32097,78,74,13.32375,,,C ,,C ,,,,0.0,-8.963999
2012-05-05 00:00:00.0,18.05903,27.8,11.2,,10.3,,17.2618,,11.2,,0.0,0.0,0.0,,,15.75725,80,74,13.74752,,,C ,,C ,,,,0.0,-8.216999
2012-05-06 00:00:00.0,17.0743,23.9,12.8,,12.6,,17.46667,,12.4,,0.0,0.0,0.0,,,17.48841,88,82,15.36343,,,C ,,C ,,,,0.0,-11.869
2012-05-07 00:00:00.0,19.88889,27.1,16.0,,15.7,,18.17152,,15.9,,0.0,0.0,0.0,,,18.93681,82,78,16.63255,,,C ,,C ,,,,0.0,-19.75402
2012-05-08 00:00:00.0,20.61667,28.4,14.9,,14.1,,18.81667,,14.7,,0.0,0.0,0.0,,,18.12112,79,75,15.92271,,,C ,,C ,,,,0.0,-16.60001
2012-05-09 00:00:00.0,19.51468,26.2,15.0,,14.8,,18.98952,,15.1,,,0.0,0.0,,,18.28889,81,77,16.08145,,,C ,,C ,,,,0.0,-19.17302
2012-05-10 00:00:00.0,17.62639,21.5,14.4,,14.0,,18.44653,,14.3,,0.0,11.75,3.5,,,16.70456,89,87,14.64072,,,C ,,C ,,,,0.0,-9.710999
2012-05-11 00:00:00.0,14.18125,20.9,8.9,,8.6,,16.70694,,9.0,,0.25,0.25,0.25,,,11.29444,75,68,8.489572,,,C ,,C ,,,,1.992,0.2489993
2012-05-12 00:00:00.0,9.902083,17.3,4.8,,4.5,,14.76736,,4.7,,0.0,0.0,0.0,,,8.791818,74,73,4.931088,,,C ,,C ,,,,10.956,13.44601
2012-05-13 00:00:00.0,9.544443,19.7,2.0,,1.4,,14.14792,,1.4,,0.0,0.0,0.0,,,9.76961,81,77,6.480986,,,C ,,C ,,,,8.133996,7.470004
2012-05-14 00:00:00.0,14.03472,21.6,8.9,,8.6,,14.9993,,9.1,,0.0,0.0,0.0,,,11.39359,73,71,8.865933,,,C ,,C ,,,,0.0,0.1659986
2012-05-15 00:00:00.0,14.78681,24.8,7.8,,7.5,,14.90625,,7.9,,0.0,0.0,0.0,,,10.8734,67,59,8.127398,,,C ,,C ,,,,0.0,-3.652
2012-05-16 00:00:00.0,16.28472,25.0,9.8,,9.4,,15.49723,,9.7,,0.0,0.0,0.0,,,14.03263,75,71,11.91828,,,C ,,C ,,,,0.0,-7.470005
2012-05-17 00:00:00.0,18.05278,25.6,12.7,,12.4,,16.39584,,12.7,,0.0,0.0,0.0,,,15.73535,78,74,13.73274,,,C ,,C ,,,,0.0,-11.786
2012-05-18 00:00:00.0,15.18403,17.7,13.0,,12.8,,16.05,,13.0,,5.5,5.5,2.25,,,15.80892,95,97,13.8246,,,C ,,C ,,,,0.0,-2.821999
2012-05-19 00:00:00.0,14.39514,19.1,10.8,,10.2,,15.97153,,10.6,,0.25,0.0,0.0,,,15.86091,95,94,13.8101,,,C ,,C ,,,,0.0,-2.241
2012-05-20 00:00:00.0,16.97709,21.2,13.8,,13.4,,16.85903,,13.6,,6.0,6.0,5.0,,,19.21652,96,96,16.81545,,,C ,,C ,,,,0.0,-12.78201
2012-05-21 00:00:00.0,16.14097,18.1,14.3,,14.2,,17.31805,,14.2,,,10.75,4.25,,,17.69749,100,100,15.53667,,,C ,,C ,,,,0.0,-3.900998
2012-05-22 00:00:00.0,14.76528,16.2,13.2,,13.1,,16.59029,,13.1,,29.25,8.0,2.5,,,17.28963,100,100,15.19653,,,C ,,C ,,,,0.0,-4.814
2012-05-23 00:00:00.0,15.79236,17.1,14.4,,14.4,,16.85762,,14.5,,0.75,29.0,10.75,,,17.69328,99,99,15.57263,,,C ,,C ,,,,0.0,-3.900998
2012-05-24 00:00:00.0,16.07083,19.2,13.6,,13.6,,17.21528,,13.5,,0.0,0.0,0.0,,,17.02708,94,91,14.97022,,,C ,,C ,,,,0.0,-7.636003
2012-05-25 00:00:00.0,16.25069,20.5,13.2,,12.5,,17.1625,,13.0,,0.0,0.0,0.0,,,17.73919,96,93,15.58114,,,C ,,C ,,,,0.0,-8.216999
2012-05-26 00:00:00.0,16.43889,19.5,14.4,,14.1,,17.24375,,14.4,,0.0,0.0,0.0,,,18.04146,97,97,15.86872,,,C ,,C ,,,,0.0,-7.470004
2012-05-27 00:00:00.0,17.15625,20.4,14.9,,14.7,,17.3229,,14.9,,0.25,0.0,0.0,,,19.04752,95,94,16.70201,,,C ,,C ,,,,0.0,-13.28001
2012-05-28 00:00:00.0,17.8743,21.6,14.9,,14.7,,17.73889,,14.8,,,0.25,0.25,,,20.16439,97,97,17.58715,,,C ,,C ,,,,0.0,-16.76601
2012-05-29 00:00:00.0,,,,,,,,,,,0.0,,,,,,,,,,,  ,,  ,,,,,
2012-05-30 00:00:00.0,13.5868,21.0,6.8,,6.1,,16.31528,,6.6,,0.0,0.0,0.0,,,10.53786,74,72,7.698528,,,C ,,C ,,,,0.332,3.070999
2012-05-31 00:00:00.0,11.48125,20.1,4.4,,4.0,,15.06112,,4.4,,0.0,0.0,0.0,,,10.44744,79,78,7.545011,,,C ,,C ,,,,5.975997,6.307999
2012-06-01 00:00:00.0,13.04861,20.5,7.6,,7.1,,14.75347,,7.5,,0.0,0.0,0.0,,,11.45197,74,71,8.929894,,,C ,,C ,,,,0.0,0.4979996
2012-06-02 00:00:00.0,16.05695,22.8,11.5,,11.1,,15.26944,,11.3,,0.0,0.0,0.0,,,10.85186,65,63,8.048565,,,C ,,C ,,,,0.0,-3.568997
2012-06-03 00:00:00.0,10.19028,17.6,4.8,,4.5,,13.86042,,4.7,,0.0,0.0,0.0,,,8.947657,77,73,5.349459,,,C ,,C ,,,,8.299996,13.86101
2012-06-04 00:00:00.0,7.006945,11.0,3.3,,3.0,,12.46389,,3.2,,0.25,0.0,0.0,,,9.198596,93,92,5.691113,,,C ,,C ,,,,13.44601,
2012-06-05 00:00:00.0,7.838193,15.8,2.3,,2.0,,12.11736,,2.1,,1.0,0.25,0.25,,,8.964961,84,79,5.322005,,,C ,,C ,,,,10.126,15.68701
2012-06-06 00:00:00.0,5.352778,8.8,1.1,,0.8,,11.00278,,0.9,,0.0,1.0,0.75,,,6.461951,80,77,0.5369461,,,C ,,C ,,,,21.41402,
2012-06-07 00:00:00.0,2.600695,13.1,-5.0,,-4.8,,9.247914,,-4.8,,0.0,0.0,0.0,,,5.127553,71,66,-2.435635,,,C ,,C ,,,,17.26402,11.86901
2012-06-08 00:00:00.0,5.673611,15.5,-1.7,,-2.0,,9.158336,,-1.6,,0.0,0.0,0.0,,,5.604136,64,59,-1.226474,,,C ,,C ,,,,13.94401,9.877001
2012-06-09 00:00:00.0,6.283334,14.4,-0.4,,-0.7,,8.950695,,-0.3,,0.0,0.0,0.0,,,6.084131,67,58,-0.09613517,,,C ,,C ,,,,13.94401,12.28401
2012-06-10 00:00:00.0,7.824307,18.3,-0.1,,-0.5,,9.347915,,-0.2,,0.0,0.0,0.0,,,7.061273,71,68,1.942975,,,C ,,C ,,,,10.126,8.714997
2012-06-11 00:00:00.0,9.848611,19.7,2.5,,1.6,,9.984722,,2.1,,0.0,0.0,0.0,,,9.939629,80,76,6.672848,,,C ,,C ,,,,8.133996,7.802003
2012-06-12 00:00:00.0,13.77639,20.7,9.6,,9.2,,11.85417,,9.5,,0.0,0.0,0.0,,,14.45691,91,88,12.41134,,,C ,,C ,,,,0.0,-0.9960008
2012-06-13 00:00:00.0,17.83611,25.1,12.5,,12.1,,13.78542,,12.4,,0.0,0.0,0.0,,,20.4511,94,94,17.68816,,,C ,,C ,,,,0.0,-14.44201
2012-06-14 00:00:00.0,16.7618,22.3,12.2,,11.6,,14.78194,,12.0,,0.5,0.0,0.0,,,15.60239,87,84,13.56044,,,C ,,C ,,,,0.0,-7.635997
2012-06-15 00:00:00.0,13.12222,14.5,10.7,,10.5,,14.19376,,10.7,,0.0,0.5,0.25,,,13.51728,94,93,11.36748,,,C ,,C ,,,,0.0,6.307997
2012-06-16 00:00:00.0,7.859028,13.3,3.4,,3.0,,12.41181,,3.3,,0.0,0.0,0.0,,,7.878178,79,76,3.515687,,,C ,,C ,,,,14.94001,19.50502
2012-06-17 00:00:00.0,6.727084,8.4,4.5,,4.3,,11.25138,,4.6,,4.75,4.25,0.75,,,9.103498,91,94,5.504827,,,C ,,C ,,,,9.627999,
2012-06-18 00:00:00.0,8.743055,11.7,6.7,,6.4,,11.56389,,6.6,,0.25,0.75,0.25,,,10.79731,95,93,8.085511,,,C ,,C ,,,,,
2012-06-19 00:00:00.0,8.859027,13.4,7.0,,7.0,,11.86319,,7.0,,0.0,0.0,0.0,,,10.78007,95,92,8.056773,,,C ,,C ,,,,0.0,18.01102
2012-06-20 00:00:00.0,10.68959,18.8,4.6,,3.5,,11.66111,,4.2,,0.0,0.0,0.0,,,11.31005,87,84,8.651092,,,C ,,C ,,,,6.971997,8.466002
2012-06-21 00:00:00.0,11.09583,17.1,6.7,,6.3,,12.05625,,6.5,,0.0,0.0,0.0,,,11.91546,94,91,9.436829,,,C ,,C ,,,,2.656,13.11401
2012-06-22 00:00:00.0,9.829861,20.5,2.5,,2.1,,11.01944,,2.6,,0.0,0.0,0.0,,,8.330463,70,66,4.297487,,,C ,,C ,,,,8.299996,7.470001
2012-06-23 00:00:00.0,12.17708,20.5,4.0,,3.6,,11.31597,,4.2,,0.0,0.0,0.0,,,10.23851,72,74,7.158814,,,C ,,C ,,,,2.987999,4.315999
2012-06-24 00:00:00.0,12.67986,20.4,5.6,,4.7,,11.74583,,5.7,,0.0,0.0,0.0,,,10.34035,76,72,7.264676,,,C ,,C ,,,,4.149999,5.726995
2012-06-25 00:00:00.0,7.538195,15.8,0.1,,-0.3,,10.68819,,0.0,,0.0,0.0,0.0,,,8.065646,80,78,3.787188,,,C ,,C ,,,,13.11401,13.28001
2012-06-26 00:00:00.0,10.74931,21.2,3.9,,3.2,,10.81458,,3.7,,0.0,0.0,0.0,,,11.96516,86,84,9.278075,,,C ,,C ,,,,7.967996,4.316
2012-06-27 00:00:00.0,16.00001,26.0,9.9,,9.6,,12.60347,,9.8,,0.0,0.0,0.0,,,16.63202,87,83,14.42376,,,C ,,C ,,,,0.0,-8.963999
2012-06-28 00:00:00.0,17.56667,20.8,14.5,,14.3,,14.32848,,14.4,,0.0,0.0,0.0,,,17.48168,91,90,15.26745,,,C ,,C ,,,,0.0,-11.37101
2012-06-29 00:00:00.0,15.58333,23.7,11.6,,11.4,,14.49653,,11.6,,0.0,0.0,0.0,,,14.77402,87,82,12.78412,,,C ,,C ,,,,0.0,-4.896998
2012-06-30 00:00:00.0,14.37361,17.4,11.8,,11.4,,14.42223,,11.6,,0.0,0.0,0.0,,,16.86576,98,96,14.75882,,,C ,,C ,,,,0.0,-5.561001
2012-07-01 00:00:00.0,19.22292,26.2,16.1,,15.9,,15.99583,,16.0,,15.25,0.0,0.0,,,20.97125,94,90,18.18357,,,C ,,C ,,,,0.0,-17.26402
2012-07-02 00:00:00.0,12.22569,19.2,7.5,,7.4,,14.87847,,7.5,,0.0,15.25,9.75,,,10.73186,82,76,7.603725,,,C ,,C ,,,,0.996,11.95201
2012-07-03 00:00:00.0,8.166668,14.6,4.8,,4.8,,12.79375,,4.9,,0.0,0.0,0.0,,,8.047608,80,75,3.753379,,,C ,,C ,,,,14.94001,18.26002
2012-07-04 00:00:00.0,5.986807,8.5,2.2,,1.6,,11.1632,,2.0,,4.5,4.25,0.75,,,9.425268,100,100,5.987345,,,C ,,C ,,,,12.94801,
2012-07-05 00:00:00.0,5.792363,12.6,0.9,,0.2,,10.17639,,0.6,,0.0,0.25,0.25,,,6.681944,78,77,1.1535,,,C ,,C ,,,,16.10201,17.01502
2012-07-06 00:00:00.0,5.280554,13.6,0.7,,0.4,,9.443055,,0.6,,0.0,0.0,0.0,,,5.635665,68,68,-1.164373,,,C ,,C ,,,,16.26801,10.62401
2012-07-07 00:00:00.0,5.470834,14.0,-1.4,,-1.9,,8.775,,-1.6,,0.0,0.0,0.0,,,6.503317,72,70,0.7994695,,,C ,,C ,,,,12.28401,9.711
2012-07-08 00:00:00.0,8.325695,16.2,3.9,,3.7,,8.897916,,3.9,,0.0,0.0,0.0,,,6.360396,61,58,0.5170015,,,C ,,C ,,,,13.28001,16.76601
2012-07-09 00:00:00.0,7.004168,15.5,0.3,,-0.3,,8.879169,,0.3,,0.0,0.0,0.0,,,8.157566,84,83,3.913359,,,C ,,C ,,,,12.94801,11.45401
2012-07-10 00:00:00.0,,,,,,,,,,,,,,,,,,,,,,  ,,  ,,,,,
2012-07-11 00:00:00.0,,,,,,,,,,,,,,,,,,,,,,  ,,  ,,,,,
2012-07-12 00:00:00.0,7.821526,15.0,1.9,,1.6,,8.609029,,1.8,,0.0,0.0,0.0,,,7.398773,73,71,2.63087,,,C ,,C ,,,,12.28401,17.43002
2012-07-13 00:00:00.0,9.145832,18.2,3.0,,2.4,,8.853474,,3.0,,0.0,0.0,0.0,,,7.844001,69,66,3.41993,,,C ,,C ,,,,11.454,13.11401
2012-07-14 00:00:00.0,6.308335,12.3,0.1,,-0.2,,8.628473,,0.2,,0.0,0.0,0.0,,,6.775464,76,76,1.403691,,,C ,,C ,,,,16.43401,
2012-07-15 00:00:00.0,4.335417,11.7,-0.8,,-1.2,,8.211109,,-0.8,,0.0,0.0,0.0,,,6.80936,83,78,1.46392,,,C ,,C ,,,,17.26402,
2012-07-16 00:00:00.0,4.738889,12.9,-2.2,,-3.0,,8.334027,,-2.8,,0.0,0.0,0.0,,,6.57687,81,75,0.9516802,,,C ,,C ,,,,15.93601,12.03501
2012-07-17 00:00:00.0,5.024305,16.2,-2.9,,-4.0,,7.877778,,-3.5,,0.0,0.0,0.0,,,6.521213,75,71,0.7682546,,,C ,,C ,,,,14.60801,9.129998
2012-07-18 00:00:00.0,9.101388,18.4,2.2,,1.7,,8.257639,,2.2,,0.0,0.0,0.0,,,7.708444,68,63,3.187521,,,C ,,C ,,,,8.797997,11.039
2012-07-19 00:00:00.0,11.26111,21.0,2.5,,1.9,,8.988194,,2.4,,0.0,0.0,0.0,,,8.589004,65,64,4.744717,,,C ,,C ,,,,6.307997,4.565
2012-07-20 00:00:00.0,13.30486,21.9,5.3,,4.2,,10.07917,,5.4,,0.0,0.0,0.0,,,9.802523,66,67,6.646214,,,C ,,C ,,,,3.153999,1.576998
2012-07-21 00:00:00.0,12.64861,22.0,4.7,,4.5,,10.3868,,4.7,,0.0,0.0,0.0,,,8.606643,68,63,4.728667,,,C ,,C ,,,,6.971997,6.224997
2012-07-22 00:00:00.0,9.134027,18.8,1.5,,0.8,,9.997919,,1.5,,0.0,0.0,0.0,,,7.9643,75,74,3.581841,,,C ,,C ,,,,12.118,10.541
2012-07-23 00:00:00.0,8.779168,16.3,4.1,,3.7,,9.86528,,3.7,,0.25,0.0,0.0,,,10.15139,91,89,7.076701,,,C ,,C ,,,,11.288,16.18501
2012-07-24 00:00:00.0,7.455554,14.2,2.3,,2.0,,9.568748,,2.1,,0.0,0.25,0.25,,,6.736444,71,65,0.9847366,,,C ,,C ,,,,14.27601,14.60801
2012-07-25 00:00:00.0,5.447222,15.0,-3.0,,-3.5,,8.40486,,-3.3,,0.0,0.0,0.0,,,5.609915,63,56,-1.251794,,,C ,,C ,,,,10.126,9.046998
2012-07-26 00:00:00.0,9.13819,16.8,2.0,,1.5,,8.909029,,2.1,,0.0,0.0,0.0,,,7.476168,70,66,2.781837,,,C ,,C ,,,,10.956,13.77801
2012-07-27 00:00:00.0,5.295138,14.3,-2.7,,-3.5,,8.621526,,-3.5,,0.0,0.0,0.0,,,6.641001,79,75,1.060164,,,C ,,C ,,,,14.94001,10.707
2012-07-28 00:00:00.0,8.484722,19.6,0.5,,-0.1,,8.663195,,0.4,,0.0,0.0,0.0,,,7.880023,72,66,3.455963,,,C ,,C ,,,,9.96,4.647998
2012-07-29 00:00:00.0,8.46806,13.7,2.3,,1.6,,9.122916,,2.3,,0.0,0.0,0.0,,,5.309641,53,50,-2.27627,,,C ,,C ,,,,10.292,12.69901
2012-07-30 00:00:00.0,4.968057,15.0,-4.1,,-4.1,,7.883333,,-3.4,,0.0,0.0,0.0,,,5.369704,63,57,-1.937588,,,C ,,C ,,,,13.94401,9.129998
2012-07-31 00:00:00.0,8.58472,17.6,2.5,,2.2,,8.450696,,2.8,,1.5,1.25,0.25,,,10.01531,82,82,6.505968,,,C ,,C ,,,,8.133996,12.69901
2012-08-01 00:00:00.0,12.13334,17.4,7.8,,7.1,,10.79097,,7.8,,0.25,0.5,0.25,,,12.47145,93,89,10.1532,,,C ,,C ,,,,1.494,9.960003
2012-08-02 00:00:00.0,9.081249,12.3,5.5,,4.6,,10.14097,,5.1,,45.25,39.25,27.25,,,12.16432,100,100,9.747188,,,C ,,C ,,,,3.485999,
2012-08-03 00:00:00.0,11.37084,13.2,10.0,,10.0,,10.99793,,9.9,,5.75,11.75,5.0,,,13.32782,98,99,11.22309,,,C ,,C ,,,,0.0,11.28801
2012-08-04 00:00:00.0,10.43125,12.0,8.5,,8.2,,11.11806,,8.5,,0.0,0.0,0.0,,,12.1711,98,96,9.85117,,,C ,,C ,,,,0.0,
2012-08-05 00:00:00.0,10.06736,15.8,5.7,,5.4,,11.09861,,5.6,,0.25,0.0,0.0,,,11.62223,95,92,9.10154,,,C ,,C ,,,,1.66,15.18901
2012-08-06 00:00:00.0,11.67153,18.9,6.3,,5.8,,11.06736,,5.8,,0.0,0.25,0.25,,,10.7471,77,75,7.958511,,,C ,,C ,,,,4.813998,4.315994
2012-08-07 00:00:00.0,15.3375,20.2,12.9,,11.7,,12.53473,,11.4,,13.25,13.0,2.25,,,14.73709,86,83,12.65539,,,C ,,C ,,,,0.0,-5.145999
2012-08-08 00:00:00.0,11.53403,12.9,9.6,,9.8,,12.47986,,9.7,,0.25,0.5,0.25,,,13.07461,97,97,10.92542,,,C ,,C ,,,,0.0,11.37101
2012-08-09 00:00:00.0,13.94375,20.5,11.4,,10.9,,12.69444,,10.8,,0.0,0.0,0.0,,,14.92579,93,94,12.90968,,,C ,,C ,,,,0.0,0.3319992
2012-08-10 00:00:00.0,15.96806,26.3,9.7,,9.1,,13.16042,,9.6,,0.0,0.0,0.0,,,13.72304,78,74,11.62452,,,C ,,C ,,,,0.0,-5.478
2012-08-11 00:00:00.0,15.70625,20.0,13.5,,13.1,,13.81805,,13.4,,21.0,19.25,12.0,,,16.95524,94,95,14.82025,,,C ,,C ,,,,0.0,-6.059001
2012-08-12 00:00:00.0,13.71597,17.5,7.8,,7.2,,14.16667,,8.2,,0.0,1.75,1.25,,,10.99976,78,77,7.896022,,,C ,,C ,,,,2.49,6.307997
2012-08-13 00:00:00.0,10.38889,19.8,1.4,,0.8,,12.0632,,1.4,,4.5,0.0,0.0,,,7.856075,65,54,3.372409,,,C ,,C ,,,,7.801996,3.070999
2012-08-14 00:00:00.0,12.79583,16.5,9.5,,9.2,,12.44513,,9.5,,57.75,21.75,5.0,,,14.39538,93,99,12.15476,,,C ,,C ,,,,0.0,3.651998
2012-08-15 00:00:00.0,16.16667,19.4,14.4,,14.3,,14.22014,,14.3,,0.25,40.75,13.75,,,17.94226,98,98,15.7738,,,C ,,C ,,,,0.0,-6.723
2012-08-16 00:00:00.0,15.72917,19.3,14.1,,13.7,,14.88889,,14.0,,25.5,0.75,0.25,,,17.80186,98,98,15.64989,,,C ,,C ,,,,0.0,-6.806005
2012-08-17 00:00:00.0,17.36667,18.8,15.8,,15.4,,15.32846,,15.6,,41.75,63.5,10.25,,,19.8738,100,100,17.40278,,,C ,,C ,,,,0.0,-13.36301
2012-08-18 00:00:00.0,16.49028,19.0,13.1,,13.0,,15.77986,,12.4,,7.0,9.75,2.75,,,17.28902,97,96,15.12143,,,C ,,C ,,,,0.0,-7.221003
2012-08-19 00:00:00.0,14.39375,21.9,7.8,,7.0,,15.11805,,7.4,,0.5,0.25,0.25,,,13.1378,81,80,10.95971,,,C ,,C ,,,,0.0,-3.154
2012-08-20 00:00:00.0,14.59097,17.5,12.9,,12.6,,15.25209,,12.7,,2.5,3.0,1.0,,,15.71996,96,97,13.71832,,,C ,,C ,,,,0.0,-1.991999
2012-08-21 00:00:00.0,14.30209,20.0,11.3,,11.4,,15.48264,,11.2,,0.25,0.0,0.0,,,13.91012,87,84,11.86675,,,C ,,C ,,,,0.0,-1.079001
2012-08-22 00:00:00.0,18.21875,27.2,11.7,,11.3,,15.80694,,11.7,,0.0,0.25,0.25,,,18.88686,80,76,16.35327,,,C ,,C ,,,,0.0,-14.02701
2012-08-23 00:00:00.0,23.99028,28.5,18.7,,18.6,,17.83542,,18.7,,7.25,0.0,0.0,,,18.05108,68,70,15.84223,,,C ,,C ,,,,0.0,-21.24802
2012-08-24 00:00:00.0,11.92917,18.7,9.2,,8.7,,15.5625,,8.6,,0.0,7.25,2.0,,,11.52641,91,87,9.005314,,,C ,,C ,,,,0.83,10.20901
2012-08-25 00:00:00.0,7.880555,13.5,2.1,,1.8,,13.17986,,1.8,,0.0,0.0,0.0,,,7.805416,78,72,3.372651,,,C ,,C ,,,,12.118,18.01102
2012-08-26 00:00:00.0,6.975,12.2,2.1,,1.8,,12.36806,,2.2,,0.0,0.0,0.0,,,7.371274,77,69,2.585034,,,C ,,C ,,,,12.94801,
2012-08-27 00:00:00.0,7.52639,15.1,1.5,,0.9,,12.11875,,1.4,,0.0,0.0,0.0,,,7.940784,80,79,3.614317,,,C ,,C ,,,,12.78201,15.93602
2012-08-28 00:00:00.0,9.016665,18.3,2.0,,1.5,,12.18195,,1.6,,0.0,0.0,0.0,,,9.773402,82,77,6.468101,,,C ,,C ,,,,7.469996,10.458
2012-08-29 00:00:00.0,12.23958,18.9,7.3,,7.0,,12.86945,,7.2,,0.0,0.0,0.0,,,12.04466,84,81,9.676903,,,C ,,C ,,,,0.0,5.809997
2012-08-30 00:00:00.0,14.28055,22.3,8.5,,8.2,,13.72778,,8.4,,0.0,0.0,0.0,,,13.70709,85,83,11.58373,,,C ,,C ,,,,0.0,-1.743001
2012-08-31 00:00:00.0,16.96736,26.6,10.0,,9.2,,14.94097,,9.6,,0.0,0.0,0.0,,,14.21261,76,70,12.15684,,,C ,,C ,,,,0.0,-7.386999
2012-09-01 00:00:00.0,17.5375,26.5,9.3,,8.2,,15.77014,,9.0,,0.0,0.0,0.0,,,13.80895,72,62,11.72384,,,C ,,C ,,,,0.0,-9.462001
2012-09-02 00:00:00.0,18.30208,27.4,11.3,,10.9,,16.44862,,11.5,,0.0,0.0,0.0,,,14.36123,74,68,12.23771,,,C ,,C ,,,,0.0,-6.058992
2012-09-03 00:00:00.0,12.38264,16.1,8.4,,8.2,,14.94652,,8.4,,0.5,0.5,0.5,,,11.33118,76,71,8.719841,,,C ,,C ,,,,0.0,5.395
2012-09-04 00:00:00.0,14.55347,17.4,12.7,,11.4,,14.6986,,11.8,,1.25,1.25,0.5,,,13.88067,86,88,11.80554,,,C ,,C ,,,,0.0,-1.162
2012-09-05 00:00:00.0,12.83333,15.2,11.3,,10.9,,14.425,,11.3,,0.0,0.0,0.0,,,13.89585,95,95,11.85809,,,C ,,C ,,,,0.0,6.640004
2012-09-06 00:00:00.0,12.63889,15.1,10.7,,10.7,,14.33889,,10.6,,66.75,20.25,5.0,,,15.07121,99,99,13.04072,,,C ,,C ,,,,0.0,3.817998
2012-09-07 00:00:00.0,16.38194,19.3,14.7,,14.7,,15.36111,,14.5,,3.25,49.75,16.25,,,18.47871,99,100,16.20196,,,C ,,C ,,,,0.0,-7.386999
2012-09-08 00:00:00.0,17.41041,25.6,11.0,,10.5,,16.57916,,10.9,,0.0,0.0,0.0,,,15.3453,80,77,13.25607,,,C ,,C ,,,,0.0,-8.299997
2012-09-09 00:00:00.0,13.66667,20.5,7.8,,7.7,,16.2875,,7.9,,0.0,0.0,0.0,,,10.56192,72,71,7.709963,,,C ,,C ,,,,0.0,2.240999
2012-09-10 00:00:00.0,13.78403,21.2,8.8,,8.6,,16.17777,,8.9,,0.0,0.0,0.0,,,11.56149,76,71,9.070539,,,C ,,C ,,,,0.0,-0.6640014
2012-09-11 00:00:00.0,15.24305,23.6,8.7,,8.0,,16.44931,,8.3,,0.0,0.0,0.0,,,14.18208,81,76,12.08537,,,C ,,C ,,,,0.0,-6.059
2012-09-12 00:00:00.0,17.81806,26.9,10.4,,9.4,,17.1743,,10.2,,0.0,0.0,0.0,,,14.98081,76,70,12.9591,,,C ,,C ,,,,0.0,-9.379
2012-09-13 00:00:00.0,18.84583,26.0,12.6,,11.9,,17.58681,,12.5,,0.0,0.0,0.0,,,14.94218,72,63,12.94853,,,C ,,C ,,,,0.0,-13.19701
2012-09-14 00:00:00.0,18.84166,26.3,12.9,,12.6,,17.83472,,12.8,,0.0,0.0,0.0,,,14.66342,70,61,12.65152,,,C ,,C ,,,,0.0,-14.11001
2012-09-15 00:00:00.0,20.31598,28.1,14.6,,14.3,,18.29653,,14.5,,0.0,0.0,0.0,,,18.8824,79,74,16.53955,,,C ,,C ,,,,0.0,-16.68302
2012-09-16 00:00:00.0,19.68472,25.2,14.4,,14.2,,19.03125,,14.4,,0.0,0.0,0.0,,,18.82373,84,79,16.51101,,,C ,,C ,,,,0.0,-16.51701
2012-09-17 00:00:00.0,17.32778,22.8,13.2,,13.3,,19.40208,,13.2,,0.0,0.0,0.0,,,15.23481,81,73,13.10575,,,C ,,C ,,,,0.0,-8.963998
2012-09-18 00:00:00.0,14.0132,19.1,11.5,,11.0,,17.42709,,10.9,,41.0,29.5,5.25,,,13.922,90,93,11.86826,,,C ,,C ,,,,0.0,1.991999
2012-09-19 00:00:00.0,11.8618,17.1,9.3,,8.9,,15.52847,,8.9,,0.0,11.5,2.25,,,11.55173,87,84,9.061691,,,C ,,C ,,,,0.0,9.047003
2012-09-20 00:00:00.0,11.57222,19.3,6.9,,6.3,,14.94097,,6.8,,0.0,0.0,0.0,,,10.23685,77,69,7.291094,,,C ,,C ,,,,0.166,8.133995
2012-09-21 00:00:00.0,12.49652,20.0,6.5,,6.0,,14.69098,,6.3,,0.0,0.0,0.0,,,9.20126,67,58,5.666582,,,C ,,C ,,,,1.826,3.153999
2012-09-22 00:00:00.0,13.20069,22.8,4.0,,3.6,,14.95,,4.1,,0.0,0.0,0.0,,,7.801286,57,46,3.165824,,,C ,,C ,,,,6.639997,-0.9129999
2012-09-23 00:00:00.0,15.43611,21.6,9.2,,8.7,,15.25347,,9.2,,0.0,0.0,0.0,,,10.90524,60,55,8.110339,,,C ,,C ,,,,0.0,-9.628004
2012-09-24 00:00:00.0,15.28541,18.4,10.0,,9.7,,15.88958,,10.0,,0.0,0.0,0.0,,,10.39879,67,62,7.152412,,,C ,,C ,,,,1.826,1.162001
2012-09-25 00:00:00.0,8.301389,14.3,2.8,,2.6,,14.09375,,2.8,,0.0,0.0,0.0,,,7.386523,73,63,2.604382,,,C ,,C ,,,,11.62,16.51701
2012-09-26 00:00:00.0,8.893056,18.1,1.2,,0.8,,14.03333,,1.2,,0.0,0.0,0.0,,,7.678274,70,56,3.087703,,,C ,,C ,,,,7.137997,8.548996
2012-09-27 00:00:00.0,12.43681,20.7,5.0,,4.7,,14.90626,,4.8,,0.0,0.0,0.0,,,10.71385,72,65,7.913556,,,C ,,C ,,,,6.307997,-0.2490011
2012-09-28 00:00:00.0,15.44167,21.0,11.4,,11.1,,15.62223,,11.3,,0.0,0.0,0.0,,,13.40466,76,74,11.29808,,,C ,,C ,,,,0.0,-6.391004
2012-09-29 00:00:00.0,17.10833,24.5,13.8,,13.7,,16.39584,,13.8,,0.0,0.0,0.0,,,14.38438,77,73,12.36302,,,C ,,C ,,,,0.0,-8.216996
2012-09-30 00:00:00.0,18.76319,27.4,12.2,,11.6,,17.50624,,11.9,,0.0,0.0,0.0,,,16.08832,77,68,14.02492,,,C ,,C ,,,,0.0,-13.61201
2012-10-01 00:00:00.0,19.65833,27.4,14.7,,14.6,,18.7632,,14.6,,2.75,0.0,0.0,,,16.93907,78,73,14.88154,,,C ,,C ,,,,0.0,-13.03101
2012-10-02 00:00:00.0,14.93194,17.9,13.2,,12.8,,17.49931,,13.1,,6.75,9.5,3.0,,,16.70122,99,99,14.67272,,,C ,,C ,,,,0.0,-0.083
2012-10-03 00:00:00.0,16.15694,20.9,13.1,,13.2,,17.76528,,13.0,,0.0,0.0,0.0,,,15.64075,89,86,13.63976,,,C ,,C ,,,,0.0,-6.390996
2012-10-04 00:00:00.0,14.19722,21.4,6.1,,6.1,,17.69445,,5.9,,0.25,0.0,0.0,,,13.82054,85,85,11.60129,,,C ,,C ,,,,2.158,-2.158
2012-10-05 00:00:00.0,18.91042,27.1,11.6,,11.1,,18.73334,,11.5,,57.5,14.0,13.5,,,19.39532,82,74,16.79321,,,C ,,C ,,,,0.0,-14.60801
2012-10-06 00:00:00.0,19.33194,23.8,16.7,,16.5,,19.55,,16.6,,3.0,43.75,22.5,,,19.39373,92,91,17.00802,,,C ,,C ,,,,0.0,-15.27201
2012-10-07 00:00:00.0,17.15694,23.2,15.1,,14.4,,18.97708,,14.7,,9.0,6.5,1.5,,,18.72764,96,94,16.44917,,,C ,,C ,,,,0.0,-10.79
2012-10-08 00:00:00.0,18.02153,20.6,15.8,,15.6,,19.21458,,15.6,,0.5,5.5,3.5,,,20.60423,97,98,17.951,,,C ,,C ,,,,0.0,-19.92002
2012-10-09 00:00:00.0,19.65416,23.9,17.6,,17.4,,19.825,,17.4,,0.25,0.75,0.25,,,19.41702,88,83,16.94314,,,C ,,C ,,,,0.0,-18.92402
2012-10-10 00:00:00.0,13.55903,19.1,8.2,,8.1,,19.05278,,8.2,,0.0,0.0,0.0,,,10.74864,75,70,8.011534,,,C ,,C ,,,,0.0,4.564999
2012-10-11 00:00:00.0,13.59305,20.9,6.6,,6.5,,18.49931,,6.9,,0.0,0.0,0.0,,,11.80487,78,72,9.342832,,,C ,,C ,,,,0.996,-0.08300067
2012-10-12 00:00:00.0,15.90625,23.4,9.5,,9.2,,18.71805,,9.5,,0.0,0.0,0.0,,,13.90446,76,68,11.83328,,,C ,,C ,,,,0.0,-8.383
2012-10-13 00:00:00.0,18.75902,26.5,11.7,,11.5,,19.66806,,11.7,,0.0,0.0,0.0,,,15.60489,74,66,13.57577,,,C ,,C ,,,,0.0,-13.61201
2012-10-14 00:00:00.0,20.32569,28.0,14.6,,14.3,,20.34444,,14.5,,0.0,0.0,0.0,,,18.48933,77,73,16.24137,,,C ,,C ,,,,0.0,-18.26002
2012-10-15 00:00:00.0,19.43055,25.2,17.2,,16.8,,19.89584,,17.1,,20.5,8.25,1.75,,,19.06544,88,87,16.72192,,,C ,,C ,,,,0.0,-18.67502
2012-10-16 00:00:00.0,14.71389,17.5,12.8,,12.8,,18.01319,,12.7,,27.5,39.75,6.0,,,16.21702,98,99,14.20066,,,C ,,C ,,,,0.0,-0.996
2012-10-17 00:00:00.0,16.84792,21.5,14.4,,14.4,,18.05903,,14.3,,0.0,0.0,0.0,,,15.78154,85,81,13.79428,,,C ,,C ,,,,0.0,-9.046998
2012-10-18 00:00:00.0,16.85278,24.4,9.2,,8.6,,19.0882,,8.9,,1.0,0.0,0.0,,,15.04787,80,72,13.00554,,,C ,,C ,,,,0.0,-8.548999
2012-10-19 00:00:00.0,16.09931,18.6,14.2,,13.9,,18.43055,,14.1,,2.5,2.5,0.75,,,16.94971,94,92,14.88382,,,C ,,C ,,,,0.0,-6.723001
2012-10-20 00:00:00.0,17.13541,25.8,12.0,,11.5,,18.11667,,11.9,,2.0,3.0,1.5,,,17.4405,89,89,15.27018,,,C ,,C ,,,,0.0,-10.043
2012-10-21 00:00:00.0,18.2743,27.2,13.0,,12.3,,19.48889,,12.6,,56.75,36.25,13.25,,,18.2793,89,83,15.99998,,,C ,,C ,,,,0.0,-11.454
2012-10-22 00:00:00.0,17.71319,22.0,15.1,,14.7,,19.48125,,14.9,,28.25,47.25,15.25,,,18.63898,93,91,16.3592,,,C ,,C ,,,,0.0,-13.52901
2012-10-23 00:00:00.0,15.71181,19.6,13.1,,12.8,,18.89028,,12.7,,0.0,1.5,0.75,,,15.1091,87,87,13.13314,,,C ,,C ,,,,0.0,-7.054997
2012-10-24 00:00:00.0,17.60069,26.2,9.2,,8.9,,19.4875,,9.1,,0.0,0.0,0.0,,,14.27604,73,61,12.19503,,,C ,,C ,,,,0.0,-10.707
2012-10-25 00:00:00.0,18.96597,27.9,10.3,,9.7,,20.70417,,10.1,,0.0,0.0,0.0,,,14.34915,68,57,12.29221,,,C ,,C ,,,,0.0,-13.94401
2012-10-26 00:00:00.0,21.83334,28.7,15.0,,14.8,,21.75556,,14.9,,0.0,0.0,0.0,,,16.64521,66,55,14.60004,,,C ,,C ,,,,0.0,-19.75402
2012-10-27 00:00:00.0,23.22361,32.4,14.9,,14.9,,22.97709,,15.0,,0.0,0.0,0.0,,,19.12651,70,63,16.76272,,,C ,,C ,,,,0.0,-21.08202
2012-10-28 00:00:00.0,22.39652,30.1,17.6,,17.4,,23.49723,,17.7,,20.75,2.0,0.5,,,22.29564,84,77,19.18648,,,C ,,C ,,,,0.0,-22.49303
2012-10-29 00:00:00.0,20.75694,26.4,17.4,,17.3,,22.50555,,17.2,,41.75,60.25,20.75,,,23.3344,97,93,19.92539,,,C ,,C ,,,,0.0,-22.24403
2012-10-30 00:00:00.0,19.72361,25.3,16.0,,15.6,,22.40209,,16.0,,0.0,0.25,0.25,,,18.11463,83,77,15.932,,,C ,,C ,,,,0.0,-16.60001
2012-10-31 00:00:00.0,19.12014,26.0,13.5,,13.0,,22.5743,,13.2,,0.0,0.0,0.0,,,17.12313,79,71,15.04125,,,C ,,C ,,,,0.0,-14.60801
2012-11-01 00:00:00.0,20.55278,28.0,13.2,,13.0,,23.0368,,12.9,,0.0,0.0,0.0,,,18.25724,77,66,16.01549,,,C ,,C ,,,,0.0,-16.43402
2012-11-02 00:00:00.0,22.58611,31.6,14.1,,13.5,,23.71806,,14.1,,0.0,0.0,0.0,,,16.37137,66,52,14.13019,,,C ,,C ,,,,0.0,-19.00702
2012-11-03 00:00:00.0,23.64654,31.6,16.3,,16.0,,23.96736,,16.4,,0.0,0.0,0.0,,,19.31555,69,58,16.92121,,,C ,,C ,,,,0.0,-21.99503
2012-11-04 00:00:00.0,24.26458,31.6,18.7,,18.4,,24.58889,,18.7,,0.0,0.0,0.0,,,22.68858,77,69,19.50314,,,C ,,C ,,,,0.0,-23.90403
2012-11-05 00:00:00.0,25.92013,34.4,18.7,,18.4,,25.27917,,18.6,,0.0,0.0,0.0,,,20.91589,69,55,18.08216,,,C ,,C ,,,,0.0,-23.90403
2012-11-06 00:00:00.0,26.46805,35.3,19.0,,18.5,,25.78056,,18.9,,0.0,0.0,0.0,,,20.98035,65,54,18.16787,,,C ,,C ,,,,0.0,-23.90403
2012-11-07 00:00:00.0,27.55764,35.0,19.2,,19.1,,26.25069,,19.5,,0.0,0.0,0.0,,,20.46963,59,48,17.81332,,,C ,,C ,,,,0.0,-23.90403
2012-11-08 00:00:00.0,27.27361,35.0,19.4,,19.0,,26.53333,,19.3,,0.0,0.0,0.0,,,20.94185,59,54,18.20896,,,C ,,C ,,,,0.0,-23.90403
2012-11-09 00:00:00.0,22.60903,28.3,15.7,,14.8,,24.90069,,14.6,,9.0,9.0,5.5,,,20.36947,83,82,17.59333,,,C ,,C ,,,,0.0,-17.43002
2012-11-10 00:00:00.0,16.0875,21.7,11.5,,11.6,,22.31527,,11.5,,0.0,0.0,0.0,,,14.07707,77,75,12.00177,,,C ,,C ,,,,0.0,-8.466
2012-11-11 00:00:00.0,17.71111,25.6,12.1,,12.0,,22.27291,,12.1,,0.0,0.0,0.0,,,15.00353,77,68,13.01591,,,C ,,C ,,,,0.0,-11.039
2012-11-12 00:00:00.0,18.10139,26.1,12.0,,11.8,,22.85695,,11.9,,0.0,0.0,0.0,,,14.29817,73,63,12.28556,,,C ,,C ,,,,0.0,-10.707
2012-11-13 00:00:00.0,17.99792,26.8,10.1,,9.8,,23.23542,,10.2,,0.0,0.0,0.0,,,14.32213,72,59,12.26861,,,C ,,C ,,,,0.0,-10.79
2012-11-14 00:00:00.0,19.54445,26.8,12.9,,12.6,,23.84791,,13.0,,0.0,0.0,0.0,,,15.84152,73,63,13.79337,,,C ,,C ,,,,0.0,-15.18901
2012-11-15 00:00:00.0,20.69306,28.5,14.0,,13.7,,24.54792,,13.9,,0.0,0.0,0.0,,,16.11485,71,62,14.0822,,,C ,,C ,,,,0.0,-14.94001
2012-11-16 00:00:00.0,21.7125,30.4,15.0,,14.1,,25.21319,,14.4,,0.0,0.0,0.0,,,17.43685,71,60,15.23696,,,C ,,C ,,,,0.0,-18.01102
2012-11-17 00:00:00.0,23.28055,30.9,16.4,,16.0,,26.09097,,16.4,,9.25,0.0,0.0,,,19.93483,72,62,17.39965,,,C ,,C ,,,,0.0,-22.07803
2012-11-18 00:00:00.0,21.6375,27.5,17.2,,17.1,,24.77639,,17.1,,0.0,9.25,8.5,,,20.72936,84,76,18.06505,,,C ,,C ,,,,0.0,-19.92002
2012-11-19 00:00:00.0,22.92569,31.8,15.4,,15.0,,24.81181,,15.2,,0.0,0.0,0.0,,,19.17449,70,61,16.76523,,,C ,,C ,,,,0.0,-19.58802
2012-11-20 00:00:00.0,25.57014,33.2,17.8,,17.0,,26.17639,,17.6,,0.0,0.0,0.0,,,21.03492,69,59,18.25745,,,C ,,C ,,,,0.0,-23.82103
2012-11-21 00:00:00.0,26.11457,34.3,19.4,,19.3,,26.82361,,19.4,,24.25,0.0,0.0,,,20.16132,62,51,17.57887,,,C ,,C ,,,,0.0,-23.90403
2012-11-22 00:00:00.0,22.02778,26.9,18.9,,18.8,,24.35764,,18.7,,7.0,31.25,10.0,,,21.15369,88,95,18.34931,,,C ,,C ,,,,0.0,-22.24403
2012-11-23 00:00:00.0,18.37917,23.1,15.9,,15.7,,22.86874,,15.8,,0.0,0.0,0.0,,,18.1138,88,87,15.93232,,,C ,,C ,,,,0.0,-14.85701
2012-11-24 00:00:00.0,19.40903,27.4,11.3,,10.7,,22.92083,,10.7,,0.0,0.0,0.0,,,12.91642,64,53,10.40434,,,C ,,C ,,,,0.0,-11.62
2012-11-25 00:00:00.0,18.28056,26.2,12.4,,12.3,,22.59791,,12.5,,2.25,0.5,0.25,,,13.63833,67,58,11.47876,,,C ,,C ,,,,0.0,-13.69501
2012-11-26 00:00:00.0,20.60625,29.6,13.7,,13.3,,22.95417,,13.1,,0.0,1.75,1.0,,,16.72807,70,67,14.54998,,,C ,,C ,,,,0.0,-16.84902
2012-11-27 00:00:00.0,24.30416,35.0,15.7,,15.4,,24.47916,,15.7,,0.0,0.0,0.0,,,18.4862,64,49,16.1817,,,C ,,C ,,,,0.0,-20.33502
2012-11-28 00:00:00.0,23.75555,30.6,19.2,,19.1,,25.26458,,19.4,,0.0,0.0,0.0,,,18.64247,67,56,16.34553,,,C ,,C ,,,,0.0,-23.90403
2012-11-29 00:00:00.0,22.07083,28.7,16.7,,16.7,,25.46042,,16.7,,10.25,0.0,0.0,,,17.21803,66,62,15.05805,,,C ,,C ,,,,0.0,-21.74603
2012-11-30 00:00:00.0,21.20972,27.2,16.9,,16.6,,24.54236,,16.5,,0.25,10.5,5.75,,,19.3158,81,80,16.93539,,,C ,,C ,,,,0.0,-19.83703
2012-12-01 00:00:00.0,22.27292,31.1,13.7,,12.7,,24.37917,,13.6,,0.0,0.0,0.0,,,15.44923,62,51,13.30037,,,C ,,C ,,,,0.0,-17.76202
2012-12-02 00:00:00.0,25.01945,33.0,15.5,,15.8,,25.38403,,15.9,,6.5,0.0,0.0,,,17.9321,60,51,15.68287,,,C ,,C ,,,,0.0,-21.49703
2012-12-03 00:00:00.0,26.21736,33.5,19.5,,19.2,,26.21805,,19.3,,0.0,6.5,2.0,,,22.87759,70,64,19.63316,,,C ,,C ,,,,0.0,-23.90403
2012-12-04 00:00:00.0,26.77778,34.2,20.2,,20.1,,26.99375,,20.1,,0.0,0.0,0.0,,,25.0187,73,67,21.07993,,,C ,,C ,,,,0.0,-23.90403
2012-12-05 00:00:00.0,27.32361,33.6,21.6,,21.4,,27.86459,,21.6,,14.75,0.0,0.0,,,25.55347,73,66,21.43717,,,C ,,C ,,,,0.0,-23.90403
2012-12-06 00:00:00.0,23.56042,26.4,22.2,,22.3,,26.08056,,22.2,,60.5,75.25,37.25,,,28.18833,99,99,23.03747,,,C ,,C ,,,,0.0,-23.90403
2012-12-07 00:00:00.0,21.23889,25.5,16.2,,16.1,,24.24167,,16.1,,0.0,0.0,0.0,,,15.19161,66,58,13.09948,,,C ,,C ,,,,0.0,-19.25602
2012-12-08 00:00:00.0,22.29583,30.8,13.5,,13.4,,24.16389,,13.8,,0.0,0.0,0.0,,,16.10206,63,51,14.03038,,,C ,,C ,,,,0.0,-18.01102
2012-12-09 00:00:00.0,25.4257,33.0,17.1,,16.8,,25.29723,,17.3,,0.0,0.0,0.0,,,18.32311,61,52,16.03409,,,C ,,C ,,,,0.0,-22.16103
2012-12-10 00:00:00.0,23.65765,31.9,17.9,,17.4,,24.64375,,17.5,,35.25,35.0,17.5,,,20.91236,77,72,18.16243,,,C ,,C ,,,,0.0,-22.24403
2012-12-11 00:00:00.0,22.25,31.8,15.0,,14.7,,24.60208,,14.6,,0.0,0.25,0.25,,,17.78546,70,64,15.54804,,,C ,,C ,,,,0.0,-19.09002
2012-12-12 00:00:00.0,25.12778,32.8,15.9,,15.7,,25.44028,,16.0,,0.0,0.0,0.0,,,20.1409,65,54,17.55886,,,C ,,C ,,,,0.0,-21.91203
2012-12-13 00:00:00.0,24.84653,32.0,16.4,,16.3,,26.01112,,16.4,,0.0,0.0,0.0,,,13.64633,49,42,11.18679,,,C ,,C ,,,,0.0,-22.65903
2012-12-14 00:00:00.0,23.86527,31.5,16.8,,16.6,,25.13402,,16.8,,15.0,15.0,12.0,,,19.61215,69,67,17.10419,,,C ,,C ,,,,0.0,-22.82503
2012-12-15 00:00:00.0,24.8375,33.1,18.8,,18.5,,25.68264,,18.4,,2.0,0.0,0.0,,,22.57757,72,62,19.38534,,,C ,,C ,,,,0.0,-23.90403
2012-12-16 00:00:00.0,22.9875,26.4,18.5,,18.3,,25.28056,,18.2,,12.5,14.5,7.25,,,23.1274,88,91,19.71524,,,C ,,C ,,,,0.0,-23.90403
2012-12-17 00:00:00.0,19.88264,24.6,15.2,,15.0,,23.50417,,15.5,,0.0,0.0,0.0,,,15.41327,71,64,13.23464,,,C ,,C ,,,,0.0,-17.92802
2012-12-18 00:00:00.0,19.43888,26.8,15.1,,15.1,,23.17361,,15.0,,1.0,0.0,0.0,,,19.6934,84,83,17.15862,,,C ,,C ,,,,0.0,-16.68302
2012-12-19 00:00:00.0,22.09723,27.2,18.6,,18.5,,23.56736,,18.6,,40.5,32.0,6.0,,,24.71139,91,93,20.82229,,,C ,,C ,,,,0.0,-23.90403
2012-12-20 00:00:00.0,21.78195,27.0,17.1,,17.2,,23.68819,,16.8,,0.0,9.5,2.5,,,19.84318,81,74,17.22763,,,C ,,C ,,,,0.0,-22.16103
2012-12-21 00:00:00.0,22.40139,30.2,13.8,,13.9,,24.35208,,14.1,,0.0,0.0,0.0,,,13.38048,55,46,10.9601,,,C ,,C ,,,,0.0,-18.42602
2012-12-22 00:00:00.0,23.26736,30.7,15.9,,15.7,,24.475,,15.8,,0.0,0.0,0.0,,,16.85568,61,54,14.78133,,,C ,,C ,,,,0.0,-20.91602
2012-12-23 00:00:00.0,24.83541,32.5,16.6,,16.5,,24.99723,,16.6,,0.0,0.0,0.0,,,22.54647,68,62,19.18031,,,C ,,C ,,,,0.0,-22.49303
2012-12-24 00:00:00.0,30.43195,37.0,24.4,,24.3,,27.0368,,24.4,,0.0,0.0,0.0,,,31.04886,70,63,24.6583,,,C ,,C ,,,,0.0,-23.90403
2012-12-25 00:00:00.0,25.22292,31.9,18.6,,18.1,,26.62708,,18.4,,0.25,0.25,0.25,,,18.9383,69,69,16.10618,,,C ,,C ,,,,0.0,-21.82903
2012-12-26 00:00:00.0,19.64097,26.1,14.4,,14.3,,25.18055,,14.5,,0.0,0.0,0.0,,,13.70775,64,59,11.58936,,,C ,,C ,,,,0.0,-14.52501
2012-12-27 00:00:00.0,19.73194,27.3,12.4,,12.4,,24.70139,,12.6,,0.0,0.0,0.0,,,15.5499,69,59,13.53528,,,C ,,C ,,,,0.0,-16.60001
2012-12-28 00:00:00.0,21.525,28.1,14.8,,14.7,,25.13056,,14.7,,0.0,0.0,0.0,,,17.07806,67,59,14.99782,,,C ,,C ,,,,0.0,-19.00702
2012-12-29 00:00:00.0,24.64028,30.8,18.5,,18.4,,25.68751,,18.7,,0.0,0.0,0.0,,,18.29345,61,53,16.06309,,,C ,,C ,,,,0.0,-23.90403
2012-12-30 00:00:00.0,26.64167,33.8,19.7,,19.6,,26.69236,,19.6,,0.0,0.0,0.0,,,22.71601,65,60,19.48512,,,C ,,C ,,,,0.0,-23.90403
2012-12-31 00:00:00.0,26.30417,33.8,20.2,,20.0,,26.78542,,20.0,,16.0,16.0,10.75,,,23.69775,74,75,19.82666,,,C ,,C ,,,,0.0,-23.32303
2013-01-01 00:00:00.0,17.32847,22.4,10.4,,10.3,,24.12708,,10.3,,0.0,0.0,0.0,,,11.62852,65,60,9.162107,,,C ,,C ,,,,0.0,-7.884996
2013-01-02 00:00:00.0,17.82986,26.1,8.6,,8.8,,23.83889,,9.0,,0.0,0.0,0.0,,,12.74584,65,59,10.48481,,,C ,,C ,,,,0.0,-11.205
2013-01-03 00:00:00.0,20.4125,27.5,12.8,,12.7,,24.63819,,12.8,,0.0,0.0,0.0,,,15.86796,66,60,13.8265,,,C ,,C ,,,,0.0,-17.34702
2013-01-04 00:00:00.0,24.84723,33.5,18.2,,18.2,,25.85972,,18.3,,46.75,46.5,33.75,,,22.21223,73,71,19.06467,,,C ,,C ,,,,0.0,-23.90403
2013-01-05 00:00:00.0,23.95209,30.1,19.4,,19.5,,25.675,,19.4,,0.0,0.25,0.25,,,24.39555,83,79,20.65791,,,C ,,C ,,,,0.0,-23.90403
2013-01-06 00:00:00.0,24.84305,32.1,18.0,,17.8,,26.24235,,18.0,,0.0,0.0,0.0,,,23.97279,77,69,20.37677,,,C ,,C ,,,,0.0,-23.90403
2013-01-07 00:00:00.0,26.83681,33.6,22.3,,22.2,,27.20556,,22.4,,0.0,0.0,0.0,,,25.05246,74,64,21.10436,,,C ,,C ,,,,0.0,-23.90403
2013-01-08 00:00:00.0,24.57293,31.7,19.8,,19.8,,26.71041,,19.8,,0.0,0.0,0.0,,,24.57637,81,77,20.77797,,,C ,,C ,,,,0.0,-23.90403
2013-01-09 00:00:00.0,26.55486,33.9,19.6,,19.8,,27.56875,,19.7,,0.0,0.0,0.0,,,22.66096,69,58,19.46714,,,C ,,C ,,,,0.0,-23.90403
2013-01-10 00:00:00.0,26.0493,33.3,19.4,,19.2,,27.85833,,19.3,,0.0,0.0,0.0,,,20.4862,64,55,17.83085,,,C ,,C ,,,,0.0,-23.90403
2013-01-11 00:00:00.0,25.38542,32.4,18.8,,18.7,,27.66667,,18.7,,0.0,0.0,0.0,,,19.07942,63,55,16.68005,,,C ,,C ,,,,0.0,-23.90403
2013-01-12 00:00:00.0,25.03819,31.8,19.1,,19.0,,27.60902,,19.1,,0.0,0.0,0.0,,,19.64172,66,60,17.15402,,,C ,,C ,,,,0.0,-23.90403
2013-01-13 00:00:00.0,25.20903,33.0,18.3,,17.9,,27.86042,,18.5,,0.0,0.0,0.0,,,19.80955,65,57,17.31903,,,C ,,C ,,,,0.0,-23.90403
2013-01-14 00:00:00.0,25.2993,33.2,18.0,,17.6,,28.19166,,18.0,,0.0,0.0,0.0,,,20.02892,66,58,17.4645,,,C ,,C ,,,,0.0,-23.90403
2013-01-15 00:00:00.0,25.57222,33.0,18.3,,18.2,,28.66319,,18.3,,0.0,0.0,0.0,,,21.25848,69,64,18.40063,,,C ,,C ,,,,0.0,-23.90403
2013-01-16 00:00:00.0,24.79791,33.0,19.1,,18.9,,28.37847,,19.0,,1.5,0.0,0.0,,,23.01489,75,70,19.72892,,,C ,,C ,,,,0.0,-23.90403
2013-01-17 00:00:00.0,25.32569,32.8,20.4,,19.7,,28.40973,,19.5,,3.0,4.5,2.5,,,23.24227,76,66,19.87116,,,C ,,C ,,,,0.0,-23.90403
2013-01-18 00:00:00.0,24.31597,31.8,18.6,,18.4,,28.03959,,18.4,,0.0,0.0,0.0,,,21.65734,76,68,18.72586,,,C ,,C ,,,,0.0,-23.07403
2013-01-19 00:00:00.0,20.68889,26.3,17.1,,16.9,,26.28889,,16.9,,0.5,0.5,0.25,,,19.7925,82,80,17.27218,,,C ,,C ,,,,0.0,-22.24403
2013-01-20 00:00:00.0,21.70347,29.4,14.8,,14.2,,26.43958,,14.7,,0.0,0.0,0.0,,,17.57008,71,63,15.44271,,,C ,,C ,,,,0.0,-18.50902
2013-01-21 00:00:00.0,22.54791,29.9,16.2,,16.2,,27.34237,,16.2,,0.0,0.0,0.0,,,18.2303,70,64,15.98069,,,C ,,C ,,,,0.0,-20.83302
2013-01-22 00:00:00.0,24.34097,32.7,17.2,,17.0,,28.20972,,17.4,,0.0,0.0,0.0,,,20.78022,71,60,18.07684,,,C ,,C ,,,,0.0,-23.07403
2013-01-23 00:00:00.0,26.32014,34.2,20.1,,20.0,,29.03403,,20.1,,0.0,0.0,0.0,,,23.5791,70,62,20.11938,,,C ,,C ,,,,0.0,-23.90403
2013-01-24 00:00:00.0,28.91597,38.9,22.2,,22.2,,30.03126,,22.3,,0.0,0.0,0.0,,,22.19834,61,52,19.06518,,,C ,,C ,,,,0.0,-23.90403
2013-01-25 00:00:00.0,19.89861,26.3,14.1,,13.9,,28.60556,,14.0,,0.0,0.0,0.0,,,11.96011,59,50,9.310184,,,C ,,C ,,,,0.0,-13.44601
2013-01-26 00:00:00.0,19.27361,29.4,8.9,,8.9,,27.7875,,9.1,,0.0,0.0,0.0,,,11.24748,55,43,8.586422,,,C ,,C ,,,,0.0,-13.11401
2013-01-27 00:00:00.0,22.97917,32.1,13.7,,13.5,,28.25347,,13.6,,0.0,0.0,0.0,,,15.915,56,50,13.81574,,,C ,,C ,,,,0.0,-18.67502
2013-01-28 00:00:00.0,27.18542,35.8,19.3,,19.6,,29.61597,,19.5,,0.0,0.0,0.0,,,19.44205,56,50,16.97813,,,C ,,C ,,,,0.0,-23.90403
2013-01-29 00:00:00.0,27.41459,35.6,19.8,,19.7,,30.10833,,19.9,,0.0,0.0,0.0,,,20.44733,61,53,17.77596,,,C ,,C ,,,,0.0,-23.90403
2013-01-30 00:00:00.0,28.21111,37.9,19.0,,19.0,,30.88889,,19.1,,0.0,0.0,0.0,,,20.62614,59,48,17.90624,,,C ,,C ,,,,0.0,-23.90403
2013-01-31 00:00:00.0,25.19792,29.0,20.8,,20.7,,29.47846,,20.8,,0.0,0.0,0.0,,,23.13049,75,70,19.78445,,,C ,,C ,,,,0.0,-23.90403
2013-02-01 00:00:00.0,27.97361,39.4,17.7,,17.4,,29.88126,,17.4,,3.5,3.25,3.0,,,24.14491,67,55,20.43865,,,C ,,C ,,,,0.0,-23.57203
2013-02-02 00:00:00.0,25.78819,32.8,20.2,,20.0,,29.62708,,20.1,,0.0,0.25,0.25,,,21.84262,71,65,18.73483,,,C ,,C ,,,,0.0,-23.90403
2013-02-03 00:00:00.0,21.73889,30.2,12.9,,12.8,,28.25694,,13.1,,0.0,0.0,0.0,,,12.80824,56,47,10.46589,,,C ,,C ,,,,0.0,-16.35101
2013-02-04 00:00:00.0,20.03402,29.3,11.1,,10.9,,28.08125,,11.3,,0.0,0.0,0.0,,,13.08884,60,51,10.8806,,,C ,,C ,,,,0.0,-14.35901
2013-02-05 00:00:00.0,22.55277,31.6,13.1,,12.9,,28.65,,13.3,,0.0,0.0,0.0,,,16.16054,64,53,14.09116,,,C ,,C ,,,,0.0,-17.67902
2013-02-06 00:00:00.0,23.71319,32.0,16.2,,15.8,,29.34027,,16.2,,0.0,0.0,0.0,,,18.19676,67,57,15.92393,,,C ,,C ,,,,0.0,-21.08202
2013-02-07 00:00:00.0,24.55,32.7,15.9,,15.6,,30.00972,,16.0,,0.0,0.0,0.0,,,19.60571,68,57,17.06887,,,C ,,C ,,,,0.0,-22.24403
2013-02-08 00:00:00.0,26.15278,34.4,19.0,,18.9,,30.72986,,19.0,,0.0,0.0,0.0,,,20.98022,66,57,18.18483,,,C ,,C ,,,,0.0,-23.90403
2013-02-09 00:00:00.0,26.42014,34.9,19.1,,19.0,,31.13611,,19.1,,0.0,0.0,0.0,,,21.25361,66,56,18.32269,,,C ,,C ,,,,0.0,-23.90403
2013-02-10 00:00:00.0,26.87778,36.1,22.7,,22.6,,31.60139,,22.7,,3.5,0.0,0.0,,,23.47918,70,61,20.057,,,C ,,C ,,,,0.0,-23.90403
2013-02-11 00:00:00.0,25.95,34.2,19.0,,18.9,,30.74861,,19.0,,0.0,3.5,3.0,,,22.06231,69,63,19.03238,,,C ,,C ,,,,0.0,-23.90403
2013-02-12 00:00:00.0,27.57639,37.2,20.4,,20.4,,30.69027,,20.6,,2.5,0.5,0.25,,,22.79418,68,61,19.48101,,,C ,,C ,,,,0.0,-23.90403
2013-02-13 00:00:00.0,24.21806,30.9,20.1,,19.1,,29.0125,,20.0,,0.0,2.0,1.25,,,22.65075,79,75,19.45766,,,C ,,C ,,,,0.0,-23.90403
2013-02-14 00:00:00.0,25.10833,35.6,18.0,,18.0,,28.80556,,18.0,,0.0,0.0,0.0,,,21.8687,72,64,18.88161,,,C ,,C ,,,,0.0,-23.90403
2013-02-15 00:00:00.0,26.30625,35.5,18.2,,17.6,,30.2743,,18.0,,0.0,0.0,0.0,,,21.50707,68,59,18.52519,,,C ,,C ,,,,0.0,-23.90403
2013-02-16 00:00:00.0,26.67223,35.6,20.2,,20.1,,30.94514,,20.2,,6.75,0.75,0.75,,,23.7666,72,64,20.22582,,,C ,,C ,,,,0.0,-23.90403
2013-02-17 00:00:00.0,24.72222,31.1,20.8,,20.5,,29.02014,,20.6,,0.0,6.0,4.75,,,20.51863,70,62,17.678,,,C ,,C ,,,,0.0,-23.90403
2013-02-18 00:00:00.0,21.38612,29.0,15.7,,15.7,,26.81251,,15.8,,11.0,0.0,0.0,,,12.90164,54,50,10.60204,,,C ,,C ,,,,0.0,-21.33103
2013-02-19 00:00:00.0,16.68403,20.7,13.7,,12.7,,24.19236,,12.8,,3.0,14.0,1.5,,,16.25492,88,86,14.24343,,,C ,,C ,,,,0.0,-8.632004
2013-02-20 00:00:00.0,19.91597,26.4,17.0,,17.0,,23.95486,,16.9,,51.0,11.5,6.25,,,19.62127,83,83,17.08369,,,C ,,C ,,,,0.0,-21.33102
2013-02-21 00:00:00.0,21.75972,29.3,17.1,,17.1,,24.56111,,17.1,,0.0,39.5,13.0,,,20.1251,81,78,17.53479,,,C ,,C ,,,,0.0,-21.58003
2013-02-22 00:00:00.0,21.71041,28.8,15.5,,15.6,,25.25834,,15.5,,0.0,0.0,0.0,,,20.0864,78,73,17.56005,,,C ,,C ,,,,0.0,-20.00302
2013-02-23 00:00:00.0,22.75695,30.0,18.2,,18.1,,24.86181,,18.2,,18.25,0.0,0.0,,,21.03931,73,72,18.25554,,,C ,,C ,,,,0.0,-23.90403
2013-02-24 00:00:00.0,24.27501,29.2,20.8,,20.7,,25.5368,,20.9,,0.0,18.25,10.0,,,22.51255,79,80,19.26716,,,C ,,C ,,,,0.0,-23.90403
2013-02-25 00:00:00.0,19.01597,24.1,13.3,,13.3,,23.91459,,13.2,,0.0,0.0,0.0,,,14.20258,70,66,12.14789,,,C ,,C ,,,,0.0,-13.03101
2013-02-26 00:00:00.0,16.32778,23.4,9.0,,9.0,,22.93263,,8.8,,0.0,0.0,0.0,,,11.67523,69,64,9.190629,,,C ,,C ,,,,0.0,-6.058996
2013-02-27 00:00:00.0,17.64514,27.9,7.7,,7.8,,23.33125,,8.0,,0.0,0.0,0.0,,,12.0676,64,48,9.632763,,,C ,,C ,,,,0.0,-9.379
2013-02-28 00:00:00.0,20.36806,29.0,13.1,,12.9,,24.37986,,13.0,,0.0,0.0,0.0,,,16.41051,70,65,14.33115,,,C ,,C ,,,,0.0,-16.68302
2013-03-01 00:00:00.0,22.35972,30.2,16.6,,16.5,,25.26598,,16.5,,36.0,0.0,0.0,,,19.45402,70,63,16.99606,,,C ,,C ,,,,0.0,-20.50102
2013-03-02 00:00:00.0,22.225,25.7,18.4,,18.5,,24.56944,,18.1,,0.0,36.0,15.0,,,20.15346,83,81,17.5103,,,C ,,C ,,,,0.0,-22.24403
2013-03-03 00:00:00.0,18.22916,23.5,14.3,,14.2,,22.70972,,14.1,,0.0,0.0,0.0,,,16.3937,82,76,14.37357,,,C ,,C ,,,,0.0,-12.45001
2013-03-04 00:00:00.0,16.71944,24.2,9.9,,10.1,,22.35348,,10.0,,0.0,0.0,0.0,,,13.53154,75,71,11.42186,,,C ,,C ,,,,0.0,-7.635998
2013-03-05 00:00:00.0,18.29375,27.5,11.0,,10.7,,23.03611,,11.0,,0.0,0.0,0.0,,,14.06552,70,64,11.98838,,,C ,,C ,,,,0.0,-10.707
2013-03-06 00:00:00.0,20.69653,30.4,13.4,,13.2,,23.62777,,13.3,,0.0,0.0,0.0,,,17.81629,72,67,15.60336,,,C ,,C ,,,,0.0,-16.60001
2013-03-07 00:00:00.0,23.02083,31.2,13.4,,13.2,,24.74028,,13.4,,0.0,0.0,0.0,,,17.5158,66,60,15.28407,,,C ,,C ,,,,0.0,-19.33902
2013-03-08 00:00:00.0,24.17084,32.3,18.1,,17.6,,25.60556,,17.8,,5.75,0.0,0.0,,,21.91878,74,67,18.92891,,,C ,,C ,,,,0.0,-23.90403
2013-03-09 00:00:00.0,24.01111,30.9,19.2,,18.4,,25.80556,,18.3,,8.0,13.75,6.25,,,24.85149,85,81,20.83263,,,C ,,C ,,,,0.0,-23.90403
2013-03-10 00:00:00.0,21.29862,26.9,16.6,,15.9,,24.43611,,16.4,,0.0,0.0,0.0,,,17.01179,74,64,14.75044,,,C ,,C ,,,,0.0,-17.43002
2013-03-11 00:00:00.0,17.10348,26.5,9.1,,9.8,,22.62847,,9.9,,1.0,1.0,1.0,,,15.0869,79,70,12.92291,,,C ,,C ,,,,0.0,-9.213001
2013-03-12 00:00:00.0,18.37083,25.3,13.5,,13.4,,22.45348,,13.5,,0.0,0.0,0.0,,,14.2442,72,66,12.17204,,,C ,,C ,,,,0.0,-11.454
2013-03-13 00:00:00.0,15.03541,21.1,10.6,,10.4,,21.17015,,10.6,,0.25,0.0,0.0,,,13.47429,83,78,11.37066,,,C ,,C ,,,,0.0,-1.245
2013-03-14 00:00:00.0,13.7375,21.6,6.8,,6.2,,20.32569,,6.2,,0.0,0.25,0.25,,,10.95298,71,63,8.244976,,,C ,,C ,,,,0.166,-2.49
2013-03-15 00:00:00.0,15.32153,21.8,10.6,,10.5,,20.89166,,10.7,,0.0,0.0,0.0,,,12.23809,76,74,9.927059,,,C ,,C ,,,,0.0,-2.904997
2013-03-16 00:00:00.0,13.10278,22.4,4.3,,3.9,,20.12917,,3.8,,0.0,0.0,0.0,,,10.35006,73,63,7.406196,,,C ,,C ,,,,6.307997,1.161999
2013-03-17 00:00:00.0,13.33958,22.4,5.4,,5.0,,20.04792,,5.0,,0.0,0.0,0.0,,,11.50896,75,68,8.941474,,,C ,,C ,,,,4.149999,-0.9960006
2013-03-18 00:00:00.0,17.50347,25.9,11.9,,12.0,,21.11458,,12.2,,0.0,0.0,0.0,,,14.80825,75,67,12.80012,,,C ,,C ,,,,0.0,-11.288
2013-03-19 00:00:00.0,18.65208,25.4,13.1,,12.9,,21.32153,,13.0,,0.0,0.0,0.0,,,18.17674,82,77,15.91223,,,C ,,C ,,,,0.0,-16.68302
2013-03-20 00:00:00.0,19.35139,23.1,17.4,,17.4,,21.675,,17.4,,2.0,2.0,0.75,,,20.66523,94,95,18.01532,,,C ,,C ,,,,0.0,-21.08203
2013-03-21 00:00:00.0,21.02847,27.6,17.3,,17.0,,22.09791,,17.2,,0.0,0.0,0.0,,,18.15531,76,72,15.81143,,,C ,,C ,,,,0.0,-17.76202
2013-03-22 00:00:00.0,18.11806,27.8,8.5,,8.4,,21.52153,,8.8,,0.0,0.0,0.0,,,13.35467,68,60,11.1633,,,C ,,C ,,,,0.0,-11.039
2013-03-23 00:00:00.0,19.56181,26.9,16.1,,15.7,,22.16875,,16.0,,4.0,4.0,2.5,,,19.04492,84,82,16.69738,,,C ,,C ,,,,0.0,-18.34302
2013-03-24 00:00:00.0,20.87292,29.4,14.7,,14.6,,22.3625,,14.6,,9.5,0.0,0.0,,,18.77709,78,70,16.48605,,,C ,,C ,,,,0.0,-17.67902
2013-03-25 00:00:00.0,20.51389,28.3,15.6,,15.5,,22.65694,,15.4,,0.0,9.5,6.75,,,18.00124,79,76,15.802,,,C ,,C ,,,,0.0,-16.93202
2013-03-26 00:00:00.0,18.44375,26.4,12.1,,11.8,,22.0507,,12.0,,0.0,0.0,0.0,,,13.88778,73,68,11.68594,,,C ,,C ,,,,0.0,-10.043
2013-03-27 00:00:00.0,16.51319,26.4,9.1,,8.6,,21.4625,,8.7,,0.25,0.0,0.0,,,14.15705,79,77,12.03175,,,C ,,C ,,,,0.0,-6.308
2013-03-28 00:00:00.0,18.17431,27.5,9.5,,9.0,,21.35,,9.1,,0.0,0.25,0.25,,,14.52642,74,67,12.47131,,,C ,,C ,,,,0.0,-10.043
2013-03-29 00:00:00.0,19.93264,29.2,12.8,,12.4,,21.6125,,12.7,,0.0,0.0,0.0,,,16.92623,74,68,14.82925,,,C ,,C ,,,,0.0,-15.02301
2013-03-30 00:00:00.0,21.2132,30.0,14.0,,13.7,,22.20139,,13.8,,0.0,0.0,0.0,,,18.59284,75,69,16.24743,,,C ,,C ,,,,0.0,-17.26402
2013-03-31 00:00:00.0,22.65208,32.9,17.3,,17.2,,23.10902,,17.2,,0.0,0.0,0.0,,,21.90066,82,74,18.93686,,,C ,,C ,,,,0.0,-23.24003
2013-04-01 00:00:00.0,21.49722,25.2,19.4,,19.2,,22.94098,,19.1,,9.75,9.5,4.75,,,22.43819,90,85,19.32879,,,C ,,C ,,,,0.0,-23.90403
2013-04-02 00:00:00.0,20.63542,25.0,18.1,,18.0,,22.6382,,18.0,,0.25,0.5,0.25,,,22.55596,93,93,19.40916,,,C ,,C ,,,,0.0,-23.90403
2013-04-03 00:00:00.0,19.40903,25.1,16.7,,16.4,,22.29444,,16.5,,0.0,0.0,0.0,,,18.85586,88,84,16.55335,,,C ,,C ,,,,0.0,-16.18501
2013-04-04 00:00:00.0,18.00278,26.6,10.2,,9.7,,21.32847,,9.8,,0.0,0.0,0.0,,,15.36556,78,76,13.35478,,,C ,,C ,,,,0.0,-10.126
2013-04-05 00:00:00.0,19.5118,29.2,12.0,,11.6,,20.95833,,11.8,,0.0,0.0,0.0,,,14.67531,69,60,12.63751,,,C ,,C ,,,,0.0,-12.69901
2013-04-06 00:00:00.0,16.31875,21.2,8.7,,8.6,,19.76806,,8.8,,0.0,0.0,0.0,,,10.61454,66,61,7.01008,,,C ,,C ,,,,2.656,-3.319997
2013-04-07 00:00:00.0,12.21875,24.2,1.9,,1.6,,18.27153,,1.9,,0.0,0.0,0.0,,,7.648194,62,52,2.93246,,,C ,,C ,,,,7.303997,2.324
2013-04-08 00:00:00.0,14.94375,27.3,5.7,,5.7,,18.80903,,5.8,,0.0,0.0,0.0,,,9.917201,64,51,6.746327,,,C ,,C ,,,,4.647998,-1.909001
2013-04-09 00:00:00.0,17.2382,26.2,10.2,,9.6,,19.29305,,10.1,,0.0,0.0,0.0,,,12.39535,66,60,10.11273,,,C ,,C ,,,,0.0,-8.881
2013-04-10 00:00:00.0,16.52014,22.4,11.4,,11.3,,19.06597,,11.3,,28.5,0.0,0.0,,,15.99221,82,82,13.89379,,,C ,,C ,,,,0.0,-12.53301
2013-04-11 00:00:00.0,18.42847,21.9,16.2,,16.0,,19.26041,,16.0,,1.75,30.0,7.0,,,18.89567,93,92,16.59027,,,C ,,C ,,,,0.0,-15.18902
2013-04-12 00:00:00.0,16.00833,21.4,11.0,,10.2,,18.64722,,10.8,,0.0,0.25,0.25,,,11.3258,69,62,8.237141,,,C ,,C ,,,,0.0,-4.232996
2013-04-13 00:00:00.0,11.57153,20.9,3.5,,3.2,,16.88889,,3.3,,0.0,0.0,0.0,,,7.896876,64,60,3.497359,,,C ,,C ,,,,7.137997,4.813998
2013-04-14 00:00:00.0,16.52986,27.4,8.1,,7.1,,17.27778,,8.1,,0.0,0.0,0.0,,,10.20522,54,49,7.155541,,,C ,,C ,,,,0.0,-7.469999
2013-04-15 00:00:00.0,18.24583,27.7,11.1,,10.5,,18.28611,,11.0,,0.0,0.0,0.0,,,13.54042,69,65,11.4462,,,C ,,C ,,,,0.0,-8.797998
2013-04-16 00:00:00.0,15.7757,24.4,8.2,,7.8,,18.45208,,8.3,,0.0,0.0,0.0,,,12.9844,78,70,10.7912,,,C ,,C ,,,,0.0,-3.485999
2013-04-17 00:00:00.0,15.85486,25.6,8.2,,7.9,,18.29028,,8.0,,0.25,0.25,0.25,,,13.62276,78,77,11.48584,,,C ,,C ,,,,0.0,-5.063001
2013-04-18 00:00:00.0,18.24583,28.3,10.3,,9.5,,18.47709,,10.1,,0.0,0.0,0.0,,,14.3297,71,69,12.28118,,,C ,,C ,,,,0.0,-10.375
2013-04-19 00:00:00.0,19.12152,29.7,10.8,,10.2,,18.77709,,10.7,,0.0,0.0,0.0,,,15.04435,72,65,13.00551,,,C ,,C ,,,,0.0,-11.86901
2013-04-20 00:00:00.0,19.1368,29.1,9.5,,8.8,,19.05347,,9.1,,0.0,0.0,0.0,,,15.00976,73,69,12.973,,,C ,,C ,,,,0.0,-11.122
2013-04-21 00:00:00.0,19.94167,29.0,12.7,,11.9,,19.43403,,12.5,,0.0,0.0,0.0,,,16.79891,76,71,14.74125,,,C ,,C ,,,,0.0,-14.11001
2013-04-22 00:00:00.0,19.1507,28.3,12.5,,12.2,,19.57153,,12.3,,0.25,0.0,0.0,,,16.93456,79,76,14.8469,,,C ,,C ,,,,0.0,-13.11401
2013-04-23 00:00:00.0,19.87152,28.7,12.8,,12.4,,19.79445,,12.6,,0.0,0.25,0.25,,,17.89838,80,75,15.71103,,,C ,,C ,,,,0.0,-15.35501
2013-04-24 00:00:00.0,20.03958,28.8,12.6,,12.1,,19.94167,,12.6,,0.0,0.0,0.0,,,16.55526,76,71,14.51714,,,C ,,C ,,,,0.0,-14.94001
2013-04-25 00:00:00.0,19.68681,28.4,13.1,,12.6,,19.90903,,12.8,,0.25,0.0,0.0,,,17.68052,80,77,15.54224,,,C ,,C ,,,,0.0,-14.02701
2013-04-26 00:00:00.0,19.9007,28.8,12.6,,12.0,,19.88264,,12.2,,0.0,0.25,0.25,,,16.60275,74,73,14.55902,,,C ,,C ,,,,0.0,-16.10201
2013-04-27 00:00:00.0,20.04306,25.0,16.9,,16.5,,19.88543,,16.7,,40.5,40.25,11.0,,,18.76026,82,82,16.41691,,,C ,,C ,,,,0.0,-21.82903
2013-04-28 00:00:00.0,18.6257,24.9,13.6,,13.4,,19.90833,,13.5,,0.25,0.5,0.25,,,18.25176,90,84,15.91309,,,C ,,C ,,,,0.0,-15.52102
2013-04-29 00:00:00.0,16.22431,23.3,11.5,,11.3,,18.83541,,11.5,,0.0,0.0,0.0,,,15.58312,86,84,13.56226,,,C ,,C ,,,,0.0,-6.058997
2013-04-30 00:00:00.0,16.72361,25.3,10.0,,9.5,,18.79236,,9.6,,0.0,0.0,0.0,,,16.22355,84,82,14.11664,,,C ,,C ,,,,0.0,-8.299999
2013-05-01 00:00:00.0,17.63125,22.3,14.2,,14.0,,18.98265,,14.1,,0.25,0.0,0.0,,,19.1151,92,91,16.72175,,,C ,,C ,,,,0.0,-15.68701
2013-05-02 00:00:00.0,19.62222,23.0,18.3,,18.3,,19.89237,,18.2,,18.25,0.75,0.25,,,22.2532,97,96,19.20064,,,C ,,C ,,,,0.0,-23.90403
2013-05-03 00:00:00.0,18.42223,23.3,13.9,,13.6,,19.98125,,13.7,,2.5,20.0,2.75,,,18.56138,93,90,16.1785,,,C ,,C ,,,,0.0,-11.70301
2013-05-04 00:00:00.0,13.57292,21.3,7.6,,7.4,,18.46528,,7.2,,0.0,0.25,0.25,,,12.88557,86,81,10.66259,,,C ,,C ,,,,0.0,1.328
2013-05-05 00:00:00.0,15.18611,24.2,8.9,,8.3,,17.9625,,8.6,,0.0,0.0,0.0,,,12.18502,77,75,9.836419,,,C ,,C ,,,,0.0,-1.909001
2013-05-06 00:00:00.0,16.6743,26.0,9.5,,9.0,,17.57431,,9.4,,0.0,0.0,0.0,,,14.07431,74,68,11.90056,,,C ,,C ,,,,0.0,-8.797998
2013-05-07 00:00:00.0,12.22777,19.2,4.3,,4.1,,16.56944,,4.2,,0.0,0.0,0.0,,,9.154625,70,68,5.625252,,,C ,,C ,,,,3.983999,6.391001
2013-05-08 00:00:00.0,14.62431,24.0,8.3,,8.2,,15.91944,,8.2,,0.0,0.0,0.0,,,12.28328,71,70,9.784434,,,C ,,C ,,,,0.0,-3.817999
2013-05-09 00:00:00.0,17.31875,25.4,10.3,,10.1,,16.85139,,10.4,,0.0,0.0,0.0,,,14.73849,76,74,12.72625,,,C ,,C ,,,,0.0,-9.877001
2013-05-10 00:00:00.0,18.35764,25.7,12.6,,12.4,,17.48333,,12.6,,1.25,0.0,0.0,,,16.67743,76,74,14.58989,,,C ,,C ,,,,0.0,-15.02301
2013-05-11 00:00:00.0,19.56389,25.0,12.6,,12.0,,18.58472,,12.7,,0.0,1.25,1.0,,,14.70235,74,71,12.40991,,,C ,,C ,,,,0.0,-13.52901
2013-05-12 00:00:00.0,14.50486,24.6,7.5,,7.2,,17.30209,,7.4,,0.0,0.0,0.0,,,12.46131,80,74,10.07828,,,C ,,C ,,,,0.0,0.5810011
2013-05-13 00:00:00.0,14.50278,23.2,9.0,,8.5,,17.10625,,8.7,,0.0,0.0,0.0,,,15.37704,90,87,13.26348,,,C ,,C ,,,,0.0,-3.319999
2013-05-14 00:00:00.0,16.70487,23.6,12.9,,12.6,,17.85833,,12.8,,13.25,5.0,3.75,,,15.628,87,79,13.52176,,,C ,,C ,,,,0.0,-6.224997
2013-05-15 00:00:00.0,8.838196,16.3,4.2,,3.9,,15.82638,,4.0,,0.0,8.25,2.25,,,7.741342,75,65,2.665732,,,C ,,C ,,,,6.639997,20.58402
2013-05-16 00:00:00.0,6.306943,15.0,1.0,,0.6,,13.26319,,0.8,,0.0,0.0,0.0,,,7.130849,77,74,2.070204,,,C ,,C ,,,,14.77401,13.36301
2013-05-17 00:00:00.0,7.383332,16.9,0.9,,0.3,,12.73125,,0.4,,0.0,0.0,0.0,,,7.841269,77,72,3.406598,,,C ,,C ,,,,10.624,9.212998
2013-05-18 00:00:00.0,8.829169,12.2,5.3,,4.6,,12.61457,,5.2,,5.25,5.0,1.0,,,10.79488,93,93,8.035639,,,C ,,C ,,,,3.817999,
2013-05-19 00:00:00.0,11.02986,16.4,8.5,,8.4,,13.63402,,8.3,,0.25,0.25,0.25,,,12.22525,93,89,9.898858,,,C ,,C ,,,,0.0,11.53701
2013-05-20 00:00:00.0,9.108332,16.7,3.6,,3.5,,13.54514,,3.4,,0.0,0.25,0.25,,,10.23543,92,88,7.195987,,,C ,,C ,,,,11.122,16.51701
2013-05-21 00:00:00.0,7.992362,18.0,2.2,,2.0,,12.9382,,2.0,,0.25,0.0,0.0,,,10.3704,94,90,7.215255,,,C ,,C ,,,,10.126,14.94001
2013-05-22 00:00:00.0,10.71181,17.8,4.0,,3.7,,13.26389,,3.6,,0.0,0.25,0.25,,,12.3606,92,91,9.848737,,,C ,,C ,,,,5.311998,7.801995
2013-05-23 00:00:00.0,13.19584,19.3,9.1,,8.5,,14.3125,,8.7,,0.25,0.0,0.0,,,13.74929,92,87,11.64527,,,C ,,C ,,,,0.0,2.572999
2013-05-24 00:00:00.0,12.56875,21.4,6.4,,5.5,,13.88125,,6.3,,0.0,0.25,0.25,,,11.9666,85,83,9.555215,,,C ,,C ,,,,1.992,4.564999
2013-05-25 00:00:00.0,12.42709,20.5,8.0,,7.5,,13.98889,,7.7,,0.25,0.0,0.0,,,13.06262,90,87,10.86767,,,C ,,C ,,,,0.0,3.154002
2013-05-26 00:00:00.0,13.46528,20.6,10.1,,9.8,,14.09444,,10.0,,0.25,0.25,0.25,,,13.75807,90,87,11.66824,,,C ,,C ,,,,0.0,1.078999
2013-05-27 00:00:00.0,13.26736,21.6,4.7,,4.3,,13.99862,,4.4,,0.0,0.25,0.25,,,13.86533,88,86,11.56098,,,C ,,C ,,,,3.319999,-0.4149998
2013-05-28 00:00:00.0,16.12153,19.3,13.9,,13.6,,15.12708,,13.8,,31.0,31.0,13.5,,,18.01743,99,98,15.81034,,,C ,,C ,,,,0.0,-7.718998
2013-05-29 00:00:00.0,14.71389,20.2,12.2,,12.1,,15.07639,,12.2,,0.25,0.25,0.25,,,12.11489,77,74,9.569309,,,C ,,C ,,,,0.0,-2.158
2013-05-30 00:00:00.0,12.1125,21.7,3.8,,3.7,,13.73264,,3.9,,0.0,0.0,0.0,,,9.441231,67,61,6.07444,,,C ,,C ,,,,5.975997,2.904999
2013-05-31 00:00:00.0,15.11874,20.3,11.0,,10.8,,13.74097,,10.9,,0.0,0.0,0.0,,,11.41731,70,68,8.899972,,,C ,,C ,,,,0.0,-3.319999
2013-06-01 00:00:00.0,13.93958,23.2,4.4,,3.9,,13.53125,,3.8,,0.0,0.0,0.0,,,11.21346,74,71,8.539151,,,C ,,C ,,,,4.149999,-0.7469997
2013-06-02 00:00:00.0,11.05,15.3,5.3,,4.9,,12.90486,,5.5,,0.0,0.0,0.0,,,9.388721,76,77,6.016552,,,C ,,C ,,,,1.494,13.44601
2013-06-03 00:00:00.0,12.80903,22.2,6.7,,6.2,,12.65625,,6.6,,0.0,0.0,0.0,,,9.908021,66,60,6.794583,,,C ,,C ,,,,0.332,1.411
2013-06-04 00:00:00.0,15.38264,24.5,9.4,,8.8,,13.3743,,9.2,,0.0,0.0,0.0,,,11.58462,71,68,9.089538,,,C ,,C ,,,,0.0,-1.577001
2013-06-05 00:00:00.0,14.74166,26.6,8.5,,8.0,,13.60208,,8.2,,0.0,0.0,0.0,,,11.16629,71,64,8.378016,,,C ,,C ,,,,0.0,-0.2490006
2013-06-06 00:00:00.0,9.783333,16.9,4.0,,3.7,,12.89653,,3.8,,0.0,0.0,0.0,,,9.229122,81,81,5.779646,,,C ,,C ,,,,8.133996,16.01901
2013-06-07 00:00:00.0,10.96736,20.0,5.4,,4.9,,12.37083,,5.3,,0.0,0.0,0.0,,,10.40956,79,76,7.487844,,,C ,,C ,,,,4.979998,8.134
2013-06-08 00:00:00.0,10.60069,18.1,3.5,,2.6,,12.03611,,3.7,,2.0,0.0,0.0,,,8.367725,67,66,4.282332,,,C ,,C ,,,,5.477998,9.462
2013-06-09 00:00:00.0,12.67708,18.4,10.5,,9.8,,12.97778,,9.6,,1.0,3.0,0.75,,,13.71091,93,93,11.62226,,,C ,,C ,,,,0.0,5.229001
2013-06-10 00:00:00.0,13.04306,19.8,9.6,,9.1,,13.67569,,9.5,,0.25,0.25,0.25,,,14.15021,97,95,11.99858,,,C ,,C ,,,,0.0,6.141997
2013-06-11 00:00:00.0,13.7375,24.0,8.3,,8.2,,14.07222,,8.1,,0.0,0.0,0.0,,,15.66075,94,90,13.47357,,,C ,,C ,,,,0.0,-1.327999
2013-06-12 00:00:00.0,17.62292,25.5,13.0,,12.2,,14.81041,,12.7,,0.0,0.0,0.0,,,17.05224,82,80,14.92581,,,C ,,C ,,,,0.0,-13.52901
2013-06-13 00:00:00.0,20.06319,28.3,14.4,,13.9,,16.06945,,14.3,,0.0,0.0,0.0,,,19.45154,84,85,17.00128,,,C ,,C ,,,,0.0,-17.09801
2013-06-14 00:00:00.0,13.2125,19.1,7.7,,7.3,,15.11945,,7.6,,0.0,0.0,0.0,,,9.902447,74,71,6.660931,,,C ,,C ,,,,1.162,9.877
2013-06-15 00:00:00.0,9.571527,17.0,4.2,,3.8,,13.13681,,4.1,,0.0,0.0,0.0,,,9.95288,82,81,6.74431,,,C ,,C ,,,,8.133996,11.62
2013-06-16 00:00:00.0,9.70625,12.6,7.2,,6.7,,12.76458,,6.9,,2.75,2.75,0.75,,,11.23152,98,100,8.599537,,,C ,,C ,,,,3.485999,16.60002
2013-06-17 00:00:00.0,7.740971,15.9,1.7,,1.1,,11.61875,,1.7,,0.25,0.25,0.25,,,8.947861,86,82,5.275727,,,C ,,C ,,,,13.77801,15.27202
2013-06-18 00:00:00.0,9.172915,17.4,3.8,,3.1,,11.48194,,3.4,,0.0,0.0,0.0,,,10.14254,87,80,6.713904,,,C ,,C ,,,,10.956,14.19301
2013-06-19 00:00:00.0,5.003473,12.6,-1.9,,-2.5,,10.38958,,-2.0,,0.0,0.0,0.0,,,5.272295,67,64,-2.05113,,,C ,,C ,,,,16.26801,11.45401
2013-06-20 00:00:00.0,4.158334,14.3,-3.0,,-3.3,,9.402778,,-2.8,,0.0,0.0,0.0,,,6.081173,78,75,-0.1416185,,,C ,,C ,,,,16.10201,8.880999
2013-06-21 00:00:00.0,5.452083,16.3,-3.1,,-3.5,,9.072917,,-3.1,,0.0,0.0,0.0,,,6.517437,73,65,0.7630985,,,C ,,C ,,,,11.62,9.046999
2013-06-22 00:00:00.0,8.965972,15.9,3.4,,2.9,,9.774306,,3.4,,0.0,0.0,0.0,,,8.702886,77,77,4.892432,,,C ,,C ,,,,10.956,15.60401
2013-06-23 00:00:00.0,8.049999,14.2,3.3,,2.8,,10.04167,,3.4,,0.0,0.0,0.0,,,8.150761,79,74,4.004272,,,C ,,C ,,,,12.61601,17.34702
2013-06-24 00:00:00.0,8.856251,16.8,3.5,,2.5,,10.12639,,3.5,,0.0,0.0,0.0,,,9.246699,84,79,5.779679,,,C ,,C ,,,,11.454,15.52101
2013-06-25 00:00:00.0,5.102083,10.1,1.0,,0.8,,9.679167,,0.8,,0.0,0.0,0.0,,,8.544785,99,100,4.371439,,,C ,,C ,,,,16.26801,
2013-06-26 00:00:00.0,7.180556,19.1,-0.7,,-1.0,,9.640277,,-1.1,,0.25,0.25,0.25,,,9.406301,83,78,5.597635,,,C ,,C ,,,,8.797997,1.328
2013-06-27 00:00:00.0,11.7125,18.2,4.5,,4.3,,10.42014,,4.5,,0.0,0.0,0.0,,,10.81657,79,78,8.078489,,,C ,,C ,,,,1.992,7.386996
2013-06-28 00:00:00.0,12.26805,16.0,9.6,,8.8,,11.25764,,9.1,,0.25,0.0,0.0,,,13.18441,94,95,11.00304,,,C ,,C ,,,,0.0,7.968006
2013-06-29 00:00:00.0,10.78182,19.3,4.1,,3.0,,10.98881,,3.4,,0.0,0.25,0.25,,,8.340165,73,69,4.14396,,,C ,,C ,,,,9.794,10.375
2013-06-30 00:00:00.0,7.544446,17.4,0.3,,-0.2,,9.874998,,0.4,,0.0,0.0,0.0,,,7.59688,72,70,2.912317,,,C ,,C ,,,,10.292,14.02701
2013-07-01 00:00:00.0,11.00972,20.3,5.2,,4.5,,10.33819,,5.1,,0.0,0.0,0.0,,,9.26794,71,69,5.835871,,,C ,,C ,,,,6.473997,7.138
2013-07-02 00:00:00.0,13.07222,21.4,5.7,,5.2,,10.7375,,5.6,,0.0,0.0,0.0,,,8.141552,56,51,3.967037,,,C ,,C ,,,,0.996,0.7470005
2013-07-03 00:00:00.0,15.03125,23.8,7.5,,7.2,,11.54792,,7.4,,0.0,0.0,0.0,,,13.88639,78,79,11.44166,,,C ,,C ,,,,0.0,-4.398999
2013-07-04 00:00:00.0,17.33959,22.8,13.3,,12.4,,13.36458,,13.1,,0.0,0.0,0.0,,,17.36393,90,91,15.2669,,,C ,,C ,,,,0.0,-10.209
2013-07-05 00:00:00.0,15.16042,18.3,13.8,,12.8,,14.01666,,13.5,,0.25,0.0,0.0,,,16.9861,99,97,14.92953,,,C ,,C ,,,,0.0,-2.821999
2013-07-06 00:00:00.0,13.74722,15.0,10.1,,9.8,,14.08749,,9.9,,0.0,0.25,0.25,,,14.08985,92,92,11.8825,,,C ,,C ,,,,0.0,3.485998
2013-07-07 00:00:00.0,8.293056,13.3,2.6,,2.1,,12.30139,,2.4,,0.0,0.0,0.0,,,8.648028,87,85,4.838919,,,C ,,C ,,,,12.94801,19.17302
2013-07-08 00:00:00.0,6.7625,15.8,-0.5,,-1.6,,10.72569,,-1.2,,0.0,0.0,0.0,,,7.390219,77,70,2.545295,,,C ,,C ,,,,12.61601,9.544999
2013-07-09 00:00:00.0,7.447919,9.7,4.9,,4.1,,10.25416,,4.8,,21.25,21.0,4.25,,,10.67889,97,99,7.828623,,,C ,,C ,,,,5.145998,
2013-07-10 00:00:00.0,12.30139,15.0,9.7,,9.7,,11.74444,,9.6,,23.25,1.0,0.5,,,15.20837,100,99,13.12894,,,C ,,C ,,,,0.0,3.817998
2013-07-11 00:00:00.0,16.47291,18.7,13.3,,13.2,,14.13124,,13.1,,6.5,28.75,9.75,,,18.41205,100,100,16.09999,,,C ,,C ,,,,0.0,-8.964005
2013-07-12 00:00:00.0,12.06111,13.4,10.1,,10.8,,13.77778,,10.3,,0.0,0.25,0.25,,,13.49594,99,97,11.40429,,,C ,,C ,,,,0.0,8.715008
2013-07-13 00:00:00.0,12.79792,18.1,9.9,,9.6,,13.60486,,9.8,,0.0,0.0,0.0,,,13.14606,90,86,11.01795,,,C ,,C ,,,,0.0,5.229001
2013-07-14 00:00:00.0,10.18264,13.4,6.5,,5.7,,12.60556,,6.4,,0.0,0.0,0.0,,,9.954075,86,80,6.80501,,,C ,,C ,,,,4.481998,15.77002
2013-07-15 00:00:00.0,8.379167,18.1,0.9,,0.2,,11.10069,,0.8,,0.0,0.0,0.0,,,7.869559,70,66,3.476027,,,C ,,C ,,,,8.133996,7.304002
2013-07-16 00:00:00.0,13.50278,22.7,5.6,,4.8,,11.72986,,5.8,,0.0,0.0,0.0,,,12.39052,78,80,9.894826,,,C ,,C ,,,,4.315999,-0.4980012
2013-07-17 00:00:00.0,16.50972,24.5,10.7,,10.2,,13.17014,,10.6,,0.0,0.0,0.0,,,15.6934,85,83,13.65499,,,C ,,C ,,,,0.0,-6.971999
2013-07-18 00:00:00.0,9.922916,15.6,3.1,,2.5,,12.67292,,3.1,,0.0,0.0,0.0,,,8.323729,79,79,3.955105,,,C ,,C ,,,,8.631997,15.27201
2013-07-19 00:00:00.0,4.541667,11.6,0.5,,0.4,,10.7,,0.7,,0.0,0.0,0.0,,,6.901373,82,78,1.657248,,,C ,,C ,,,,16.76601,
2013-07-20 00:00:00.0,7.221527,14.9,3.0,,2.2,,10.21458,,2.9,,0.0,0.0,0.0,,,7.9849,81,76,3.68022,,,C ,,C ,,,,14.94001,18.92402
2013-07-21 00:00:00.0,2.840973,8.1,-1.7,,-1.8,,8.86111,,-1.7,,0.5,0.5,0.25,,,6.875851,92,90,1.489796,,,C ,,C ,,,,22.74203,
2013-07-22 00:00:00.0,4.0625,6.7,1.5,,1.2,,8.095842,,1.3,,0.0,0.0,0.0,,,7.644531,91,90,3.108046,,,C ,,C ,,,,,
2013-07-23 00:00:00.0,5.224306,13.0,-2.9,,-2.9,,8.329865,,-2.8,,0.0,0.0,0.0,,,6.047489,73,69,-0.2781076,,,C ,,C ,,,,15.93601,14.11002
2013-07-24 00:00:00.0,5.788194,14.0,-1.4,,-2.2,,8.7625,,-1.4,,0.0,0.0,0.0,,,7.007343,81,79,1.818425,,,C ,,C ,,,,15.43801,10.62401
2013-07-25 00:00:00.0,7.365278,16.8,0.9,,0.2,,8.535416,,0.7,,0.0,0.0,0.0,,,6.926749,66,62,1.720434,,,C ,,C ,,,,8.797997,8.549001
2013-07-26 00:00:00.0,9.260416,16.8,2.8,,2.5,,8.855556,,2.6,,0.0,0.0,0.0,,,8.260299,71,67,4.109352,,,C ,,C ,,,,7.469996,12.86501
2013-07-27 00:00:00.0,13.35556,22.2,7.6,,6.9,,10.3507,,7.6,,0.0,0.0,0.0,,,10.74954,75,74,8.012168,,,C ,,C ,,,,0.498,3.485998
2013-07-28 00:00:00.0,11.36666,22.7,2.5,,1.6,,10.71736,,2.0,,0.0,0.0,0.0,,,10.49297,79,74,7.510353,,,C ,,C ,,,,7.137997,4.315999
2013-07-29 00:00:00.0,12.70833,22.7,4.7,,3.7,,11.27222,,4.4,,0.0,0.0,0.0,,,11.86737,82,77,9.370014,,,C ,,C ,,,,4.647998,3.817999
2013-07-30 00:00:00.0,14.73264,22.1,9.9,,9.5,,12.01042,,9.8,,0.0,0.0,0.0,,,14.32364,83,78,12.26775,,,C ,,C ,,,,0.0,-5.478003
2013-07-31 00:00:00.0,18.45833,26.4,14.5,,14.2,,13.73611,,14.4,,0.0,0.0,0.0,,,16.99689,81,78,14.91891,,,C ,,C ,,,,0.0,-13.28001
2013-08-01 00:00:00.0,11.91041,16.3,9.9,,9.6,,13.45903,,9.5,,2.75,2.75,0.75,,,12.83551,98,99,10.63369,,,C ,,C ,,,,0.0,9.87701
2013-08-02 00:00:00.0,9.730556,14.2,5.4,,5.2,,12.39236,,5.6,,0.25,0.0,0.0,,,9.977433,89,87,6.872686,,,C ,,C ,,,,5.311998,16.51702
2013-08-03 00:00:00.0,7.083333,15.8,0.2,,-0.4,,11.17361,,-0.4,,0.0,0.25,0.25,,,9.200848,88,84,5.518812,,,C ,,C ,,,,9.129998,10.54101
2013-08-04 00:00:00.0,10.14722,19.7,2.1,,1.2,,11.56667,,1.5,,0.0,0.0,0.0,,,10.2626,82,78,7.215147,,,C ,,C ,,,,6.805997,8.549001
2013-08-05 00:00:00.0,13.17222,23.2,7.6,,7.5,,12.06945,,7.6,,0.0,0.0,0.0,,,10.0331,72,67,6.548548,,,C ,,C ,,,,1.992,5.560999
2013-08-06 00:00:00.0,11.15347,21.5,2.4,,1.8,,11.54652,,2.6,,0.0,0.0,0.0,,,7.494327,58,55,2.726623,,,C ,,C ,,,,7.801996,4.315999
2013-08-07 00:00:00.0,15.41945,24.5,9.2,,8.8,,12.44306,,9.1,,0.0,0.0,0.0,,,12.14512,67,65,9.47726,,,C ,,C ,,,,0.0,-4.814001
2013-08-08 00:00:00.0,12.43056,16.8,7.4,,6.7,,12.64514,,7.1,,0.0,0.0,0.0,,,7.936473,62,57,3.500838,,,C ,,C ,,,,3.983999,9.129998
2013-08-09 00:00:00.0,7.165277,15.3,0.9,,0.4,,11.0743,,0.8,,0.0,0.0,0.0,,,6.357545,70,66,0.4676386,,,C ,,C ,,,,14.77401,12.36701
2013-08-10 00:00:00.0,6.996528,16.0,-0.2,,-1.3,,10.12778,,-0.3,,0.0,0.0,0.0,,,6.545267,65,53,0.8268051,,,C ,,C ,,,,8.631997,8.963998
2013-08-11 00:00:00.0,10.26944,16.9,5.6,,5.1,,10.27292,,5.4,,0.0,0.0,0.0,,,7.199039,58,57,2.236254,,,C ,,C ,,,,6.971997,10.624
2013-08-12 00:00:00.0,10.46667,17.3,5.0,,4.6,,10.81667,,4.8,,0.0,0.0,0.0,,,9.011758,76,73,5.37412,,,C ,,C ,,,,8.299996,13.03101
2013-08-13 00:00:00.0,4.990277,11.5,-1.2,,-1.5,,9.954861,,-1.2,,0.0,0.0,0.0,,,5.418301,71,67,-1.721671,,,C ,,C ,,,,16.26801,
2013-08-14 00:00:00.0,5.370138,15.5,-2.2,,-2.9,,9.177778,,-2.2,,0.0,0.0,0.0,,,5.423079,63,52,-1.708433,,,C ,,C ,,,,13.44601,8.382998
2013-08-15 00:00:00.0,8.491666,16.2,1.7,,0.8,,9.256947,,1.5,,0.0,0.0,0.0,,,5.732663,53,46,-0.881844,,,C ,,C ,,,,10.458,14.19301
2013-08-16 00:00:00.0,9.240276,20.0,1.7,,1.2,,9.570139,,1.5,,0.0,0.0,0.0,,,6.404505,61,56,0.5802274,,,C ,,C ,,,,11.62,7.469996
2013-08-17 00:00:00.0,8.958332,17.3,1.5,,0.4,,9.765275,,1.5,,0.0,0.0,0.0,,,6.740838,63,57,1.22895,,,C ,,C ,,,,10.624,12.284
2013-08-18 00:00:00.0,11.32014,20.6,4.6,,4.3,,10.40417,,4.5,,0.0,0.0,0.0,,,9.995453,72,69,6.817762,,,C ,,C ,,,,7.469996,3.900999
2013-08-19 00:00:00.0,16.22291,26.8,10.5,,9.9,,11.97639,,10.3,,0.0,0.0,0.0,,,13.42458,73,68,11.32309,,,C ,,C ,,,,0.0,-5.478
2013-08-20 00:00:00.0,18.29653,27.8,10.6,,9.5,,13.30347,,10.5,,2.5,2.25,1.25,,,14.92456,74,67,12.87481,,,C ,,C ,,,,0.0,-10.126
2013-08-21 00:00:00.0,18.59097,26.2,12.7,,12.4,,14.89445,,12.5,,0.25,0.25,0.25,,,18.14495,87,85,15.92029,,,C ,,C ,,,,0.0,-12.03501
2013-08-22 00:00:00.0,10.74444,17.3,5.0,,4.4,,13.3632,,5.0,,0.0,0.25,0.25,,,5.908982,53,50,-1.055616,,,C ,,C ,,,,7.801996,14.11001
2013-08-23 00:00:00.0,4.438889,12.1,-2.5,,-2.7,,10.67986,,-2.6,,0.0,0.0,0.0,,,5.182732,62,55,-2.373991,,,C ,,C ,,,,13.94401,
2013-08-24 00:00:00.0,6.179167,14.4,-1.3,,-1.4,,10.47847,,-1.2,,0.0,0.0,0.0,,,6.904249,75,66,1.636285,,,C ,,C ,,,,12.78201,12.45001
2013-08-25 00:00:00.0,6.055556,13.4,-0.1,,-0.7,,10.26111,,-0.3,,0.0,0.0,0.0,,,5.804265,67,61,-0.8918567,,,C ,,C ,,,,14.77401,11.78601
2013-08-26 00:00:00.0,4.518751,12.0,-3.0,,-3.6,,9.586806,,-3.1,,0.0,0.0,0.0,,,5.25914,67,58,-2.081058,,,C ,,C ,,,,15.10601,
2013-08-27 00:00:00.0,5.756945,14.7,-3.7,,-3.7,,9.485418,,-3.5,,0.0,0.0,0.0,,,6.448282,68,60,0.5772071,,,C ,,C ,,,,7.967996,6.308003
2013-08-28 00:00:00.0,14.06666,22.0,7.9,,7.8,,11.03889,,7.8,,0.0,0.0,0.0,,,8.255231,51,48,4.187728,,,C ,,C ,,,,0.0,-2.821999
2013-08-29 00:00:00.0,16.46181,25.5,5.5,,5.3,,12.19792,,5.5,,0.0,0.0,0.0,,,8.673718,50,51,4.882433,,,C ,,C ,,,,1.494,-5.643998
2013-08-30 00:00:00.0,16.8875,27.7,7.2,,6.8,,12.82638,,7.1,,0.0,0.0,0.0,,,9.467104,52,47,6.128758,,,C ,,C ,,,,0.0,-5.893
2013-08-31 00:00:00.0,18.36459,28.5,9.2,,8.8,,13.87431,,9.3,,0.0,0.0,0.0,,,11.20251,56,50,8.616116,,,C ,,C ,,,,0.0,-10.79
2013-09-01 00:00:00.0,19.09653,30.1,8.6,,7.6,,14.86737,,8.5,,0.0,0.0,0.0,,,12.18326,61,51,9.826994,,,C ,,C ,,,,0.0,-10.126
2013-09-02 00:00:00.0,16.86111,23.6,11.4,,10.9,,15.13889,,11.2,,0.0,0.0,0.0,,,11.14963,64,57,8.481609,,,C ,,C ,,,,0.0,-6.307995
2013-09-03 00:00:00.0,10.71597,16.1,4.6,,4.5,,13.91806,,4.6,,0.0,0.0,0.0,,,7.654716,65,58,3.077483,,,C ,,C ,,,,4.813998,13.36301
2013-09-04 00:00:00.0,8.872917,17.2,1.2,,0.6,,12.74653,,0.8,,0.0,0.0,0.0,,,8.057177,71,69,3.806273,,,C ,,C ,,,,7.967996,9.379003
2013-09-05 00:00:00.0,12.58958,17.7,9.0,,8.6,,12.89861,,8.8,,0.0,0.0,0.0,,,9.971948,67,67,6.882852,,,C ,,C ,,,,0.0,4.897
2013-09-06 00:00:00.0,17.35069,29.0,8.8,,8.3,,14.07222,,8.6,,26.25,0.0,0.0,,,13.06766,66,60,10.85249,,,C ,,C ,,,,0.0,-11.03901
2013-09-07 00:00:00.0,18.3007,21.0,15.1,,14.5,,16.06597,,14.8,,20.25,46.25,16.0,,,19.18379,96,100,16.75861,,,C ,,C ,,,,0.0,-14.52502
2013-09-08 00:00:00.0,17.25069,26.4,10.3,,9.7,,16.09375,,9.8,,0.0,0.25,0.25,,,14.85407,77,73,12.80391,,,C ,,C ,,,,0.0,-8.964003
2013-09-09 00:00:00.0,21.64653,31.9,14.0,,13.6,,17.18612,,13.9,,0.0,0.0,0.0,,,18.99078,68,66,16.46577,,,C ,,C ,,,,0.0,-16.35102
2013-09-10 00:00:00.0,27.37362,35.0,21.1,,20.9,,18.93681,,21.0,,0.0,0.0,0.0,,,19.45657,55,51,17.05547,,,C ,,C ,,,,0.0,-23.90403
2013-09-11 00:00:00.0,27.925,35.6,22.0,,21.7,,19.70418,,21.7,,0.5,0.0,0.0,,,18.68754,55,55,16.40739,,,C ,,C ,,,,0.0,-23.90403
2013-09-12 00:00:00.0,16.32778,22.0,13.1,,12.8,,18.60486,,12.7,,7.0,1.5,0.5,,,16.76449,98,98,14.7041,,,C ,,C ,,,,0.0,-1.743
2013-09-13 00:00:00.0,11.04514,13.3,9.1,,9.1,,16.11736,,9.0,,0.0,6.0,2.0,,,11.75349,93,90,9.305851,,,C ,,C ,,,,0.0,12.61602
2013-09-14 00:00:00.0,9.618054,13.4,6.7,,6.8,,14.70138,,6.7,,0.0,0.0,0.0,,,9.938469,83,83,6.847679,,,C ,,C ,,,,1.826,15.60401
2013-09-15 00:00:00.0,8.779167,12.2,6.0,,6.1,,13.82778,,6.0,,13.0,2.0,0.75,,,10.62955,93,93,7.732511,,,C ,,C ,,,,6.971997,
2013-09-16 00:00:00.0,8.231251,9.7,6.4,,5.8,,12.77084,,6.1,,21.75,32.75,3.0,,,10.50963,100,100,7.66134,,,C ,,C ,,,,7.137997,
2013-09-17 00:00:00.0,7.368056,12.3,3.0,,2.8,,11.93681,,2.8,,0.25,0.25,0.25,,,8.481951,85,84,4.573611,,,C ,,C ,,,,12.61601,
2013-09-18 00:00:00.0,9.950695,19.5,2.9,,2.5,,12.00902,,3.0,,0.0,0.0,0.0,,,6.875831,59,54,1.551019,,,C ,,C ,,,,8.631997,8.216996
2013-09-19 00:00:00.0,13.08542,22.3,4.1,,3.3,,12.62292,,4.0,,0.0,0.0,0.0,,,8.118125,55,48,3.857398,,,C ,,C ,,,,3.817999,0.331999
2013-09-20 00:00:00.0,14.66458,23.6,7.7,,7.0,,13.85903,,7.5,,0.0,0.0,0.0,,,9.807135,63,59,6.650033,,,C ,,C ,,,,0.0,-1.078999
2013-09-21 00:00:00.0,11.03264,17.3,7.3,,6.6,,13.63334,,7.1,,0.25,0.25,0.25,,,10.08957,81,75,7.070295,,,C ,,C ,,,,0.0,12.53301
2013-09-22 00:00:00.0,10.02708,15.4,7.1,,7.0,,13.22153,,7.0,,0.25,0.25,0.25,,,9.683414,83,81,6.469309,,,C ,,C ,,,,3.651999,16.18501
2013-09-23 00:00:00.0,8.777779,16.8,1.3,,0.6,,12.83403,,0.6,,0.0,0.0,0.0,,,7.37914,71,64,2.473594,,,C ,,C ,,,,11.122,12.94801
2013-09-24 00:00:00.0,9.022223,18.3,1.2,,0.9,,12.9,,1.1,,0.0,0.0,0.0,,,7.757473,69,56,3.255693,,,C ,,C ,,,,9.627999,9.129997
2013-09-25 00:00:00.0,10.81111,18.1,4.3,,3.4,,13.16111,,4.0,,0.0,0.0,0.0,,,10.00515,77,72,6.890478,,,C ,,C ,,,,6.639997,6.141995
2013-09-26 00:00:00.0,14.2,21.8,8.1,,7.7,,14.05834,,8.0,,0.0,0.0,0.0,,,10.85041,69,59,8.156332,,,C ,,C ,,,,0.0,-2.407001
2013-09-27 00:00:00.0,15.27847,23.3,8.9,,8.7,,14.74791,,8.8,,0.0,0.0,0.0,,,12.64799,73,68,10.37447,,,C ,,C ,,,,0.0,-5.395001
2013-09-28 00:00:00.0,15.33264,20.4,12.3,,12.0,,15.29584,,12.2,,13.0,0.75,0.5,,,14.08431,86,90,11.99854,,,C ,,C ,,,,0.0,-1.743
2013-09-29 00:00:00.0,9.890278,15.8,4.8,,4.7,,14.4986,,4.5,,0.25,12.5,4.25,,,10.24364,85,87,7.279176,,,C ,,C ,,,,5.975997,13.11401
2013-09-30 00:00:00.0,11.57847,16.3,5.8,,5.5,,14.32708,,5.7,,0.0,0.0,0.0,,,10.85831,82,80,8.156362,,,C ,,C ,,,,1.826,10.20901
2013-10-01 00:00:00.0,11.18403,16.6,7.0,,6.8,,13.95555,,6.8,,0.0,0.0,0.0,,,11.4453,88,87,8.929197,,,C ,,C ,,,,0.0,11.70301
2013-10-02 00:00:00.0,12.08264,21.1,6.1,,5.2,,14.42361,,5.4,,0.0,0.0,0.0,,,12.34162,85,80,9.95261,,,C ,,C ,,,,4.315999,3.900999
2013-10-03 00:00:00.0,14.77917,22.4,10.3,,10.1,,15.50417,,10.2,,0.0,0.0,0.0,,,13.57168,81,77,11.48719,,,C ,,C ,,,,0.0,-4.814001
2013-10-04 00:00:00.0,15.97222,22.3,11.5,,11.3,,16.52014,,11.4,,0.0,0.0,0.0,,,12.53121,75,67,10.18922,,,C ,,C ,,,,0.0,-5.228994
2013-10-05 00:00:00.0,14.45764,22.8,6.6,,6.1,,16.65764,,6.4,,0.25,0.0,0.0,,,11.95737,76,69,9.519464,,,C ,,C ,,,,0.996,-1.494002
2013-10-06 00:00:00.0,16.61597,25.3,8.5,,8.0,,17.28612,,8.2,,0.0,0.25,0.25,,,12.54438,70,60,10.24773,,,C ,,C ,,,,0.0,-7.636
2013-10-07 00:00:00.0,17.5,26.0,9.2,,8.8,,17.49514,,9.1,,0.0,0.0,0.0,,,11.32252,61,48,8.720244,,,C ,,C ,,,,0.0,-9.379
2013-10-08 00:00:00.0,18.97986,27.6,11.7,,11.4,,17.94375,,11.6,,0.0,0.0,0.0,,,14.23485,65,56,12.17065,,,C ,,C ,,,,0.0,-14.60801
2013-10-09 00:00:00.0,20.5986,28.2,16.6,,16.4,,18.60834,,16.5,,9.75,9.75,3.5,,,16.62971,73,65,14.42293,,,C ,,C ,,,,0.0,-18.59202
2013-10-10 00:00:00.0,19.91875,27.3,14.3,,14.0,,19.74027,,14.1,,0.0,0.0,0.0,,,18.74797,80,72,16.42949,,,C ,,C ,,,,0.0,-17.18102
2013-10-11 00:00:00.0,19.4993,24.5,16.4,,16.4,,20.32639,,16.4,,0.0,0.0,0.0,,,17.84097,81,80,15.69605,,,C ,,C ,,,,0.0,-18.59202
2013-10-12 00:00:00.0,18.71805,23.4,15.1,,14.9,,19.97431,,15.0,,0.0,0.0,0.0,,,18.18945,84,78,15.99914,,,C ,,C ,,,,0.0,-16.84901
2013-10-13 00:00:00.0,20.44931,26.5,17.2,,17.2,,20.6125,,17.1,,0.0,0.0,0.0,,,19.05249,81,75,16.73348,,,C ,,C ,,,,0.0,-19.00702
2013-10-14 00:00:00.0,20.63264,28.6,13.4,,13.1,,20.9382,,13.1,,0.0,0.0,0.0,,,16.84813,74,69,14.77224,,,C ,,C ,,,,0.0,-15.77001
2013-10-15 00:00:00.0,21.67986,31.3,13.2,,12.7,,21.11111,,13.2,,0.0,0.0,0.0,,,15.15288,62,50,13.10275,,,C ,,C ,,,,0.0,-17.51302
2013-10-16 00:00:00.0,23.61181,31.0,17.7,,17.6,,21.79514,,17.7,,0.0,0.0,0.0,,,16.65771,61,54,14.61217,,,C ,,C ,,,,0.0,-23.32303
2013-10-17 00:00:00.0,21.00555,27.8,15.4,,15.1,,21.47361,,15.2,,0.0,0.0,0.0,,,17.94894,77,69,15.78629,,,C ,,C ,,,,0.0,-17.26402
2013-10-18 00:00:00.0,19.81875,29.3,11.4,,11.0,,21.1493,,10.8,,0.0,0.0,0.0,,,14.46799,67,57,12.40091,,,C ,,C ,,,,0.0,-13.94401
2013-10-19 00:00:00.0,21.70903,31.0,14.0,,13.9,,21.50138,,14.0,,1.75,0.0,0.0,,,15.46973,60,51,13.48029,,,C ,,C ,,,,0.0,-18.01102
2013-10-20 00:00:00.0,21.88403,26.6,18.0,,17.0,,21.43749,,16.4,,0.0,1.75,0.75,,,16.55798,67,77,14.36558,,,C ,,C ,,,,0.0,-21.82903
2013-10-21 00:00:00.0,16.81944,22.4,10.7,,10.2,,20.65208,,10.7,,0.0,0.0,0.0,,,12.12452,69,65,9.749734,,,C ,,C ,,,,0.0,-7.054994
2013-10-22 00:00:00.0,16.34861,25.0,8.5,,8.3,,20.0132,,8.4,,0.0,0.0,0.0,,,13.2561,70,61,11.09164,,,C ,,C ,,,,0.0,-10.707
2013-10-23 00:00:00.0,19.51389,28.0,14.0,,13.2,,20.89236,,13.5,,2.0,2.0,1.75,,,16.09177,77,74,14.08367,,,C ,,C ,,,,0.0,-12.86501
2013-10-24 00:00:00.0,14.36945,21.1,7.7,,7.5,,20.05625,,7.7,,0.0,0.0,0.0,,,9.888673,67,59,6.597017,,,C ,,C ,,,,0.0,-0.3320004
2013-10-25 00:00:00.0,12.46806,19.3,6.8,,6.6,,18.59653,,6.6,,2.0,2.0,0.75,,,11.51284,77,69,8.762664,,,C ,,C ,,,,0.166,3.319998
2013-10-26 00:00:00.0,18.21737,25.8,13.8,,13.7,,19.60209,,13.7,,0.0,0.0,0.25,,,15.29841,75,70,13.23583,,,C ,,C ,,,,0.0,-13.28001
2013-10-27 00:00:00.0,18.71181,25.8,12.4,,12.6,,20.21806,,12.6,,0.0,0.0,0.0,,,10.7183,55,40,7.706406,,,C ,,C ,,,,0.0,-11.371
2013-10-28 00:00:00.0,17.30208,25.8,9.1,,9.0,,20.10695,,9.0,,0.0,0.0,0.0,,,9.815975,51,41,6.613894,,,C ,,C ,,,,0.0,-11.454
2013-10-29 00:00:00.0,20.92916,29.0,14.4,,14.3,,21.14584,,14.3,,0.0,0.0,0.0,,,13.14234,56,52,10.81561,,,C ,,C ,,,,0.0,-17.34702
2013-10-30 00:00:00.0,20.46806,28.9,12.7,,12.3,,21.18333,,12.4,,0.0,0.0,0.0,,,13.77166,59,57,11.59942,,,C ,,C ,,,,0.0,-17.43002
2013-10-31 00:00:00.0,19.28264,22.7,17.1,,17.1,,20.70556,,17.0,,21.5,3.75,1.5,,,19.59075,87,93,17.07157,,,C ,,C ,,,,0.0,-20.50103
2013-11-01 00:00:00.0,19.45694,20.8,18.5,,18.4,,20.14513,,18.3,,32.5,50.25,5.0,,,21.97917,99,99,19.00736,,,C ,,C ,,,,0.0,-23.90403
2013-11-02 00:00:00.0,18.27152,22.4,15.5,,15.8,,19.8625,,15.6,,0.0,0.0,0.0,,,17.75159,87,84,15.60188,,,C ,,C ,,,,0.0,-14.44201
2013-11-03 00:00:00.0,18.45556,25.6,10.7,,10.3,,20.1875,,10.6,,0.0,0.0,0.0,,,13.01216,67,57,10.79224,,,C ,,C ,,,,0.0,-10.707
2013-11-04 00:00:00.0,18.06111,25.6,12.0,,11.8,,21.00417,,12.0,,0.0,0.0,0.0,,,15.22392,76,73,13.21457,,,C ,,C ,,,,0.0,-10.956
2013-11-05 00:00:00.0,18.62777,26.2,11.2,,11.1,,21.39305,,11.1,,0.0,0.0,0.0,,,14.62914,70,61,12.6077,,,C ,,C ,,,,0.0,-13.03101
2013-11-06 00:00:00.0,20.72222,28.7,13.9,,13.6,,21.69862,,13.7,,0.75,0.0,0.0,,,16.18623,66,60,14.14008,,,C ,,C ,,,,0.0,-17.51302
2013-11-07 00:00:00.0,17.86944,22.0,13.8,,13.4,,20.775,,13.2,,9.0,9.75,3.25,,,17.64791,92,92,15.5178,,,C ,,C ,,,,0.0,-11.03901
2013-11-08 00:00:00.0,18.06597,21.9,15.4,,15.2,,20.00278,,15.2,,0.25,0.25,0.25,,,19.70507,95,93,17.23432,,,C ,,C ,,,,0.0,-15.77001
2013-11-09 00:00:00.0,20.2368,27.2,15.5,,14.9,,20.65347,,15.2,,0.0,0.0,0.0,,,20.82845,86,81,18.10995,,,C ,,C ,,,,0.0,-20.41802
2013-11-10 00:00:00.0,21.99236,28.5,18.0,,18.0,,21.93472,,17.9,,0.0,0.0,0.0,,,21.64083,83,82,18.74366,,,C ,,C ,,,,0.0,-23.73803
2013-11-11 00:00:00.0,19.6743,23.6,16.8,,16.8,,21.62431,,16.5,,0.0,0.0,0.0,,,17.88779,82,78,15.66566,,,C ,,C ,,,,0.0,-17.67902
2013-11-12 00:00:00.0,21.47361,30.2,12.7,,12.1,,21.38888,,12.7,,0.0,0.0,0.0,,,11.91198,52,38,9.344956,,,C ,,C ,,,,0.0,-15.85301
2013-11-13 00:00:00.0,21.80347,29.6,14.9,,14.7,,22.00764,,14.9,,0.0,0.0,0.0,,,16.11045,62,55,13.97748,,,C ,,C ,,,,0.0,-18.59202
2013-11-14 00:00:00.0,25.56874,34.2,17.4,,17.2,,23.02292,,17.2,,25.75,0.0,0.0,,,18.49085,57,49,16.20139,,,C ,,C ,,,,0.0,-23.07403
2013-11-15 00:00:00.0,21.88333,28.6,17.1,,15.9,,23.15138,,16.7,,0.0,25.75,8.75,,,15.10442,67,66,12.61891,,,C ,,C ,,,,0.0,-18.34302
2013-11-16 00:00:00.0,18.16389,27.2,8.3,,8.1,,22.03888,,8.3,,0.0,0.0,0.0,,,11.81371,60,51,9.320171,,,C ,,C ,,,,0.0,-10.209
2013-11-17 00:00:00.0,20.47778,28.2,11.8,,11.6,,22.56459,,11.8,,0.0,0.0,0.0,,,15.22634,65,56,13.23224,,,C ,,C ,,,,0.0,-17.18102
2013-11-18 00:00:00.0,22.74444,30.8,14.8,,14.6,,23.20834,,14.7,,0.0,0.0,0.0,,,16.98396,64,53,14.89004,,,C ,,C ,,,,0.0,-20.25202
2013-11-19 00:00:00.0,20.64861,25.2,16.2,,16.1,,23.10694,,16.1,,0.0,0.0,0.0,,,19.22144,82,78,16.84978,,,C ,,C ,,,,0.0,-19.58802
2013-11-20 00:00:00.0,20.24792,27.3,14.4,,14.2,,22.80625,,14.4,,0.0,0.0,0.0,,,19.41239,83,81,16.95058,,,C ,,C ,,,,0.0,-16.76602
2013-11-21 00:00:00.0,22.0743,30.0,14.5,,14.0,,23.50695,,14.1,,0.0,0.0,0.0,,,18.53202,74,62,16.26979,,,C ,,C ,,,,0.0,-17.09802
2013-11-22 00:00:00.0,22.0632,30.2,13.8,,13.3,,23.9,,13.5,,0.0,0.0,0.0,,,17.52981,68,58,15.382,,,C ,,C ,,,,0.0,-18.42602
2013-11-23 00:00:00.0,23.60139,30.7,16.4,,16.1,,24.20764,,16.3,,0.0,0.0,0.0,,,17.28632,62,54,15.15194,,,C ,,C ,,,,0.0,-22.32703
2013-11-24 00:00:00.0,26.2,34.8,19.1,,18.8,,24.75832,,19.0,,1.0,0.0,0.0,,,20.58388,61,54,17.91809,,,C ,,C ,,,,0.0,-23.90403
2013-11-25 00:00:00.0,22.73611,27.3,19.4,,18.9,,24.36528,,18.7,,0.25,1.25,0.75,,,22.5807,86,85,19.41607,,,C ,,C ,,,,0.0,-23.90403
2013-11-26 00:00:00.0,19.01459,21.7,15.9,,16.0,,22.93194,,15.9,,16.75,3.0,1.25,,,19.82885,92,91,17.33004,,,C ,,C ,,,,0.0,-19.50502
2013-11-27 00:00:00.0,17.15,19.7,14.3,,14.2,,21.62153,,14.2,,0.0,13.75,2.5,,,16.89603,92,86,14.79683,,,C ,,C ,,,,0.0,-8.964004
2013-11-28 00:00:00.0,20.31529,30.9,10.7,,10.2,,22.01737,,10.2,,0.0,0.0,0.0,,,14.70141,63,53,12.61878,,,C ,,C ,,,,0.0,-15.27201
2013-11-29 00:00:00.0,22.87292,30.4,15.4,,14.9,,23.87292,,15.6,,0.0,0.0,0.0,,,17.4847,67,63,15.33706,,,C ,,C ,,,,0.0,-20.41802
2013-11-30 00:00:00.0,23.88125,32.5,16.6,,16.3,,24.45,,16.3,,0.0,0.0,0.0,,,17.60505,62,53,15.44693,,,C ,,C ,,,,0.0,-21.49702
2013-12-01 00:00:00.0,24.94126,32.1,18.0,,17.8,,,,17.7,,,,,,,,,,,,,  ,,  ,,,,,
2014-01-27 00:00:00.0,,,,,,,,,,,,,,,,,,,,,,  ,,  ,,,,,
2014-01-28 00:00:00.0,24.00208,29.4,21.5,,21.4,,26.59167,,21.3,,12.0,22.5,4.75,,,13.10419,39,56,,,,C ,,C ,,,,0.0,-23.90403
2014-01-29 00:00:00.0,25.11527,31.4,21.2,,21.2,,26.96458,,21.1,,0.0,0.0,0.0,,,20.25516,57,80,,,,C ,,C ,,,,0.0,-23.90403
2014-01-30 00:00:00.0,25.63472,32.2,21.2,,21.1,,27.32569,,21.2,,0.0,0.0,0.0,,,21.03177,58,76,,,,C ,,C ,,,,0.0,-23.90403
2014-01-31 00:00:00.0,27.25,34.2,21.7,,21.5,,27.79167,,21.5,,34.25,0.0,0.0,,,24.53796,61,85,,,,C ,,C ,,,,0.0,-23.90403
2014-02-01 00:00:00.0,23.32778,27.5,20.1,,20.2,,26.87916,,20.0,,41.75,50.0,16.5,,,12.31668,42,45,,,,C ,,C ,,,,0.0,-23.90403
2014-02-02 00:00:00.0,20.94862,24.7,19.3,,19.3,,25.2111,,19.1,,39.25,36.25,3.25,,,5.734778,22,30,,,,C ,,C ,,,,0.0,-23.90403
2014-02-03 00:00:00.0,21.25,25.5,18.7,,18.8,,24.51527,,18.6,,0.0,29.0,4.0,,,13.24115,47,54,,,,C ,,C ,,,,0.0,-23.90403
2014-02-04 00:00:00.0,23.14584,28.1,19.1,,18.9,,25.25277,,19.0,,0.0,0.0,0.0,,,19.30282,60,90,,,,C ,,C ,,,,0.0,-23.90403
2014-02-05 00:00:00.0,26.21389,34.9,20.8,,20.6,,26.32847,,20.6,,56.5,11.5,3.5,,,24.18953,64,69,16.54535,,,C ,,C ,,,,0.0,-23.48903
2014-02-06 00:00:00.0,18.1,24.5,15.3,,15.1,,24.06944,,15.0,,14.75,56.0,12.0,,,9.501155,44,43,,,,C ,,C ,,,,0.0,-15.60401
2014-02-07 00:00:00.0,23.09514,31.1,19.2,,19.2,,24.34653,,19.1,,0.75,4.25,2.5,,,14.40399,42,62,,,,C ,,C ,,,,0.0,-23.90403
2014-02-08 00:00:00.0,27.95902,36.2,22.9,,22.7,,26.57571,,22.7,,58.25,8.5,8.0,,,22.33758,53,84,,,,C ,,C ,,,,0.0,-23.90403
2014-02-09 00:00:00.0,23.64167,28.7,20.6,,20.3,,26.15972,,20.1,,0.0,50.0,14.0,,,16.61872,52,53,,,,C ,,C ,,,,0.0,-23.90403
2014-02-10 00:00:00.0,23.54444,28.8,20.3,,20.2,,25.89167,,20.1,,0.0,0.0,0.0,,,16.86101,52,79,,,,C ,,C ,,,,0.0,-23.90403
2014-02-11 00:00:00.0,21.67361,25.0,19.0,,19.0,,24.79168,,18.8,,40.5,40.25,22.5,,,5.407513,19,28,,,,C ,,C ,,,,0.0,-23.90403
2014-02-12 00:00:00.0,23.55972,31.0,17.7,,17.7,,25.42153,,17.6,,0.0,0.25,0.25,,,19.15424,55,58,,,,C ,,C ,,,,0.0,-23.65503
2014-02-13 00:00:00.0,22.60417,27.1,19.2,,19.0,,25.95764,,19.1,,0.75,0.75,0.5,,,21.60676,80,95,16.69573,,,C ,,C ,,,,0.0,-22.99103
2014-02-14 00:00:00.0,20.12847,26.6,14.6,,14.4,,25.09375,,14.6,,0.0,0.0,0.0,,,18.35978,79,81,15.87335,,,C ,,C ,,,,0.0,-16.84901
2014-02-15 00:00:00.0,20.60833,27.7,15.5,,15.2,,24.92985,,15.4,,0.0,0.0,0.0,,,18.61,75,77,16.19742,,,C ,,C ,,,,0.0,-19.67102
2014-02-16 00:00:00.0,22.53958,29.2,16.7,,16.5,,25.07847,,16.5,,0.0,0.0,0.0,,,23.11389,83,81,19.72606,,,C ,,C ,,,,0.0,-22.24403
2014-02-17 00:00:00.0,24.15903,29.6,20.3,,19.6,,25.93055,,19.7,,5.75,0.0,0.0,,,25.22581,84,87,20.95043,,,C ,,C ,,,,0.0,-23.90403
2014-02-18 00:00:00.0,23.97987,29.6,20.7,,20.6,,26.11111,,20.4,,1.25,6.75,2.75,,,21.09618,67,61,15.06252,,,C ,,C ,,,,0.0,-23.90403
2014-02-19 00:00:00.0,23.85487,27.6,21.5,,21.3,,26.2007,,21.1,,0.25,0.25,0.25,,,17.19631,55,75,9.574566,,,C ,,C ,,,,0.0,-23.90403
2014-02-20 00:00:00.0,23.00903,30.6,18.4,,18.3,,26.00279,,18.2,,0.0,0.25,0.25,,,15.59575,48,52,,,,C ,,C ,,,,0.0,-23.90403
2014-02-21 00:00:00.0,22.02084,26.8,19.1,,18.7,,25.32015,,18.8,,0.0,0.0,0.0,,,16.53058,58,70,,,,C ,,C ,,,,0.0,-23.90403
2014-02-22 00:00:00.0,22.62986,28.7,18.2,,17.9,,25.225,,18.0,,0.75,0.75,0.5,,,17.35829,58,70,,,,C ,,C ,,,,0.0,-23.90403
2014-02-23 00:00:00.0,22.32291,30.1,15.0,,14.5,,25.46874,,14.4,,0.25,0.0,0.0,,,15.38072,50,81,,,,C ,,C ,,,,0.0,-20.08602
2014-02-24 00:00:00.0,22.74514,32.3,15.6,,15.4,,25.6861,,15.3,,0.0,0.25,0.25,,,15.6076,49,74,,,,C ,,C ,,,,0.0,-20.66702
2014-02-25 00:00:00.0,19.34236,24.8,14.5,,14.6,,25.01042,,14.5,,0.0,0.0,0.0,,,17.66618,84,81,15.53392,,,C ,,C ,,,,0.0,-14.27601
2014-02-26 00:00:00.0,17.58611,24.0,11.7,,11.5,,24.06112,,11.7,,0.0,0.0,0.0,,,15.98889,80,82,13.85075,,,C ,,C ,,,,0.0,-11.86901
2014-02-27 00:00:00.0,18.60973,25.5,12.5,,12.1,,24.16805,,12.3,,0.0,0.0,0.0,,,14.24974,68,76,11.62848,,,C ,,C ,,,,0.0,-12.03501
2014-02-28 00:00:00.0,18.78333,28.1,10.7,,10.7,,24.11666,,10.7,,0.0,0.0,0.0,,,14.7351,59,82,9.8685,,,C ,,C ,,,,0.0,-12.36701
2014-03-01 00:00:00.0,20.80764,28.9,14.8,,14.5,,24.43404,,14.5,,0.0,0.0,0.0,,,16.04577,60,81,,,,C ,,C ,,,,0.0,-17.59602
2014-03-02 00:00:00.0,21.35555,28.8,15.2,,14.9,,24.80625,,15.1,,0.0,0.0,0.0,,,19.22475,75,78,16.55726,,,C ,,C ,,,,0.0,-18.84102
2014-03-03 00:00:00.0,21.10069,28.3,16.8,,16.7,,25.15277,,16.8,,8.75,5.75,3.75,,,18.40326,71,81,,,,C ,,C ,,,,0.0,-20.66702
2014-03-04 00:00:00.0,21.2389,27.5,18.2,,18.2,,25.10695,,18.1,,5.25,3.0,1.0,,,16.09083,60,89,,,,C ,,C ,,,,0.0,-23.90403
2014-03-05 00:00:00.0,22.77708,29.8,17.6,,17.4,,24.97917,,17.4,,0.0,5.25,3.25,,,18.81141,64,79,,,,C ,,C ,,,,0.0,-23.40603
2014-03-06 00:00:00.0,20.66528,26.8,15.8,,15.6,,24.60972,,15.6,,0.0,0.0,0.0,,,15.23952,64,77,11.94521,,,C ,,C ,,,,0.0,-16.51701
2014-03-07 00:00:00.0,19.51389,28.8,11.5,,10.9,,24.07847,,10.8,,0.0,0.0,0.0,,,13.48829,55,77,7.556292,,,C ,,C ,,,,0.0,-12.45001
2014-03-08 00:00:00.0,20.0493,28.8,11.4,,10.8,,24.24583,,10.9,,0.0,0.0,0.0,,,13.87403,57,69,,,,C ,,C ,,,,0.0,-14.44201
2014-03-09 00:00:00.0,19.46111,27.8,15.4,,14.7,,23.77638,,14.7,,4.25,4.0,2.0,,,17.0125,76,75,14.02833,,,C ,,C ,,,,0.0,-13.69501
2014-03-10 00:00:00.0,17.61805,24.0,12.1,,11.7,,22.54098,,11.6,,0.0,0.25,0.25,,,9.435212,49,75,,,,C ,,C ,,,,0.0,-8.382998
2014-03-11 00:00:00.0,17.15833,27.3,7.7,,7.5,,22.20069,,7.7,,0.0,0.0,0.0,,,13.30605,67,67,10.7668,,,C ,,C ,,,,0.0,-8.548999
2014-03-12 00:00:00.0,20.69375,30.2,12.6,,12.3,,23.21389,,12.5,,0.0,0.0,0.0,,,17.16095,68,71,14.20731,,,C ,,C ,,,,0.0,-16.10201
2014-03-13 00:00:00.0,22.05138,30.1,14.8,,14.4,,24.23055,,14.6,,0.0,0.0,0.0,,,20.68685,77,75,17.69165,,,C ,,C ,,,,0.0,-19.42202
2014-03-14 00:00:00.0,20.19791,23.9,18.2,,17.8,,23.24029,,17.7,,49.25,49.25,11.75,,,7.001542,30,29,,,,C ,,C ,,,,0.0,-22.65903
2014-03-15 00:00:00.0,20.67014,28.7,14.9,,14.7,,22.86041,,14.7,,0.0,0.0,0.0,,,17.73209,71,81,14.44938,,,C ,,C ,,,,0.0,-14.94001
2014-03-16 00:00:00.0,20.69862,29.8,13.9,,13.6,,22.85278,,13.7,,0.0,0.0,0.0,,,18.21291,67,83,14.29144,,,C ,,C ,,,,0.0,-17.01502
2014-03-17 00:00:00.0,20.55486,25.2,16.4,,16.0,,22.97639,,16.2,,0.0,0.0,0.0,,,12.66216,57,76,,,,C ,,C ,,,,0.0,-18.01102
2014-03-18 00:00:00.0,15.59167,21.0,9.2,,9.1,,21.46042,,9.3,,10.75,2.75,1.75,,,13.1945,74,83,10.39143,,,C ,,C ,,,,0.0,-6.640001
2014-03-19 00:00:00.0,17.00348,24.1,12.8,,12.7,,21.64444,,12.5,,0.0,8.0,2.75,,,10.95837,51,71,,,,C ,,C ,,,,0.0,-10.209
2014-03-20 00:00:00.0,17.98542,25.4,13.3,,13.1,,21.72292,,13.2,,0.0,0.0,0.0,,,14.35079,60,83,,,,C ,,C ,,,,0.0,-15.10601
2014-03-21 00:00:00.0,17.26458,21.2,11.0,,10.2,,21.29307,,10.6,,0.0,0.0,0.0,,,12.64504,73,79,10.1819,,,C ,,C ,,,,0.0,-7.220996
2014-03-22 00:00:00.0,12.88402,22.3,4.6,,4.2,,19.82014,,4.5,,0.0,0.0,0.0,,,9.784277,68,72,6.224585,,,C ,,C ,,,,5.311998,1.327999
2014-03-23 00:00:00.0,16.45208,25.1,9.1,,8.8,,20.02917,,8.9,,0.0,0.0,0.0,,,13.87244,77,74,11.77024,,,C ,,C ,,,,0.0,-7.386999
2014-03-24 00:00:00.0,17.78333,26.5,10.3,,9.8,,20.73959,,9.8,,0.0,0.0,0.0,,,13.06777,60,79,,,,C ,,C ,,,,0.0,-8.299997
2014-03-25 00:00:00.0,19.16181,28.3,13.2,,12.4,,21.49167,,12.8,,0.25,0.0,0.0,,,12.24497,46,73,,,,C ,,C ,,,,0.0,-14.11001
2014-03-26 00:00:00.0,19.85973,26.5,17.1,,16.5,,21.69861,,16.8,,1.75,0.25,0.25,,,9.30227,34,43,,,,C ,,C ,,,,0.0,-20.33502
2014-03-27 00:00:00.0,21.66388,28.2,18.9,,18.3,,22.42431,,18.7,,0.5,2.25,0.75,,,13.92826,49,34,,,,C ,,C ,,,,0.0,-23.90403
2014-03-28 00:00:00.0,21.95625,29.3,15.5,,15.3,,22.85764,,15.2,,0.25,0.0,0.0,,,13.83431,43,45,,,,C ,,C ,,,,0.0,-20.16902
2014-03-29 00:00:00.0,23.29028,31.1,17.7,,17.5,,23.51667,,17.4,,27.5,1.75,0.75,,,18.28057,55,81,,,,C ,,C ,,,,0.0,-22.82503
2014-03-30 00:00:00.0,21.08334,24.6,16.8,,16.5,,22.65624,,16.6,,11.0,37.0,6.75,,,9.147743,42,63,,,,C ,,C ,,,,0.0,-18.67502
2014-03-31 00:00:00.0,15.89098,24.7,8.1,,7.9,,20.58195,,8.2,,0.0,0.0,0.0,,,13.14066,69,80,9.799717,,,C ,,C ,,,,0.0,-4.897
2014-04-01 00:00:00.0,17.6625,26.3,11.2,,10.2,,20.70138,,10.6,,0.25,0.0,0.0,,,13.16334,53,83,,,,C ,,C ,,,,0.0,-11.205
2014-04-02 00:00:00.0,18.84583,23.3,14.9,,14.3,,20.72986,,14.8,,0.25,0.5,0.25,,,12.35219,50,67,,,,C ,,C ,,,,0.0,-17.84502
2014-04-03 00:00:00.0,22.79584,28.5,19.3,,19.2,,21.98403,,19.2,,0.0,0.0,0.0,,,21.53053,74,87,17.66143,,,C ,,C ,,,,0.0,-23.90403
2014-04-04 00:00:00.0,24.29584,31.4,19.7,,19.7,,23.18195,,19.6,,6.0,0.25,0.25,,,24.71238,78,80,20.1618,,,C ,,C ,,,,0.0,-23.90403
2014-04-05 00:00:00.0,21.36181,23.9,19.9,,19.8,,22.80625,,19.6,,17.5,23.25,6.25,,,3.915886,16,10,,,,C ,,C ,,,,0.0,-23.90403
2014-04-06 00:00:00.0,22.46389,26.4,20.4,,20.1,,22.5132,,20.2,,2.0,0.25,0.25,,,7.945103,25,26,,,,C ,,C ,,,,0.0,-23.90403
2014-04-07 00:00:00.0,22.73264,23.7,22.0,,21.7,,22.82082,,21.7,,11.75,12.25,5.25,,,4.467905,16,4,,,,C ,,C ,,,,0.0,-23.90403
2014-04-08 00:00:00.0,20.71389,26.2,16.6,,16.0,,22.26736,,16.4,,1.25,2.5,0.5,,,10.80848,46,49,,,,C ,,C ,,,,0.0,-20.41803
2014-04-09 00:00:00.0,19.03889,25.0,14.1,,14.0,,20.40417,,14.1,,0.0,0.0,0.0,,,15.65966,77,74,13.61448,,,C ,,C ,,,,0.0,-12.61601
2014-04-10 00:00:00.0,17.62222,26.1,12.3,,12.1,,20.27709,,12.6,,0.0,0.0,0.0,,,14.56867,71,83,11.71203,,,C ,,C ,,,,0.0,-11.122
2014-04-11 00:00:00.0,16.40973,23.4,11.0,,10.8,,19.90208,,11.1,,0.0,0.0,0.0,,,14.51398,73,86,10.93799,,,C ,,C ,,,,0.0,-9.130002
2014-04-12 00:00:00.0,14.26667,17.4,11.7,,11.5,,18.64723,,10.5,,0.0,0.0,0.0,,,9.871883,64,70,6.065407,,,C ,,C ,,,,0.0,2.406999
2014-04-13 00:00:00.0,12.10486,16.8,8.2,,7.9,,16.94375,,8.0,,0.0,0.0,0.0,,,11.39521,80,77,6.520514,,,C ,,C ,,,,0.166,9.462
2014-04-14 00:00:00.0,12.52569,21.2,6.0,,5.3,,17.00972,,5.5,,0.0,0.0,0.0,,,8.481416,48,46,,,,C ,,C ,,,,2.49,1.909
2014-04-15 00:00:00.0,15.06736,22.5,8.5,,7.9,,17.47847,,8.5,,0.0,0.0,0.0,,,15.07374,85,84,12.90896,,,C ,,C ,,,,0.0,-5.146
2014-04-16 00:00:00.0,16.98264,25.5,9.6,,9.2,,18.32847,,9.5,,0.0,0.0,0.0,,,15.78877,80,80,13.18777,,,C ,,C ,,,,0.0,-8.134002
2014-04-17 00:00:00.0,17.54723,24.8,13.3,,13.1,,18.86181,,13.2,,0.0,0.0,0.0,,,15.95693,82,85,13.65262,,,C ,,C ,,,,0.0,-9.462
2014-04-18 00:00:00.0,13.64861,24.3,4.2,,3.8,,17.99028,,4.3,,0.0,0.0,0.0,,,10.18546,67,73,6.339451,,,C ,,C ,,,,4.149999,1.826
2014-04-19 00:00:00.0,14.6632,26.3,5.8,,5.3,,18.02083,,5.3,,0.0,0.0,0.0,,,9.696121,53,43,,,,C ,,C ,,,,3.319999,-0.7470002
2014-04-20 00:00:00.0,16.56598,24.6,10.4,,10.1,,18.69305,,10.3,,0.0,0.0,0.0,,,14.52746,76,82,12.24411,,,C ,,C ,,,,0.0,-8.880999
2014-04-21 00:00:00.0,17.16805,24.0,13.0,,12.6,,18.86527,,12.9,,0.0,0.0,0.0,,,16.0727,81,91,13.14959,,,C ,,C ,,,,0.0,-9.794001
2014-04-22 00:00:00.0,14.34098,22.6,7.3,,6.5,,18.17639,,6.9,,0.25,0.0,0.0,,,10.5539,60,61,,,,C ,,C ,,,,0.0,-0.4980024
2014-04-23 00:00:00.0,14.57709,23.7,8.3,,7.6,,17.95556,,7.8,,0.0,0.25,0.25,,,9.922291,51,68,,,,C ,,C ,,,,0.0,-2.49
2014-04-24 00:00:00.0,15.83403,26.2,7.9,,7.5,,18.26805,,7.6,,0.0,0.0,0.0,,,11.48228,55,58,,,,C ,,C ,,,,0.0,-5.063
2014-04-25 00:00:00.0,16.34028,22.1,11.5,,11.5,,19.04167,,11.6,,0.25,0.0,0.0,,,15.72242,87,87,13.50986,,,C ,,C ,,,,0.0,-5.726992
2014-04-26 00:00:00.0,14.16597,21.8,8.4,,8.1,,17.91875,,8.1,,0.0,0.25,0.25,,,12.61159,73,83,9.024816,,,C ,,C ,,,,0.0,-3.154
2014-04-27 00:00:00.0,16.29097,22.9,11.3,,11.0,,18.01458,,11.0,,0.0,0.0,0.0,,,17.26595,89,89,14.98227,,,C ,,C ,,,,0.0,-9.877004
2014-04-28 00:00:00.0,19.01458,25.9,13.2,,13.0,,19.38056,,13.2,,0.25,0.0,0.0,,,15.23624,66,80,,,,C ,,C ,,,,0.0,-12.45001
2014-04-29 00:00:00.0,16.22917,17.3,14.6,,13.9,,18.62501,,14.2,,3.75,3.25,0.5,,,0.7194765,4,9,,,,C ,,C ,,,,0.0,-8.798008
2014-04-30 00:00:00.0,16.25347,19.1,14.8,,15.0,,18.35277,,14.8,,1.0,1.5,0.25,,,8.069683,42,58,,,,C ,,C ,,,,0.0,-5.229001
2014-05-01 00:00:00.0,15.96458,21.6,11.0,,11.0,,18.13819,,11.0,,0.25,0.5,0.25,,,12.31057,65,66,8.609217,,,C ,,C ,,,,0.0,-6.141998
2014-05-02 00:00:00.0,16.75486,23.2,11.1,,10.6,,17.74999,,10.7,,0.25,0.25,0.25,,,15.40361,68,83,,,,C ,,C ,,,,0.0,-13.77801
2014-05-03 00:00:00.0,17.98402,21.0,13.4,,13.2,,18.29791,,13.3,,0.0,0.0,0.0,,,13.51886,62,53,,,,C ,,C ,,,,0.0,-16.10201
2014-05-04 00:00:00.0,17.75139,23.3,13.6,,13.0,,18.86806,,13.3,,0.25,0.0,0.0,,,7.442602,32,29,,,,C ,,C ,,,,0.0,-9.710999
2014-05-05 00:00:00.0,15.09166,17.3,12.3,,11.7,,17.8382,,12.0,,0.0,0.25,0.25,,,2.491606,13,24,,,,C ,,C ,,,,0.0,-2.987999
2014-05-06 00:00:00.0,17.12361,24.1,14.0,,13.6,,18.49097,,13.8,,0.0,0.0,0.0,,,8.991725,39,29,,,,C ,,C ,,,,0.0,-8.382998
2014-05-07 00:00:00.0,14.27986,21.4,10.0,,9.8,,17.75417,,9.8,,0.25,0.25,0.25,,,5.290628,24,31,,,,C ,,C ,,,,0.0,-1.909001
2014-05-08 00:00:00.0,13.70833,15.5,11.2,,10.6,,16.69167,,10.7,,0.0,0.0,0.0,,,11.54987,71,94,,,,C ,,C ,,,,0.0,1.743
2014-05-09 00:00:00.0,14.75278,21.2,10.5,,9.9,,16.75972,,10.1,,0.25,0.0,0.0,,,10.3386,57,62,,,,C ,,C ,,,,0.0,-1.826001
2014-05-10 00:00:00.0,15.80486,22.2,11.1,,10.4,,16.97431,,10.8,,0.75,0.25,0.25,,,13.05937,64,79,,,,C ,,C ,,,,0.0,-9.296
2014-05-11 00:00:00.0,14.72222,17.1,13.6,,13.5,,17.03194,,13.3,,0.25,0.75,0.25,,,3.603789,22,15,,,,C ,,C ,,,,0.0,0.0
2014-05-12 00:00:00.0,16.18889,21.9,14.1,,13.9,,17.45347,,13.9,,0.25,0.25,0.25,,,7.980223,37,36,,,,C ,,C ,,,,0.0,-7.967999
2014-05-13 00:00:00.0,16.08125,23.7,10.4,,10.3,,17.51181,,10.2,,0.0,0.25,0.25,,,11.7527,54,50,,,,C ,,C ,,,,0.0,-9.296003
2014-05-14 00:00:00.0,16.79583,22.1,11.7,,11.1,,17.47777,,11.3,,0.0,0.0,0.0,,,11.75905,51,54,,,,C ,,C ,,,,0.0,-13.19701
2014-05-15 00:00:00.0,18.00208,23.2,13.4,,13.0,,18.61806,,13.3,,0.25,0.25,0.25,,,8.769594,40,37,,,,C ,,C ,,,,0.0,-11.703
2014-05-16 00:00:00.0,14.9125,21.0,10.0,,9.9,,17.42013,,9.9,,0.25,0.25,0.25,,,11.62487,65,70,,,,C ,,C ,,,,0.0,-5.229002
2014-05-17 00:00:00.0,13.51181,17.2,7.9,,7.6,,16.6875,,7.6,,0.25,0.25,0.25,,,11.28812,81,79,,,,C ,,C ,,,,0.0,5.892999
2014-05-18 00:00:00.0,10.80486,18.2,3.9,,3.4,,15.02987,,3.8,,0.25,0.0,0.0,,,11.49179,85,83,8.595943,,,C ,,C ,,,,6.473997,8.299996
2014-05-19 00:00:00.0,12.70625,17.4,10.4,,10.2,,15.78611,,10.3,,0.0,0.25,0.25,,,11.41976,78,74,7.932026,,,C ,,C ,,,,0.0,6.889002
2014-05-20 00:00:00.0,10.49653,13.0,7.9,,7.6,,14.7,,7.7,,,,0.5,,,5.1283,39,39,-6.098688,,,C ,,C ,,,,0.0,12.69902
2014-05-21 00:00:00.0,,13.3,10.6,,,,,,10.4,,,,0.0,,,,,30,,,,C ,,C ,,,,,
2014-05-22 00:00:00.0,,,,,,,,,,,,,0.0,,,,,,,,,C ,,C ,,,,,
2014-05-23 00:00:00.0,,,,,,,,,,,,,0.0,,,,,,,,,C ,,C ,,,,,
2014-05-24 00:00:00.0,,,,,,,,,,,,,0.0,,,,,,,,,C ,,C ,,,,,
2014-05-25 00:00:00.0,,16.5,5.5,,,,,,5.3,,,,0.0,,,,,32,,,,C ,,C ,,,,,
2014-05-26 00:00:00.0,,,,,,,,,,,,,,,,,,,,,,C ,,C ,,,,,
2014-05-27 00:00:00.0,,,,,,,,,,,,,,,,,,,,,,C ,,C ,,,,,
2014-05-28 00:00:00.0,,,,,,,,,,,,,,,,,,,,,,C ,,C ,,,,,
2014-05-29 00:00:00.0,,20.0,12.6,,,,,,13.5,,,,,,,,,56,,,,C ,,C ,,,,,
2014-05-30 00:00:00.0,14.74028,17.3,13.8,,,,,,13.7,,,,,,,7.998761,47,26,,,,C ,,C ,,,,0.0,-0.83
2014-05-31 00:00:00.0,14.37709,18.4,9.4,,,,,,9.0,,,,,,,8.669819,54,66,,,,C ,,C ,,,,0.0,2.158
2014-06-01 00:00:00.0,11.17778,20.5,4.9,,,,,,4.8,,,,,,,10.42374,76,83,6.946335,,,C ,,C ,,,,6.805997,6.474001
2014-06-02 00:00:00.0,12.23056,20.8,5.0,,,,,,4.5,,,,,,,10.788,67,85,4.867304,,,C ,,C ,,,,2.49,4.232997
2014-06-03 00:00:00.0,12.97917,19.7,7.4,,,,,,7.3,,,,,,,13.16281,88,86,10.93163,,,C ,,C ,,,,0.0,2.572999
2014-06-04 00:00:00.0,13.57917,18.0,10.5,,,,,,10.4,,,,,,,12.34755,79,77,6.989589,,,C ,,C ,,,,0.0,3.236999
2014-06-05 00:00:00.0,10.43542,18.9,4.2,,,,,,4.0,,,,,,,7.108359,50,48,,,,C ,,C ,,,,7.801996,11.62
2014-06-06 00:00:00.0,9.144444,17.4,1.6,,,,,,1.0,,,,,,,9.297916,77,59,4.42177,,,C ,,C ,,,,8.465997,13.61201
2014-06-07 00:00:00.0,11.94097,17.5,7.6,,,,,,7.4,,,,,,,12.92831,91,95,9.932302,,,C ,,C ,,,,1.826,7.220996
2014-06-08 00:00:00.0,9.152082,17.8,1.2,,,,,,0.5,,,,,,,7.796001,55,46,-0.001167335,,,C ,,C ,,,,8.631997,8.383001
2014-06-09 00:00:00.0,12.23195,20.2,5.5,,,,,,5.4,,,,,,,10.27796,79,76,7.241186,,,C ,,C ,,,,2.656,6.473997
2014-06-10 00:00:00.0,12.2125,19.7,6.4,,,,,,6.3,,,,,,,11.85459,80,68,9.2141,,,C ,,C ,,,,1.162,3.485997
2014-06-11 00:00:00.0,14.42222,18.4,11.6,,,,,,9.9,,,,,,,9.45719,57,57,,,,C ,,C ,,,,0.0,-5.561001
2014-06-12 00:00:00.0,17.40764,22.3,11.6,,,,,,11.5,,,,,,,14.82986,79,75,10.83078,,,C ,,C ,,,,0.0,-8.050997
2014-06-13 00:00:00.0,9.250003,14.5,5.0,,,,,,4.7,,,,,,,9.614627,87,80,6.1393,,,C ,,C ,,,,10.292,17.34702
2014-06-14 00:00:00.0,7.029167,15.5,-0.3,,,,,,-1.0,,,,,,,8.625747,79,65,3.632353,,,C ,,C ,,,,12.45001,10.873
2014-06-15 00:00:00.0,9.514584,14.9,4.9,,,,,,4.7,,,,,,,10.67739,80,74,6.5861,,,C ,,C ,,,,7.635996,10.375
2014-06-16 00:00:00.0,13.00278,18.5,7.5,,,,,,7.7,,,,,,,10.02101,71,77,5.882134,,,C ,,C ,,,,2.822,7.220996
2014-06-17 00:00:00.0,8.684721,15.3,2.3,,,,,,2.3,,,,,,,10.23837,90,87,7.056111,,,C ,,C ,,,,9.461999,15.27201
2014-06-18 00:00:00.0,6.654166,12.9,0.7,,,,,,0.1,,,,,,,7.532591,84,70,2.604757,,,C ,,C ,,,,15.43801,14.19301
2014-06-19 00:00:00.0,4.712142,14.6,-2.4,,,,,,-3.1,,,,,,,7.596455,83,73,2.445915,,,C ,,C ,,,,13.11401,9.794
2014-06-20 00:00:00.0,8.709723,16.5,2.7,,,,,,2.6,,,,,,,10.00142,88,84,6.859063,,,C ,,C ,,,,8.797997,15.27201
2014-06-21 00:00:00.0,10.43333,17.5,6.5,,,,,,6.5,,,,,,,11.77619,89,81,9.303752,,,C ,,C ,,,,1.66,10.541
2014-06-22 00:00:00.0,14.33819,18.3,11.9,,,,,,11.3,,,,,,,15.83578,94,95,13.66578,,,C ,,C ,,,,0.0,-2.157999
2014-06-23 00:00:00.0,15.67916,18.8,13.6,,,,,,13.6,,,,,,,11.12329,61,64,7.395183,,,C ,,C ,,,,0.0,-6.557002
2014-06-24 00:00:00.0,12.13472,18.4,7.3,,,,,,7.2,,,,,,,8.798788,61,63,1.512453,,,C ,,C ,,,,0.0,10.292
2014-06-25 00:00:00.0,10.33611,16.4,5.6,,,,,,5.1,,,,,,,6.388819,45,60,,,,C ,,C ,,,,1.162,13.86101
2014-06-26 00:00:00.0,10.71458,18.1,5.9,,,,,,5.5,,,,,,,7.784158,56,56,,,,C ,,C ,,,,2.822,12.86501
2014-06-27 00:00:00.0,9.228474,18.0,1.9,,,,,,1.5,,,,,,,7.704273,66,51,2.117606,,,C ,,C ,,,,10.458,13.03101
2014-06-28 00:00:00.0,8.005554,18.6,0.3,,,,,,-0.2,,,,,,,7.866903,73,67,2.667945,,,C ,,C ,,,,13.11401,7.884996
2014-06-29 00:00:00.0,6.765973,17.0,0.1,,,,,,-0.6,,,,,,,5.550786,56,55,-3.732535,,,C ,,C ,,,,15.43801,12.533
2014-06-30 00:00:00.0,5.347222,15.8,-1.2,,,,,,-1.1,,,,,,,6.397945,66,51,-1.39277,,,C ,,C ,,,,15.77001,9.628
2014-07-01 00:00:00.0,5.042361,11.2,1.7,,,,,,1.2,,,,,,,2.950028,31,23,-13.48848,,,C ,,C ,,,,19.92002,
2014-07-02 00:00:00.0,7.55625,17.5,0.8,,,,,,0.5,,,,,,,6.908452,50,55,-4.539701,,,C ,,C ,,,,9.794,7.967998
2014-07-03 00:00:00.0,10.79444,19.2,5.6,,,,,,5.2,,,,,,,8.043674,65,61,2.51809,,,C ,,C ,,,,7.967996,12.53301
2014-07-04 00:00:00.0,10.34861,19.3,3.7,,,,,,3.5,,,,,,,10.15243,71,80,5.614783,,,C ,,C ,,,,7.635996,5.477995
2014-07-05 00:00:00.0,11.8375,13.6,9.6,,,,,,9.5,,,,,,,5.096717,43,48,,,,C ,,C ,,,,0.83,9.462007
2014-07-06 00:00:00.0,6.527083,10.9,2.4,,,,,,2.3,,,,,,,9.244241,96,95,5.632679,,,C ,,C ,,,,13.94401,
2014-07-07 00:00:00.0,10.32292,20.7,4.1,,,,,,4.1,,,,,,,10.20661,83,80,7.174767,,,C ,,C ,,,,9.129998,9.960002
2014-07-08 00:00:00.0,9.945138,17.1,5.3,,,,,,5.1,,,,,,,10.00438,77,73,5.622426,,,C ,,C ,,,,7.137997,12.36701
2014-07-09 00:00:00.0,9.379865,17.9,3.1,,,,,,2.8,,,,,,,6.987546,50,58,-2.627986,,,C ,,C ,,,,7.635996,12.94801
2014-07-10 00:00:00.0,11.06875,17.9,6.3,,,,,,5.6,,,,,,,7.521513,50,48,,,,C ,,C ,,,,1.162,10.70701
2014-07-11 00:00:00.0,12.42083,17.9,9.4,,,,,,9.3,,,,,,,13.17219,87,87,10.38393,,,C ,,C ,,,,0.0,3.236999
2014-07-12 00:00:00.0,13.39167,14.9,12.2,,,,,,12.0,,,,,,,4.962141,33,21,,,,C ,,C ,,,,0.0,1.494
2014-07-13 00:00:00.0,14.66181,19.6,11.6,,,,,,11.4,,,,,,,6.449502,37,43,,,,C ,,C ,,,,0.0,0.83
2014-07-14 00:00:00.0,16.45764,24.2,10.9,,,,,,10.7,,,,,,,12.92819,54,51,,,,C ,,C ,,,,0.0,-13.61201
2014-07-15 00:00:00.0,17.32847,19.8,10.5,,,,,,10.6,,,,,,,16.37273,89,94,13.35199,,,C ,,C ,,,,0.0,-6.971999
2014-07-16 00:00:00.0,11.53959,20.4,5.3,,,,,,4.6,,,,,,,10.89742,72,79,5.96981,,,C ,,C ,,,,4.149999,6.308002
2014-07-17 00:00:00.0,11.23334,15.1,8.6,,,,,,8.4,,,,,,,11.10987,84,88,7.963902,,,C ,,C ,,,,0.0,9.794003
2014-07-18 00:00:00.0,9.819447,17.8,5.0,,,,,,4.5,,,,,,,10.04644,75,71,5.31885,,,C ,,C ,,,,7.801996,11.122
2014-07-19 00:00:00.0,14.03195,23.5,7.1,,,,,,6.8,,,,,,,13.28011,79,56,10.29386,,,C ,,C ,,,,0.0,-1.660001
2014-07-20 00:00:00.0,14.76389,20.4,10.1,,,,,,10.1,,,,,,,14.72468,90,88,12.71809,,,C ,,C ,,,,0.0,-3.901
2014-07-21 00:00:00.0,14.4,20.5,9.1,,,,,,9.0,,,,,,,15.80189,91,91,13.43004,,,C ,,C ,,,,0.0,-5.146002
2014-07-22 00:00:00.0,14.92709,17.0,11.4,,,,,,10.9,,,,,,,8.435631,53,56,,,,C ,,C ,,,,0.0,1.825999
2014-07-23 00:00:00.0,10.4132,13.4,6.4,,,,,,6.1,,,,,,,11.25595,94,94,8.635805,,,C ,,C ,,,,4.315999,14.77402
2014-07-24 00:00:00.0,6.986112,14.5,1.1,,,,,,1.0,,,,,,,7.64422,81,79,2.907378,,,C ,,C ,,,,15.10601,15.27202
2014-07-25 00:00:00.0,8.74375,15.3,3.4,,,,,,3.4,,,,,,,9.457177,83,75,6.0349,,,C ,,C ,,,,7.801996,15.18901
2014-07-26 00:00:00.0,6.78264,10.5,3.5,,,,,,3.7,,,,,,,7.277354,81,77,2.193247,,,C ,,C ,,,,16.60001,
2014-07-27 00:00:00.0,6.360416,14.3,0.4,,,,,,0.6,,,,,,,8.14265,84,78,3.911866,,,C ,,C ,,,,12.94801,13.44601
2014-07-28 00:00:00.0,9.793749,17.3,4.1,,,,,,4.0,,,,,,,11.70298,88,86,8.980519,,,C ,,C ,,,,8.465997,7.469995
2014-07-29 00:00:00.0,15.96042,20.9,12.6,,,,,,12.0,,,,,,,16.94106,90,95,13.91426,,,C ,,C ,,,,0.0,-10.209
2014-07-30 00:00:00.0,15.32349,,,,,,14.15,,,,,,,,,6.727308,35,36,,,,C ,,C ,,,,,-2.324001
2014-07-31 00:00:00.0,16.55972,18.3,14.2,,13.7,,14.4375,,13.8,,0.0,1.5,0.75,,,18.68923,97,99,16.3525,,,C ,,C ,,,,0.0,-10.45801
2014-08-01 00:00:00.0,18.38124,24.2,16.4,,15.6,,15.84653,,15.6,,0.0,0.0,0.0,,,18.79981,89,87,16.52268,,,C ,,C ,,,,0.0,-16.43402
2014-08-02 00:00:00.0,19.90208,26.6,15.2,,14.7,,16.63473,,14.9,,0.0,0.0,0.0,,,22.01058,93,91,18.95786,,,C ,,C ,,,,0.0,-19.33902
2014-08-03 00:00:00.0,18.80209,23.0,14.3,,13.7,,16.92709,,13.7,,0.5,0.5,0.5,,,14.26091,71,65,11.60609,,,C ,,C ,,,,0.0,-14.44201
2014-08-04 00:00:00.0,12.3493,17.9,6.5,,5.0,,14.92777,,5.2,,0.0,0.0,0.0,,,8.538686,68,65,4.540853,,,C ,,C ,,,,4.979998,9.627997
2014-08-05 00:00:00.0,10.50695,17.8,4.8,,3.2,,13.17361,,3.3,,0.25,0.25,0.25,,,9.098992,71,66,5.565531,,,C ,,C ,,,,5.311998,8.963999
2014-08-06 00:00:00.0,13.05,18.1,9.3,,8.7,,13.3743,,8.9,,0.0,0.0,0.0,,,11.94374,78,80,9.450217,,,C ,,C ,,,,0.0,1.328
2014-08-07 00:00:00.0,11.52361,18.1,5.1,,4.1,,13.10069,,3.8,,0.0,0.0,0.0,,,8.613232,70,70,4.78191,,,C ,,C ,,,,5.311998,11.039
2014-08-08 00:00:00.0,9.691667,18.9,1.8,,0.4,,12.36528,,0.2,,0.0,0.0,0.0,,,8.205433,72,66,4.076678,,,C ,,C ,,,,7.967996,9.876998
2014-08-09 00:00:00.0,12.14097,19.1,5.9,,4.3,,12.46736,,4.9,,0.0,0.0,0.0,,,9.989234,68,62,6.918058,,,C ,,C ,,,,1.66,1.908998
2014-08-10 00:00:00.0,14.45139,18.7,10.4,,9.5,,13.51389,,9.5,,0.0,0.0,0.0,,,11.78223,77,77,9.347885,,,C ,,C ,,,,0.498,1.826
2014-08-11 00:00:00.0,8.965277,15.8,3.5,,2.2,,12.56458,,2.4,,0.0,0.0,0.0,,,8.376138,79,76,4.265832,,,C ,,C ,,,,13.44601,16.26801
2014-08-12 00:00:00.0,8.161111,16.1,1.5,,0.2,,11.35139,,0.2,,0.0,0.0,0.0,,,6.582818,65,60,0.9929487,,,C ,,C ,,,,12.45001,12.53301
2014-08-13 00:00:00.0,7.434722,18.3,-1.5,,-2.4,,10.70833,,-2.5,,0.0,0.0,0.0,,,5.863462,59,49,-0.6853628,,,C ,,C ,,,,8.465997,5.394998
2014-08-14 00:00:00.0,10.99161,18.1,3.9,,2.1,,11.22447,,3.0,,0.0,0.0,0.0,,,7.881901,62,59,3.461708,,,C ,,C ,,,,3.319999,8.880999
2014-08-15 00:00:00.0,11.5132,18.7,3.6,,2.4,,11.66111,,2.8,,0.0,0.0,0.0,,,8.324209,64,60,4.284435,,,C ,,C ,,,,4.149999,7.635999
2014-08-16 00:00:00.0,13.39791,21.9,6.7,,5.3,,12.3875,,5.9,,0.0,0.0,0.0,,,11.47433,77,74,8.945292,,,C ,,C ,,,,0.498,1.908999
2014-08-17 00:00:00.0,15.74583,26.4,7.4,,6.6,,13.59028,,6.8,,0.0,0.0,0.0,,,15.43709,84,79,13.23549,,,C ,,C ,,,,0.0,-5.395002
2014-08-18 00:00:00.0,18.80486,26.1,13.5,,12.6,,15.04167,,12.7,,0.0,0.0,0.0,,,17.17595,80,78,15.09258,,,C ,,C ,,,,0.0,-14.52501
2014-08-19 00:00:00.0,19.5375,28.2,11.6,,10.8,,15.89514,,11.1,,0.0,0.0,0.0,,,17.12016,77,74,14.99854,,,C ,,C ,,,,0.0,-14.44201
2014-08-20 00:00:00.0,19.63333,27.6,12.8,,12.1,,16.68333,,12.3,,0.0,0.0,0.0,,,17.95418,78,74,15.73875,,,C ,,C ,,,,0.0,-15.93601
2014-08-21 00:00:00.0,22.48264,30.9,16.1,,15.6,,17.54375,,15.8,,0.0,0.0,0.0,,,18.13011,67,65,15.94355,,,C ,,C ,,,,0.0,-20.99903
2014-08-22 00:00:00.0,23.52431,29.2,18.0,,17.1,,18.4118,,17.5,,0.0,0.0,0.0,,,17.40375,63,62,15.30231,,,C ,,C ,,,,0.0,-23.90403
2014-08-23 00:00:00.0,22.71736,31.6,16.6,,16.2,,18.62431,,16.2,,0.25,0.0,0.0,,,17.94529,69,67,15.6905,,,C ,,C ,,,,0.0,-19.58802
2014-08-24 00:00:00.0,14.46041,18.3,10.5,,10.3,,17.52847,,10.3,,0.25,0.5,0.25,,,12.65103,82,79,10.17086,,,C ,,C ,,,,0.0,3.651998
2014-08-25 00:00:00.0,9.17778,11.9,7.2,,7.2,,14.38681,,7.1,,2.5,2.5,1.0,,,9.292799,81,87,5.757482,,,C ,,C ,,,,0.0,
2014-08-26 00:00:00.0,8.718055,10.6,6.6,,6.3,,12.79514,,6.2,,0.0,0.0,0.0,,,8.547321,77,72,4.6602,,,C ,,C ,,,,1.494,
2014-08-27 00:00:00.0,8.434027,15.4,0.1,,-0.6,,12.72847,,-0.9,,0.0,0.0,0.0,,,7.751711,75,70,3.289056,,,C ,,C ,,,,10.458,14.35901
2014-08-28 00:00:00.0,8.670138,16.8,2.2,,0.7,,12.98541,,0.7,,0.0,0.0,0.0,,,8.681988,78,71,4.845647,,,C ,,C ,,,,7.635996,12.61601
2014-08-29 00:00:00.0,11.52222,20.3,4.5,,3.3,,13.63125,,3.8,,0.0,0.0,0.0,,,9.27723,72,62,5.781911,,,C ,,C ,,,,6.307997,5.229
2014-08-30 00:00:00.0,14.42708,22.8,7.8,,6.8,,14.43403,,7.0,,0.25,0.25,0.25,,,12.13348,74,69,9.70169,,,C ,,C ,,,,0.0,-3.568999
2014-08-31 00:00:00.0,15.60903,25.0,7.2,,7.0,,15.51736,,6.8,,0.0,0.0,0.0,,,11.65121,73,66,9.15353,,,C ,,C ,,,,0.0,-2.241001
2014-09-01 00:00:00.0,14.75347,23.0,8.4,,6.8,,15.65556,,7.2,,19.5,0.0,0.0,,,13.64544,80,79,11.50589,,,C ,,C ,,,,0.0,-3.485999
2014-09-02 00:00:00.0,16.51945,21.7,13.2,,12.9,,16.61667,,12.9,,0.25,19.75,9.25,,,15.36456,85,83,13.38495,,,C ,,C ,,,,0.0,-8.382998
2014-09-03 00:00:00.0,15.83056,20.8,11.4,,10.9,,16.67083,,11.1,,0.0,0.0,0.0,,,16.25064,87,86,14.21869,,,C ,,C ,,,,0.0,-10.956
2014-09-04 00:00:00.0,17.25764,19.3,14.8,,14.5,,16.57848,,14.5,,0.25,0.0,0.0,,,15.7793,81,77,13.7937,,,C ,,C ,,,,0.0,-13.28001
2014-09-05 00:00:00.0,17.36944,21.4,15.1,,15.0,,16.74305,,14.9,,23.25,8.25,6.25,,,18.82413,93,95,16.47482,,,C ,,C ,,,,0.0,-16.93202
2014-09-06 00:00:00.0,17.27083,19.7,13.0,,11.9,,17.44028,,11.8,,0.0,15.25,5.75,,,14.88801,82,76,12.47723,,,C ,,C ,,,,0.0,-9.628004
2014-09-07 00:00:00.0,14.72014,22.6,7.7,,6.4,,16.14028,,6.9,,0.0,0.0,0.0,,,11.17015,67,59,8.54444,,,C ,,C ,,,,0.0,-3.818
2014-09-08 00:00:00.0,17.76945,24.8,10.1,,9.1,,16.8243,,9.4,,11.25,0.0,0.0,,,17.71838,79,75,15.24473,,,C ,,C ,,,,0.0,-13.52901
2014-09-09 00:00:00.0,18.07153,23.1,12.1,,11.9,,17.66319,,12.0,,1.5,12.75,5.75,,,15.45704,80,76,12.55637,,,C ,,C ,,,,0.0,-5.145992
2014-09-10 00:00:00.0,12.55,18.5,5.0,,3.9,,15.9743,,3.7,,0.0,0.0,0.0,,,9.371235,69,67,6.005037,,,C ,,C ,,,,2.49,5.145995
2014-09-11 00:00:00.0,13.01389,21.8,5.9,,5.2,,15.58958,,5.0,,0.0,0.0,0.0,,,8.932045,63,57,5.245239,,,C ,,C ,,,,1.66,1.410999
2014-09-12 00:00:00.0,13.66597,21.1,7.1,,6.1,,15.82222,,6.4,,0.0,0.0,0.0,,,10.45572,69,60,7.562438,,,C ,,C ,,,,0.0,-0.1660007
2014-09-13 00:00:00.0,14.70695,21.6,10.5,,9.7,,16.28889,,9.6,,21.0,10.5,2.75,,,15.16139,88,89,13.09463,,,C ,,C ,,,,0.0,-3.486
2014-09-14 00:00:00.0,15.77708,17.7,14.5,,14.5,,16.77431,,14.4,,17.25,27.5,4.0,,,17.50649,99,99,15.37764,,,C ,,C ,,,,0.0,-4.232998
2014-09-15 00:00:00.0,14.97292,20.6,10.2,,9.6,,16.71806,,9.3,,0.0,0.25,0.25,,,11.97188,77,68,9.465276,,,C ,,C ,,,,0.0,-1.660001
2014-09-16 00:00:00.0,12.88681,20.7,4.8,,4.1,,16.20833,,3.7,,0.25,0.0,0.0,,,10.97464,76,71,8.261455,,,C ,,C ,,,,5.311998,1.327998
2014-09-17 00:00:00.0,14.88542,23.0,8.4,,7.0,,16.68611,,7.7,,0.0,0.25,0.25,,,12.83224,77,70,10.60278,,,C ,,C ,,,,0.0,-4.648001
2014-09-18 00:00:00.0,16.28889,23.7,10.1,,9.3,,17.64931,,9.6,,0.0,0.0,0.0,,,14.5828,80,74,12.54126,,,C ,,C ,,,,0.0,-6.889001
2014-09-19 00:00:00.0,17.16528,24.6,9.8,,9.0,,18.45417,,8.8,,0.0,0.0,0.0,,,15.27094,81,79,13.25459,,,C ,,C ,,,,0.0,-8.133998
2014-09-20 00:00:00.0,16.73125,23.0,10.8,,10.0,,18.14375,,9.9,,0.0,0.0,0.0,,,12.30988,69,62,10.02255,,,C ,,C ,,,,0.0,-7.469995
2014-09-21 00:00:00.0,14.1118,21.3,5.6,,4.8,,17.66389,,4.5,,0.0,0.0,0.0,,,12.30642,77,72,9.930163,,,C ,,C ,,,,3.485999,-2.158001
2014-09-22 00:00:00.0,17.09861,23.7,10.8,,10.1,,17.94444,,10.2,,0.0,0.0,0.0,,,13.57515,71,64,11.50026,,,C ,,C ,,,,0.0,-10.292
2014-09-23 00:00:00.0,14.5,17.9,12.1,,11.4,,17.26597,,11.4,,7.75,7.75,3.5,,,14.04007,91,95,11.98268,,,C ,,C ,,,,0.0,2.158
2014-09-24 00:00:00.0,13.35417,22.6,4.1,,3.4,,16.62708,,3.5,,0.0,0.0,0.25,,,11.66092,77,70,9.064317,,,C ,,C ,,,,5.311998,-0.4150001
2014-09-25 00:00:00.0,15.77916,23.4,10.6,,9.4,,16.69862,,9.8,,0.75,0.75,0.5,,,15.2048,84,84,12.99889,,,C ,,C ,,,,0.0,-5.477996
2014-09-26 00:00:00.0,13.23958,20.1,5.4,,4.0,,16.69931,,4.0,,0.0,0.0,0.0,,,8.71571,66,55,4.767995,,,C ,,C ,,,,3.319999,3.817996
2014-09-27 00:00:00.0,12.85694,21.1,3.9,,3.4,,16.33264,,2.8,,0.0,0.0,0.0,,,9.550612,64,54,6.25319,,,C ,,C ,,,,4.979998,-1.411003
2014-09-28 00:00:00.0,15.38125,19.6,12.5,,11.7,,16.46041,,11.9,,1.25,1.0,0.75,,,15.48003,88,92,13.29796,,,C ,,C ,,,,0.0,-6.141999
2014-09-29 00:00:00.0,16.03263,25.4,9.7,,9.6,,17.44375,,9.6,,0.0,0.25,0.25,,,14.30128,80,75,12.16451,,,C ,,C ,,,,0.0,-5.146001
2014-09-30 00:00:00.0,17.0507,23.7,11.1,,10.1,,17.79445,,10.4,,0.0,0.0,0.0,,,13.37939,72,60,11.24152,,,C ,,C ,,,,0.0,-10.043
2014-10-01 00:00:00.0,14.28472,20.7,9.8,,9.0,,17.37987,,8.5,,0.0,0.0,0.0,,,13.26508,86,83,11.08511,,,C ,,C ,,,,0.0,1.410999
2014-10-02 00:00:00.0,12.42153,19.1,5.9,,4.8,,16.84167,,4.6,,0.0,0.0,0.0,,,11.35567,78,73,8.666042,,,C ,,C ,,,,4.481998,2.738997
2014-10-03 00:00:00.0,14.87083,16.9,13.3,,12.8,,16.51458,,13.0,,0.25,0.25,0.25,,,13.51047,79,77,11.40104,,,C ,,C ,,,,0.0,-2.074999
2014-10-04 00:00:00.0,16.43472,22.0,14.3,,13.8,,16.53542,,14.1,,14.25,13.75,5.5,,,15.6308,84,82,13.6371,,,C ,,C ,,,,0.0,-8.798
2014-10-05 00:00:00.0,17.03542,19.1,15.1,,14.7,,16.97709,,14.7,,43.25,43.25,10.0,,,18.51728,96,97,16.27029,,,C ,,C ,,,,0.0,-11.70301
2014-10-06 00:00:00.0,17.29028,22.6,12.3,,11.7,,17.89583,,11.8,,0.0,0.5,0.25,,,16.68012,86,83,14.63586,,,C ,,C ,,,,0.0,-11.205
2014-10-07 00:00:00.0,20.77013,29.3,13.4,,12.3,,19.51667,,12.5,,0.0,0.0,0.0,,,17.4161,73,60,15.29745,,,C ,,C ,,,,0.0,-16.51702
2014-10-08 00:00:00.0,21.44791,27.3,14.9,,14.0,,20.68819,,14.1,,13.25,0.0,0.0,,,20.44567,78,74,17.81692,,,C ,,C ,,,,0.0,-20.66702
2014-10-09 00:00:00.0,19.82986,23.7,15.8,,15.4,,20.40209,,15.3,,2.25,15.5,11.75,,,20.37874,94,95,17.49198,,,C ,,C ,,,,0.0,-16.76601
2014-10-10 00:00:00.0,12.99027,17.7,7.6,,6.8,,18.29028,,6.5,,0.0,0.0,0.0,,,10.91596,78,74,8.236827,,,C ,,C ,,,,0.0,6.723004
2014-10-11 00:00:00.0,14.60139,21.8,7.8,,6.9,,18.73541,,6.7,,0.0,0.0,0.0,,,12.54575,77,68,10.27407,,,C ,,C ,,,,0.0,-4.232997
2014-10-12 00:00:00.0,16.80972,24.9,9.6,,9.0,,19.53959,,8.7,,0.0,0.0,0.0,,,14.10681,77,67,12.02446,,,C ,,C ,,,,0.0,-7.469997
2014-10-13 00:00:00.0,17.84306,26.5,10.7,,9.9,,19.82222,,9.6,,0.0,0.0,0.0,,,14.30559,73,70,12.17888,,,C ,,C ,,,,0.0,-9.462
2014-10-14 00:00:00.0,19.70209,28.3,12.3,,11.1,,20.44861,,11.3,,0.0,0.0,0.0,,,14.84998,66,60,12.85275,,,C ,,C ,,,,0.0,-15.85301
2014-10-15 00:00:00.0,20.52378,28.1,13.9,,12.5,,21.07622,,13.1,,0.0,0.0,0.0,,,17.19495,70,62,15.04353,,,C ,,C ,,,,0.0,-17.34702
2014-10-16 00:00:00.0,24.27292,29.7,19.8,,19.1,,22.54444,,19.3,,0.0,0.0,0.0,,,18.54248,64,59,16.18854,,,C ,,C ,,,,0.0,-22.57603
2014-10-17 00:00:00.0,20.47361,28.2,13.4,,12.2,,22.10629,,12.1,,0.0,0.0,0.0,,,15.7464,66,60,13.70834,,,C ,,C ,,,,0.0,-18.17702
2014-10-18 00:00:00.0,21.84756,27.4,19.1,,18.5,,22.41319,,18.7,,0.0,0.0,0.0,,,21.46217,83,82,18.61081,,,C ,,C ,,,,0.0,-23.90403
2014-10-19 00:00:00.0,20.525,26.8,13.5,,12.9,,22.40903,,13.1,,0.0,0.0,0.0,,,11.63124,55,44,8.830579,,,C ,,C ,,,,0.0,-14.77401
2014-10-20 00:00:00.0,17.73333,25.5,9.0,,8.4,,22.16597,,7.9,,0.0,0.0,0.0,,,13.72579,69,59,11.6022,,,C ,,C ,,,,0.0,-11.039
2014-10-21 00:00:00.0,20.99236,29.1,13.9,,13.0,,22.6882,,13.1,,0.0,0.0,0.0,,,15.10988,61,54,13.09907,,,C ,,C ,,,,0.0,-17.59602
2014-10-22 00:00:00.0,23.94791,31.6,16.2,,15.6,,23.50972,,15.7,,0.0,0.0,0.0,,,16.93064,61,55,14.86718,,,C ,,C ,,,,0.0,-21.66302
2014-10-23 00:00:00.0,24.48611,33.0,16.8,,15.7,,24.2493,,16.0,,0.0,0.0,0.0,,,18.22494,62,53,16.0097,,,C ,,C ,,,,0.0,-21.66302
2014-10-24 00:00:00.0,24.72361,32.6,16.5,,15.5,,24.96806,,15.6,,0.0,0.0,0.0,,,19.41115,66,56,16.967,,,C ,,C ,,,,0.0,-22.74203
2014-10-25 00:00:00.0,25.10417,31.9,19.3,,18.8,,25.88612,,18.8,,0.0,0.0,0.0,,,21.06119,69,63,18.31419,,,C ,,C ,,,,0.0,-23.90403
2014-10-26 00:00:00.0,25.40833,33.2,19.1,,18.3,,26.18264,,18.5,,0.0,0.0,0.0,,,22.11457,69,60,19.09475,,,C ,,C ,,,,0.0,-23.90403
2014-10-27 00:00:00.0,26.54236,36.8,19.8,,19.5,,26.51736,,19.5,,0.0,0.0,0.0,,,21.5388,67,60,18.57608,,,C ,,C ,,,,0.0,-23.90403
2014-10-28 00:00:00.0,23.26319,34.2,16.6,,16.2,,26.41528,,15.9,,60.25,46.5,18.0,,,22.6998,79,75,19.30787,,,C ,,C ,,,,0.0,-21.74603
2014-10-29 00:00:00.0,19.36458,21.7,17.6,,17.1,,23.2993,,17.1,,28.0,41.5,9.0,,,21.17566,99,100,18.37165,,,C ,,C ,,,,0.0,-20.99902
2014-10-30 00:00:00.0,19.225,26.5,13.1,,12.4,,22.675,,12.5,,0.0,0.25,0.25,,,15.66965,73,67,13.60636,,,C ,,C ,,,,0.0,-15.02301
2014-10-31 00:00:00.0,18.32153,24.6,14.9,,14.6,,22.09861,,14.6,,9.0,9.0,3.5,,,16.49186,81,76,14.44843,,,C ,,C ,,,,0.0,-13.28001
2014-11-01 00:00:00.0,14.79097,18.5,11.2,,10.9,,20.35625,,10.3,,20.25,6.0,2.5,,,11.30225,73,71,8.716973,,,C ,,C ,,,,0.0,-0.249
2014-11-02 00:00:00.0,12.49583,14.8,9.6,,9.4,,17.88335,,9.2,,66.75,45.25,8.0,,,15.08652,98,96,13.06489,,,C ,,C ,,,,0.0,3.485998
2014-11-03 00:00:00.0,16.33889,20.4,14.6,,14.4,,18.3632,,14.3,,21.25,57.0,10.5,,,17.47475,95,92,15.22246,,,C ,,C ,,,,0.0,-7.718999
2014-11-04 00:00:00.0,15.57916,21.8,9.6,,9.0,,18.6632,,8.7,,0.0,0.0,0.0,,,12.23284,73,67,9.892523,,,C ,,C ,,,,0.0,-5.062996
2014-11-05 00:00:00.0,18.02569,24.6,11.0,,10.4,,20.04444,,10.1,,0.0,0.0,0.0,,,13.01725,63,56,10.83685,,,C ,,C ,,,,0.0,-14.02701
2014-11-06 00:00:00.0,20.00069,27.5,12.7,,11.8,,21.64515,,12.1,,0.0,0.0,0.0,,,16.21264,72,66,14.17369,,,C ,,C ,,,,0.0,-15.35501
2014-11-07 00:00:00.0,21.31945,28.9,13.1,,12.2,,22.7882,,12.1,,0.0,0.0,0.0,,,16.77194,69,61,14.63527,,,C ,,C ,,,,0.0,-15.52101
2014-11-08 00:00:00.0,21.27431,31.0,11.2,,10.1,,23.13611,,10.3,,0.0,0.0,0.0,,,14.01237,61,52,11.88858,,,C ,,C ,,,,0.0,-15.10601
2014-11-09 00:00:00.0,22.24028,31.1,15.2,,13.9,,24.13958,,13.8,,0.0,0.0,0.0,,,16.87444,64,52,14.78699,,,C ,,C ,,,,0.0,-19.25602
2014-11-10 00:00:00.0,23.75625,31.7,19.7,,19.2,,24.72222,,19.3,,0.0,0.0,0.0,,,20.39543,72,65,17.79741,,,C ,,C ,,,,0.0,-23.90403
2014-11-11 00:00:00.0,23.42916,32.0,15.9,,15.5,,24.76112,,15.2,,0.0,0.0,0.0,,,19.71266,71,59,17.23603,,,C ,,C ,,,,0.0,-21.41402
2014-11-12 00:00:00.0,21.87847,27.2,14.2,,13.6,,25.16598,,13.1,,0.0,0.0,0.0,,,14.657,63,58,12.27318,,,C ,,C ,,,,0.0,-17.51302
2014-11-13 00:00:00.0,17.1743,25.7,8.4,,7.1,,24.1493,,6.7,,0.0,0.0,0.0,,,9.986811,55,41,6.745062,,,C ,,C ,,,,0.0,-8.133999
2014-11-14 00:00:00.0,20.20138,27.5,12.6,,11.6,,24.26736,,12.0,,0.0,0.0,0.0,,,12.3081,52,44,9.958724,,,C ,,C ,,,,0.0,-17.43002
2014-11-15 00:00:00.0,25.12292,33.0,17.0,,16.0,,25.37917,,16.1,,0.0,0.0,0.0,,,14.97351,48,43,12.93295,,,C ,,C ,,,,0.0,-22.41003
2014-11-16 00:00:00.0,24.84375,31.9,18.0,,16.8,,26.54305,,16.9,,0.0,0.0,0.0,,,17.19283,59,52,15.01858,,,C ,,C ,,,,0.0,-23.82103
2014-11-17 00:00:00.0,24.2632,32.1,17.4,,16.9,,26.925,,17.0,,0.0,0.0,0.0,,,17.96763,61,53,15.78513,,,C ,,C ,,,,0.0,-22.49303
2014-11-18 00:00:00.0,25.71389,34.0,18.2,,17.7,,27.21459,,17.8,,1.5,0.0,0.0,,,18.72161,58,53,16.41752,,,C ,,C ,,,,0.0,-23.90403
2014-11-19 00:00:00.0,22.06875,25.2,17.0,,16.6,,25.4618,,16.5,,2.75,4.25,1.25,,,18.96699,79,85,16.63997,,,C ,,C ,,,,0.0,-20.66702
2014-11-20 00:00:00.0,20.32847,26.8,13.8,,13.3,,23.94097,,13.1,,0.25,0.0,0.0,,,17.60472,74,66,15.45276,,,C ,,C ,,,,0.0,-17.67902
2014-11-21 00:00:00.0,18.0632,21.1,14.3,,13.8,,22.51112,,13.7,,5.25,5.5,1.75,,,16.9804,88,87,14.89537,,,C ,,C ,,,,0.0,-12.69901
2014-11-22 00:00:00.0,18.52638,26.0,12.2,,11.7,,22.26597,,11.5,,0.0,0.0,0.0,,,14.4252,69,64,12.35247,,,C ,,C ,,,,0.0,-15.85301
2014-11-23 00:00:00.0,22.34792,29.7,14.5,,13.4,,23.93263,,13.5,,0.0,0.0,0.0,,,16.06575,60,52,14.05861,,,C ,,C ,,,,0.0,-19.67102
2014-11-24 00:00:00.0,21.84514,26.1,17.9,,17.4,,23.40902,,17.4,,0.0,0.0,0.0,,,17.84597,71,71,15.64591,,,C ,,C ,,,,0.0,-23.48903
2014-11-25 00:00:00.0,20.62222,27.4,12.8,,11.6,,24.09444,,11.9,,0.0,0.0,0.0,,,11.78382,54,44,9.277142,,,C ,,C ,,,,0.0,-14.77401
2014-11-26 00:00:00.0,19.34375,29.7,11.0,,10.1,,24.30278,,9.8,,0.0,0.0,0.0,,,12.57207,63,54,10.13145,,,C ,,C ,,,,0.0,-10.707
2014-11-27 00:00:00.0,20.7493,30.2,10.8,,9.6,,25.32361,,9.8,,0.0,0.0,0.0,,,13.50498,57,45,11.38394,,,C ,,C ,,,,0.0,-15.10601
2014-11-28 00:00:00.0,23.21388,31.1,14.5,,13.7,,26.31667,,13.8,,0.0,0.0,0.0,,,13.81166,53,41,11.66539,,,C ,,C ,,,,0.0,-19.50502
2014-11-29 00:00:00.0,23.16805,33.0,17.5,,16.8,,25.70209,,17.0,,52.25,18.5,6.0,,,20.47895,74,67,17.62999,,,C ,,C ,,,,0.0,-22.24403
2014-11-30 00:00:00.0,17.22778,21.1,13.9,,14.2,,22.075,,13.6,,2.75,36.5,13.5,,,17.49129,93,93,15.19208,,,C ,,C ,,,,0.0,-5.810002
2014-12-01 00:00:00.0,16.28958,22.2,12.3,,12.3,,20.38472,,12.2,,0.0,0.0,0.0,,,15.48648,83,81,13.46355,,,C ,,C ,,,,0.0,-9.130001
2014-12-02 00:00:00.0,18.9618,24.9,14.2,,13.5,,21.86181,,13.7,,0.0,0.0,0.0,,,15.15503,74,68,13.15346,,,C ,,C ,,,,0.0,-13.94401
2014-12-03 00:00:00.0,21.85556,31.8,12.8,,11.9,,22.89792,,11.7,,0.0,0.0,0.0,,,14.75004,59,51,12.59678,,,C ,,C ,,,,0.0,-17.67902
2014-12-04 00:00:00.0,25.00208,32.6,16.7,,15.7,,24.90556,,15.7,,0.0,0.0,0.0,,,17.20792,58,51,15.09804,,,C ,,C ,,,,0.0,-22.49303
2014-12-05 00:00:00.0,24.95694,32.5,16.4,,15.6,,25.88264,,15.8,,0.0,0.0,0.0,,,16.5852,56,45,14.53461,,,C ,,C ,,,,0.0,-22.49303
2014-12-06 00:00:00.0,26.85209,35.0,18.6,,17.9,,26.86528,,18.1,,7.5,0.0,0.0,,,20.89016,59,53,18.06095,,,C ,,C ,,,,0.0,-23.90403
2014-12-07 00:00:00.0,22.29723,28.1,18.8,,18.1,,25.0,,18.1,,18.5,26.0,6.5,,,22.60933,92,96,19.43005,,,C ,,C ,,,,0.0,-22.82503
2014-12-08 00:00:00.0,21.45139,28.6,15.6,,14.9,,23.94306,,15.1,,0.25,0.0,0.0,,,20.59353,81,76,17.92987,,,C ,,C ,,,,0.0,-20.08602
2014-12-09 00:00:00.0,25.24653,33.0,18.9,,18.2,,25.67917,,18.4,,22.0,22.0,14.5,,,25.70722,82,74,21.43709,,,C ,,C ,,,,0.0,-23.90403
2014-12-10 00:00:00.0,22.28959,27.4,18.5,,18.4,,25.74445,,18.3,,0.0,0.25,0.25,,,18.76576,74,69,16.36317,,,C ,,C ,,,,0.0,-21.82903
2014-12-11 00:00:00.0,19.54931,27.4,12.8,,12.1,,25.05764,,11.8,,0.0,0.0,0.0,,,15.26816,70,62,13.24969,,,C ,,C ,,,,0.0,-15.68701
2014-12-12 00:00:00.0,22.03194,29.5,15.2,,14.5,,25.81181,,14.5,,0.0,0.0,0.0,,,18.80142,71,64,16.48574,,,C ,,C ,,,,0.0,-19.50502
2014-12-13 00:00:00.0,23.95695,32.3,17.7,,17.2,,26.59375,,17.0,,0.0,0.0,0.0,,,19.15335,71,60,16.75231,,,C ,,C ,,,,0.0,-21.66303
2014-12-14 00:00:00.0,20.68403,28.2,12.2,,11.8,,26.27431,,11.6,,0.0,0.0,0.0,,,15.98063,68,60,13.95197,,,C ,,C ,,,,0.0,-17.18102
2014-12-15 00:00:00.0,21.47084,28.4,15.5,,14.8,,26.05417,,14.9,,0.25,0.25,0.25,,,17.04837,67,63,14.88529,,,C ,,C ,,,,0.0,-20.08602
2014-12-16 00:00:00.0,23.27917,30.5,18.5,,17.9,,26.44862,,18.0,,0.0,0.0,0.0,,,19.46816,71,60,16.98264,,,C ,,C ,,,,0.0,-23.90403
2014-12-17 00:00:00.0,25.26737,32.9,18.2,,17.4,,27.34861,,17.5,,0.0,0.0,0.0,,,18.17438,61,47,15.82178,,,C ,,C ,,,,0.0,-23.90403
2014-12-18 00:00:00.0,25.39722,34.7,15.8,,14.9,,27.85834,,14.9,,0.0,0.0,0.0,,,17.46579,57,44,15.32005,,,C ,,C ,,,,0.0,-21.33102
2014-12-19 00:00:00.0,27.73195,34.0,21.6,,20.8,,28.34375,,20.8,,15.5,0.0,0.0,,,18.43736,52,47,16.05361,,,C ,,C ,,,,0.0,-23.90403
2014-12-20 00:00:00.0,22.24097,26.9,18.2,,18.1,,25.85902,,18.0,,7.5,21.75,7.5,,,21.39286,85,93,18.56596,,,C ,,C ,,,,0.0,-23.90403
2014-12-21 00:00:00.0,19.72847,24.9,13.6,,13.3,,24.43819,,12.9,,0.0,1.25,1.0,,,13.9841,66,64,11.79244,,,C ,,C ,,,,0.0,-16.18501
2014-12-22 00:00:00.0,17.52917,23.0,10.7,,10.3,,23.63264,,9.9,,0.0,0.0,0.0,,,11.41589,64,59,8.698917,,,C ,,C ,,,,0.0,-8.382998
2014-12-23 00:00:00.0,18.28403,27.3,8.6,,7.4,,23.96805,,7.3,,0.0,0.0,0.0,,,10.38694,53,42,7.420616,,,C ,,C ,,,,0.0,-10.458
2014-12-24 00:00:00.0,21.27917,29.0,14.2,,13.0,,24.8375,,13.3,,0.0,0.0,0.0,,,13.67698,53,49,11.55527,,,C ,,C ,,,,0.0,-17.76202
2014-12-25 00:00:00.0,24.45487,32.5,15.5,,14.5,,26.31944,,14.2,,0.0,0.0,0.0,,,18.75982,63,55,16.42762,,,C ,,C ,,,,0.0,-20.16902
2014-12-26 00:00:00.0,23.87014,30.7,21.1,,20.5,,25.84931,,20.6,,5.5,5.25,3.0,,,24.353,85,81,20.62458,,,C ,,C ,,,,0.0,-23.90403
2014-12-27 00:00:00.0,24.47917,31.8,17.4,,17.2,,25.93542,,17.1,,0.0,0.25,0.25,,,23.90433,78,73,20.33051,,,C ,,C ,,,,0.0,-23.24003
2014-12-28 00:00:00.0,27.14444,34.2,20.3,,19.6,,27.8118,,19.5,,0.0,0.0,0.0,,,24.05002,70,59,20.42942,,,C ,,C ,,,,0.0,-23.90403
2014-12-29 00:00:00.0,27.85139,34.8,20.7,,20.1,,29.17709,,20.2,,0.75,0.75,0.75,,,23.88703,67,58,20.27293,,,C ,,C ,,,,0.0,-23.90403
2014-12-30 00:00:00.0,26.9743,35.2,19.6,,19.2,,29.57639,,19.0,,3.5,0.0,0.0,,,21.68015,65,58,18.71748,,,C ,,C ,,,,0.0,-23.90403
2014-12-31 00:00:00.0,22.98403,28.0,17.2,,17.2,,26.8257,,17.0,,23.75,25.5,13.75,,,23.89488,89,90,20.31645,,,C ,,C ,,,,0.0,-22.74203
2015-01-01 00:00:00.0,19.66875,23.6,16.0,,15.4,,24.27708,,15.5,,1.0,2.75,1.5,,,16.41735,77,70,14.05178,,,C ,,C ,,,,0.0,-18.01102
2015-01-02 00:00:00.0,18.52083,25.9,11.3,,10.3,,23.3743,,10.3,,0.0,0.0,0.0,,,12.91773,66,59,10.65704,,,C ,,C ,,,,0.0,-11.122
2015-01-03 00:00:00.0,21.30277,29.5,12.9,,12.1,,24.2743,,11.4,,0.0,0.0,0.0,,,13.9283,56,48,11.87103,,,C ,,C ,,,,0.0,-18.84102
2015-01-04 00:00:00.0,22.12709,30.4,14.3,,13.7,,25.625,,13.9,,0.0,0.0,0.0,,,19.16698,74,68,16.72585,,,C ,,C ,,,,0.0,-19.42202
2015-01-05 00:00:00.0,25.1382,33.7,17.1,,16.6,,26.87083,,16.7,,16.0,0.0,0.0,,,20.73454,65,60,18.00148,,,C ,,C ,,,,0.0,-22.16103
2015-01-06 00:00:00.0,23.57083,26.5,20.5,,20.1,,25.79166,,19.9,,13.5,29.5,15.25,,,24.85519,90,90,20.96103,,,C ,,C ,,,,0.0,-23.90403
2015-01-07 00:00:00.0,24.58264,31.8,18.9,,18.6,,25.92847,,18.6,,0.0,0.0,0.0,,,24.89894,80,73,20.99355,,,C ,,C ,,,,0.0,-23.90403
2015-01-08 00:00:00.0,26.72709,33.2,20.1,,19.6,,27.70487,,19.6,,8.75,1.0,1.0,,,25.97415,75,67,21.69434,,,C ,,C ,,,,0.0,-23.90403
2015-01-09 00:00:00.0,28.06737,33.6,23.9,,23.4,,28.18126,,23.3,,0.0,7.75,3.5,,,28.49734,78,75,23.21554,,,C ,,C ,,,,0.0,-23.90403
2015-01-10 00:00:00.0,26.98195,35.0,19.4,,18.8,,28.47639,,18.9,,0.5,0.5,0.25,,,23.75995,69,59,20.17101,,,C ,,C ,,,,0.0,-23.90403
2015-01-11 00:00:00.0,27.45555,33.0,22.2,,21.6,,28.80972,,21.6,,0.0,0.0,0.0,,,23.67588,67,64,20.16586,,,C ,,C ,,,,0.0,-23.90403
2015-01-12 00:00:00.0,28.2132,37.4,21.4,,20.8,,29.21389,,20.9,,27.25,0.0,0.0,,,23.47357,66,55,19.7925,,,C ,,C ,,,,0.0,-23.90403
2015-01-13 00:00:00.0,23.20695,26.9,19.3,,19.3,,27.10625,,19.2,,13.5,40.75,9.75,,,24.71502,91,90,20.88338,,,C ,,C ,,,,0.0,-23.90403
2015-01-14 00:00:00.0,23.72778,31.1,18.2,,18.1,,26.88056,,18.0,,0.0,0.0,0.0,,,22.90389,81,76,19.6468,,,C ,,C ,,,,0.0,-23.90403
2015-01-15 00:00:00.0,24.52639,30.4,19.8,,19.6,,27.73472,,19.5,,0.0,0.0,0.0,,,23.31063,77,71,19.93019,,,C ,,C ,,,,0.0,-23.90403
2015-01-16 00:00:00.0,25.6662,32.2,20.6,,19.9,,27.96972,,20.0,,1.5,1.5,1.5,,,24.66604,77,69,20.85659,,,C ,,C ,,,,0.0,-23.57203
2015-01-17 00:00:00.0,23.31875,30.2,20.2,,19.7,,27.33333,,19.7,,0.0,0.0,0.0,,,22.98224,83,81,19.67079,,,C ,,C ,,,,0.0,-23.90403
2015-01-18 00:00:00.0,21.00208,25.7,17.4,,16.8,,25.59236,,16.7,,27.5,20.0,14.5,,,22.7664,91,92,19.52227,,,C ,,C ,,,,0.0,-22.41003
2015-01-19 00:00:00.0,20.43681,22.5,18.3,,18.7,,24.60904,,18.1,,33.0,40.5,18.0,,,22.93928,96,96,19.676,,,C ,,C ,,,,0.0,-23.90403
2015-01-20 00:00:00.0,20.70625,26.9,15.0,,15.7,,25.01319,,14.7,,0.0,0.0,0.0,,,18.31392,79,76,16.09236,,,C ,,C ,,,,0.0,-16.93201
2015-01-21 00:00:00.0,21.44376,29.1,14.4,,14.4,,25.95209,,13.3,,0.0,0.0,0.0,,,18.69442,75,68,16.40525,,,C ,,C ,,,,0.0,-18.34302
2015-01-22 00:00:00.0,22.63403,28.9,16.8,,17.3,,26.70486,,16.3,,0.0,0.0,0.0,,,19.23896,71,66,16.88143,,,C ,,C ,,,,0.0,-21.33102
2015-01-23 00:00:00.0,24.41319,31.1,19.0,,19.4,,27.60764,,18.6,,0.0,0.0,0.0,,,20.99777,71,66,18.26065,,,C ,,C ,,,,0.0,-23.90403
2015-01-24 00:00:00.0,25.18056,32.3,18.2,,18.5,,28.16666,,17.6,,0.0,0.0,0.0,,,22.14548,72,65,19.09591,,,C ,,C ,,,,0.0,-23.90403
2015-01-25 00:00:00.0,26.12917,33.9,18.5,,18.8,,28.47779,,17.8,,0.0,0.0,0.0,,,23.54366,72,65,20.07901,,,C ,,C ,,,,0.0,-23.90403
2015-01-26 00:00:00.0,27.42292,34.6,21.6,,21.7,,28.87292,,20.8,,0.0,0.0,0.0,,,25.90698,73,70,21.65318,,,C ,,C ,,,,0.0,-23.90403
2015-01-27 00:00:00.0,28.61736,36.7,22.8,,23.5,,29.52639,,22.6,,6.5,0.0,0.0,,,28.01964,72,64,22.86549,,,C ,,C ,,,,0.0,-23.90403
2015-01-28 00:00:00.0,23.33194,29.0,18.9,,19.4,,27.50071,,18.3,,43.25,49.75,16.5,,,23.38332,89,96,19.85516,,,C ,,C ,,,,0.0,-23.15703
2015-01-29 00:00:00.0,19.80139,27.3,13.3,,13.4,,26.00277,,12.1,,0.0,0.0,0.0,,,15.73422,72,67,13.74975,,,C ,,C ,,,,0.0,-15.02301
2015-01-30 00:00:00.0,20.12848,27.3,13.4,,13.5,,26.27292,,12.7,,0.0,0.0,0.0,,,16.67937,73,69,14.60698,,,C ,,C ,,,,0.0,-16.43401
2015-01-31 00:00:00.0,22.12777,30.0,15.0,,15.2,,26.63959,,14.3,,0.0,0.0,0.0,,,18.74947,72,64,16.45435,,,C ,,C ,,,,0.0,-18.59202
2015-02-01 00:00:00.0,24.35764,31.7,18.1,,18.4,,27.44514,,17.6,,0.0,0.0,0.0,,,22.68878,75,71,19.45741,,,C ,,C ,,,,0.0,-23.90403
2015-02-02 00:00:00.0,25.78542,33.9,19.8,,20.2,,28.51597,,19.3,,0.0,0.0,0.0,,,25.25285,78,70,21.22676,,,C ,,C ,,,,0.0,-23.90403
2015-02-03 00:00:00.0,25.60694,30.5,21.6,,22.1,,28.77084,,21.2,,0.0,0.0,0.0,,,25.32523,80,72,21.28857,,,C ,,C ,,,,0.0,-23.90403
2015-02-04 00:00:00.0,25.46112,32.0,21.9,,22.2,,28.40417,,21.2,,10.25,0.0,0.0,,,26.79192,83,80,22.21929,,,C ,,C ,,,,0.0,-23.90403
2015-02-05 00:00:00.0,26.19652,33.4,20.9,,21.8,,28.94584,,20.9,,3.75,14.0,13.5,,,26.60913,81,78,22.09011,,,C ,,C ,,,,0.0,-23.90403
2015-02-06 00:00:00.0,26.39793,33.6,20.8,,21.3,,29.35416,,20.4,,0.0,0.0,0.0,,,25.57554,77,68,21.45444,,,C ,,C ,,,,0.0,-23.90403
2015-02-07 00:00:00.0,26.47153,34.2,20.3,,20.5,,29.46528,,19.7,,0.0,0.0,0.0,,,23.47723,71,65,20.04493,,,C ,,C ,,,,0.0,-23.90403
2015-02-08 00:00:00.0,24.50486,32.2,19.4,,19.5,,28.75001,,18.8,,0.0,0.0,0.0,,,22.94024,79,70,19.66393,,,C ,,C ,,,,0.0,-23.90403
2015-02-09 00:00:00.0,23.96597,32.5,16.6,,16.8,,28.14236,,16.0,,8.75,6.5,2.5,,,20.88984,74,62,18.108,,,C ,,C ,,,,0.0,-21.74603
2015-02-10 00:00:00.0,21.5625,27.0,17.8,,18.3,,27.14653,,17.4,,0.0,2.25,1.25,,,20.97373,85,83,18.25572,,,C ,,C ,,,,0.0,-20.33502
2015-02-11 00:00:00.0,22.94722,31.3,15.7,,16.0,,26.92847,,15.1,,0.0,0.0,0.0,,,18.93008,71,60,16.5723,,,C ,,C ,,,,0.0,-20.08602
2015-02-12 00:00:00.0,24.32778,33.1,18.1,,18.1,,27.375,,17.2,,0.0,0.0,0.0,,,19.51259,67,61,16.82948,,,C ,,C ,,,,0.0,-21.91203
2015-02-13 00:00:00.0,19.91111,28.9,12.5,,12.3,,26.92292,,11.1,,0.0,0.0,0.0,,,15.53598,68,66,13.47458,,,C ,,C ,,,,0.0,-16.84902
2015-02-14 00:00:00.0,21.75,30.6,15.0,,15.2,,27.22153,,14.4,,0.0,0.0,0.0,,,18.51714,72,67,16.19505,,,C ,,C ,,,,0.0,-18.75802
2015-02-15 00:00:00.0,22.60347,28.9,16.7,,17.1,,27.21459,,16.1,,0.0,0.0,0.0,,,19.98643,74,69,17.43871,,,C ,,C ,,,,0.0,-21.24802
2015-02-16 00:00:00.0,24.19028,30.6,19.3,,19.9,,27.45487,,19.0,,0.0,0.0,0.0,,,21.29052,72,70,18.44567,,,C ,,C ,,,,0.0,-23.90403
2015-02-17 00:00:00.0,24.975,32.7,19.1,,19.6,,27.99028,,18.7,,0.0,0.0,0.0,,,22.27694,72,63,19.20347,,,C ,,C ,,,,0.0,-23.90403
2015-02-18 00:00:00.0,23.38473,31.3,19.5,,20.2,,27.86597,,19.2,,6.25,6.25,2.5,,,22.601,83,78,19.42912,,,C ,,C ,,,,0.0,-23.73803
2015-02-19 00:00:00.0,19.58542,24.7,15.1,,16.1,,26.39236,,15.0,,0.0,0.0,0.0,,,15.29496,71,66,13.25895,,,C ,,C ,,,,0.0,-15.02301
2015-02-20 00:00:00.0,17.94861,24.4,11.1,,11.7,,25.37847,,10.3,,0.0,0.0,0.0,,,12.84112,67,62,10.60233,,,C ,,C ,,,,0.0,-10.126
2015-02-21 00:00:00.0,19.24583,27.0,12.7,,13.2,,25.10001,,11.7,,0.0,0.0,0.0,,,18.51706,80,77,16.15029,,,C ,,C ,,,,0.0,-16.18501
2015-02-22 00:00:00.0,23.03542,32.8,15.2,,15.7,,26.01805,,14.6,,0.0,0.0,0.0,,,18.49762,70,60,16.19206,,,C ,,C ,,,,0.0,-18.42602
2015-02-23 00:00:00.0,24.83889,34.4,16.3,,16.6,,27.26736,,15.6,,0.0,0.0,0.0,,,20.77581,69,61,18.05017,,,C ,,C ,,,,0.0,-21.16502
2015-02-24 00:00:00.0,27.025,35.4,19.9,,20.2,,28.35209,,19.3,,0.0,0.0,0.0,,,23.7568,69,66,20.2215,,,C ,,C ,,,,0.0,-23.90403
2015-02-25 00:00:00.0,23.12777,26.1,20.3,,21.2,,26.85349,,20.1,,69.75,69.75,32.5,,,24.5429,91,91,20.76152,,,C ,,C ,,,,0.0,-23.90403
2015-02-26 00:00:00.0,23.1743,30.5,19.5,,20.3,,26.08265,,19.2,,0.0,0.0,0.0,,,24.15244,86,81,20.5143,,,C ,,C ,,,,0.0,-23.90403
2015-02-27 00:00:00.0,23.91319,30.9,19.3,,19.9,,26.93402,,18.7,,0.0,0.0,0.0,,,19.97343,74,67,17.35191,,,C ,,C ,,,,0.0,-22.24403
2015-02-28 00:00:00.0,19.78889,27.3,12.6,,12.8,,26.19237,,12.0,,0.0,0.0,0.0,,,16.08582,72,63,13.98943,,,C ,,C ,,,,0.0,-16.76601
2015-03-01 00:00:00.0,19.71319,23.3,17.7,,18.1,,25.04653,,17.0,,12.25,12.25,3.75,,,20.96689,93,95,18.22637,,,C ,,C ,,,,0.0,-21.16502
2015-03-02 00:00:00.0,22.24653,31.1,16.1,,16.6,,25.0611,,15.5,,17.75,0.0,0.0,,,23.38058,85,84,19.92158,,,C ,,C ,,,,0.0,-20.58402
2015-03-03 00:00:00.0,22.53889,25.6,20.6,,21.0,,25.49305,,20.2,,1.25,18.75,14.25,,,25.9957,95,94,21.72331,,,C ,,C ,,,,0.0,-23.90403
2015-03-04 00:00:00.0,23.71944,30.1,20.9,,21.5,,25.97085,,20.6,,0.0,0.25,0.25,,,25.55279,89,85,21.43018,,,C ,,C ,,,,0.0,-23.90403
2015-03-05 00:00:00.0,23.83402,31.3,18.7,,19.1,,26.60764,,18.2,,0.25,0.0,0.0,,,23.73672,82,79,20.23908,,,C ,,C ,,,,0.0,-23.90403
2015-03-06 00:00:00.0,24.24445,32.0,18.5,,18.8,,26.97569,,17.9,,0.0,0.25,0.25,,,21.3882,75,65,18.49711,,,C ,,C ,,,,0.0,-23.82103
2015-03-07 00:00:00.0,23.49236,32.6,16.5,,16.8,,26.8632,,15.5,,0.0,0.0,0.0,,,21.35091,75,70,18.50414,,,C ,,C ,,,,0.0,-21.66303
2015-03-08 00:00:00.0,24.19028,32.5,17.2,,17.3,,27.10903,,16.4,,0.0,0.0,0.0,,,21.58543,75,67,18.6895,,,C ,,C ,,,,0.0,-23.07403
2015-03-09 00:00:00.0,23.98194,33.2,16.5,,16.7,,27.16875,,15.6,,0.0,0.0,0.0,,,23.33444,80,73,19.89613,,,C ,,C ,,,,0.0,-21.41402
2015-03-10 00:00:00.0,25.87778,33.5,21.1,,21.6,,27.83195,,20.6,,0.25,0.0,0.0,,,26.44689,80,71,21.99974,,,C ,,C ,,,,0.0,-23.90403
2015-03-11 00:00:00.0,25.64375,32.9,19.9,,20.4,,28.14236,,19.5,,0.0,0.25,0.25,,,24.17108,77,70,20.52419,,,C ,,C ,,,,0.0,-23.90403
2015-03-12 00:00:00.0,24.80625,32.0,17.5,,17.8,,27.90764,,17.0,,0.0,0.0,0.0,,,22.4649,75,68,19.33829,,,C ,,C ,,,,0.0,-23.48903
2015-03-13 00:00:00.0,24.68472,31.9,17.4,,17.7,,27.58471,,16.8,,0.0,0.0,0.0,,,20.67591,70,64,18.00228,,,C ,,C ,,,,0.0,-23.15703
2015-03-14 00:00:00.0,22.03195,27.2,17.4,,17.8,,26.69443,,16.7,,0.0,0.0,0.0,,,22.57573,88,82,19.39995,,,C ,,C ,,,,0.0,-22.74203
2015-03-15 00:00:00.0,21.96573,30.4,15.9,,16.1,,26.21399,,15.2,,0.0,0.0,0.0,,,20.60248,80,77,17.9151,,,C ,,C ,,,,0.0,-20.00302
2015-03-16 00:00:00.0,24.18611,32.4,17.5,,17.8,,26.96805,,17.0,,0.0,0.0,0.0,,,23.95104,81,75,20.33989,,,C ,,C ,,,,0.0,-22.24403
2015-03-17 00:00:00.0,25.98889,34.5,19.9,,20.4,,27.65069,,19.6,,0.0,0.0,0.0,,,23.80961,73,65,20.28412,,,C ,,C ,,,,0.0,-23.90403
2015-03-18 00:00:00.0,25.39861,32.9,19.0,,19.4,,27.83194,,18.5,,0.0,0.0,0.0,,,22.19078,74,68,19.14345,,,C ,,C ,,,,0.0,-23.90403
2015-03-19 00:00:00.0,23.625,31.4,17.3,,17.2,,27.41042,,16.6,,0.0,0.0,0.0,,,22.06648,78,70,19.03337,,,C ,,C ,,,,0.0,-22.16103
2015-03-20 00:00:00.0,23.43055,31.8,17.6,,17.9,,26.75277,,17.1,,0.25,0.25,0.25,,,20.90403,76,73,18.02102,,,C ,,C ,,,,0.0,-22.65903
2015-03-21 00:00:00.0,16.35833,23.3,7.8,,8.0,,24.93751,,6.8,,0.0,0.0,0.0,,,10.76969,66,59,8.031664,,,C ,,C ,,,,0.0,-3.153999
2015-03-22 00:00:00.0,15.50208,24.5,8.1,,8.6,,23.97707,,7.3,,0.0,0.0,0.0,,,11.87099,70,65,9.45649,,,C ,,C ,,,,0.0,-5.809999
2015-03-23 00:00:00.0,16.94514,25.9,9.0,,9.4,,23.93542,,8.0,,0.0,0.0,0.0,,,13.30675,73,63,11.17464,,,C ,,C ,,,,0.0,-7.884999
2015-03-24 00:00:00.0,16.36319,24.2,12.2,,12.4,,23.48055,,11.4,,5.25,3.75,0.75,,,15.90929,86,77,13.869,,,C ,,C ,,,,0.0,-8.300001
2015-03-25 00:00:00.0,16.01736,19.1,14.5,,15.0,,22.48472,,13.9,,1.0,2.5,0.5,,,17.14437,95,95,15.06902,,,C ,,C ,,,,0.0,-5.726999
2015-03-26 00:00:00.0,16.0257,24.0,9.1,,9.7,,21.83056,,8.2,,0.0,0.0,0.0,,,12.85206,75,70,10.65172,,,C ,,C ,,,,0.0,-6.307998
2015-03-27 00:00:00.0,16.47708,25.6,8.7,,9.1,,22.0,,7.9,,0.0,0.0,0.0,,,12.77305,73,63,10.5453,,,C ,,C ,,,,0.0,-6.141999
2015-03-28 00:00:00.0,17.775,27.2,10.4,,10.7,,22.40417,,9.3,,0.0,0.0,0.0,,,14.10564,73,68,12.03128,,,C ,,C ,,,,0.0,-8.465999
2015-03-29 00:00:00.0,19.80833,29.9,11.0,,11.3,,23.03959,,10.3,,0.0,0.0,0.0,,,15.20328,70,62,13.18015,,,C ,,C ,,,,0.0,-13.03101
2015-03-30 00:00:00.0,20.86805,31.5,12.7,,13.0,,23.40765,,12.0,,0.0,0.0,0.0,,,16.05141,68,58,14.04477,,,C ,,C ,,,,0.0,-15.77001
2015-03-31 00:00:00.0,19.14583,27.2,12.3,,13.0,,23.4493,,11.7,,0.0,0.0,0.0,,,13.85674,71,66,11.71043,,,C ,,C ,,,,0.0,-9.960001
2015-04-01 00:00:00.0,18.8868,28.7,11.9,,12.0,,22.87083,,10.7,,0.0,0.0,0.0,,,14.29317,69,63,12.22837,,,C ,,C ,,,,0.0,-12.11801
2015-04-02 00:00:00.0,20.9743,30.2,11.8,,11.8,,22.92292,,10.9,,0.0,0.0,0.0,,,15.49136,66,60,13.43467,,,C ,,C ,,,,0.0,-15.68701
2015-04-03 00:00:00.0,22.73195,32.2,15.6,,15.6,,23.53611,,14.6,,0.0,0.0,0.0,,,17.55987,63,58,15.2818,,,C ,,C ,,,,0.0,-20.25202
2015-04-04 00:00:00.0,23.31737,30.4,18.2,,18.9,,24.76597,,17.8,,0.0,0.0,0.0,,,22.33018,81,81,19.24604,,,C ,,C ,,,,0.0,-23.90403
2015-04-05 00:00:00.0,20.78263,28.9,14.4,,14.8,,24.48333,,13.5,,0.0,0.0,0.0,,,16.16637,73,76,13.82098,,,C ,,C ,,,,0.0,-14.85701
2015-04-06 00:00:00.0,15.36945,23.8,7.4,,7.3,,22.94653,,6.2,,0.0,0.0,0.0,,,11.75461,70,63,9.226996,,,C ,,C ,,,,0.0,-2.573
2015-04-07 00:00:00.0,17.87153,26.6,11.4,,11.7,,22.62153,,10.8,,0.0,0.0,0.0,,,14.73867,74,69,12.69945,,,C ,,C ,,,,0.0,-9.877001
2015-04-08 00:00:00.0,19.52847,27.7,14.5,,14.2,,23.03889,,13.1,,0.0,0.0,0.0,,,14.81644,68,61,12.81588,,,C ,,C ,,,,0.0,-13.52901
2015-04-09 00:00:00.0,20.28056,30.2,12.0,,12.2,,23.11944,,10.9,,0.0,0.0,0.0,,,14.98251,68,62,12.95489,,,C ,,C ,,,,0.0,-14.60801
2015-04-10 00:00:00.0,21.80903,33.3,15.2,,15.4,,23.5507,,14.5,,43.25,8.0,2.5,,,19.32472,76,68,16.80467,,,C ,,C ,,,,0.0,-19.75402
2015-04-11 00:00:00.0,20.08542,26.1,17.2,,17.4,,23.13402,,16.6,,1.75,37.0,22.0,,,20.44241,90,85,17.74622,,,C ,,C ,,,,0.0,-20.41802
2015-04-12 00:00:00.0,20.025,28.2,14.2,,14.7,,22.74097,,13.7,,0.0,0.0,0.0,,,18.89936,79,77,16.49926,,,C ,,C ,,,,0.0,-16.35102
2015-04-13 00:00:00.0,23.47083,31.6,18.0,,18.6,,23.31736,,17.6,,0.0,0.0,0.0,,,20.09635,71,63,17.54411,,,C ,,C ,,,,0.0,-23.82103
2015-04-14 00:00:00.0,21.92778,28.0,17.6,,18.3,,23.29723,,17.3,,0.0,0.0,0.0,,,19.64623,78,74,17.20338,,,C ,,C ,,,,0.0,-22.82503
2015-04-15 00:00:00.0,21.75625,28.2,17.3,,17.5,,23.45556,,16.5,,3.25,0.0,0.0,,,21.5111,83,78,18.65804,,,C ,,C ,,,,0.0,-23.32303
2015-04-16 00:00:00.0,21.03751,25.8,18.0,,18.8,,23.27223,,17.5,,41.0,32.0,24.25,,,19.83919,82,74,17.37017,,,C ,,C ,,,,0.0,-22.32703
2015-04-17 00:00:00.0,17.93888,22.4,13.8,,14.0,,21.55902,,13.2,,0.0,12.25,3.5,,,13.82086,73,69,11.3031,,,C ,,C ,,,,0.0,-12.53301
2015-04-18 00:00:00.0,16.95625,27.4,8.6,,8.7,,20.19236,,7.8,,0.0,0.0,0.0,,,11.84831,65,60,9.391045,,,C ,,C ,,,,0.0,-6.722999
2015-04-19 00:00:00.0,18.76667,27.7,10.8,,11.1,,20.44653,,10.2,,0.0,0.0,0.0,,,16.34239,74,69,14.08995,,,C ,,C ,,,,0.0,-13.77801
2015-04-20 00:00:00.0,19.38403,26.3,12.6,,12.5,,21.10763,,11.6,,0.0,0.0,0.0,,,11.44105,57,53,8.869335,,,C ,,C ,,,,0.0,-12.45001
2015-04-21 00:00:00.0,15.51528,25.3,7.5,,7.7,,20.25208,,6.0,,0.0,0.0,0.0,,,10.81398,68,63,8.071823,,,C ,,C ,,,,0.0,-1.743001
2015-04-22 00:00:00.0,15.27986,26.1,6.9,,7.3,,19.81319,,5.8,,0.0,0.0,0.0,,,11.76693,73,64,9.279353,,,C ,,C ,,,,0.166,-1.411001
2015-04-23 00:00:00.0,15.59514,26.6,7.0,,7.6,,19.62639,,6.0,,0.0,0.0,0.0,,,12.23368,72,67,9.863683,,,C ,,C ,,,,0.0,-3.319999
2015-04-24 00:00:00.0,17.91805,27.7,9.9,,10.1,,19.55555,,9.0,,0.0,0.0,0.0,,,14.72754,75,66,12.6349,,,C ,,C ,,,,0.0,-9.462
2015-04-25 00:00:00.0,19.56945,29.0,12.6,,12.7,,19.95417,,11.6,,0.0,0.0,0.0,,,15.44967,69,64,13.45785,,,C ,,C ,,,,0.0,-14.94001
2015-04-26 00:00:00.0,19.97292,28.2,12.0,,12.3,,20.29791,,11.4,,0.0,0.0,0.0,,,14.86431,67,63,12.85345,,,C ,,C ,,,,0.0,-15.27201
2015-04-27 00:00:00.0,20.29305,29.2,14.5,,14.8,,20.75209,,13.7,,0.0,0.0,0.0,,,15.94578,69,61,13.86476,,,C ,,C ,,,,0.0,-17.59602
2015-04-28 00:00:00.0,20.44652,26.2,17.0,,17.1,,21.43403,,16.4,,0.0,0.0,0.0,,,19.0964,82,79,16.75437,,,C ,,C ,,,,0.0,-18.92402
2015-04-29 00:00:00.0,16.03471,17.9,14.5,,15.4,,20.28819,,14.3,,18.25,18.0,2.0,,,16.61474,95,95,14.59395,,,C ,,C ,,,,0.0,-3.319999
2015-04-30 00:00:00.0,17.48125,23.8,13.8,,14.3,,19.88888,,13.4,,2.25,0.25,0.25,,,17.48633,86,82,15.38319,,,C ,,C ,,,,0.0,-13.19701
2015-05-01 00:00:00.0,17.38055,20.4,14.7,,15.6,,20.025,,14.5,,30.75,21.25,3.75,,,18.01734,92,94,15.8363,,,C ,,C ,,,,0.0,-12.201
2015-05-02 00:00:00.0,16.77917,20.2,12.6,,13.1,,19.47916,,11.8,,17.0,28.75,13.5,,,16.56434,91,88,14.20753,,,C ,,C ,,,,0.0,-6.473995
2015-05-03 00:00:00.0,10.49722,17.0,4.4,,4.7,,17.21944,,3.3,,0.0,0.0,0.0,,,8.079609,69,63,3.851964,,,C ,,C ,,,,6.971997,13.03101
2015-05-04 00:00:00.0,11.78333,22.7,4.1,,4.3,,16.17916,,3.0,,0.0,0.0,0.0,,,9.662563,71,64,6.33406,,,C ,,C ,,,,7.469996,2.987999
2015-05-05 00:00:00.0,14.45487,23.7,6.9,,7.1,,16.77153,,6.0,,0.0,0.0,0.0,,,11.1956,74,69,8.586561,,,C ,,C ,,,,0.332,-9.207129E-7
2015-05-06 00:00:00.0,12.78055,19.2,7.6,,7.9,,16.97361,,6.2,,0.0,0.0,0.0,,,10.6162,77,74,7.700373,,,C ,,C ,,,,3.153999,5.477997
2015-05-07 00:00:00.0,9.011112,17.2,2.4,,3.0,,15.85834,,1.4,,0.0,0.0,0.0,,,9.099893,81,71,5.538467,,,C ,,C ,,,,8.133996,13.03101
2015-05-08 00:00:00.0,12.41041,21.5,6.3,,6.7,,15.99583,,5.2,,0.0,0.0,0.0,,,11.40757,80,75,8.869485,,,C ,,C ,,,,0.996,3.485998
2015-05-09 00:00:00.0,13.77083,22.9,7.4,,7.9,,16.25903,,6.3,,0.5,0.0,0.0,,,13.15955,82,77,10.96532,,,C ,,C ,,,,0.0,-0.6639991
2015-05-10 00:00:00.0,16.36944,22.4,11.0,,11.5,,17.63334,,10.1,,0.25,0.5,0.25,,,15.34866,87,86,13.33605,,,C ,,C ,,,,0.0,-5.643993
2015-05-11 00:00:00.0,12.87847,19.6,8.6,,9.4,,17.11042,,8.4,,0.25,0.25,0.25,,,14.30931,96,94,12.20391,,,C ,,C ,,,,0.0,3.236997
2015-05-12 00:00:00.0,15.73194,22.6,10.8,,11.5,,17.18334,,10.4,,0.0,0.25,0.25,,,14.85718,84,80,12.85376,,,C ,,C ,,,,0.0,-5.893
2015-05-13 00:00:00.0,15.8139,23.4,11.2,,11.8,,17.425,,10.8,,0.0,0.0,0.0,,,15.12701,85,83,13.12114,,,C ,,C ,,,,0.0,-5.976001
2015-05-14 00:00:00.0,16.78472,24.8,11.1,,11.6,,17.66806,,10.5,,0.0,0.0,0.0,,,16.23504,85,84,14.1753,,,C ,,C ,,,,0.0,-7.221
2015-05-15 00:00:00.0,18.21667,26.4,13.2,,13.7,,18.19167,,12.8,,0.25,0.0,0.0,,,18.47866,88,87,16.18676,,,C ,,C ,,,,0.0,-12.78201
2015-05-16 00:00:00.0,19.8868,27.1,14.4,,14.6,,18.89375,,13.6,,0.0,0.25,0.25,,,19.14883,82,83,16.79652,,,C ,,C ,,,,0.0,-17.84502
2015-05-17 00:00:00.0,20.60486,26.1,16.1,,16.6,,19.60069,,15.7,,0.0,0.0,0.0,,,21.40391,88,86,18.54069,,,C ,,C ,,,,0.0,-21.08203
2015-05-18 00:00:00.0,22.67014,29.0,19.1,,19.5,,20.62361,,18.7,,0.0,0.0,0.0,,,22.68858,83,79,19.50794,,,C ,,C ,,,,0.0,-23.90403
2015-05-19 00:00:00.0,21.95556,27.7,18.0,,18.3,,21.17014,,17.6,,0.25,0.25,0.25,,,23.0109,89,87,19.72277,,,C ,,C ,,,,0.0,-23.57203
2015-05-20 00:00:00.0,21.22362,27.4,17.3,,17.8,,21.05764,,16.8,,0.0,0.0,0.0,,,19.85214,82,78,17.35789,,,C ,,C ,,,,0.0,-22.65903
2015-05-21 00:00:00.0,21.13542,27.7,17.1,,17.3,,20.57986,,16.5,,0.0,0.0,0.0,,,20.0703,81,79,17.55133,,,C ,,C ,,,,0.0,-21.49703
2015-05-22 00:00:00.0,21.91874,29.4,17.1,,17.7,,20.77084,,16.7,,0.0,0.0,0.0,,,22.14962,84,83,19.10572,,,C ,,C ,,,,0.0,-23.32303
2015-05-23 00:00:00.0,18.93819,21.7,13.8,,13.8,,20.69306,,12.8,,0.75,0.75,0.5,,,18.6117,92,93,16.09966,,,C ,,C ,,,,0.0,-12.94801
2015-05-24 00:00:00.0,12.6382,19.8,8.4,,8.5,,18.62222,,7.3,,0.0,0.0,0.0,,,11.15355,83,76,8.483306,,,C ,,C ,,,,1.66,7.054996
2015-05-25 00:00:00.0,11.14445,21.3,4.2,,4.8,,17.19861,,3.2,,5.25,0.0,0.0,,,9.881824,75,78,6.707564,,,C ,,C ,,,,7.635996,3.900999
2015-05-26 00:00:00.0,11.84861,13.0,9.9,,10.3,,17.00625,,9.4,,11.75,16.75,2.0,,,13.4975,98,100,11.41503,,,C ,,C ,,,,0.0,10.87301
2015-05-27 00:00:00.0,14.05278,21.5,11.1,,11.9,,17.01111,,10.6,,0.25,0.25,0.25,,,14.0274,89,89,11.97736,,,C ,,C ,,,,0.0,0.8299992
2015-05-28 00:00:00.0,12.86458,20.9,7.1,,7.9,,16.84444,,6.5,,0.0,0.25,0.25,,,12.8227,87,81,10.54005,,,C ,,C ,,,,0.0,3.651998
2015-05-29 00:00:00.0,11.96389,18.3,8.1,,8.7,,16.24931,,7.5,,0.75,0.0,0.0,,,12.02874,88,84,9.674068,,,C ,,C ,,,,0.0,8.300002
2015-05-30 00:00:00.0,12.54723,16.7,9.6,,9.9,,16.01805,,8.9,,0.0,0.75,0.25,,,13.72431,96,94,11.59481,,,C ,,C ,,,,0.0,6.473998
2015-05-31 00:00:00.0,12.70139,22.1,7.0,,7.7,,15.97847,,6.5,,0.25,0.0,0.0,,,13.2392,89,86,10.96706,,,C ,,C ,,,,0.0,4.398999
2015-06-01 00:00:00.0,14.47014,22.0,9.5,,9.8,,16.00417,,8.4,,0.0,0.25,0.25,,,14.02743,85,85,11.97453,,,C ,,C ,,,,0.0,-2.905
2015-06-02 00:00:00.0,15.18056,22.7,8.6,,8.9,,15.98473,,8.0,,0.0,0.0,0.0,,,14.67904,83,78,12.57481,,,C ,,C ,,,,0.0,-6.889006
2015-06-03 00:00:00.0,17.39931,25.0,11.5,,11.6,,16.79445,,10.0,,0.0,0.0,0.0,,,14.89676,82,78,12.80618,,,C ,,C ,,,,0.0,-6.390993
2015-06-04 00:00:00.0,13.94445,23.1,7.1,,7.0,,16.12362,,5.8,,0.0,0.0,0.0,,,12.38799,76,74,9.99559,,,C ,,C ,,,,0.0,-1.244999
2015-06-05 00:00:00.0,18.93265,25.5,13.9,,14.2,,17.25138,,13.4,,0.0,0.0,0.0,,,22.5968,96,94,19.245,,,C ,,C ,,,,0.0,-18.01102
2015-06-06 00:00:00.0,20.48195,24.9,13.2,,13.0,,18.65417,,11.6,,0.0,0.0,0.0,,,19.35544,87,89,16.35101,,,C ,,C ,,,,0.0,-15.85301
2015-06-07 00:00:00.0,13.57778,22.8,7.8,,8.2,,17.15278,,6.7,,0.0,0.0,0.0,,,10.57741,74,66,7.696472,,,C ,,C ,,,,0.166,3.486003
2015-06-08 00:00:00.0,12.86945,22.5,5.8,,6.1,,15.99028,,4.6,,0.0,0.0,0.0,,,10.7046,70,67,7.823235,,,C ,,C ,,,,1.328,1.327999
2015-06-09 00:00:00.0,13.89028,15.4,11.8,,12.0,,16.18888,,11.3,,0.0,0.0,0.0,,,13.78199,89,92,11.63027,,,C ,,C ,,,,0.0,2.074999
2015-06-10 00:00:00.0,10.08055,14.5,5.0,,5.1,,15.15209,,3.7,,0.0,0.0,0.0,,,9.16276,81,74,5.633837,,,C ,,C ,,,,6.639997,15.85301
2015-06-11 00:00:00.0,8.581945,16.9,2.8,,2.9,,13.72778,,1.5,,0.0,0.0,0.0,,,7.295019,72,64,2.397981,,,C ,,C ,,,,13.61201,12.94801
2015-06-12 00:00:00.0,8.095837,18.2,0.1,,0.1,,12.66458,,-1.2,,0.0,0.0,0.0,,,7.566495,71,62,2.913913,,,C ,,C ,,,,10.624,9.129999
2015-06-13 00:00:00.0,8.2125,14.7,2.9,,3.0,,12.5132,,2.0,,0.25,0.25,0.25,,,9.864493,88,86,6.589049,,,C ,,C ,,,,7.137997,16.01901
2015-06-14 00:00:00.0,9.731945,17.0,2.7,,3.1,,12.73681,,1.6,,0.0,0.0,0.0,,,7.710936,70,65,3.05215,,,C ,,C ,,,,9.129998,13.44601
2015-06-15 00:00:00.0,8.050694,19.2,-0.6,,-0.4,,11.91875,,-1.6,,0.0,0.0,0.0,,,6.738474,65,62,1.225452,,,C ,,C ,,,,8.797997,5.062998
2015-06-16 00:00:00.0,11.92917,20.7,4.4,,4.6,,12.19097,,3.6,,0.0,0.0,0.0,,,8.737568,64,58,4.953962,,,C ,,C ,,,,4.813998,4.482
2015-06-17 00:00:00.0,10.60903,18.0,3.3,,3.7,,12.23263,,2.5,,0.0,0.0,0.0,,,8.264053,70,73,4.127317,,,C ,,C ,,,,9.295999,12.69901
2015-06-18 00:00:00.0,4.615277,12.3,-2.2,,-1.7,,11.34861,,-3.6,,0.0,0.0,0.0,,,5.285936,71,68,-2.006594,,,C ,,C ,,,,16.60001,
2015-06-19 00:00:00.0,4.094445,14.1,-2.9,,-2.8,,10.21249,,-4.2,,0.0,0.0,0.0,,,5.931826,71,66,-0.4684923,,,C ,,C ,,,,12.78201,10.873
2015-06-20 00:00:00.0,7.643055,16.7,1.1,,1.7,,10.54305,,0.5,,0.0,0.0,0.0,,,8.267739,82,81,4.107984,,,C ,,C ,,,,13.11401,13.94401
2015-06-21 00:00:00.0,8.264584,20.0,-0.9,,-0.2,,10.90556,,-1.3,,0.0,0.0,0.0,,,7.956648,78,74,3.579901,,,C ,,C ,,,,12.78201,7.386996
2015-06-22 00:00:00.0,7.444753,13.6,3.2,,3.3,,10.89021,,2.0,,0.0,0.0,0.0,,,6.911963,71,61,1.412364,,,C ,,C ,,,,13.61201,16.51701
2015-06-23 00:00:00.0,4.622917,14.3,-2.7,,-2.2,,10.07153,,-3.9,,0.0,0.0,0.0,,,6.301164,76,71,0.2495932,,,C ,,C ,,,,16.10201,9.379
2015-06-24 00:00:00.0,8.166668,17.3,1.5,,1.8,,10.22432,,0.3,,0.0,0.0,0.0,,,9.189508,77,74,5.619688,,,C ,,C ,,,,8.797997,10.292
2015-06-25 00:00:00.0,15.76042,21.9,13.0,,13.8,,12.51805,,12.8,,0.0,0.0,0.0,,,14.55225,79,78,12.48923,,,C ,,C ,,,,0.0,-8.134004
2015-06-26 00:00:00.0,16.68889,24.2,9.9,,10.5,,14.00209,,9.4,,4.25,0.0,0.0,,,16.50691,88,85,14.39795,,,C ,,C ,,,,0.0,-8.549003
2015-06-27 00:00:00.0,17.0625,19.9,15.5,,15.9,,15.21459,,14.9,,16.0,14.75,2.75,,,19.36563,98,100,16.96973,,,C ,,C ,,,,0.0,-13.69501
2015-06-28 00:00:00.0,17.08263,18.6,16.0,,16.8,,16.14514,,15.8,,31.5,33.75,8.25,,,18.90266,98,100,16.61124,,,C ,,C ,,,,0.0,-12.53302
2015-06-29 00:00:00.0,17.25625,21.1,15.3,,16.0,,16.57292,,15.1,,0.0,3.25,1.25,,,18.4868,97,96,16.19794,,,C ,,C ,,,,0.0,-10.292
2015-06-30 00:00:00.0,13.3132,19.1,8.8,,8.7,,15.6625,,7.6,,0.25,0.25,0.25,,,12.08964,85,82,9.740463,,,C ,,C ,,,,0.0,4.232998
2015-07-01 00:00:00.0,10.26181,17.1,5.0,,5.4,,14.03403,,3.9,,0.0,0.0,0.0,,,11.3093,90,88,8.695813,,,C ,,C ,,,,6.141997,10.956
2015-07-02 00:00:00.0,11.78611,18.2,8.6,,9.3,,14.03125,,8.2,,0.0,0.0,0.0,,,11.83863,88,86,9.423145,,,C ,,C ,,,,0.0,7.386997
2015-07-03 00:00:00.0,9.514584,11.8,7.6,,7.2,,12.91527,,6.9,,0.0,0.0,0.0,,,10.13676,86,82,7.041794,,,C ,,C ,,,,0.0,
2015-07-04 00:00:00.0,7.772918,13.5,1.7,,0.8,,11.65555,,0.6,,0.0,0.0,0.0,,,7.968883,80,81,3.671231,,,C ,,C ,,,,12.118,18.75802
2015-07-05 00:00:00.0,7.013196,13.8,2.6,,1.7,,10.5,,1.8,,0.0,0.0,0.0,,,8.698651,85,82,4.916574,,,C ,,C ,,,,9.794,19.33902
2015-07-06 00:00:00.0,10.96806,18.7,6.7,,5.5,,11.3,,5.1,,0.0,0.0,0.0,,,9.684351,78,76,6.478841,,,C ,,C ,,,,4.149999,9.960001
2015-07-07 00:00:00.0,8.886112,19.8,2.7,,1.5,,10.83472,,1.5,,0.0,0.0,0.0,,,9.49243,84,77,6.073893,,,C ,,C ,,,,10.956,12.28401
2015-07-08 00:00:00.0,9.836809,18.7,2.4,,1.5,,10.62153,,1.7,,0.25,0.0,0.0,,,10.42661,84,82,7.459916,,,C ,,C ,,,,8.465997,9.711001
2015-07-09 00:00:00.0,11.62238,19.3,6.7,,5.8,,11.27342,,6.2,,0.0,0.25,0.25,,,13.09644,93,,10.81165,,,C ,,C ,,,,0.498,6.722998
2015-07-10 00:00:00.0,13.45972,18.7,10.5,,9.9,,12.57153,,10.1,,0.0,0.0,0.0,,,14.91809,95,93,12.90291,,,C ,,C ,,,,0.0,2.074999
2015-07-11 00:00:00.0,13.25139,16.8,11.1,,10.5,,13.36527,,10.7,,0.25,0.0,0.0,,,13.4984,91,95,11.349,,,C ,,C ,,,,0.0,6.640004
2015-07-12 00:00:00.0,13.5993,18.5,9.4,,8.9,,13.09306,,9.0,,5.25,5.25,2.25,,,16.22873,99,98,14.04519,,,C ,,C ,,,,0.0,-1.328001
2015-07-13 00:00:00.0,11.23611,15.6,8.6,,8.1,,13.26111,,7.7,,0.0,0.25,0.25,,,11.05199,91,87,8.280512,,,C ,,C ,,,,2.49,14.94002
2015-07-14 00:00:00.0,7.464581,16.0,1.5,,0.4,,11.21041,,0.4,,0.0,0.0,0.0,,,6.860552,72,66,1.516728,,,C ,,C ,,,,14.44201,15.68702
2015-07-15 00:00:00.0,6.584723,16.6,-2.0,,-3.1,,9.855556,,-3.3,,0.0,0.0,0.0,,,6.593908,69,64,0.9952262,,,C ,,C ,,,,8.631997,8.050997
2015-07-16 00:00:00.0,8.365973,16.2,1.0,,-0.2,,9.831944,,0.1,,0.0,0.0,0.0,,,7.300751,70,65,2.415564,,,C ,,C ,,,,11.62,14.85702
2015-07-17 00:00:00.0,9.070833,18.4,1.4,,-0.1,,9.906252,,0.3,,0.0,0.0,0.0,,,9.954321,82,80,6.656002,,,C ,,C ,,,,8.465997,8.051003
2015-07-18 00:00:00.0,12.26111,17.3,7.9,,7.2,,11.18265,,7.3,,0.0,0.0,0.0,,,12.72763,87,85,10.50156,,,C ,,C ,,,,0.0,4.149997
2015-07-19 00:00:00.0,13.75486,18.4,8.2,,7.0,,12.36944,,6.9,,0.0,0.0,0.0,,,10.21507,70,68,6.709307,,,C ,,C ,,,,0.0,4.232998
2015-07-20 00:00:00.0,9.644445,14.7,4.2,,3.0,,11.61874,,2.6,,0.0,0.0,0.0,,,7.702581,70,70,3.053417,,,C ,,C ,,,,6.141997,14.69101
2015-07-21 00:00:00.0,5.086113,13.7,-2.8,,-3.6,,10.04305,,-3.9,,0.0,0.0,0.0,,,6.500853,76,76,0.7584202,,,C ,,C ,,,,14.94001,10.375
2015-07-22 00:00:00.0,8.046528,17.1,0.6,,-0.3,,9.829167,,-0.1,,0.0,0.0,0.0,,,7.166201,68,68,2.192052,,,C ,,C ,,,,12.28401,13.03101
2015-07-23 00:00:00.0,9.490972,18.3,4.4,,3.2,,10.35069,,3.7,,0.0,0.0,0.0,,,9.057261,80,75,5.463855,,,C ,,C ,,,,11.288,13.52901
2015-07-24 00:00:00.0,9.581249,20.5,1.0,,0.6,,10.65139,,0.3,,0.0,0.0,0.0,,,9.899144,82,77,6.56127,,,C ,,C ,,,,8.465997,3.651999
2015-07-25 00:00:00.0,9.818748,12.9,6.6,,5.9,,10.92569,,6.1,,0.25,0.0,0.0,,,12.11103,100,100,9.707783,,,C ,,C ,,,,0.166,15.35501
2015-07-26 00:00:00.0,13.09028,21.0,7.6,,6.9,,11.4757,,6.8,,0.0,0.25,0.25,,,13.30762,86,84,11.1224,,,C ,,C ,,,,0.0,-0.6639996
2015-07-27 00:00:00.0,15.91944,24.1,10.6,,10.1,,12.66042,,10.2,,0.0,0.0,0.0,,,14.09566,77,73,12.04634,,,C ,,C ,,,,0.0,-8.134005
2015-07-28 00:00:00.0,20.41319,27.8,15.6,,15.1,,14.47917,,15.3,,0.0,0.0,0.0,,,18.39697,75,74,16.02547,,,C ,,C ,,,,0.0,-18.92402
2015-07-29 00:00:00.0,16.65625,21.5,13.2,,12.7,,15.225,,12.8,,0.0,0.0,0.0,,,16.58988,93,92,14.54509,,,C ,,C ,,,,0.0,-6.474004
2015-07-30 00:00:00.0,15.87153,19.5,12.9,,12.2,,14.84653,,12.4,,43.75,18.5,5.25,,,18.34092,95,95,16.01355,,,C ,,C ,,,,0.0,-11.537
2015-07-31 00:00:00.0,17.51875,20.7,12.2,,11.2,,15.88333,,10.9,,7.0,32.25,6.0,,,17.05069,93,93,14.80564,,,C ,,C ,,,,0.0,-8.798001
2015-08-01 00:00:00.0,12.17986,19.5,6.1,,5.1,,13.84931,,5.1,,0.0,0.0,0.0,,,11.80263,83,82,9.349161,,,C ,,C ,,,,1.494,3.734994
2015-08-02 00:00:00.0,15.23889,21.6,11.2,,10.4,,14.42916,,10.7,,0.0,0.0,0.0,,,14.93898,86,83,12.92639,,,C ,,C ,,,,0.0,-4.896999
2015-08-03 00:00:00.0,14.53125,21.6,9.2,,8.1,,14.26597,,8.2,,0.0,0.0,0.0,,,10.57364,70,65,7.525505,,,C ,,C ,,,,0.0,-1.162001
2015-08-04 00:00:00.0,13.93264,20.6,8.7,,7.8,,13.85695,,7.7,,0.0,0.0,0.0,,,10.62346,68,66,7.734534,,,C ,,C ,,,,0.0,-2.241001
2015-08-05 00:00:00.0,15.83611,20.4,11.7,,11.1,,14.3375,,11.3,,161.5,57.75,26.0,,,15.68961,81,80,13.32393,,,C ,,C ,,,,0.0,-12.69901
2015-08-06 00:00:00.0,18.95734,22.2,16.7,,16.6,,16.94126,,16.5,,61.0,128.25,15.25,,,19.91534,91,85,17.42672,,,C ,,C ,,,,0.0,-20.33503
2015-08-07 00:00:00.0,17.72083,20.0,16.1,,15.5,,16.9,,15.7,,0.5,36.5,27.0,,,18.76319,96,96,16.45669,,,C ,,C ,,,,0.0,-11.95201
2015-08-08 00:00:00.0,16.79098,26.0,14.1,,14.2,,16.48265,,14.0,,3.5,0.75,0.5,,,18.9978,97,93,16.60413,,,C ,,C ,,,,0.0,-9.960006
2015-08-09 00:00:00.0,16.53195,22.2,13.0,,12.9,,16.58541,,12.8,,85.25,62.75,13.5,,,17.98115,99,100,15.73252,,,C ,,C ,,,,0.0,-7.470006
2015-08-10 00:00:00.0,13.0507,15.9,11.2,,10.2,,15.15347,,10.6,,1.0,26.75,3.5,,,13.9733,96,94,11.92341,,,C ,,C ,,,,0.0,6.640004
2015-08-11 00:00:00.0,12.14861,18.3,8.9,,8.0,,14.26111,,7.8,,0.0,0.0,0.0,,,12.92196,91,88,10.73819,,,C ,,C ,,,,0.0,4.98
2015-08-12 00:00:00.0,11.04028,12.9,10.1,,9.2,,13.67084,,9.4,,15.25,7.75,1.75,,,12.56418,95,96,10.31107,,,C ,,C ,,,,0.0,10.70701
2015-08-13 00:00:00.0,12.3368,14.3,10.9,,10.8,,13.68126,,10.6,,3.25,10.75,2.25,,,14.21256,99,99,12.17963,,,C ,,C ,,,,0.0,6.474003
2015-08-14 00:00:00.0,10.82153,11.8,9.8,,9.9,,13.54514,,9.8,,0.5,0.25,0.25,,,12.61375,99,100,10.39791,,,C ,,C ,,,,0.0,
2015-08-15 00:00:00.0,11.32222,18.0,5.8,,4.9,,13.65069,,4.9,,0.25,0.5,0.25,,,11.25442,87,85,8.679029,,,C ,,C ,,,,1.66,8.631998
2015-08-16 00:00:00.0,10.94861,18.1,5.7,,4.8,,13.16875,,4.9,,0.0,0.0,0.0,,,11.46048,87,84,8.888,,,C ,,C ,,,,4.813998,9.212998
2015-08-17 00:00:00.0,12.17916,15.5,8.2,,7.6,,13.15973,,7.6,,0.75,0.75,0.5,,,14.15568,97,97,12.05252,,,C ,,C ,,,,0.0,4.98
2015-08-18 00:00:00.0,14.67847,22.0,9.0,,8.1,,14.14375,,8.3,,0.0,0.0,0.0,,,12.84343,81,76,10.65125,,,C ,,C ,,,,0.0,-2.573
2015-08-19 00:00:00.0,11.80486,17.5,7.5,,6.8,,14.26528,,7.1,,0.0,0.0,0.0,,,11.66994,87,86,9.228813,,,C ,,C ,,,,0.0,8.134
2015-08-20 00:00:00.0,11.95069,16.9,7.8,,6.6,,13.9007,,6.8,,0.25,0.0,0.0,,,12.40617,87,84,10.09288,,,C ,,C ,,,,0.0,6.971995
2015-08-21 00:00:00.0,14.23403,21.3,8.9,,8.4,,14.21945,,8.4,,0.0,0.25,0.25,,,13.62099,84,79,11.50979,,,C ,,C ,,,,0.0,-3.652
2015-08-22 00:00:00.0,15.99514,21.1,11.9,,11.1,,14.88125,,10.9,,0.0,0.0,0.0,,,13.5177,77,73,11.19918,,,C ,,C ,,,,0.0,-5.477993
2015-08-23 00:00:00.0,10.70555,15.0,7.2,,6.0,,13.50903,,6.2,,0.0,0.0,0.0,,,9.27839,76,74,5.873453,,,C ,,C ,,,,2.49,13.61201
2015-08-24 00:00:00.0,9.75,17.1,3.0,,2.4,,13.00208,,2.1,,0.0,0.0,0.0,,,9.619585,79,72,6.351162,,,C ,,C ,,,,7.469996,10.79
2015-08-25 00:00:00.0,13.11806,20.3,8.2,,7.3,,13.42014,,7.4,,5.0,0.0,0.0,,,12.44333,78,76,10.13319,,,C ,,C ,,,,0.0,-1.411
2015-08-26 00:00:00.0,17.24375,24.2,13.7,,13.4,,15.23681,,13.4,,0.0,5.0,4.75,,,16.03802,84,82,13.9866,,,C ,,C ,,,,0.0,-9.129998
2015-08-27 00:00:00.0,13.775,21.4,6.9,,6.0,,14.79027,,5.7,,0.0,0.0,0.0,,,10.22435,70,65,7.227458,,,C ,,C ,,,,,1.659999
2015-08-28 00:00:00.0,16.84444,26.3,9.6,,8.1,,14.48819,,8.4,,0.0,0.0,0.0,,,11.93272,61,57,9.481714,,,C ,,C ,,,,0.0,-10.541
2015-08-29 00:00:00.0,19.38194,28.1,12.6,,11.5,,15.98402,,11.9,,0.0,0.0,0.0,,,16.40075,76,74,14.31461,,,C ,,C ,,,,0.0,-13.52901
2015-08-30 00:00:00.0,19.87569,28.2,13.9,,13.2,,17.23055,,13.3,,0.0,0.0,0.0,,,18.16227,79,73,15.91391,,,C ,,C ,,,,0.0,-15.85301
2015-08-31 00:00:00.0,19.29028,27.1,14.2,,14.0,,17.88125,,14.0,,0.0,0.0,0.0,,,14.42663,70,65,12.03083,,,C ,,C ,,,,0.0,-11.122
2015-09-01 00:00:00.0,9.884721,15.1,3.8,,3.3,,15.48958,,3.4,,0.0,0.0,0.0,,,8.566967,72,68,4.715708,,,C ,,C ,,,,6.141997,13.52901
2015-09-02 00:00:00.0,12.4875,18.8,8.3,,7.8,,15.28125,,7.9,,0.0,0.0,0.0,,,10.60969,73,69,7.787659,,,C ,,C ,,,,0.0,2.987999
2015-09-03 00:00:00.0,12.69861,18.5,7.9,,7.2,,15.70555,,7.3,,0.0,0.0,0.0,,,10.24817,77,74,7.217762,,,C ,,C ,,,,1.992,7.386993
2015-09-04 00:00:00.0,11.88333,21.8,2.8,,2.0,,14.95556,,1.7,,0.0,0.0,0.0,,,9.15514,69,63,5.528551,,,C ,,C ,,,,6.971997,2.157999
2015-09-05 00:00:00.0,13.45555,22.8,4.2,,3.3,,15.22361,,3.2,,0.0,0.0,0.0,,,9.810823,68,59,6.634081,,,C ,,C ,,,,5.145998,0.9959995
2015-09-06 00:00:00.0,14.38819,21.9,7.2,,6.1,,15.30208,,6.3,,0.0,0.0,0.0,,,10.24835,65,59,7.311558,,,C ,,C ,,,,0.0,-1.660001
2015-09-07 00:00:00.0,13.86389,19.2,10.3,,9.4,,14.99583,,9.3,,0.25,0.25,0.25,,,13.6375,85,83,11.5166,,,C ,,C ,,,,0.0,-0.6640007
2015-09-08 00:00:00.0,15.36111,24.1,7.5,,7.1,,15.6625,,6.8,,0.25,0.25,0.25,,,10.55062,67,59,7.393488,,,C ,,C ,,,,0.0,-1.411001
2015-09-09 00:00:00.0,10.39583,15.3,7.2,,6.9,,13.95902,,6.7,,33.0,33.0,3.0,,,10.40219,87,90,7.453348,,,C ,,C ,,,,0.0,15.52102
2015-09-10 00:00:00.0,9.010417,15.1,4.2,,3.4,,12.89514,,3.3,,0.0,0.0,0.0,,,7.780686,73,65,3.187144,,,C ,,C ,,,,11.454,15.93601
2015-09-11 00:00:00.0,6.840974,12.2,2.1,,1.0,,12.18125,,1.2,,0.0,0.0,0.0,,,5.926021,62,55,-0.6090456,,,C ,,C ,,,,14.27601,
2015-09-12 00:00:00.0,10.11597,18.9,2.3,,1.3,,12.57292,,1.4,,0.0,0.0,0.0,,,7.839733,67,65,3.41047,,,C ,,C ,,,,8.797997,10.043
2015-09-13 00:00:00.0,13.83472,23.4,5.4,,4.6,,13.73125,,4.3,,0.0,0.0,0.0,,,9.905256,65,55,6.79792,,,C ,,C ,,,,,-0.4979995
2015-09-14 00:00:00.0,15.58195,25.5,7.2,,6.2,,14.36875,,6.2,,0.0,0.0,0.0,,,10.81372,61,51,8.102271,,,C ,,C ,,,,0.0,-7.138001
2015-09-15 00:00:00.0,20.02083,27.4,14.1,,13.4,,16.0243,,13.3,,0.0,0.0,0.0,,,10.10905,46,45,7.008357,,,C ,,C ,,,,0.0,-14.52501
2015-09-16 00:00:00.0,14.65902,20.9,9.6,,8.8,,16.10139,,8.6,,0.0,0.0,0.0,,,8.068019,55,53,3.813462,,,C ,,C ,,,,0.0,-0.4980013
2015-09-17 00:00:00.0,13.34028,21.8,7.4,,6.5,,15.86875,,6.7,,0.0,0.0,0.0,,,8.476398,60,50,4.417181,,,C ,,C ,,,,0.0,2.074999
2015-09-18 00:00:00.0,13.75208,23.5,4.8,,4.4,,15.9486,,3.8,,0.0,0.0,0.0,,,10.66052,71,63,7.827169,,,C ,,C ,,,,5.145998,0.3319997
2015-09-19 00:00:00.0,15.47639,24.5,8.3,,7.2,,16.35764,,7.6,,0.0,0.0,0.0,,,10.2722,61,56,7.329042,,,C ,,C ,,,,0.0,-5.644001
2015-09-20 00:00:00.0,15.91805,25.0,9.2,,8.0,,16.42431,,7.7,,0.0,0.0,0.0,,,11.54907,66,61,8.994394,,,C ,,C ,,,,0.0,-5.893003
2015-09-21 00:00:00.0,15.59792,17.8,14.6,,14.3,,16.3111,,14.3,,0.25,0.0,0.0,,,14.41396,83,85,12.34126,,,C ,,C ,,,,0.0,-2.572999
2015-09-22 00:00:00.0,13.79028,14.7,12.5,,12.4,,15.90139,,12.3,,1.75,0.25,0.25,,,15.07075,96,95,13.09283,,,C ,,C ,,,,0.0,0.0
2015-09-23 00:00:00.0,14.35139,15.7,13.5,,13.6,,15.62014,,13.4,,8.0,9.75,2.0,,,16.28576,99,99,14.28414,,,C ,,C ,,,,0.0,0.0
2015-09-24 00:00:00.0,15.03333,19.2,12.6,,12.6,,16.16111,,12.4,,15.5,13.25,4.5,,,14.96129,90,85,12.97961,,,C ,,C ,,,,0.0,-3.734999
2015-09-25 00:00:00.0,14.22639,19.1,11.1,,11.0,,16.67709,,10.9,,0.0,2.25,1.25,,,13.30228,83,79,11.18488,,,C ,,C ,,,,0.0,-0.8300007
2015-09-26 00:00:00.0,15.18681,21.5,8.4,,7.9,,17.26597,,7.9,,0.0,0.0,0.0,,,12.71272,79,69,10.48049,,,C ,,C ,,,,0.0,-5.145995
2015-09-27 00:00:00.0,15.4875,23.6,7.9,,7.3,,17.37222,,7.3,,0.0,0.0,0.0,,,11.59743,67,58,9.057508,,,C ,,C ,,,,0.0,-7.138
2015-09-28 00:00:00.0,14.95069,16.8,11.5,,10.6,,16.42154,,10.8,,8.75,8.75,1.75,,,14.24215,88,95,12.15182,,,C ,,C ,,,,0.0,1.66
2015-09-29 00:00:00.0,13.74445,20.1,7.3,,6.4,,15.76736,,6.7,,0.25,0.25,0.25,,,10.20076,70,66,7.091936,,,C ,,C ,,,,0.332,0.4149986
2015-09-30 00:00:00.0,12.79444,20.3,5.1,,4.1,,16.07848,,4.1,,0.0,0.0,0.0,,,10.18037,69,63,7.164281,,,C ,,C ,,,,4.813998,1.078997
2015-10-01 00:00:00.0,15.29236,23.7,9.4,,8.6,,16.3493,,8.9,,38.5,36.0,9.25,,,13.36967,76,72,10.98489,,,C ,,C ,,,,0.0,-6.723002
2015-10-02 00:00:00.0,12.61181,16.3,9.1,,8.4,,15.57986,,8.6,,0.0,2.5,2.75,,,12.23384,89,85,9.7129,,,C ,,C ,,,,1.66,9.047001
2015-10-03 00:00:00.0,8.101389,14.4,1.5,,0.6,,14.00486,,0.4,,0.0,0.0,0.0,,,8.08161,77,70,3.85268,,,C ,,C ,,,,10.126,14.77401
2015-10-04 00:00:00.0,11.27431,19.8,3.2,,2.6,,14.50764,,2.2,,0.0,0.0,0.0,,,11.55653,81,79,8.879757,,,C ,,C ,,,,6.307997,2.489997
2015-10-05 00:00:00.0,16.06945,22.7,11.5,,11.1,,16.2618,,11.1,,0.0,0.0,0.0,,,13.87503,75,74,11.78624,,,C ,,C ,,,,0.0,-8.715
2015-10-06 00:00:00.0,17.74861,24.2,14.9,,14.1,,17.59792,,14.4,,0.0,0.0,0.0,,,15.74992,79,77,13.74623,,,C ,,C ,,,,0.0,-10.209
2015-10-07 00:00:00.0,16.91459,23.3,12.0,,11.6,,18.45695,,11.7,,0.0,0.0,0.0,,,12.88531,69,65,10.67652,,,C ,,C ,,,,0.0,-10.375
2015-10-08 00:00:00.0,16.4875,24.1,9.7,,9.1,,18.58125,,9.2,,0.0,0.0,0.0,,,9.896297,59,55,6.437848,,,C ,,C ,,,,0.0,-5.560998
2015-10-09 00:00:00.0,13.14861,18.8,9.7,,9.3,,17.50001,,9.5,,0.0,0.0,0.0,,,10.20691,70,67,7.235398,,,C ,,C ,,,,0.0,4.730999
2015-10-10 00:00:00.0,12.43334,19.3,6.6,,5.8,,16.87083,,6.1,,0.0,0.0,0.0,,,10.61711,75,68,7.81642,,,C ,,C ,,,,0.664,4.896997
2015-10-11 00:00:00.0,12.99514,20.3,9.4,,8.9,,17.19653,,9.2,,1.5,0.0,0.0,,,11.9551,82,76,9.587222,,,C ,,C ,,,,0.0,2.655998
2015-10-12 00:00:00.0,13.85903,21.8,9.5,,9.0,,17.80069,,8.8,,0.0,1.5,1.25,,,11.47138,76,70,8.916796,,,C ,,C ,,,,0.0,-0.9960014
2015-10-13 00:00:00.0,15.73681,24.2,8.7,,8.1,,17.75764,,8.1,,0.0,0.0,0.0,,,12.36879,70,62,10.08394,,,C ,,C ,,,,0.0,-9.046999
2015-10-14 00:00:00.0,17.74931,24.8,13.0,,12.4,,18.20347,,12.4,,14.5,14.25,10.75,,,15.74264,80,80,13.67232,,,C ,,C ,,,,0.0,-11.122
2015-10-15 00:00:00.0,15.32917,19.5,12.1,,11.7,,17.84167,,11.5,,0.0,0.25,0.25,,,13.17624,79,74,10.96763,,,C ,,C ,,,,0.0,-4.813995
2015-10-16 00:00:00.0,12.2118,18.7,5.3,,4.5,,16.83819,,4.1,,0.0,0.0,0.0,,,9.585802,72,61,6.333972,,,C ,,C ,,,,3.319999,7.054996
2015-10-17 00:00:00.0,12.63611,20.6,5.5,,4.6,,17.25833,,4.5,,0.0,0.0,0.0,,,8.522783,63,55,4.597956,,,C ,,C ,,,,2.822,3.153997
2015-10-18 00:00:00.0,13.5507,22.0,6.0,,5.1,,17.67638,,5.3,,0.0,0.0,0.0,,,10.28553,65,58,7.353466,,,C ,,C ,,,,3.485999,-1.66
2015-10-19 00:00:00.0,15.30626,18.9,12.6,,12.3,,17.51458,,12.3,,5.25,5.0,1.25,,,14.3744,84,87,12.20561,,,C ,,C ,,,,0.0,-4.731
2015-10-20 00:00:00.0,17.06389,24.0,12.5,,12.3,,18.18334,,12.1,,0.0,0.25,0.25,,,15.37729,82,78,13.40239,,,C ,,C ,,,,0.0,-10.292
2015-10-21 00:00:00.0,18.96181,27.1,10.4,,9.9,,19.37153,,9.5,,0.0,0.0,0.0,,,15.49953,73,61,13.48912,,,C ,,C ,,,,0.0,-12.78201
2015-10-22 00:00:00.0,19.40347,27.8,13.6,,13.0,,20.23611,,12.9,,0.0,0.0,0.0,,,15.12514,72,64,13.05521,,,C ,,C ,,,,0.0,-13.36301
2015-10-23 00:00:00.0,14.0125,19.9,7.9,,7.1,,19.60972,,7.4,,0.0,0.0,0.0,,,8.580807,58,53,4.661084,,,C ,,C ,,,,0.0,1.742999
2015-10-24 00:00:00.0,12.12639,16.7,7.8,,7.1,,17.85833,,7.2,,0.0,0.0,0.0,,,11.27887,77,75,8.591074,,,C ,,C ,,,,0.0,5.311998
2015-10-25 00:00:00.0,16.65764,24.4,12.1,,12.1,,18.78472,,11.7,,0.0,0.0,0.0,,,14.42911,73,69,12.32641,,,C ,,C ,,,,0.0,-12.035
2015-10-26 00:00:00.0,19.71458,26.0,15.1,,14.5,,20.4125,,14.7,,14.25,12.25,8.0,,,18.7075,83,77,16.43384,,,C ,,C ,,,,0.0,-17.84502
2015-10-27 00:00:00.0,19.56944,27.2,13.7,,13.0,,21.10903,,13.0,,0.25,2.0,1.75,,,18.21601,82,74,15.99666,,,C ,,C ,,,,0.0,-15.35501
2015-10-28 00:00:00.0,21.66597,28.5,15.4,,15.0,,22.04514,,15.0,,2.5,0.25,0.25,,,19.64107,75,66,17.20506,,,C ,,C ,,,,0.0,-20.16902
2015-10-29 00:00:00.0,18.92987,22.8,16.4,,16.2,,20.83889,,16.1,,34.25,36.75,4.5,,,19.64379,93,97,17.21277,,,C ,,C ,,,,0.0,-18.84102
2015-10-30 00:00:00.0,17.82222,22.1,14.9,,14.4,,20.04514,,14.5,,0.0,0.0,0.0,,,17.11255,87,86,14.93594,,,C ,,C ,,,,0.0,-11.288
2015-10-31 00:00:00.0,15.31041,22.3,8.4,,7.5,,19.59097,,7.8,,0.0,0.0,0.0,,,12.22124,73,67,9.889225,,,C ,,C ,,,,0.0,-4.482
2015-11-01 00:00:00.0,14.81736,20.9,9.5,,8.6,,18.66458,,8.9,,0.0,0.0,0.0,,,11.38353,70,70,8.819493,,,C ,,C ,,,,0.0,-3.651998
2015-11-02 00:00:00.0,16.05139,23.5,9.2,,7.9,,18.91111,,8.4,,0.0,0.0,0.0,,,12.47779,70,63,10.13111,,,C ,,C ,,,,0.0,-7.718999
2015-11-03 00:00:00.0,18.37292,25.9,12.2,,11.8,,19.99027,,11.6,,0.0,0.0,0.0,,,15.98522,77,67,13.98093,,,C ,,C ,,,,0.0,-14.11001
2015-11-04 00:00:00.0,18.19236,24.5,12.6,,12.0,,20.70208,,12.2,,0.0,0.0,0.0,,,12.70827,66,55,10.16491,,,C ,,C ,,,,0.0,-10.209
2015-11-05 00:00:00.0,16.59444,26.2,7.9,,7.3,,20.83541,,7.2,,0.0,0.0,0.0,,,10.22712,59,46,7.206252,,,C ,,C ,,,,0.0,-5.975996
2015-11-06 00:00:00.0,18.84375,28.1,9.6,,8.7,,21.44028,,8.6,,0.0,0.0,0.0,,,11.72446,58,45,9.230404,,,C ,,C ,,,,0.0,-11.288
2015-11-07 00:00:00.0,20.58541,29.2,11.3,,10.4,,22.11042,,10.4,,0.0,0.0,0.0,,,13.21665,58,48,11.04478,,,C ,,C ,,,,0.0,-16.10201
2015-11-08 00:00:00.0,21.84374,29.1,14.6,,13.9,,22.68611,,13.9,,0.0,0.0,0.0,,,14.92467,60,51,12.92922,,,C ,,C ,,,,0.0,-18.59202
2015-11-09 00:00:00.0,21.27222,30.8,16.2,,15.7,,22.52639,,15.8,,14.5,14.25,13.0,,,18.56544,75,69,16.25123,,,C ,,C ,,,,0.0,-20.41802
2015-11-10 00:00:00.0,21.75,29.0,17.2,,17.0,,22.13333,,16.9,,0.0,0.25,0.25,,,21.11216,82,78,18.33425,,,C ,,C ,,,,0.0,-21.08203
2015-11-11 00:00:00.0,22.61389,30.4,13.8,,12.6,,23.39444,,12.7,,0.0,0.0,0.0,,,14.87001,59,44,12.60227,,,C ,,C ,,,,0.0,-18.84102
2015-11-12 00:00:00.0,17.34862,21.3,14.8,,14.2,,21.00975,,14.4,,53.0,52.75,12.75,,,16.85428,83,88,14.42828,,,C ,,C ,,,,0.0,-14.77402
2015-11-13 00:00:00.0,18.54791,23.8,14.0,,13.5,,20.28473,,13.5,,0.0,0.25,0.25,,,17.20259,85,83,15.10772,,,C ,,C ,,,,0.0,-12.28401
2015-11-14 00:00:00.0,21.30209,30.7,12.8,,12.3,,21.82222,,12.2,,0.0,0.0,0.0,,,17.92066,72,61,15.72857,,,C ,,C ,,,,0.0,-17.59602
2015-11-15 00:00:00.0,23.48055,30.2,17.0,,16.2,,23.46112,,16.4,,0.0,0.0,0.0,,,17.55661,63,56,15.43332,,,C ,,C ,,,,0.0,-22.99103
2015-11-16 00:00:00.0,23.38125,30.1,17.7,,17.0,,24.30347,,17.1,,5.0,0.0,0.0,,,18.52952,66,61,16.24063,,,C ,,C ,,,,0.0,-23.24003
2015-11-17 00:00:00.0,21.77847,27.3,18.8,,18.8,,24.07014,,18.6,,0.0,5.0,1.5,,,21.94342,86,85,18.97886,,,C ,,C ,,,,0.0,-23.90403
2015-11-18 00:00:00.0,19.9632,24.4,16.8,,16.3,,22.8861,,16.4,,0.5,0.5,0.25,,,19.71709,87,85,17.27701,,,C ,,C ,,,,0.0,-20.50102
2015-11-19 00:00:00.0,16.3993,20.8,11.6,,11.1,,20.89301,,11.0,,17.25,17.0,4.0,,,17.28741,97,96,15.03278,,,C ,,C ,,,,0.0,-6.307992
2015-11-20 00:00:00.0,16.0125,23.2,9.3,,8.5,,20.32431,,8.5,,0.0,0.25,0.25,,,10.6411,63,58,7.673544,,,C ,,C ,,,,0.0,-7.469998
2015-11-21 00:00:00.0,18.36181,25.8,12.0,,11.3,,21.13681,,11.3,,0.0,0.0,0.0,,,11.28449,55,47,8.657169,,,C ,,C ,,,,0.0,-13.19701
2015-11-22 00:00:00.0,20.76597,29.4,12.6,,11.7,,22.50416,,11.7,,0.0,0.0,0.0,,,14.79288,62,50,12.80116,,,C ,,C ,,,,0.0,-17.67902
2015-11-23 00:00:00.0,20.08264,27.1,15.6,,15.4,,22.58264,,15.3,,0.0,0.0,0.0,,,15.68209,68,62,13.68526,,,C ,,C ,,,,0.0,-19.83702
2015-11-24 00:00:00.0,20.58333,27.6,14.9,,14.2,,23.31042,,14.3,,0.0,0.0,0.0,,,14.95597,64,59,12.90491,,,C ,,C ,,,,0.0,-19.33902
2015-11-25 00:00:00.0,21.61388,29.4,15.1,,14.5,,24.36528,,14.6,,0.0,0.0,0.0,,,17.30742,68,65,15.17756,,,C ,,C ,,,,0.0,-19.58802
2015-11-26 00:00:00.0,21.62083,27.7,17.3,,17.2,,24.71458,,17.0,,42.0,0.0,0.0,,,19.52338,77,74,17.10585,,,C ,,C ,,,,0.0,-22.16103
2015-11-27 00:00:00.0,20.41875,25.1,18.1,,18.2,,23.41736,,18.0,,1.5,43.5,12.25,,,20.83922,89,87,18.09045,,,C ,,C ,,,,0.0,-22.57603
2015-11-28 00:00:00.0,19.6838,26.2,13.0,,12.3,,22.58451,,12.2,,0.0,0.0,0.0,,,14.35052,68,60,12.2395,,,C ,,C ,,,,0.0,-13.19701
2015-11-29 00:00:00.0,19.68958,28.0,10.3,,9.5,,22.70417,,8.8,,0.0,0.0,0.0,,,12.26416,57,47,9.875885,,,C ,,C ,,,,0.0,-14.02701
2015-11-30 00:00:00.0,22.88112,30.4,14.1,,13.1,,23.83497,,13.0,,0.0,0.0,0.0,,,14.17658,55,46,12.05505,,,C ,,C ,,,,0.0,-19.09002
2015-12-01 00:00:00.0,23.67971,31.7,15.3,,14.6,,24.88881,,14.6,,0.0,0.0,0.0,,,15.33362,55,45,13.33844,,,C ,,C ,,,,0.0,-20.58402
2015-12-02 00:00:00.0,24.51319,32.3,15.8,,15.0,,25.84861,,14.9,,0.0,0.0,0.0,,,16.86862,59,50,14.76305,,,C ,,C ,,,,0.0,-22.32703
2015-12-03 00:00:00.0,21.82222,28.1,16.4,,15.8,,25.33056,,15.8,,12.0,11.75,4.5,,,21.7506,84,85,18.68035,,,C ,,C ,,,,0.0,-22.49303
2015-12-04 00:00:00.0,23.4243,29.1,19.1,,18.8,,24.93681,,18.8,,0.0,0.25,0.25,,,22.04305,79,73,19.03161,,,C ,,C ,,,,0.0,-23.90403
2015-12-05 00:00:00.0,22.85972,29.1,17.9,,17.6,,25.05,,17.5,,0.0,0.0,0.0,,,18.99894,73,63,16.55455,,,C ,,C ,,,,0.0,-21.08203
2015-12-06 00:00:00.0,17.9618,25.8,9.6,,8.7,,24.1875,,8.8,,0.0,0.0,0.0,,,11.01317,60,50,8.234163,,,C ,,C ,,,,0.0,-10.043
2015-12-07 00:00:00.0,19.66389,29.1,11.8,,11.2,,24.36459,,11.2,,0.0,0.0,0.0,,,14.07518,62,50,11.97892,,,C ,,C ,,,,0.0,-15.43801
2015-12-08 00:00:00.0,22.32083,31.6,14.5,,13.7,,24.97083,,13.9,,4.0,3.5,0.75,,,15.67573,63,58,13.46132,,,C ,,C ,,,,0.0,-20.25202
2015-12-09 00:00:00.0,22.2375,30.0,16.9,,16.5,,25.08819,,16.4,,0.0,0.5,0.25,,,17.72045,69,64,15.34034,,,C ,,C ,,,,0.0,-22.07803
2015-12-10 00:00:00.0,26.1632,35.6,18.1,,17.4,,25.6618,,17.4,,0.0,0.0,0.0,,,19.00321,60,46,16.44747,,,C ,,C ,,,,0.0,-23.90403
2015-12-11 00:00:00.0,27.53056,34.4,20.5,,19.8,,26.74723,,19.9,,0.0,0.0,0.0,,,19.8735,56,49,17.35587,,,C ,,C ,,,,0.0,-23.90403
2015-12-12 00:00:00.0,25.62014,33.1,20.5,,20.0,,26.51042,,19.9,,0.25,0.25,0.25,,,22.56335,75,70,19.41086,,,C ,,C ,,,,0.0,-23.90403
2015-12-13 00:00:00.0,25.05486,33.7,17.3,,16.9,,26.35486,,16.8,,1.75,0.25,0.25,,,20.60009,67,58,17.94427,,,C ,,C ,,,,0.0,-21.82903
2015-12-14 00:00:00.0,24.39583,29.9,18.4,,17.9,,26.36388,,17.8,,0.25,1.75,0.75,,,22.49794,78,72,19.36342,,,C ,,C ,,,,0.0,-23.90403
2015-12-15 00:00:00.0,23.51528,31.3,17.1,,16.7,,26.31459,,16.8,,0.0,0.0,0.0,,,19.25604,70,63,16.86466,,,C ,,C ,,,,0.0,-22.16103
2015-12-16 00:00:00.0,24.5875,33.1,16.4,,16.0,,26.44791,,15.9,,0.0,0.0,0.0,,,17.17599,58,48,15.03051,,,C ,,C ,,,,0.0,-21.82903
2015-12-17 00:00:00.0,22.57569,27.5,18.2,,17.8,,25.50764,,17.8,,0.25,0.25,0.25,,,21.0869,81,87,18.29819,,,C ,,C ,,,,0.0,-23.90403
2015-12-18 00:00:00.0,22.01597,27.0,18.3,,17.2,,24.80138,,17.5,,0.0,0.0,0.0,,,13.51385,57,47,10.89902,,,C ,,C ,,,,0.0,-20.58402
2015-12-19 00:00:00.0,19.13125,27.8,10.0,,8.9,,24.26945,,8.5,,0.25,0.25,0.25,,,10.59575,54,42,7.655715,,,C ,,C ,,,,0.0,-11.205
2015-12-20 00:00:00.0,20.55,28.6,12.2,,11.1,,24.93264,,11.0,,0.0,0.0,0.0,,,15.32933,62,57,13.18912,,,C ,,C ,,,,0.0,-17.18102
2015-12-21 00:00:00.0,24.70347,32.0,18.6,,17.8,,26.58125,,17.8,,0.0,0.0,0.0,,,22.84631,72,66,19.48265,,,C ,,C ,,,,0.0,-23.90403
2015-12-22 00:00:00.0,23.54584,28.0,20.0,,19.6,,26.50418,,19.6,,2.5,2.5,1.5,,,24.5522,89,85,20.7661,,,C ,,C ,,,,0.0,-23.90403
2015-12-23 00:00:00.0,22.43472,28.2,19.2,,18.7,,25.09583,,18.7,,0.75,0.75,0.25,,,22.14648,85,82,19.07642,,,C ,,C ,,,,0.0,-23.48903
2015-12-24 00:00:00.0,23.94932,32.4,16.3,,15.5,,25.62917,,15.4,,0.0,0.0,0.0,,,18.17544,64,49,15.92677,,,C ,,C ,,,,0.0,-21.24802
2015-12-25 00:00:00.0,25.42113,33.0,18.1,,17.5,,27.49225,,17.5,,0.0,0.0,0.0,,,21.79916,69,63,18.84249,,,C ,,C ,,,,0.0,-23.57203
2015-12-26 00:00:00.0,26.26806,33.8,19.2,,18.5,,28.50416,,18.6,,0.0,0.0,0.0,,,21.24792,65,59,18.44304,,,C ,,C ,,,,0.0,-23.90403
2015-12-27 00:00:00.0,27.26251,34.6,19.8,,19.2,,29.39444,,19.3,,0.0,0.0,0.0,,,23.87133,68,60,20.32768,,,C ,,C ,,,,0.0,-23.90403
2015-12-28 00:00:00.0,28.55486,35.9,20.9,,20.2,,30.25487,,20.3,,0.0,0.0,0.0,,,24.87061,66,58,20.99333,,,C ,,C ,,,,0.0,-23.90403
2015-12-29 00:00:00.0,27.40139,35.5,23.4,,22.9,,29.74097,,23.0,,0.0,0.0,0.0,,,26.43027,76,72,21.98569,,,C ,,C ,,,,0.0,-23.90403
2015-12-30 00:00:00.0,27.45972,37.2,20.3,,19.7,,29.98194,,19.7,,0.0,0.0,0.0,,,23.85123,68,54,20.25537,,,C ,,C ,,,,0.0,-23.90403
2015-12-31 00:00:00.0,26.68681,32.9,20.3,,19.8,,30.61181,,19.7,,0.25,0.0,0.0,,,23.43727,68,62,20.02129,,,C ,,C ,,,,0.0,-23.90403
2016-01-01 00:00:00.0,26.72569,34.0,20.2,,19.8,,30.9125,,19.7,,0.0,0.25,0.25,,,23.60128,72,64,20.13915,,,C ,,C ,,,,0.0,-23.90403
2016-01-02 00:00:00.0,26.53611,33.2,21.1,,20.4,,30.77361,,20.5,,0.0,0.0,0.0,,,23.12258,69,60,19.79526,,,C ,,C ,,,,0.0,-23.90403
2016-01-03 00:00:00.0,25.03889,28.7,21.4,,21.0,,29.33194,,21.0,,0.0,0.0,0.0,,,25.16168,79,75,21.18257,,,C ,,C ,,,,0.0,-23.90403
2016-01-04 00:00:00.0,24.68333,31.4,21.8,,21.1,,28.16111,,21.2,,3.0,2.75,1.0,,,26.6429,88,88,22.10681,,,C ,,C ,,,,0.0,-23.90403
2016-01-05 00:00:00.0,26.54861,35.1,20.3,,20.0,,28.32084,,19.8,,0.0,0.25,0.25,,,24.05483,71,70,20.40198,,,C ,,C ,,,,0.0,-23.90403
2016-01-06 00:00:00.0,24.17986,31.4,15.3,,14.7,,29.15208,,14.8,,0.0,0.0,0.0,,,15.861,59,56,13.72969,,,C ,,C ,,,,0.0,-20.66702
2016-01-07 00:00:00.0,23.29723,33.0,14.4,,13.9,,29.51944,,13.5,,0.0,0.0,0.0,,,15.26116,59,41,13.12405,,,C ,,C ,,,,0.0,-19.09002
2016-01-08 00:00:00.0,24.62013,31.8,19.5,,18.7,,29.975,,18.8,,0.0,0.0,0.0,,,16.60168,58,53,14.36545,,,C ,,C ,,,,0.0,-23.90403
2016-01-09 00:00:00.0,24.30903,33.3,15.9,,15.4,,30.59444,,15.1,,0.0,0.0,0.0,,,20.3537,69,63,17.74602,,,C ,,C ,,,,0.0,-21.91203
2016-01-10 00:00:00.0,22.78959,27.6,17.8,,17.3,,28.92777,,17.4,,1.0,1.0,0.25,,,22.45751,83,86,19.32745,,,C ,,C ,,,,0.0,-23.48903
2016-01-11 00:00:00.0,25.12429,35.5,16.8,,16.2,,29.18472,,16.1,,0.0,0.0,0.0,,,21.14581,70,57,18.34824,,,C ,,C ,,,,0.0,-21.24802
2016-01-12 00:00:00.0,24.26181,29.4,20.9,,20.3,,28.46875,,20.2,,0.0,0.0,0.0,,,20.56829,71,65,17.91863,,,C ,,C ,,,,0.0,-23.90403
2016-01-13 00:00:00.0,24.94028,33.2,17.0,,16.1,,28.65555,,16.1,,0.0,0.0,0.0,,,19.52196,67,56,17.05401,,,C ,,C ,,,,0.0,-22.74203
2016-01-14 00:00:00.0,26.01388,33.4,18.6,,18.0,,30.31875,,18.0,,0.0,0.0,0.0,,,18.16113,59,50,15.89547,,,C ,,C ,,,,0.0,-23.90403
2016-01-15 00:00:00.0,26.59652,35.9,18.6,,18.1,,31.21249,,17.8,,0.0,0.0,0.0,,,18.25987,56,47,16.01742,,,C ,,C ,,,,0.0,-23.90403
2016-01-16 00:00:00.0,25.95556,35.2,16.7,,16.0,,31.50972,,16.1,,0.0,0.0,0.0,,,17.92368,55,50,15.65586,,,C ,,C ,,,,0.0,-22.65903
2016-01-17 00:00:00.0,28.11736,35.6,21.7,,21.2,,31.56737,,21.1,,0.0,0.0,0.0,,,20.74366,58,54,18.04204,,,C ,,C ,,,,0.0,-23.90403
2016-01-18 00:00:00.0,26.34513,34.8,19.1,,18.3,,31.70138,,18.2,,0.0,0.0,0.0,,,19.1401,60,52,16.76544,,,C ,,C ,,,,0.0,-23.90403
2016-01-19 00:00:00.0,25.86528,34.5,17.6,,17.0,,32.225,,17.0,,0.0,0.0,0.0,,,19.91078,61,58,17.35467,,,C ,,C ,,,,0.0,-23.24003
2016-01-20 00:00:00.0,27.4118,35.8,22.6,,22.3,,32.73958,,22.2,,0.0,0.0,0.0,,,21.99434,61,56,18.96583,,,C ,,C ,,,,0.0,-23.90403
2016-01-21 00:00:00.0,28.4007,36.9,20.7,,20.3,,33.15139,,20.3,,0.0,0.0,0.0,,,22.02758,58,53,19.0203,,,C ,,C ,,,,0.0,-23.90403
2016-01-22 00:00:00.0,30.12917,37.9,22.9,,22.5,,33.80903,,22.5,,0.0,0.0,0.0,,,22.58571,55,48,19.43199,,,C ,,C ,,,,0.0,-23.90403
2016-01-23 00:00:00.0,28.17986,33.0,23.3,,22.8,,34.09444,,22.9,,0.0,0.0,0.0,,,21.92013,62,63,18.92679,,,C ,,C ,,,,0.0,-23.90403
2016-01-24 00:00:00.0,28.79167,39.4,21.1,,20.9,,33.68473,,20.8,,2.0,0.0,0.0,,,22.13395,59,53,19.0245,,,C ,,C ,,,,0.0,-23.90403
2016-01-25 00:00:00.0,25.12916,33.1,19.2,,18.7,,31.98611,,18.5,,0.25,2.25,0.5,,,19.00358,65,57,16.53336,,,C ,,C ,,,,0.0,-23.90403
2016-01-26 00:00:00.0,25.08611,32.4,19.3,,18.8,,31.18125,,18.6,,0.0,0.0,0.0,,,14.59655,51,41,12.3274,,,C ,,C ,,,,0.0,-22.74203
2016-01-27 00:00:00.0,22.37708,30.4,15.1,,14.2,,30.73611,,14.2,,0.0,0.0,0.0,,,14.422,56,47,12.23625,,,C ,,C ,,,,0.0,-19.00702
2016-01-28 00:00:00.0,23.975,33.2,17.1,,16.4,,30.77847,,16.4,,0.0,0.0,0.0,,,18.79475,65,56,16.50765,,,C ,,C ,,,,0.0,-21.99503
2016-01-29 00:00:00.0,23.72986,29.2,20.0,,19.6,,28.88889,,19.6,,3.0,2.75,0.75,,,22.97352,80,81,19.6294,,,C ,,C ,,,,0.0,-23.90403
2016-01-30 00:00:00.0,24.56389,32.3,18.8,,18.5,,28.24028,,18.5,,0.0,0.25,0.25,,,23.51937,79,76,20.04768,,,C ,,C ,,,,0.0,-23.90403
2016-01-31 00:00:00.0,23.31181,29.8,17.3,,16.8,,28.26875,,16.9,,0.0,0.0,0.0,,,16.92631,66,57,14.35915,,,C ,,C ,,,,0.0,-20.99903
2016-02-01 00:00:00.0,20.9257,31.0,12.5,,11.5,,28.14652,,11.5,,0.0,0.0,0.0,,,15.19895,65,57,13.06385,,,C ,,C ,,,,0.0,-16.93201
2016-02-02 00:00:00.0,23.7368,31.8,16.9,,16.3,,29.30069,,16.3,,0.0,0.0,0.0,,,19.04626,68,58,16.6247,,,C ,,C ,,,,0.0,-22.16103
2016-02-03 00:00:00.0,24.55417,31.6,19.2,,18.7,,29.32222,,18.7,,0.0,0.0,0.0,,,20.70495,70,65,18.01597,,,C ,,C ,,,,0.0,-23.90403
2016-02-04 00:00:00.0,26.15278,34.2,18.8,,18.3,,29.93333,,18.3,,0.0,0.0,0.0,,,19.69356,62,54,17.15494,,,C ,,C ,,,,0.0,-23.90403
2016-02-05 00:00:00.0,27.49028,35.6,19.7,,19.0,,30.71042,,18.7,,0.0,0.0,0.0,,,22.3456,64,57,19.17634,,,C ,,C ,,,,0.0,-23.90403
2016-02-06 00:00:00.0,29.11041,37.4,23.6,,23.2,,31.81181,,23.0,,0.0,0.0,0.0,,,24.88223,64,59,20.97839,,,C ,,C ,,,,0.0,-23.90403
2016-02-07 00:00:00.0,26.99653,34.8,22.3,,22.0,,31.60833,,21.9,,6.5,3.5,1.5,,,25.23859,75,72,21.20895,,,C ,,C ,,,,0.0,-23.90403
2016-02-08 00:00:00.0,24.36667,30.3,22.0,,21.5,,29.3382,,21.6,,0.5,3.25,0.75,,,27.13902,92,87,22.40826,,,C ,,C ,,,,0.0,-23.90403
2016-02-09 00:00:00.0,25.76945,35.3,19.7,,19.5,,28.94722,,19.3,,0.0,0.25,0.25,,,24.92517,77,70,20.94723,,,C ,,C ,,,,0.0,-23.90403
2016-02-10 00:00:00.0,27.34686,35.9,20.4,,19.8,,30.37483,,19.6,,0.0,0.0,0.0,,,23.94905,69,64,20.28514,,,C ,,C ,,,,0.0,-23.73803
2016-02-11 00:00:00.0,27.02153,35.4,19.4,,19.0,,31.04166,,19.0,,0.0,0.0,0.0,,,22.98116,64,59,19.52757,,,C ,,C ,,,,0.0,-23.90403
2016-02-12 00:00:00.0,29.78819,36.7,23.9,,23.3,,32.37987,,23.4,,10.75,4.5,4.25,,,27.90645,67,59,22.86272,,,C ,,C ,,,,0.0,-23.90403
2016-02-13 00:00:00.0,26.3125,30.9,22.2,,21.8,,30.39306,,21.8,,0.0,6.25,4.25,,,26.65915,84,81,22.09393,,,C ,,C ,,,,0.0,-23.90403
2016-02-14 00:00:00.0,24.7375,33.7,15.3,,14.8,,29.01111,,14.6,,0.0,0.0,0.0,,,19.37914,67,58,16.93072,,,C ,,C ,,,,0.0,-20.16902
2016-02-15 00:00:00.0,27.17083,35.3,19.9,,19.2,,30.15278,,19.2,,0.0,0.0,0.0,,,23.62599,66,63,20.05165,,,C ,,C ,,,,0.0,-23.90403
2016-02-16 00:00:00.0,28.44097,34.9,23.4,,23.0,,31.32084,,22.9,,12.75,0.0,0.0,,,28.43916,73,68,23.18911,,,C ,,C ,,,,0.0,-23.90403
2016-02-17 00:00:00.0,25.7375,31.4,19.6,,19.6,,29.87917,,19.5,,1.0,13.75,3.0,,,25.27024,82,79,21.2165,,,C ,,C ,,,,0.0,-23.90403
2016-02-18 00:00:00.0,25.63334,33.8,17.6,,17.3,,29.09097,,17.3,,6.75,2.75,2.25,,,23.99033,75,66,20.36617,,,C ,,C ,,,,0.0,-23.48903
2016-02-19 00:00:00.0,22.42084,26.8,18.7,,18.3,,26.10487,,18.1,,1.0,4.75,0.75,,,23.32792,92,89,19.95049,,,C ,,C ,,,,0.0,-23.90403
2016-02-20 00:00:00.0,23.04167,31.3,16.5,,16.0,,26.70694,,16.0,,0.25,0.5,0.25,,,20.70654,76,70,18.01645,,,C ,,C ,,,,0.0,-20.66702
2016-02-21 00:00:00.0,25.20763,32.7,18.9,,18.3,,27.89582,,18.4,,0.0,0.0,0.0,,,25.13121,77,72,21.10563,,,C ,,C ,,,,0.0,-23.90403
2016-02-22 00:00:00.0,26.70972,33.9,21.6,,21.2,,28.89861,,21.2,,0.0,0.0,0.0,,,26.18749,77,71,21.82449,,,C ,,C ,,,,0.0,-23.90403
2016-02-23 00:00:00.0,27.41805,35.7,21.5,,21.1,,29.75209,,21.1,,0.0,0.0,0.0,,,25.56656,73,64,21.41334,,,C ,,C ,,,,0.0,-23.90403
2016-02-24 00:00:00.0,27.52014,35.3,21.1,,20.4,,30.2264,,20.5,,1.25,1.25,0.75,,,25.57285,75,70,21.43164,,,C ,,C ,,,,0.0,-23.90403
2016-02-25 00:00:00.0,23.43819,30.7,17.7,,17.4,,29.34098,,17.3,,1.75,0.0,0.0,,,19.91794,72,63,17.40834,,,C ,,C ,,,,0.0,-23.40603
2016-02-26 00:00:00.0,21.01319,25.8,17.9,,17.1,,26.84861,,17.4,,2.5,4.25,1.0,,,21.09886,87,88,18.28699,,,C ,,C ,,,,0.0,-22.57603
2016-02-27 00:00:00.0,20.1375,28.3,12.1,,11.7,,25.28195,,11.1,,0.0,0.0,0.25,,,14.21294,65,60,12.02242,,,C ,,C ,,,,0.0,-15.93601
2016-02-28 00:00:00.0,22.73125,30.9,14.7,,14.2,,25.82917,,13.9,,0.0,0.0,0.0,,,18.64623,71,62,16.33714,,,C ,,C ,,,,0.0,-18.42602
2016-02-29 00:00:00.0,23.15695,31.6,15.8,,15.3,,26.73334,,15.0,,2.75,0.0,0.0,,,20.2586,73,62,17.62897,,,C ,,C ,,,,0.0,-20.08602
2016-03-01 00:00:00.0,21.78472,26.4,18.9,,18.5,,26.4375,,18.5,,0.5,3.25,0.75,,,20.68444,83,79,17.86768,,,C ,,C ,,,,0.0,-23.40603
2016-03-02 00:00:00.0,20.09028,26.1,16.8,,16.2,,24.95138,,16.3,,0.0,0.0,0.0,,,18.42381,78,76,16.12766,,,C ,,C ,,,,0.0,-20.41802
2016-03-03 00:00:00.0,21.57569,28.0,16.1,,15.8,,25.52569,,15.8,,0.25,0.25,0.25,,,20.87032,82,75,18.15648,,,C ,,C ,,,,0.0,-20.91602
2016-03-04 00:00:00.0,20.56597,28.1,16.7,,16.3,,25.27014,,16.3,,0.25,0.25,0.25,,,20.19086,87,81,17.63759,,,C ,,C ,,,,0.0,-19.58802
2016-03-05 00:00:00.0,19.8375,25.0,16.6,,16.1,,24.24514,,16.1,,0.25,0.25,0.25,,,17.45929,80,76,15.28701,,,C ,,C ,,,,0.0,-15.93601
2016-03-06 00:00:00.0,16.98611,23.8,10.8,,10.4,,23.3868,,9.9,,0.25,0.0,0.0,,,13.86037,76,70,11.79727,,,C ,,C ,,,,0.0,-8.465998
2016-03-07 00:00:00.0,18.33194,27.2,10.6,,9.7,,23.4875,,9.9,,0.0,0.25,0.25,,,15.39423,75,64,13.37062,,,C ,,C ,,,,0.0,-10.126
2016-03-08 00:00:00.0,19.99722,28.0,13.4,,12.7,,24.11527,,12.7,,0.0,0.0,0.0,,,17.88083,76,71,15.68191,,,C ,,C ,,,,0.0,-16.93201
2016-03-09 00:00:00.0,21.35069,28.8,17.0,,16.1,,24.72362,,15.9,,0.0,0.0,0.0,,,18.40314,77,76,16.10855,,,C ,,C ,,,,0.0,-20.00302
2016-03-10 00:00:00.0,16.59931,22.0,12.3,,11.7,,23.20903,,11.8,,0.0,0.0,0.0,,,15.32217,83,77,13.29997,,,C ,,C ,,,,0.0,-10.209
2016-03-11 00:00:00.0,17.60695,25.1,11.5,,11.0,,22.87292,,10.8,,0.0,0.0,0.0,,,15.97649,81,77,13.95092,,,C ,,C ,,,,0.0,-10.375
2016-03-12 00:00:00.0,18.39652,27.3,11.0,,10.2,,23.01945,,10.0,,0.0,0.0,0.0,,,15.67102,77,71,13.62029,,,C ,,C ,,,,0.0,-10.126
2016-03-13 00:00:00.0,18.75972,26.4,12.0,,11.3,,23.42292,,11.4,,0.0,0.0,0.0,,,15.76514,75,69,13.74928,,,C ,,C ,,,,0.0,-12.61601
2016-03-14 00:00:00.0,20.47957,28.3,13.2,,12.5,,23.73521,,12.7,,0.0,0.0,0.0,,,17.48515,75,66,15.36468,,,C ,,C ,,,,0.0,-15.68701
2016-03-15 00:00:00.0,22.98264,31.8,16.0,,15.3,,24.42431,,15.5,,0.0,0.0,0.0,,,21.32211,76,69,18.4564,,,C ,,C ,,,,0.0,-20.58402
2016-03-16 00:00:00.0,25.51944,33.4,19.8,,19.4,,25.48681,,19.5,,0.0,0.0,0.0,,,22.93097,72,67,19.66888,,,C ,,C ,,,,0.0,-23.90403
2016-03-17 00:00:00.0,26.225,34.0,19.8,,19.3,,25.93819,,19.4,,1.25,0.0,0.0,,,23.61808,69,63,20.12895,,,C ,,C ,,,,0.0,-23.90403
2016-03-18 00:00:00.0,22.40347,27.8,18.2,,17.3,,24.99722,,17.6,,0.25,1.5,0.5,,,21.14568,86,89,18.1993,,,C ,,C ,,,,0.0,-20.91602
2016-03-19 00:00:00.0,16.24375,23.9,8.4,,7.5,,22.70902,,7.5,,0.5,0.5,0.25,,,13.64304,75,69,11.46174,,,C ,,C ,,,,0.0,-7.719003
2016-03-20 00:00:00.0,16.70695,23.2,11.8,,10.9,,22.43195,,11.0,,0.25,0.25,0.25,,,14.15795,75,72,12.08079,,,C ,,C ,,,,0.0,-11.039
2016-03-21 00:00:00.0,18.23472,22.0,15.4,,15.0,,22.44027,,15.0,,0.0,0.0,0.0,,,18.14155,89,89,15.94721,,,C ,,C ,,,,0.0,-13.28001
2016-03-22 00:00:00.0,18.2875,27.0,11.5,,11.1,,22.07083,,11.0,,0.25,0.25,0.25,,,17.1581,83,81,15.00686,,,C ,,C ,,,,0.0,-11.371
2016-03-23 00:00:00.0,19.75417,27.1,14.3,,13.7,,22.37083,,14.0,,0.0,0.0,0.0,,,17.60172,80,77,15.45332,,,C ,,C ,,,,0.0,-13.86101
2016-03-24 00:00:00.0,20.43194,30.1,13.1,,12.4,,22.81666,,12.7,,0.0,0.0,0.0,,,17.34046,75,69,15.11561,,,C ,,C ,,,,0.0,-13.86101
2016-03-25 00:00:00.0,17.71945,23.6,12.4,,11.6,,22.21943,,11.7,,0.0,0.0,0.0,,,16.38838,79,78,14.2527,,,C ,,C ,,,,0.0,-14.94001
2016-03-26 00:00:00.0,19.57014,26.5,14.1,,13.4,,22.39513,,13.5,,2.75,0.0,0.0,,,18.23678,82,81,16.02408,,,C ,,C ,,,,0.0,-16.60001
2016-03-27 00:00:00.0,20.87847,27.1,17.2,,16.4,,23.26596,,16.6,,0.0,2.75,0.5,,,19.16356,80,77,16.78955,,,C ,,C ,,,,0.0,-20.00302
2016-03-28 00:00:00.0,19.81319,28.8,12.7,,12.4,,22.92847,,12.1,,0.0,0.0,0.0,,,16.6337,77,75,14.53946,,,C ,,C ,,,,0.0,-14.19301
2016-03-29 00:00:00.0,21.3493,30.4,13.9,,13.3,,23.33264,,13.2,,0.0,0.0,0.0,,,18.19482,75,70,15.99252,,,C ,,C ,,,,0.0,-17.09801
2016-03-30 00:00:00.0,22.20972,30.2,15.8,,14.9,,23.825,,15.1,,0.0,0.0,0.0,,,18.64166,73,68,16.35993,,,C ,,C ,,,,0.0,-20.25202
2016-03-31 00:00:00.0,22.72361,30.3,16.7,,15.8,,24.15001,,16.0,,0.0,0.0,0.0,,,20.25684,75,68,17.69051,,,C ,,C ,,,,0.0,-21.16503
2016-04-01 00:00:00.0,20.78403,24.2,19.2,,18.8,,22.89029,,18.8,,10.0,9.25,2.75,,,22.6698,94,96,19.50159,,,C ,,C ,,,,0.0,-23.90403
2016-04-02 00:00:00.0,21.05833,25.6,19.3,,18.8,,22.17362,,18.7,,0.75,1.25,0.25,,,22.96113,93,93,19.69656,,,C ,,C ,,,,0.0,-23.40603
2016-04-03 00:00:00.0,20.47916,28.0,16.6,,16.3,,22.70834,,15.9,,0.25,0.5,0.25,,,20.53028,86,81,17.90245,,,C ,,C ,,,,0.0,-20.16902
2016-04-04 00:00:00.0,18.72431,20.2,17.5,,17.5,,22.04861,,17.1,,0.25,0.25,0.25,,,20.52335,95,97,17.87697,,,C ,,C ,,,,0.0,-21.33103
2016-04-05 00:00:00.0,19.66458,22.6,18.2,,17.9,,21.74514,,17.7,,0.25,0.25,0.25,,,21.15751,94,91,18.39157,,,C ,,C ,,,,0.0,-23.07403
2016-04-06 00:00:00.0,19.77639,24.7,17.7,,17.1,,21.84583,,16.9,,0.25,0.25,0.25,,,20.87202,92,92,18.17687,,,C ,,C ,,,,0.0,-21.33103
2016-04-07 00:00:00.0,19.79028,26.9,14.5,,14.0,,22.06528,,13.8,,0.25,0.0,0.0,,,20.10746,87,84,17.56072,,,C ,,C ,,,,0.0,-18.59202
2016-04-08 00:00:00.0,20.42639,25.3,18.1,,18.0,,22.40902,,17.9,,0.0,0.25,0.25,,,21.37528,91,86,18.54315,,,C ,,C ,,,,0.0,-22.32703
2016-04-09 00:00:00.0,,22.0,17.2,,16.9,,22.3,,16.8,,,,0.0,,,,,,,,,C ,,C ,,,,,
2016-04-10 00:00:00.0,,,,,,,,,,,,,0.0,,,,,,,,,C ,,C ,,,,,
2016-04-11 00:00:00.0,,,,,,,,,,,,,0.0,,,,,,,,,C ,,C ,,,,,
2016-04-12 00:00:00.0,,,,,,,,,,,,,,,,,,,,,,  ,,  ,,,,,
2016-04-13 00:00:00.0,,,,,,,,,,,,,,,,,,,,,,  ,,  ,,,,,
2016-04-14 00:00:00.0,,,,,,,,,,,,,,,,,,,,,,  ,,  ,,,,,
2016-04-15 00:00:00.0,,,,,,,,,,,,,,,,,,,,,,  ,,  ,,,,,
2016-04-16 00:00:00.0,,,,,,,,,,,,,,,,,,,,,,  ,,  ,,,,,
2016-04-17 00:00:00.0,,,,,,,,,,,,,,,,,,,,,,  ,,  ,,,,,
2016-04-18 00:00:00.0,,,,,,,,,,,,,,,,,,,,,,  ,,  ,,,,,
2016-04-19 00:00:00.0,,,,,,,,,,,,,,,,,,,,,,  ,,  ,,,,,
2016-04-20 00:00:00.0,,,,,,,,,,,,,,,,,,,,,,  ,,  ,,,,,
2016-04-21 00:00:00.0,,15.6,15.1,,,,,,14.6,,,,,,,,,,,,,C ,,C ,,,,,
2016-04-22 00:00:00.0,,,,,,,,,,,,,,,,,,,,,,C ,,C ,,,,,
2016-04-23 00:00:00.0,,,,,,,,,,,,,,,,,,,,,,C ,,C ,,,,,
2016-04-24 00:00:00.0,,,,,,,,,,,,,,,,,,,,,,C ,,C ,,,,,
2016-04-25 00:00:00.0,,,,,,,,,,,,,,,,,,,,,,  ,,  ,,,,,
2016-04-26 00:00:00.0,,,,,,,,,,,,,,,,,,45,,,,  ,,  ,,,,,
2016-04-27 00:00:00.0,,9.4,5.2,,,,,,4.3,,,,,,,,,,,,,C ,,C ,,,,,
2016-04-28 00:00:00.0,,,,,,,,,,,,,,,,,,,,,,  ,,  ,,,,,
2016-04-29 00:00:00.0,10.01528,17.5,5.7,,,,,,4.9,,,,,,,9.746813,82,78,6.558735,,,C ,,C ,,,,10.126,12.86501
2016-04-30 00:00:00.0,,,,,,,,,,,,,,,,,,,,,,  ,,  ,,,,,
2016-05-01 00:00:00.0,,7.4,4.6,,,,,,3.6,,,,,,,,,,,,,C ,,C ,,,,,
2016-05-02 00:00:00.0,,,,,,,,,,,,,,,,,,,,,,C ,,C ,,,,,
2016-05-03 00:00:00.0,,,,,,,,,,,,,,,,,,,,,,  ,,  ,,,,,
2016-05-04 00:00:00.0,11.30556,19.2,5.4,,,,,,4.3,,,,,,,12.14224,88,87,9.664379,,,C ,,C ,,,,7.303997,5.395
2016-05-05 00:00:00.0,13.35972,18.6,9.6,,,,,,9.2,,,,,,,14.7768,90,90,12.62844,,,C ,,C ,,,,0.0,0.2489996
2016-05-06 00:00:00.0,,,,,,,,,,,,,,,,,,,,,,  ,,  ,,,,,
2016-05-07 00:00:00.0,,,,,,,,,,,,,,,,,,,,,,  ,,  ,,,,,
2016-05-08 00:00:00.0,14.08125,21.1,10.5,,,,,,10.1,,,,,,,15.07013,92,91,13.03337,,,C ,,C ,,,,0.0,-2.49
2016-05-09 00:00:00.0,15.90139,24.5,11.2,,,,,,10.7,,,,,,,16.32478,91,87,14.28297,,,C ,,C ,,,,0.0,-6.556998
2016-05-10 00:00:00.0,15.86875,21.2,13.1,,,,,,12.5,,,,,,,15.69546,90,89,13.67688,,,C ,,C ,,,,0.0,-5.477997
2016-05-11 00:00:00.0,12.71806,19.2,7.8,,,,,,6.8,,,,,,,11.48058,84,80,8.955541,,,C ,,C ,,,,0.166,5.975995
2016-05-12 00:00:00.0,9.940973,18.2,4.5,,,,,,3.7,,,,,,,10.39277,87,85,7.468737,,,C ,,C ,,,,9.461999,13.61201
2016-05-13 00:00:00.0,9.384028,16.5,3.7,,,,,,2.9,,,,,,,10.3293,87,87,7.357275,,,C ,,C ,,,,7.469996,13.69501
2016-05-14 00:00:00.0,10.21736,13.5,6.2,,,,,,5.3,,,,,,,12.73964,98,98,10.40374,,,C ,,C ,,,,3.983999,11.78601
2016-05-15 00:00:00.0,12.68984,,,,,,,,,,,,,,,,,,,,,  ,,  ,,,,,
2016-05-16 00:00:00.0,,,,,,,,,,,,,,,,,,,,,,  ,,  ,,,,,
2016-05-17 00:00:00.0,7.495833,13.5,1.4,,,,,,0.2,,,,,,,8.325895,81,78,4.292746,,,C ,,C ,,,,9.129998,16.10202
2016-05-18 00:00:00.0,8.984028,15.8,5.2,,,,,,4.2,,,,,,,9.642529,87,86,6.420091,,,C ,,C ,,,,11.786,17.09801
2016-05-19 00:00:00.0,9.444443,16.1,5.3,,,,,,4.4,,,,,,,10.29698,86,84,7.375185,,,C ,,C ,,,,7.137997,13.94401
2016-05-20 00:00:00.0,10.25069,16.3,6.6,,,,,,6.0,,,,,,,,,87,,,,  ,,  ,,,,,
2016-05-22 00:00:00.0,,,,,,,,,,,,,,,,,,,,,,  ,,  ,,,,,
2016-05-23 00:00:00.0,,,,,,,,,,,,,,,,,,,,,,C ,,C ,,,,,
2016-05-24 00:00:00.0,,,,,,,,,,,,,,,,,,,,,,C ,,C ,,,,,
2016-05-25 00:00:00.0,,,,,,,,,,,,,,,,,,,,,,C ,,C ,,,,,
2016-05-26 00:00:00.0,,,,,,,,,,,,,,,,,,,,,,C ,,C ,,,,,
2016-05-27 00:00:00.0,,,,,,,,,,,,,,,,,,,,,,  ,,  ,,,,,
2016-07-27 00:00:00.0,,,,,,,,,,,,,,,,,,,,,,  ,,  ,,,,,
2016-07-28 00:00:00.0,7.413195,14.0,2.2,,,,,,1.4,,,,,,,9.171041,89,87,5.62957,,,C ,,C ,,,,10.956,16.84902
2016-07-29 00:00:00.0,8.811808,16.0,4.0,,,,,,3.3,,,,,,,9.900586,86,82,6.753593,,,C ,,C ,,,,7.967996,13.69501
2016-07-30 00:00:00.0,12.38333,17.9,9.3,,,,,,9.1,,,,,,,13.40266,90,89,11.26245,,,C ,,C ,,,,0.0,2.157999
2016-07-31 00:00:00.0,13.39305,16.4,11.8,,,,,,11.4,,,,,,,15.09744,99,99,13.1001,,,C ,,C ,,,,0.0,2.240999
2016-08-01 00:00:00.0,10.08611,13.2,6.3,,,,,,5.7,,,,,,,10.67468,94,92,7.844168,,,C ,,C ,,,,5.643998,16.60002
2016-08-02 00:00:00.0,8.084024,16.3,1.0,,,,,,0.2,,,,,,,9.487023,87,87,6.089488,,,C ,,C ,,,,8.465997,14.60801
2016-08-03 00:00:00.0,9.627086,16.8,4.6,,,,,,4.1,,,,,,,10.78518,88,84,7.984622,,,C ,,C ,,,,7.801996,11.703
2016-08-04 00:00:00.0,12.45625,19.8,7.8,,,,,,7.3,,,,,,,13.21904,91,91,10.99604,,,C ,,C ,,,,0.0,3.568999
2016-08-05 00:00:00.0,11.28959,14.7,7.3,,,,,,6.9,,,,,,,13.63599,100,100,11.4132,,,C ,,C ,,,,0.0,9.960003
2016-08-06 00:00:00.0,11.86319,20.1,4.5,,,,,,3.8,,,,,,,11.09444,84,78,8.38037,,,C ,,C ,,,,5.975997,5.810001
2016-08-07 00:00:00.0,12.16458,20.3,3.9,,,,,,2.9,,,,,,,10.30304,74,72,7.354872,,,C ,,C ,,,,4.647998,2.987999
2016-08-08 00:00:00.0,14.49097,20.6,11.1,,,,,,10.4,,,,,,,12.54936,79,80,10.29419,,,C ,,C ,,,,0.0,-0.6640014
2016-08-09 00:00:00.0,11.4757,19.2,4.0,,,,,,3.1,,,,,,,10.01202,79,77,6.913549,,,C ,,C ,,,,4.979998,7.552995
2016-08-10 00:00:00.0,11.57847,18.8,5.6,,,,,,4.9,,,,,,,10.28699,77,76,7.352468,,,C ,,C ,,,,3.817999,6.224999
2016-08-11 00:00:00.0,12.12639,18.4,7.5,,,,,,6.6,,,,,,,11.97261,82,79,9.576662,,,C ,,C ,,,,0.0,4.564994
2016-08-12 00:00:00.0,14.24375,20.9,8.2,,,,,,7.6,,,,,,,12.98341,81,78,10.79684,,,C ,,C ,,,,0.0,-1.660001
2016-08-13 00:00:00.0,16.35764,24.6,12.5,,,,,,12.0,,,,,,,13.50162,76,73,11.37977,,,C ,,C ,,,,0.0,-7.220994
2016-08-14 00:00:00.0,13.69375,22.1,7.3,,,,,,6.2,,,,,,,11.58812,76,69,9.075657,,,C ,,C ,,,,0.0,0.8299985
2016-08-15 00:00:00.0,14.09861,21.1,8.3,,,,,,7.7,,,,,,,10.20478,69,62,7.115157,,,C ,,C ,,,,0.0,0.3319993
2016-08-16 00:00:00.0,12.72291,19.4,5.9,,,,,,5.2,,,,,,,10.828,74,74,7.99213,,,C ,,C ,,,,2.324,3.568996
2016-08-17 00:00:00.0,12.33611,20.0,5.1,,,,,,3.6,,,,,,,7.452806,57,53,2.717881,,,C ,,C ,,,,3.319999,6.805997
2016-08-18 00:00:00.0,12.54305,23.1,4.8,,,,,,3.4,,,,,,,7.443081,54,45,2.607406,,,C ,,C ,,,,6.473997,2.738998
2016-08-19 00:00:00.0,11.52222,19.0,6.0,,,,,,5.0,,,,,,,8.662001,65,57,4.856541,,,C ,,C ,,,,2.822,8.299999
2016-08-20 00:00:00.0,11.04792,16.0,7.3,,,,,,6.6,,,,,,,8.674092,72,71,4.843672,,,C ,,C ,,,,3.817999,13.19701
2016-08-21 00:00:00.0,6.784028,14.5,-1.5,,,,,,-2.4,,,,,,,7.957874,78,73,3.462998,,,C ,,C ,,,,8.631997,7.885006
2016-08-22 00:00:00.0,13.21042,23.4,5.0,,,,,,4.2,,,,,,,10.46981,71,63,7.592342,,,C ,,C ,,,,2.656,1.162
2016-08-23 00:00:00.0,14.72291,21.7,6.8,,,,,,5.8,,,,,,,10.28133,64,62,7.349029,,,C ,,C ,,,,0.664,-2.738999
2016-08-24 00:00:00.0,14.78264,22.7,8.3,,,,,,7.5,,,,,,,11.29955,68,65,8.722852,,,C ,,C ,,,,0.0,-3.900999
2016-08-25 00:00:00.0,16.98403,26.1,9.7,,,,,,9.1,,,,,,,13.66037,72,67,11.56155,,,C ,,C ,,,,0.0,-8.217004
2016-08-26 00:00:00.0,19.52639,28.6,12.3,,,,,,11.8,,,,,,,16.25497,72,67,14.21457,,,C ,,C ,,,,0.0,-15.68701
2016-08-27 00:00:00.0,12.53542,20.5,7.8,,,,,,7.6,,,,,,,12.2709,95,96,9.840742,,,C ,,C ,,,,0.0,13.52901
2016-08-28 00:00:00.0,9.461805,12.9,7.1,,,,,,6.4,,,,,,,10.37829,89,87,7.50399,,,C ,,C ,,,,0.664,18.01102
2016-08-29 00:00:00.0,10.75903,17.1,6.3,,,,,,5.6,,,,,,,11.81882,91,93,9.369303,,,C ,,C ,,,,1.992,11.70301
2016-08-30 00:00:00.0,11.4618,19.4,4.8,,,,,,4.2,,,,,,,12.25348,90,89,9.767963,,,C ,,C ,,,,3.983999,6.971995
2016-08-31 00:00:00.0,12.72986,21.5,6.9,,,,,,6.3,,,,,,,11.54555,78,71,8.923463,,,C ,,C ,,,,0.498,2.573
2016-09-01 00:00:00.0,10.86875,14.5,6.6,,,,,,5.3,,,,,,,8.744853,73,76,4.917994,,,C ,,C ,,,,2.987999,15.27202
2016-09-02 00:00:00.0,9.227778,16.8,2.9,,,,,,2.0,,,,,,,7.726627,71,66,3.195696,,,C ,,C ,,,,10.292,13.86101
2016-09-03 00:00:00.0,7.900694,14.8,1.6,,,,,,0.7,,,,,,,7.892351,74,68,3.516791,,,C ,,C ,,,,7.635996,12.86501
2016-09-04 00:00:00.0,8.513889,14.5,1.7,,,,,,1.0,,,,,,,8.865978,79,75,5.014364,,,C ,,C ,,,,7.469996,13.69501
2016-09-05 00:00:00.0,9.460415,10.4,8.4,,,,,,7.9,,,,,,,11.27836,97,97,8.713039,,,C ,,C ,,,,0.0,
2016-09-06 00:00:00.0,9.378475,13.2,7.0,,,,,,6.4,,,,,,,11.06064,91,89,8.421125,,,C ,,C ,,,,0.0,15.68701
2016-09-07 00:00:00.0,11.31597,14.8,8.4,,,,,,8.4,,,,,,,12.31741,92,92,9.984031,,,C ,,C ,,,,0.0,9.794005
2016-09-08 00:00:00.0,13.1257,21.1,6.6,,,,,,5.7,,,,,,,11.33547,76,77,8.745728,,,C ,,C ,,,,0.83,1.078999
2016-09-09 00:00:00.0,16.42152,24.4,8.8,,,,,,8.0,,,,,,,12.81617,72,67,10.57752,,,C ,,C ,,,,0.0,-5.560997
2016-09-10 00:00:00.0,17.85278,26.6,11.0,,,,,,9.7,,,,,,,14.93696,73,64,12.92785,,,C ,,C ,,,,0.0,-11.039
2016-09-11 00:00:00.0,19.71944,28.1,12.5,,,,,,12.0,,,,,,,16.74677,74,70,14.68488,,,C ,,C ,,,,0.0,-16.01901
2016-09-12 00:00:00.0,16.1375,19.2,13.2,,,,,,12.0,,,,,,,16.52477,96,94,14.43489,,,C ,,C ,,,,0.0,-2.240999
2016-09-13 00:00:00.0,12.65833,16.4,9.9,,,,,,9.1,,,,,,,11.64393,81,77,9.14291,,,C ,,C ,,,,0.0,5.976002
2016-09-14 00:00:00.0,12.47292,17.7,9.2,,,,,,8.3,,,,,,,10.70182,78,77,7.956313,,,C ,,C ,,,,0.0,6.888996
2016-09-15 00:00:00.0,11.88611,21.2,4.9,,,,,,4.0,,,,,,,10.94866,79,72,8.204632,,,C ,,C ,,,,6.639997,3.402998
2016-09-16 00:00:00.0,14.53611,22.1,9.4,,,,,,8.5,,,,,,,12.8467,77,70,10.65015,,,C ,,C ,,,,0.0,-4.482
2016-09-17 00:00:00.0,18.14028,26.8,12.0,,,,,,11.8,,,,,,,13.42819,67,61,11.31702,,,C ,,C ,,,,0.0,-11.95201
2016-09-18 00:00:00.0,15.1625,20.1,10.9,,,,,,9.9,,,,,,,11.67071,75,72,9.096189,,,C ,,C ,,,,0.0,-0.9960002
2016-09-19 00:00:00.0,11.27083,18.7,4.8,,,,,,3.9,,,,,,,11.31806,86,79,8.66733,,,C ,,C ,,,,6.639997,8.382998
2016-09-20 00:00:00.0,12.35972,20.9,4.8,,,,,,3.9,,,,,,,12.36763,84,80,9.925892,,,C ,,C ,,,,5.145998,1.577002
2016-09-21 00:00:00.0,,16.0,11.5,,,,,,10.8,,,,,,,,,27,,,,C ,,C ,,,,,
2016-09-22 00:00:00.0,,,,,,,,,,,,,,,,,,,,,,C ,,C ,,,,,
2016-09-23 00:00:00.0,,,,,,,,,,,,,,,,,,,,,,C ,,C ,,,,,
2016-09-24 00:00:00.0,,,,,,,,,,,,,,,,,,,,,,C ,,C ,,,,,
2016-09-25 00:00:00.0,,,,,,,,,,,,,,,,,,,,,,C ,,C ,,,,,
2016-09-26 00:00:00.0,,,,,,,,,,,,,,,,,,,,,,C ,,C ,,,,,
2016-09-27 00:00:00.0,,,,,,,,,,,,,,,,,,,,,,C ,,C ,,,,,
2016-09-28 00:00:00.0,,,,,,,,,,,,,,,,,,,,,,C ,,C ,,,,,
2016-09-29 00:00:00.0,,,,,,,,,,,,,,,,,,,,,,C ,,C ,,,,,
2016-09-30 00:00:00.0,,,,,,,,,,,,,,,,,,,,,,C ,,C ,,,,,
2016-10-01 00:00:00.0,,,,,,,,,,,,,,,,,,,,,,C ,,C ,,,,,
2016-10-02 00:00:00.0,,,,,,,,,,,,,,,,,,,,,,C ,,C ,,,,,
2016-10-03 00:00:00.0,,,,,,,,,,,,,,,,,,,,,,C ,,C ,,,,,
2016-10-04 00:00:00.0,,,,,,,,,,,,,,,,,,,,,,C ,,C ,,,,,
2016-10-05 00:00:00.0,,,,,,,,,,,,,,,,,,,,,,C ,,C ,,,,,
2016-10-06 00:00:00.0,,,,,,,,,,,,,,,,,,,,,,C ,,C ,,,,,
2016-10-07 00:00:00.0,,,,,,,,,,,,,,,,,,,,,,C ,,C ,,,,,
2016-10-08 00:00:00.0,,,,,,,,,,,,,,,,,,,,,,C ,,C ,,,,,
2016-10-09 00:00:00.0,,,,,,,,,,,,,,,,,,,,,,C ,,C ,,,,,
2016-10-10 00:00:00.0,,,,,,,,,,,,,,,,,,,,,,C ,,C ,,,,,
2016-10-11 00:00:00.0,,,,,,,,,,,,,,,,,,,,,,C ,,C ,,,,,
2016-10-12 00:00:00.0,,,,,,,,,,,,,,,,,,,,,,C ,,C ,,,,,
2016-10-13 00:00:00.0,,,,,,,,,,,,,,,,,,,,,,C ,,C ,,,,,
2016-10-14 00:00:00.0,,,,,,,,,,,,,,,,,,,,,,C ,,C ,,,,,
2016-10-15 00:00:00.0,,,,,,,,,,,,,,,,,,,,,,C ,,C ,,,,,
2016-10-16 00:00:00.0,,,,,,,,,,,,,,,,,,,,,,C ,,C ,,,,,
2016-10-17 00:00:00.0,,,,,,,,,,,,,,,,,,,,,,C ,,C ,,,,,
2016-10-18 00:00:00.0,,,,,,,,,,,,,,,,,,,,,,C ,,C ,,,,,
2016-10-19 00:00:00.0,,,,,,,,,,,,,,,,,,,,,,C ,,C ,,,,,
2016-10-20 00:00:00.0,,,,,,,,,,,,,,,,,,,,,,C ,,C ,,,,,
2016-10-21 00:00:00.0,,,,,,,,,,,,,,,,,,,,,,C ,,C ,,,,,
2016-10-22 00:00:00.0,,,,,,,,,,,,,,,,,,,,,,C ,,C ,,,,,
2016-10-23 00:00:00.0,,,,,,,,,,,,,,,,,,,,,,C ,,C ,,,,,
2016-10-24 00:00:00.0,,,,,,,,,,,,,,,,,,,,,,C ,,C ,,,,,
2016-10-25 00:00:00.0,,,,,,,,,,,,,,,,,,,,,,C ,,C ,,,,,
2016-10-26 00:00:00.0,,,,,,,,,,,,,,,,,,,,,,C ,,C ,,,,,
2016-10-27 00:00:00.0,,,,,,,,,,,,,,,,,,,,,,C ,,C ,,,,,
2016-10-28 00:00:00.0,,,,,,,,,,,,,,,,,,,,,,C ,,C ,,,,,
2016-10-29 00:00:00.0,,,,,,,,,,,,,,,,,,,,,,C ,,C ,,,,,
2016-10-30 00:00:00.0,,,,,,,,,,,,,,,,,,,,,,C ,,C ,,,,,
2016-10-31 00:00:00.0,,,,,,,,,,,,,,,,,,,,,,C ,,C ,,,,,
2016-11-01 00:00:00.0,,,,,,,,,,,,,,,,,,,,,,C ,,C ,,,,,
2016-11-02 00:00:00.0,,,,,,,,,,,,,,,,,,,,,,C ,,C ,,,,,
2016-11-03 00:00:00.0,,,,,,,,,,,,,,,,,,,,,,C ,,C ,,,,,
2016-11-04 00:00:00.0,,,,,,,,,,,,,,,,,,,,,,C ,,C ,,,,,
2016-11-05 00:00:00.0,,,,,,,,,,,,,,,,,,,,,,C ,,C ,,,,,
2016-11-06 00:00:00.0,,,,,,,,,,,,,,,,,,,,,,C ,,C ,,,,,
2016-11-07 00:00:00.0,,,,,,,,,,,,,,,,,,,,,,C ,,C ,,,,,
2016-11-08 00:00:00.0,,,,,,,,,,,,,,,,,,,,,,C ,,C ,,,,,
2016-11-09 00:00:00.0,,,,,,,,,,,,,,,,,,,,,,C ,,C ,,,,,
2016-11-10 00:00:00.0,,,,,,,,,,,,,,,,,,,,,,C ,,C ,,,,,
2016-11-11 00:00:00.0,,,,,,,,,,,,,,,,,,,,,,C ,,C ,,,,,
2016-11-12 00:00:00.0,,,,,,,,,,,,,,,,,,,,,,C ,,C ,,,,,
2016-11-13 00:00:00.0,,,,,,,,,,,,,,,,,,,,,,C ,,C ,,,,,
2016-11-14 00:00:00.0,,,,,,,,,,,,,,,,,,,,,,C ,,C ,,,,,
2016-11-15 00:00:00.0,,,,,,,,,,,,,,,,,,,,,,C ,,C ,,,,,
2016-11-16 00:00:00.0,,,,,,,,,,,,,,,,,,,,,,C ,,C ,,,,,
2016-11-17 00:00:00.0,,,,,,,,,,,,,,,,,,,,,,C ,,C ,,,,,
2016-11-18 00:00:00.0,,,,,,,,,,,,,,,,,,,,,,C ,,C ,,,,,
2016-11-19 00:00:00.0,,,,,,,,,,,,,,,,,,,,,,C ,,C ,,,,,
2016-11-20 00:00:00.0,,,,,,,,,,,,,,,,,,,,,,C ,,C ,,,,,
2016-11-21 00:00:00.0,,,,,,,,,,,,,,,,,,,,,,C ,,C ,,,,,
2016-11-22 00:00:00.0,,,,,,,,,,,,,,,,,,,,,,C ,,C ,,,,,
2016-11-23 00:00:00.0,,,,,,,,,,,,,,,,,,,,,,C ,,C ,,,,,
2016-11-24 00:00:00.0,,,,,,,,,,,,,,,,,,,,,,C ,,C ,,,,,
2016-11-25 00:00:00.0,,,,,,,,,,,,,,,,,,,,,,C ,,C ,,,,,
2016-11-26 00:00:00.0,,,,,,,,,,,,,,,,,,,,,,C ,,C ,,,,,
2016-11-27 00:00:00.0,,,,,,,,,,,,,,,,,,,,,,C ,,C ,,,,,
2016-11-28 00:00:00.0,,,,,,,,,,,,,,,,,,,,,,C ,,C ,,,,,
2016-11-29 00:00:00.0,,,,,,,,,,,,,,,,,,,,,,C ,,C ,,,,,
2016-11-30 00:00:00.0,,,,,,,,,,,,,,,,,,,,,,C ,,C ,,,,,
2016-12-01 00:00:00.0,,,,,,,,,,,,,,,,,,,,,,C ,,C ,,,,,
2016-12-02 00:00:00.0,,,,,,,,,,,,,,,,,,,,,,C ,,C ,,,,,
2016-12-03 00:00:00.0,,,,,,,,,,,,,,,,,,,,,,C ,,C ,,,,,
2016-12-04 00:00:00.0,,,,,,,,,,,,,,,,,,,,,,C ,,C ,,,,,
2016-12-05 00:00:00.0,,,,,,,,,,,,,,,,,,,,,,C ,,C ,,,,,
2016-12-06 00:00:00.0,,,,,,,,,,,,,,,,,,,,,,  ,,  ,,,,,
2016-12-07 00:00:00.0,24.11875,33.2,13.6,,-10.0,,27.14098,,-29.7,,0.0,0.0,0.0,,,12.97362,47,33,10.63079,,,C ,,C ,,,,0.0,-18.75802
2016-12-08 00:00:00.0,21.825,26.3,17.5,,,,27.22639,,-27.9,,0.0,0.0,0.0,,,12.31309,53,46,9.76457,,,C ,,C ,,,,0.0,-20.16903
2016-12-09 00:00:00.0,19.66181,28.1,11.5,,-21.1,,26.51528,,-28.4,,0.0,0.0,0.0,,,12.00656,56,45,9.510483,,,C ,,C ,,,,0.0,-15.02301
2016-12-10 00:00:00.0,25.01806,35.4,14.6,,-20.2,,27.32361,,-29.5,,0.0,0.0,0.0,,,12.53858,43,31,10.19337,,,C ,,C ,,,,0.0,-19.58802
2016-12-11 00:00:00.0,25.73402,32.0,19.0,,,,28.48125,,-23.1,,0.0,0.0,0.0,,,13.03743,43,39,10.79428,,,C ,,C ,,,,0.0,-23.90403
2016-12-12 00:00:00.0,26.28542,35.0,16.6,,-8.0,,28.62361,,-25.4,,0.0,0.0,0.0,,,15.09347,43,38,12.72973,,,C ,,C ,,,,0.0,-22.82503
2016-12-13 00:00:00.0,22.59098,29.9,16.3,,-18.6,,28.72223,,-20.6,,0.0,0.0,0.0,,,8.652039,37,35,4.664141,,,C ,,C ,,,,0.0,-19.83702
2016-12-14 00:00:00.0,18.39306,26.6,9.1,,-27.1,,27.67847,,-20.8,,0.0,0.0,0.0,,,8.732994,46,35,4.847561,,,C ,,C ,,,,0.0,-11.122
2016-12-15 00:00:00.0,20.88612,30.0,12.9,,11.3,,27.51528,,-28.3,,0.0,0.0,0.0,,,11.33221,48,40,8.768852,,,C ,,C ,,,,0.0,-17.18102
2016-12-16 00:00:00.0,23.32014,32.4,14.5,,17.3,,28.03889,,-28.3,,0.0,0.0,0.0,,,13.18815,48,39,11.02652,,,C ,,C ,,,,0.0,-19.33902
2016-12-17 00:00:00.0,26.93958,35.2,18.7,,17.7,,29.42084,,-28.3,,0.0,0.0,0.0,,,19.12587,55,47,16.73186,,,C ,,C ,,,,0.0,-23.90403
2016-12-18 00:00:00.0,22.59097,28.5,19.0,,3.9,,27.3764,,-25.3,,19.25,19.25,8.25,,,22.1419,88,89,19.09999,,,C ,,C ,,,,0.0,-23.07403
2016-12-19 00:00:00.0,22.54028,31.1,14.9,,23.1,,26.24653,,-29.4,,0.0,0.0,0.0,,,14.94479,61,52,12.56038,,,C ,,C ,,,,0.0,-18.17702
2016-12-20 00:00:00.0,23.94236,33.0,14.3,,,,26.99792,,-21.9,,0.0,0.0,0.0,,,15.58876,56,44,13.57681,,,C ,,C ,,,,0.0,-19.17302
2016-12-21 00:00:00.0,26.38472,34.6,17.5,,-7.3,,28.17153,,-27.1,,0.0,0.0,0.0,,,18.05306,53,47,15.80903,,,C ,,C ,,,,0.0,-23.65503
2016-12-22 00:00:00.0,23.54167,29.8,19.6,,-7.8,,27.15139,,-17.4,,41.0,39.25,18.25,,,21.6975,80,76,18.74706,,,C ,,C ,,,,0.0,-23.90403
2016-12-23 00:00:00.0,23.79028,31.8,18.7,,-16.7,,26.63959,,-20.9,,0.0,1.75,1.25,,,21.44625,74,67,18.57305,,,C ,,C ,,,,0.0,-23.90403
2016-12-24 00:00:00.0,25.0743,32.1,18.4,,8.1,,27.26111,,-29.7,,47.0,0.0,0.0,,,22.23074,73,65,19.12956,,,C ,,C ,,,,0.0,-23.90403
2016-12-25 00:00:00.0,21.47639,24.1,19.6,,3.7,,24.29375,,-4.0,,62.5,83.25,33.0,,,23.97326,96,100,20.40085,,,C ,,C ,,,,0.0,-23.90403
2016-12-26 00:00:00.0,22.48333,27.7,19.7,,3.0,,23.9375,,-15.3,,1.0,27.25,4.0,,,24.7543,90,89,20.91739,,,C ,,C ,,,,0.0,-23.90403
2016-12-27 00:00:00.0,24.34931,30.6,19.1,,9.4,,25.66667,,-11.7,,0.0,0.0,0.0,,,24.18026,82,80,20.53588,,,C ,,C ,,,,0.0,-23.90403
2016-12-28 00:00:00.0,25.23194,31.3,20.1,,-7.3,,26.77501,,-28.7,,0.0,0.0,0.0,,,25.23079,79,74,21.22529,,,C ,,C ,,,,0.0,-23.90403
2016-12-29 00:00:00.0,27.31181,33.0,21.4,,-7.8,,28.38056,,-28.4,,0.0,0.0,0.0,,,25.91354,73,67,21.66027,,,C ,,C ,,,,0.0,-23.90403
2016-12-30 00:00:00.0,27.76667,34.1,22.0,,-13.6,,29.71181,,-28.4,,0.0,0.0,0.0,,,26.55073,74,69,21.97915,,,C ,,C ,,,,0.0,-23.90403
2016-12-31 00:00:00.0,29.30487,36.2,23.1,,11.7,,30.62916,,-25.7,,6.5,0.0,0.0,,,29.16214,73,64,23.61599,,,C ,,C ,,,,0.0,-23.90403
2017-01-01 00:00:00.0,28.36806,33.2,22.7,,-22.8,,30.36528,,-28.7,,0.0,6.5,1.5,,,26.69415,72,73,22.06817,,,C ,,C ,,,,0.0,-23.90403
2017-01-02 00:00:00.0,26.69375,33.2,19.4,,3.0,,29.67639,,-25.3,,0.0,0.0,0.0,,,23.12535,70,65,19.72432,,,C ,,C ,,,,0.0,-23.90403
2017-01-03 00:00:00.0,24.79514,27.4,23.0,,12.4,,28.19653,,-26.8,,0.5,0.5,0.5,,,27.1633,88,87,22.42871,,,C ,,C ,,,,0.0,-23.90403
2017-01-04 00:00:00.0,25.29445,32.2,22.0,,-0.6,,27.88541,,-25.2,,0.0,0.0,0.5,,,22.3181,75,67,18.87832,,,C ,,C ,,,,0.0,-23.24003
2017-01-05 00:00:00.0,22.95695,30.3,14.1,,-6.2,,27.98681,,-27.4,,0.0,0.0,0.0,,,14.83984,58,46,12.81179,,,C ,,C ,,,,0.0,-18.84102
2017-01-06 00:00:00.0,22.43055,30.5,15.5,,-0.6,,28.29584,,-28.4,,0.0,0.0,0.0,,,20.23686,72,66,17.45065,,,C ,,C ,,,,0.0,-19.92002
2017-01-07 00:00:00.0,27.42153,33.9,22.0,,-10.0,,29.80208,,-25.3,,29.0,0.0,0.0,,,26.63359,72,66,22.07496,,,C ,,C ,,,,0.0,-23.90403
2017-01-08 00:00:00.0,23.95486,28.3,20.6,,-5.1,,27.44444,,-15.9,,0.25,29.25,21.75,,,24.73892,88,88,20.90637,,,C ,,C ,,,,0.0,-23.90403
2017-01-09 00:00:00.0,24.55903,31.7,19.2,,21.5,,27.21666,,-29.4,,0.0,0.0,0.0,,,24.99167,85,81,20.96911,,,C ,,C ,,,,0.0,-22.99103
2017-01-10 00:00:00.0,21.25208,29.7,14.8,,-13.5,,26.61736,,-25.4,,0.0,0.0,0.0,,,17.04779,71,65,14.90516,,,C ,,C ,,,,0.0,-17.76202
2017-01-11 00:00:00.0,23.56667,30.7,16.4,,29.7,,27.31667,,-28.4,,0.0,0.0,0.0,,,19.68944,69,61,17.1823,,,C ,,C ,,,,0.0,-21.74603
2017-01-12 00:00:00.0,25.99097,32.7,18.6,,,,28.57292,,-25.3,,0.0,0.0,0.0,,,22.75392,66,59,19.5249,,,C ,,C ,,,,0.0,-23.90403
2017-01-13 00:00:00.0,27.26111,33.3,23.7,,-8.7,,28.64583,,-29.7,,0.0,0.0,0.0,,,25.09166,74,72,20.97199,,,C ,,C ,,,,0.0,-23.90403
2017-01-14 00:00:00.0,23.93472,31.4,16.2,,25.8,,28.19722,,-29.3,,1.0,0.0,0.0,,,16.48525,59,52,14.36294,,,C ,,C ,,,,0.0,-21.74603
2017-01-15 00:00:00.0,21.6375,23.6,20.3,,,,26.45972,,-26.8,,63.75,62.25,8.0,,,23.82421,94,99,20.24937,,,C ,,C ,,,,0.0,-23.90403
2017-01-16 00:00:00.0,24.39722,30.6,20.0,,,,26.0007,,-28.9,,1.0,3.5,1.25,,,27.24828,88,87,22.49074,,,C ,,C ,,,,0.0,-23.90403
2017-01-17 00:00:00.0,25.96111,33.2,21.0,,,,27.34792,,-28.7,,0.0,0.0,0.0,,,26.42058,80,73,21.9866,,,C ,,C ,,,,0.0,-23.90403
2017-01-18 00:00:00.0,26.49514,33.9,17.4,,6.2,,28.04515,,-28.0,,0.0,0.0,0.0,,,20.21835,63,58,17.5009,,,C ,,C ,,,,0.0,-23.32303
2017-01-19 00:00:00.0,27.05208,34.1,21.3,,-25.4,,29.01667,,-29.4,,0.0,0.0,0.0,,,27.19049,75,71,22.42077,,,C ,,C ,,,,0.0,-23.90403
2017-01-20 00:00:00.0,27.79375,33.1,22.1,,31.9,,29.87709,,-29.6,,0.0,0.0,0.0,,,22.67321,64,59,19.46647,,,C ,,C ,,,,0.0,-23.90403
2017-01-21 00:00:00.0,27.15972,33.8,21.2,,-3.3,,29.97084,,-26.7,,0.0,0.0,0.0,,,24.33341,69,62,20.63334,,,C ,,C ,,,,0.0,-23.90403
2017-01-22 00:00:00.0,27.5507,34.6,20.7,,7.7,,30.30903,,-29.3,,0.0,0.0,0.0,,,24.81373,70,64,20.93771,,,C ,,C ,,,,0.0,-23.90403
2017-01-23 00:00:00.0,27.37222,33.6,21.4,,,,30.73542,,-28.6,,0.0,0.0,0.0,,,23.4399,68,60,19.99506,,,C ,,C ,,,,0.0,-23.90403
2017-01-24 00:00:00.0,26.01875,33.5,20.1,,-19.6,,29.89028,,-29.1,,0.25,0.25,0.25,,,24.29692,76,68,20.58836,,,C ,,C ,,,,0.0,-23.90403
2017-01-25 00:00:00.0,21.10416,26.5,16.9,,,,28.1375,,-28.9,,0.0,0.0,0.0,,,15.77138,69,61,13.45349,,,C ,,C ,,,,0.0,-18.92402
2017-01-26 00:00:00.0,17.87361,25.3,9.5,,-4.7,,27.02638,,-3.3,,0.0,0.0,0.0,,,12.7687,66,59,10.5592,,,C ,,C ,,,,0.0,-10.458
2017-01-27 00:00:00.0,19.57431,27.3,11.2,,-27.1,,27.33959,,-25.4,,0.0,0.0,0.0,,,16.05959,72,63,14.01018,,,C ,,C ,,,,0.0,-14.27601
2017-01-28 00:00:00.0,22.62153,30.4,15.0,,-20.9,,28.02291,,-24.6,,0.0,0.0,0.0,,,18.35603,69,60,16.12469,,,C ,,C ,,,,0.0,-19.25602
2017-01-29 00:00:00.0,24.96597,32.7,17.9,,7.1,,28.7368,,-29.3,,0.0,0.0,0.0,,,20.09581,65,60,17.56805,,,C ,,C ,,,,0.0,-23.73803
2017-01-30 00:00:00.0,27.53681,36.1,19.9,,-7.7,,29.62708,,-26.3,,0.0,0.0,0.0,,,25.46026,69,60,21.33073,,,C ,,C ,,,,0.0,-23.90403
2017-01-31 00:00:00.0,26.57778,30.5,23.4,,,,29.13611,,-28.7,,16.25,2.5,1.5,,,27.38943,82,78,22.57735,,,C ,,C ,,,,0.0,-23.90403
2017-02-01 00:00:00.0,23.76389,28.8,18.3,,-10.3,,27.30347,,-24.5,,0.0,13.75,10.5,,,23.61692,83,78,20.13158,,,C ,,C ,,,,0.0,-23.90403
2017-02-02 00:00:00.0,24.06527,29.7,19.3,,,,27.76667,,-28.4,,0.0,0.0,0.0,,,22.77369,79,74,19.56442,,,C ,,C ,,,,0.0,-23.90403
2017-02-03 00:00:00.0,24.21667,31.4,17.0,,-8.0,,28.59445,,-29.7,,0.0,0.0,0.0,,,21.56673,74,67,18.66746,,,C ,,C ,,,,0.0,-22.07803
2017-02-04 00:00:00.0,22.63334,29.6,19.1,,23.6,,27.48681,,-23.8,,10.75,9.75,3.25,,,24.16552,91,92,20.52567,,,C ,,C ,,,,0.0,-23.90403
2017-02-05 00:00:00.0,19.02708,21.3,17.2,,-22.7,,24.21319,,-22.0,,0.0,1.0,0.5,,,18.60084,89,83,16.27521,,,C ,,C ,,,,0.0,-18.26002
2017-02-06 00:00:00.0,18.07848,25.0,11.9,,-4.5,,23.61736,,-27.2,,0.0,0.0,0.0,,,15.04429,76,71,13.03066,,,C ,,C ,,,,0.0,-11.371
2017-02-07 00:00:00.0,19.77361,28.2,11.8,,21.1,,24.84515,,-26.3,,0.0,0.0,0.0,,,16.0101,70,64,13.97486,,,C ,,C ,,,,0.0,-15.35501
2017-02-08 00:00:00.0,22.4993,29.4,17.0,,,,26.41806,,-27.6,,0.0,0.0,0.0,,,18.91117,71,65,16.56049,,,C ,,C ,,,,0.0,-21.16502
2017-02-09 00:00:00.0,23.83125,30.4,18.2,,-17.1,,27.01457,,-29.7,,0.0,0.0,0.0,,,21.3194,74,70,18.47724,,,C ,,C ,,,,0.0,-23.90403
2017-02-10 00:00:00.0,24.66667,32.7,19.4,,3.5,,27.36876,,-23.2,,0.0,0.0,0.0,,,25.40003,83,77,21.3233,,,C ,,C ,,,,0.0,-23.90403
2017-02-11 00:00:00.0,23.65,30.6,18.8,,,,27.51807,,-24.1,,52.5,0.0,0.0,,,22.46795,80,74,19.32846,,,C ,,C ,,,,0.0,-23.90403
2017-02-12 00:00:00.0,21.26249,23.4,19.6,,,,25.24304,,-24.1,,9.75,57.0,23.5,,,24.53353,98,99,20.76549,,,C ,,C ,,,,0.0,-23.90403
2017-02-13 00:00:00.0,20.84236,24.5,19.2,,,,23.85001,,-29.1,,12.75,17.75,4.75,,,24.75695,99,98,20.88412,,,C ,,C ,,,,0.0,-23.90403
2017-02-14 00:00:00.0,23.13889,28.3,20.5,,5.1,,24.72499,,-25.8,,0.0,0.25,0.25,,,24.86186,89,89,20.99561,,,C ,,C ,,,,0.0,-23.90403
2017-02-15 00:00:00.0,24.75764,31.7,19.5,,29.2,,25.77917,,-27.2,,0.0,0.0,0.0,,,24.78161,79,72,20.92867,,,C ,,C ,,,,0.0,-23.90403
2017-02-16 00:00:00.0,26.24375,32.1,19.7,,20.6,,26.59167,,-28.7,,0.0,0.0,0.0,,,26.64256,80,74,22.1111,,,C ,,C ,,,,0.0,-23.90403
2017-02-17 00:00:00.0,25.89931,32.4,20.5,,-2.3,,27.30833,,-29.3,,13.75,6.0,2.75,,,27.66521,84,78,22.69464,,,C ,,C ,,,,0.0,-23.90403
2017-02-18 00:00:00.0,23.62986,28.2,18.5,,-0.1,,26.54375,,-24.2,,0.0,7.75,4.0,,,23.63013,85,84,20.15995,,,C ,,C ,,,,0.0,-23.90403
2017-02-19 00:00:00.0,24.12013,31.4,17.6,,21.8,,26.43125,,-28.3,,0.0,0.0,0.0,,,25.05551,83,79,21.05903,,,C ,,C ,,,,0.0,-23.32303
2017-02-20 00:00:00.0,26.50625,33.8,19.7,,-23.2,,27.47361,,-29.7,,0.0,0.0,0.0,,,27.25953,80,77,22.47535,,,C ,,C ,,,,0.0,-23.90403
2017-02-21 00:00:00.0,27.62222,34.5,22.2,,-22.7,,28.44791,,-25.8,,2.25,2.25,1.25,,,29.29736,82,75,23.63494,,,C ,,C ,,,,0.0,-23.90403
2017-02-22 00:00:00.0,25.43472,32.3,19.5,,23.3,,28.10417,,-29.5,,0.0,0.0,0.0,,,27.91706,85,81,22.82287,,,C ,,C ,,,,0.0,-23.90403
2017-02-23 00:00:00.0,28.10695,34.8,23.2,,-13.1,,28.55764,,-26.3,,0.0,0.0,0.0,,,31.37977,83,76,24.83392,,,C ,,C ,,,,0.0,-23.90403
2017-02-24 00:00:00.0,28.79513,35.4,22.1,,,,28.975,,-19.4,,0.0,0.0,0.0,,,28.5715,76,71,23.2439,,,C ,,C ,,,,0.0,-23.90403
2017-02-25 00:00:00.0,27.99444,34.9,21.7,,,,29.10487,,-26.7,,0.0,0.0,0.0,,,27.39042,76,70,22.55553,,,C ,,C ,,,,0.0,-23.90403
2017-02-26 00:00:00.0,27.425,34.4,21.5,,,,28.92292,,-28.4,,0.0,0.0,0.0,,,28.99176,80,73,23.49711,,,C ,,C ,,,,0.0,-23.90403
2017-02-27 00:00:00.0,26.79722,33.5,22.4,,,,28.73403,,-29.7,,1.75,1.75,1.25,,,27.52643,84,75,22.65064,,,C ,,C ,,,,0.0,-23.90403
2017-02-28 00:00:00.0,24.93958,32.7,19.3,,-8.7,,28.13889,,-27.6,,0.0,0.0,0.0,,,26.50278,84,83,22.00281,,,C ,,C ,,,,0.0,-23.90403
2017-03-01 00:00:00.0,26.4618,32.7,22.0,,,,28.17848,,-28.0,,0.0,0.0,0.0,,,25.80888,78,72,21.57759,,,C ,,C ,,,,0.0,-23.90403
2017-03-02 00:00:00.0,27.04862,34.4,20.1,,-18.4,,28.38958,,-27.1,,0.0,0.0,0.0,,,26.85499,79,73,22.21896,,,C ,,C ,,,,0.0,-23.90403
2017-03-03 00:00:00.0,21.38958,26.7,19.3,,17.2,,27.06735,,-14.9,,0.0,0.0,0.0,,,18.8838,78,71,16.44232,,,C ,,C ,,,,0.0,-23.82103
2017-03-04 00:00:00.0,20.84792,27.6,17.0,,,,25.85694,,-26.7,,0.0,0.0,0.0,,,17.63121,74,72,15.42172,,,C ,,C ,,,,0.0,-18.01102
2017-03-05 00:00:00.0,20.65001,29.1,12.9,,,,25.9236,,-20.1,,0.0,0.0,0.0,,,16.72227,72,59,14.63711,,,C ,,C ,,,,0.0,-15.85301
2017-03-06 00:00:00.0,22.37709,30.0,16.1,,-29.3,,26.36597,,-29.3,,0.0,0.0,0.0,,,20.39503,75,69,17.77618,,,C ,,C ,,,,0.0,-20.66702
2017-03-07 00:00:00.0,22.82153,30.0,15.2,,,,26.68195,,-28.0,,0.0,0.0,0.0,,,21.06358,78,72,18.2459,,,C ,,C ,,,,0.0,-20.83302
2017-03-08 00:00:00.0,23.24723,30.6,18.5,,,,26.49306,,-16.8,,118.5,0.5,0.5,,,24.91674,85,79,20.98157,,,C ,,C ,,,,0.0,-23.90403
2017-03-09 00:00:00.0,22.6125,28.3,19.0,,,,24.63264,,-21.6,,0.5,118.5,71.75,,,21.21231,83,81,18.10196,,,C ,,C ,,,,0.0,-22.57603
2017-03-10 00:00:00.0,18.36736,25.5,12.0,,-15.3,,22.77222,,-23.9,,0.0,0.0,0.0,,,13.03633,68,63,10.80023,,,C ,,C ,,,,0.0,-10.375
2017-03-11 00:00:00.0,17.54028,24.2,12.1,,-26.7,,21.88125,,-25.0,,0.0,0.0,0.0,,,16.23694,81,81,14.17425,,,C ,,C ,,,,0.0,-13.19701
2017-03-12 00:00:00.0,17.53403,23.3,12.5,,-20.2,,21.74514,,-29.7,,0.0,0.0,0.0,,,12.65566,70,63,10.25034,,,C ,,C ,,,,0.0,-9.046998
2017-03-13 00:00:00.0,17.24027,27.4,8.5,,-20.8,,21.66181,,-25.8,,0.0,0.0,0.0,,,14.30112,72,64,12.16217,,,C ,,C ,,,,0.0,-9.711
2017-03-14 00:00:00.0,20.68333,29.5,13.3,,-9.7,,23.01736,,-29.7,,0.0,0.0,0.0,,,17.45621,74,68,15.33477,,,C ,,C ,,,,0.0,-16.60001
2017-03-15 00:00:00.0,17.97778,20.9,15.7,,,,22.12153,,-11.8,,5.0,5.0,1.5,,,18.44189,94,95,16.20559,,,C ,,C ,,,,0.0,-13.19702
2017-03-16 00:00:00.0,16.39722,21.2,13.3,,7.1,,20.86945,,-3.4,,0.0,0.0,0.0,,,14.03113,80,76,11.92278,,,C ,,C ,,,,0.0,-6.971994
2017-03-17 00:00:00.0,15.50347,24.2,8.0,,-21.9,,20.75834,,-25.0,,0.0,0.0,0.0,,,13.23667,77,71,11.03882,,,C ,,C ,,,,0.0,-4.149999
2017-03-18 00:00:00.0,17.16736,24.7,10.5,,-22.8,,21.84514,,-23.7,,0.0,0.0,0.0,,,15.84348,82,76,13.81253,,,C ,,C ,,,,0.0,-8.133999
2017-03-19 00:00:00.0,18.76041,26.6,12.5,,12.4,,22.63403,,-29.7,,0.0,0.0,0.0,,,17.1492,81,78,15.04285,,,C ,,C ,,,,0.0,-13.28001
2017-03-20 00:00:00.0,19.63126,27.6,14.6,,-21.1,,23.00834,,-28.0,,0.0,0.0,0.0,,,18.30028,82,76,16.05847,,,C ,,C ,,,,0.0,-15.02301
2017-03-21 00:00:00.0,20.79028,28.8,15.9,,-23.7,,23.56806,,-21.2,,0.0,0.0,0.0,,,20.66127,85,80,17.98801,,,C ,,C ,,,,0.0,-19.92002
2017-03-22 00:00:00.0,21.92987,29.3,18.0,,,,24.21458,,-29.2,,0.25,0.25,0.25,,,23.45658,89,86,20.02201,,,C ,,C ,,,,0.0,-23.73803
2017-03-23 00:00:00.0,21.59653,27.8,17.9,,,,24.22916,,-29.3,,0.0,0.0,0.0,,,23.3081,92,90,19.92489,,,C ,,C ,,,,0.0,-23.65503
2017-03-24 00:00:00.0,21.95486,29.8,16.2,,-16.5,,24.51875,,-28.7,,0.0,0.0,0.0,,,21.9502,85,82,18.92531,,,C ,,C ,,,,0.0,-20.41802
2017-03-25 00:00:00.0,23.58958,30.8,17.9,,,,25.30347,,-28.3,,0.0,0.0,0.0,,,23.06804,81,78,19.76969,,,C ,,C ,,,,0.0,-23.90403
2017-03-26 00:00:00.0,22.29236,27.5,18.3,,,,24.63334,,-25.4,,0.0,0.0,0.0,,,23.30241,88,85,19.93564,,,C ,,C ,,,,0.0,-23.90403
2017-03-27 00:00:00.0,23.81666,32.2,18.2,,-20.2,,25.10348,,-26.7,,0.0,0.0,0.0,,,24.02612,83,80,20.4131,,,C ,,C ,,,,0.0,-23.90403
2017-03-28 00:00:00.0,23.21876,29.4,18.6,,-14.0,,25.45555,,-22.3,,0.0,0.0,,,,22.86348,83,82,19.62233,,,C ,,C ,,,,0.0,-23.90403
2017-03-29 00:00:00.0,22.31389,30.0,16.4,,,,24.85486,,-29.1,,0.0,0.0,,,,20.307,76,71,17.72935,,,C ,,C ,,,,0.0,-20.58402
2017-03-30 00:00:00.0,22.22708,24.6,19.9,,,,24.34514,,-19.7,,0.5,0.5,,,,22.61812,85,87,19.40927,,,C ,,C ,,,,0.0,-23.90403
2017-03-31 00:00:00.0,23.42778,28.2,19.6,,3.0,,24.15278,,-27.6,,0.0,0.0,,,,22.93347,81,76,19.68108,,,C ,,C ,,,,0.0,-23.90403
2017-04-01 00:00:00.0,22.62222,28.7,18.5,,-18.4,,24.61388,,-25.3,,0.0,0.0,,,,20.23653,75,72,17.68549,,,C ,,C ,,,,0.0,-23.90403
2017-04-02 00:00:00.0,19.43403,22.7,17.5,,,,23.30764,,-23.6,,16.5,16.5,,,,20.20894,94,95,17.66022,,,C ,,C ,,,,0.0,-19.58802
2017-04-03 00:00:00.0,18.45903,24.1,15.9,,-7.3,,21.98541,,-13.2,,0.0,0.0,,,,19.02209,93,92,16.67236,,,C ,,C ,,,,0.0,-13.94401
2017-04-04 00:00:00.0,18.8382,27.3,11.6,,5.6,,21.57708,,-25.8,,0.0,0.0,,,,19.61644,86,85,16.96262,,,C ,,C ,,,,0.0,-13.94401
2017-04-05 00:00:00.0,21.66389,28.4,17.3,,-11.8,,22.35277,,-26.5,,0.0,0.0,,,,15.1615,65,58,12.74237,,,C ,,C ,,,,0.0,-19.17302
2017-04-06 00:00:00.0,18.52778,27.8,9.4,,,,21.51806,,-28.9,,0.0,0.0,,,,13.52776,67,59,11.38115,,,C ,,C ,,,,0.0,-11.454
2017-04-07 00:00:00.0,19.55175,27.4,13.3,,,,21.65664,,-18.9,,0.0,0.0,,,,15.44186,71,,13.45271,,,C ,,C ,,,,0.0,-13.86101
2017-04-08 00:00:00.0,21.33125,29.1,16.5,,-15.3,,22.42431,,-28.9,,3.25,1.5,,,,23.04761,86,86,19.58588,,,C ,,C ,,,,0.0,-21.66303
2017-04-09 00:00:00.0,21.60834,23.0,20.3,,,,22.82986,,-25.4,,96.25,69.5,,,,25.59592,100,100,21.46483,,,C ,,C ,,,,0.0,-23.90403
2017-04-10 00:00:00.0,18.03426,21.9,12.7,,,,21.04616,,-24.6,,19.0,47.5,,,,19.50827,99,,16.79633,,,C ,,C ,,,,0.0,-9.877
2017-04-11 00:00:00.0,17.09583,22.9,12.2,,-8.5,,19.05139,,-28.7,,0.0,0.0,,,,15.42031,82,75,13.43266,,,C ,,C ,,,,0.0,-10.624
2017-04-12 00:00:00.0,14.35764,20.8,8.5,,-23.8,,18.83681,,-29.8,,0.0,0.0,,,,11.32466,76,70,8.686604,,,C ,,C ,,,,0.0,-0.9130014
2017-04-13 00:00:00.0,14.63636,23.3,8.5,,-25.8,,,,-27.2,,,,,,,,,,,,,  ,,  ,,,,,
2017-07-19 00:00:00.0,,,,,,,,,,,,,,,,,,,,,,  ,,  ,,,,,
2017-07-20 00:00:00.0,11.23681,18.3,4.9,,3.4,,10.08194,,3.6,,0.0,0.0,0.0,,,9.54322,75,74,6.269286,,,C ,,C ,,,,3.485999,10.292
2017-07-21 00:00:00.0,11.19236,20.0,4.2,,3.2,,10.78881,,3.4,,0.0,0.0,0.0,,,10.1776,78,77,7.18178,,,C ,,C ,,,,6.639997,6.972001
2017-07-22 00:00:00.0,11.37778,18.3,6.1,,5.2,,11.06598,,5.5,,0.0,0.0,0.0,,,10.75422,81,79,8.008346,,,C ,,C ,,,,3.983999,8.216998
2017-07-23 00:00:00.0,13.2125,20.9,9.0,,8.0,,11.74028,,8.4,,3.4,3.4,2.0,,,13.8486,89,84,11.75296,,,C ,,C ,,,,0.0,-0.1660008
2017-07-24 00:00:00.0,13.11389,16.9,10.8,,10.7,,12.69861,,10.8,,0.0,0.0,0.0,,,14.37546,97,96,12.35207,,,C ,,C ,,,,0.0,5.063
2017-07-25 00:00:00.0,12.625,17.0,8.9,,7.5,,12.16111,,8.0,,6.2,6.2,4.4,,,13.19378,90,90,11.00315,,,C ,,C ,,,,0.0,3.236999
2017-07-26 00:00:00.0,15.58333,19.4,12.8,,12.6,,13.78264,,12.4,,0.2,0.2,0.2,,,17.92524,99,97,15.72097,,,C ,,C ,,,,0.0,-6.972001
2017-07-27 00:00:00.0,18.36993,25.9,14.4,,14.0,,15.21468,,14.2,,0.0,0.0,0.0,,,18.67558,88,85,16.38616,,,C ,,C ,,,,0.0,-13.44601
2017-07-28 00:00:00.0,19.85069,27.0,14.9,,14.3,,15.725,,14.5,,0.0,0.0,0.0,,,17.3901,74,71,15.28357,,,C ,,C ,,,,0.0,-18.09402
2017-07-29 00:00:00.0,19.00417,23.6,14.8,,13.6,,16.01945,,14.1,,0.0,0.0,0.0,,,17.34519,84,86,15.25969,,,C ,,C ,,,,0.0,-13.44601
2017-07-30 00:00:00.0,12.63681,17.0,9.8,,9.0,,14.9007,,9.1,,1.4,1.4,0.8,,,12.93257,94,93,10.69285,,,C ,,C ,,,,0.0,7.719006
2017-07-31 00:00:00.0,10.99583,13.1,9.4,,9.4,,13.50417,,9.3,,0.2,0.0,0.0,,,13.5227,100,100,11.39965,,,C ,,C ,,,,0.0,8.549007
2017-08-01 00:00:00.0,12.80694,14.3,11.9,,11.8,,13.89097,,11.7,,0.6,0.8,0.4,,,14.67922,100,99,12.67929,,,C ,,C ,,,,0.0,5.644001
2017-08-02 00:00:00.0,11.89723,17.6,8.4,,6.8,,13.66597,,7.4,,0.0,0.0,0.0,,,11.79125,90,88,9.334234,,,C ,,C ,,,,1.66,8.880999
2017-08-03 00:00:00.0,9.945139,18.4,2.6,,1.6,,12.75347,,1.7,,0.0,0.0,0.0,,,10.58693,87,85,7.600543,,,C ,,C ,,,,7.801996,10.624
2017-08-04 00:00:00.0,10.92153,18.1,5.0,,3.8,,12.65833,,4.4,,0.0,0.0,0.0,,,11.41918,87,85,8.837902,,,C ,,C ,,,,5.311998,8.548996
2017-08-05 00:00:00.0,12.55764,19.0,7.3,,6.0,,12.84445,,6.6,,0.0,0.0,0.0,,,12.88341,87,86,10.64802,,,C ,,C ,,,,0.0,2.240998
2017-08-06 00:00:00.0,15.52917,23.8,10.0,,8.8,,13.92292,,9.3,,0.0,0.0,0.0,,,15.75849,86,83,13.65537,,,C ,,C ,,,,0.0,-6.972006
2017-08-07 00:00:00.0,17.1937,23.8,14.4,,13.1,,15.14965,,13.7,,12.0,11.8,4.0,,,16.70641,88,87,14.6755,,,C ,,C ,,,,0.0,-8.299997
2017-08-08 00:00:00.0,14.15694,18.3,10.6,,9.2,,15.02709,,9.4,,0.0,0.2,0.6,,,13.59079,88,86,11.50148,,,C ,,C ,,,,0.0,2.406999
2017-08-09 00:00:00.0,13.775,19.3,9.5,,8.2,,14.77917,,8.7,,0.0,0.0,0.0,,,14.2578,90,89,12.23924,,,C ,,C ,,,,0.0,0.5809994
2017-08-10 00:00:00.0,13.79306,17.7,11.2,,10.4,,14.01805,,10.6,,12.8,1.0,0.6,,,15.17679,93,90,13.15728,,,C ,,C ,,,,0.0,1.328
2017-08-11 00:00:00.0,15.79306,16.4,15.0,,14.6,,14.8183,,14.6,,4.8,16.6,2.6,,,17.92417,100,100,15.77645,,,C ,,C ,,,,0.0,-5.561001
2017-08-12 00:00:00.0,14.28944,16.3,10.7,,-25.0,,14.90348,,9.7,,0.0,0.0,0.0,,,14.63074,95,92,12.53125,,,C ,,C ,,,,0.0,2.821999
2017-08-13 00:00:00.0,,,,,,,,,,,,,,,,,,,,,,  ,,  ,,,,,
2017-08-27 00:00:00.0,,,,,,,,,,,,,,,,,,,,,,  ,,  ,,,,,
2017-08-28 00:00:00.0,19.47442,,,,,,17.88819,,,,8.599999,0.0,0.0,,,21.47957,93,93,18.58763,,,C ,,C ,,,,0.0,-19.83702
2017-08-29 00:00:00.0,17.77709,20.6,13.3,,,,17.89028,,12.7,,0.0,8.599999,7.6,,,18.16341,96,94,15.49829,,,C ,,C ,,,,0.0,-9.627999
2017-08-30 00:00:00.0,10.60833,16.8,5.0,,4.4,,14.65486,,4.3,,0.0,0.0,0.0,,,9.625824,81,79,6.38528,,,C ,,C ,,,,6.971997,12.45001
2017-08-31 00:00:00.0,11.5375,19.0,5.6,,4.7,,14.46111,,5.0,,0.0,0.0,0.0,,,10.68805,77,72,7.894819,,,C ,,C ,,,,4.315999,4.979999
2017-09-01 00:00:00.0,15.86806,22.6,11.1,,10.3,,15.925,,10.6,,0.0,0.0,0.0,,,17.09492,89,88,14.85828,,,C ,,C ,,,,0.0,-10.292
2017-09-02 00:00:00.0,21.53333,28.9,17.3,,16.8,,18.59792,,17.0,,5.2,0.0,0.0,,,22.59698,89,87,19.42449,,,C ,,C ,,,,0.0,-23.24003
2017-09-03 00:00:00.0,17.58472,24.2,13.3,,13.4,,18.73472,,13.2,,2.4,5.2,2.6,,,19.01907,99,100,16.51205,,,C ,,C ,,,,0.0,-10.707
2017-09-04 00:00:00.0,13.62986,18.5,10.6,,-25.8,,16.70764,,10.6,,0.0,2.4,1.0,,,12.63377,85,82,10.39209,,,C ,,C ,,,,0.0,3.734998
2017-09-05 00:00:00.0,11.70625,19.0,4.4,,3.4,,15.6375,,3.3,,0.0,0.0,0.0,,,9.291492,72,67,5.786718,,,C ,,C ,,,,3.153999,6.391001
2017-09-06 00:00:00.0,12.79792,19.5,8.2,,7.2,,15.66875,,7.4,,0.0,0.0,0.0,,,12.76591,86,84,10.53628,,,C ,,C ,,,,0.0,3.734997
2017-09-07 00:00:00.0,14.2368,21.7,7.5,,6.5,,16.13125,,6.7,,0.0,0.0,0.0,,,13.30979,83,81,11.14272,,,C ,,C ,,,,0.0,-1.992
2017-09-08 00:00:00.0,14.37014,18.9,11.0,,10.3,,16.32361,,10.5,,1.2,0.0,0.0,,,16.36539,96,96,14.28546,,,C ,,C ,,,,0.0,-3.734998
2017-09-09 00:00:00.0,17.67291,20.5,15.9,,15.6,,16.91249,,15.7,,54.4,31.4,8.6,,,19.97494,98,100,17.47553,,,C ,,C ,,,,0.0,-14.85702
2017-09-10 00:00:00.0,17.78264,19.4,13.5,,16.7,,17.175,,13.5,,30.2,54.19999,12.2,,,19.34905,100,100,16.8071,,,C ,,C ,,,,0.0,-12.53301
2017-09-11 00:00:00.0,12.6507,17.9,8.8,,-2.1,,15.65347,,8.5,,0.0,0.2,0.2,,,11.23488,80,76,8.670691,,,C ,,C ,,,,0.0,5.311997
2017-09-12 00:00:00.0,13.22847,20.5,6.6,,5.3,,15.4993,,5.6,,0.0,0.0,0.0,,,11.80512,79,75,9.357775,,,C ,,C ,,,,0.498,0.9959998
2017-09-13 00:00:00.0,13.82014,20.4,8.4,,-26.7,,16.04583,,8.0,,0.0,0.0,0.0,,,14.58384,90,86,12.47001,,,C ,,C ,,,,0.0,-2.241
2017-09-14 00:00:00.0,16.52222,22.9,10.6,,-23.7,,17.50764,,9.8,,0.0,0.0,0.0,,,14.18844,79,76,12.09995,,,C ,,C ,,,,0.0,-7.884995
2017-09-15 00:00:00.0,13.01736,18.1,8.0,,7.2,,16.68959,,7.0,,0.0,0.0,0.0,,,11.72636,81,80,9.306799,,,C ,,C ,,,,0.0,4.316
2017-09-16 00:00:00.0,13.99236,20.7,7.7,,6.1,,16.92709,,6.6,,0.0,0.0,0.0,,,12.25138,78,72,9.935672,,,C ,,C ,,,,0.0,-1.660002
2017-09-17 00:00:00.0,14.61111,21.8,6.6,,5.1,,17.34027,,5.6,,0.0,0.0,0.0,,,13.02216,80,75,10.78352,,,C ,,C ,,,,0.166,-2.656
2017-09-18 00:00:00.0,16.43749,24.2,9.8,,8.8,,18.21805,,9.3,,0.0,0.0,0.0,,,14.47968,79,73,12.44944,,,C ,,C ,,,,0.0,-7.387001
2017-09-19 00:00:00.0,17.37083,25.2,9.7,,8.8,,18.69375,,9.2,,0.0,0.0,0.0,,,16.32503,81,76,14.19843,,,C ,,C ,,,,0.0,-10.79
2017-09-20 00:00:00.0,19.99931,27.1,15.8,,14.4,,19.525,,15.4,,14.4,0.0,0.0,,,18.95912,82,75,16.415,,,C ,,C ,,,,0.0,-15.77001
2017-09-21 00:00:00.0,12.13195,16.6,9.9,,9.0,,16.67847,,9.3,,14.4,28.8,2.4,,,13.02207,99,100,10.85836,,,C ,,C ,,,,0.0,10.45801
2017-09-22 00:00:00.0,11.94722,19.6,5.4,,3.7,,15.81944,,4.3,,0.0,0.0,0.0,,,11.00384,81,79,8.308544,,,C ,,C ,,,,3.983999,5.560999
2017-09-23 00:00:00.0,14.26736,23.5,6.1,,4.7,,16.68681,,5.4,,0.0,0.0,0.0,,,12.20631,76,73,9.798856,,,C ,,C ,,,,2.49,-1.826
2017-09-24 00:00:00.0,16.60972,24.1,10.2,,7.9,,17.75764,,9.6,,0.0,0.0,0.0,,,14.8337,78,70,12.80953,,,C ,,C ,,,,0.0,-9.545004
2017-09-25 00:00:00.0,19.62639,27.0,13.1,,8.6,,19.51875,,12.5,,0.0,0.0,0.0,,,16.88452,77,72,14.82317,,,C ,,C ,,,,0.0,-14.52501
2017-09-26 00:00:00.0,15.04615,18.1,9.8,,7.6,,18.20979,,9.7,,30.8,30.8,16.0,,,15.30178,94,95,13.19356,,,C ,,C ,,,,0.0,0.581
2017-09-27 00:00:00.0,12.67381,,,,,,,,,,,,,,,,,,,,,  ,,  ,,,,,
2017-10-04 00:00:00.0,,,,,,,,,,,,,,,,,,,,,,  ,,  ,,,,,
2017-10-05 00:00:00.0,19.90069,24.6,15.0,,-4.5,,18.03958,,13.8,,0.0,0.0,0.0,,,15.27065,74,72,13.16867,,,C ,,C ,,,,0.0,-14.02701
2017-10-06 00:00:00.0,16.01667,24.4,8.6,,7.2,,17.86042,,7.5,,0.0,0.0,0.0,,,10.52417,64,53,7.655987,,,C ,,C ,,,,0.0,-5.062994
2017-10-07 00:00:00.0,15.10347,22.5,8.8,,6.9,,18.14653,,7.7,,0.0,0.0,0.0,,,11.65137,69,60,9.20161,,,C ,,C ,,,,0.0,-5.893
2017-10-08 00:00:00.0,16.91111,23.3,11.3,,8.0,,18.79375,,10.6,,0.2,0.2,0.2,,,16.198,83,77,14.10568,,,C ,,C ,,,,0.0,-11.122
2017-10-09 00:00:00.0,16.93889,22.9,13.4,,11.5,,19.29305,,12.9,,0.0,0.0,0.0,,,14.47942,81,78,12.38488,,,C ,,C ,,,,0.0,-6.888994
2017-10-10 00:00:00.0,14.44305,20.7,9.0,,7.1,,17.8375,,7.7,,0.0,0.0,0.0,,,12.87454,79,74,10.65595,,,C ,,C ,,,,0.0,-3.651999
2017-10-11 00:00:00.0,15.77361,23.0,9.8,,7.1,,17.86597,,8.6,,14.0,0.4,0.4,,,12.13292,69,60,9.758781,,,C ,,C ,,,,0.0,-7.387001
2017-10-12 00:00:00.0,13.02778,15.9,10.5,,7.4,,16.94791,,10.1,,1.2,14.8,2.0,,,13.6875,95,91,11.61934,,,C ,,C ,,,,0.0,7.387005
2017-10-13 00:00:00.0,13.11944,18.0,10.5,,6.0,,16.23124,,10.0,,0.0,0.0,0.0,,,11.73113,81,73,9.280349,,,C ,,C ,,,,0.0,5.643997
2017-10-14 00:00:00.0,14.35903,23.9,5.2,,0.4,,16.73889,,4.5,,0.0,0.0,0.0,,,11.40552,70,58,8.782113,,,C ,,C ,,,,5.311998,-4.066999
2017-10-15 00:00:00.0,18.34166,25.8,10.2,,6.6,,18.74167,,9.3,,0.0,0.0,0.0,,,13.11652,65,58,10.94892,,,C ,,C ,,,,0.0,-11.039
2017-10-16 00:00:00.0,19.8493,27.7,12.3,,5.6,,20.08055,,11.6,,0.0,0.0,0.0,,,16.59198,70,62,14.51781,,,C ,,C ,,,,0.0,-16.84902
2017-10-17 00:00:00.0,20.58125,23.9,16.8,,11.1,,20.23749,,16.3,,0.0,0.0,0.0,,,22.01533,94,94,18.95599,,,C ,,C ,,,,0.0,-21.82903
2017-10-18 00:00:00.0,19.79445,26.8,16.2,,5.5,,20.39375,,15.8,,14.6,14.6,9.6,,,20.80484,92,92,18.04608,,,C ,,C ,,,,0.0,-17.43002
2017-10-19 00:00:00.0,16.82431,22.0,11.2,,8.0,,20.10278,,10.5,,0.0,0.0,0.0,,,12.0728,70,62,9.403483,,,C ,,C ,,,,0.0,-6.971993
2017-10-20 00:00:00.0,16.47639,24.7,8.8,,5.0,,19.47361,,8.1,,0.0,0.0,0.0,,,16.22728,81,74,13.95183,,,C ,,C ,,,,0.0,-11.703
2017-10-21 00:00:00.0,17.25069,20.8,12.8,,5.9,,20.62014,,11.8,,0.0,0.0,0.0,,,12.97027,74,66,10.48083,,,C ,,C ,,,,0.0,-7.552995
2017-10-22 00:00:00.0,12.24306,19.2,5.2,,2.2,,19.50903,,4.5,,0.0,0.0,0.0,,,9.840177,74,65,6.648813,,,C ,,C ,,,,3.651999,4.98
2017-10-23 00:00:00.0,14.78889,22.2,7.8,,4.1,,19.62847,,7.1,,0.0,0.0,0.0,,,12.3565,73,65,10.03251,,,C ,,C ,,,,0.0,-5.063
2017-10-24 00:00:00.0,18.80834,26.3,12.3,,5.4,,20.95764,,11.5,,0.0,0.0,0.0,,,14.02628,69,58,11.94034,,,C ,,C ,,,,0.0,-12.36701
2017-10-25 00:00:00.0,20.74931,29.6,12.7,,-1.2,,22.14792,,11.8,,0.0,0.0,0.0,,,16.79048,70,62,14.70386,,,C ,,C ,,,,0.0,-17.18102
2017-10-26 00:00:00.0,22.65348,30.9,16.3,,7.8,,23.45486,,15.7,,14.0,0.0,0.0,,,19.53029,76,70,17.05143,,,C ,,C ,,,,0.0,-20.99902
2017-10-27 00:00:00.0,18.42847,23.2,15.0,,2.2,,21.80764,,14.4,,0.0,14.0,6.0,,,17.49907,88,86,15.3832,,,C ,,C ,,,,0.0,-11.454
2017-10-28 00:00:00.0,17.18542,24.6,11.1,,4.0,,21.11111,,10.4,,0.2,0.0,0.0,,,16.01918,82,81,13.95093,,,C ,,C ,,,,0.0,-10.043
2017-10-29 00:00:00.0,20.01875,26.1,15.1,,1.5,,21.52778,,14.6,,1.2,0.6,0.4,,,19.59973,85,85,17.1371,,,C ,,C ,,,,0.0,-15.60401
2017-10-30 00:00:00.0,18.49652,25.2,12.9,,-29.9,,21.6,,12.1,,0.0,0.8,0.8,,,12.89121,69,65,10.39548,,,C ,,C ,,,,0.0,-10.126
2017-10-31 00:00:00.0,17.91875,27.7,8.4,,5.4,,21.66736,,7.3,,0.0,0.0,0.0,,,10.91458,57,46,8.083657,,,C ,,C ,,,,0.0,-11.371
2017-11-01 00:00:00.0,20.46042,27.4,14.4,,12.9,,22.01112,,14.0,,3.2,0.0,0.0,,,13.73671,57,55,11.66494,,,C ,,C ,,,,0.0,-18.01102
2017-11-02 00:00:00.0,18.3118,21.8,14.6,,13.5,,20.35972,,14.4,,13.6,16.8,3.6,,,17.45976,89,98,15.27486,,,C ,,C ,,,,0.0,-13.77801
2017-11-03 00:00:00.0,18.57878,,,,,,,,,,,,,,,,,,,,,  ,,  ,,,,,
2017-11-07 00:00:00.0,,,,,,,,,,,,,,,,,,,,,,  ,,  ,,,,,
2017-11-08 00:00:00.0,21.86875,28.3,16.1,,12.9,,22.92817,,15.5,,0.0,0.0,0.0,,,18.58611,74,67,16.33691,,,C ,,C ,,,,0.0,-20.33502
2017-11-09 00:00:00.0,21.15634,29.0,13.5,,11.0,,23.38194,,12.3,,0.0,0.0,0.0,,,12.54199,57,44,10.01715,,,C ,,C ,,,,0.0,-15.85301
2017-11-10 00:00:00.0,22.575,31.0,15.2,,13.8,,23.79583,,14.5,,0.0,0.0,0.0,,,12.77899,52,44,10.44299,,,C ,,C ,,,,0.0,-18.42602
2017-11-11 00:00:00.0,19.45694,26.5,11.5,,10.2,,23.56875,,10.1,,0.0,0.0,0.0,,,10.29896,53,42,6.978201,,,C ,,C ,,,,0.0,-12.45001
2017-11-12 00:00:00.0,20.10834,30.7,8.7,,7.6,,24.07222,,8.0,,0.0,0.0,0.0,,,12.02116,55,41,9.550545,,,C ,,C ,,,,0.0,-13.61201
2017-11-13 00:00:00.0,24.34584,33.9,14.8,,13.5,,25.51736,,14.1,,0.0,0.0,0.0,,,15.67179,54,53,13.50051,,,C ,,C ,,,,0.0,-20.00302
2017-11-14 00:00:00.0,25.0875,33.7,16.4,,15.3,,26.52709,,15.9,,0.0,0.0,0.0,,,16.56977,55,46,14.50276,,,C ,,C ,,,,0.0,-22.16103
2017-11-15 00:00:00.0,25.36319,35.4,16.6,,14.2,,26.55486,,14.9,,2.2,2.2,2.0,,,16.65559,57,57,14.45562,,,C ,,C ,,,,0.0,-20.66702
2017-11-16 00:00:00.0,17.56389,24.5,10.3,,9.3,,24.72639,,9.4,,0.0,0.0,0.0,,,11.79614,64,55,9.257786,,,C ,,C ,,,,0.0,-9.794001
2017-11-17 00:00:00.0,19.81736,27.3,13.1,,11.7,,24.5257,,12.3,,0.0,0.0,0.0,,,13.26266,60,50,10.80756,,,C ,,C ,,,,0.0,-14.19301
2017-11-18 00:00:00.0,15.49514,21.9,7.7,,6.5,,23.6,,6.7,,0.0,0.0,0.0,,,8.219414,54,43,3.865034,,,C ,,C ,,,,0.0,-2.821999
2017-11-19 00:00:00.0,18.9618,28.4,9.9,,8.1,,23.77708,,9.0,,0.6,0.0,0.0,,,9.800182,45,41,6.643427,,,C ,,C ,,,,0.0,-13.28001
2017-11-20 00:00:00.0,13.97917,17.8,11.9,,9.8,,21.03195,,10.8,,20.4,21.0,4.6,,,14.6176,93,98,12.5363,,,C ,,C ,,,,0.0,0.83
2017-11-21 00:00:00.0,17.68472,24.3,11.6,,-27.5,,21.38819,,11.5,,0.0,0.0,0.0,,,12.04265,63,53,9.565446,,,C ,,C ,,,,0.0,-10.873
2017-11-22 00:00:00.0,18.78958,26.8,11.4,,-29.6,,22.34444,,10.7,,0.0,0.0,0.0,,,13.70613,61,54,11.54643,,,C ,,C ,,,,0.0,-14.35901
2017-11-23 00:00:00.0,22.4493,29.0,16.5,,-0.4,,23.34584,,15.8,,0.4,0.4,0.4,,,14.52235,56,49,12.128,,,C ,,C ,,,,0.0,-18.67502
2017-11-24 00:00:00.0,15.19167,23.2,7.6,,3.6,,22.05972,,6.4,,0.0,0.0,0.0,,,9.215476,60,55,5.483049,,,C ,,C ,,,,0.0,-1.992
2017-11-25 00:00:00.0,17.6389,27.0,9.2,,-28.3,,23.3368,,8.3,,0.0,0.0,0.0,,,11.71755,62,48,9.238739,,,C ,,C ,,,,0.0,-10.873
2017-11-26 00:00:00.0,20.53195,29.6,9.5,,-25.9,,24.83819,,8.5,,0.0,0.0,0.0,,,13.57375,60,49,11.41081,,,C ,,C ,,,,0.0,-15.43801
2017-11-27 00:00:00.0,21.31667,27.3,16.3,,-15.6,,25.61598,,15.5,,0.0,0.0,0.0,,,12.90829,57,48,10.60522,,,C ,,C ,,,,0.0,-18.59202
2017-11-28 00:00:00.0,17.425,26.3,8.5,,-26.6,,25.21528,,7.3,,0.0,0.0,0.0,,,12.56828,66,57,10.07307,,,C ,,C ,,,,0.0,-10.292
2017-11-29 00:00:00.0,21.86041,30.3,15.1,,-9.6,,25.82362,,14.6,,0.0,0.0,0.0,,,17.21306,68,58,15.0582,,,C ,,C ,,,,0.0,-18.84102
2017-11-30 00:00:00.0,23.21111,30.8,16.4,,-29.0,,26.78611,,15.6,,0.0,0.0,0.0,,,17.06478,64,56,14.89209,,,C ,,C ,,,,0.0,-21.74603
2017-12-01 00:00:00.0,23.07292,30.4,17.2,,-27.5,,27.56666,,16.7,,0.0,0.0,0.0,,,18.87335,69,61,16.55577,,,C ,,C ,,,,0.0,-22.74203
2017-12-02 00:00:00.0,23.70069,29.8,18.3,,6.9,,27.30278,,17.8,,1.0,0.0,0.0,,,20.69894,73,65,18.03768,,,C ,,C ,,,,0.0,-23.90403
2017-12-03 00:00:00.0,21.83472,27.5,18.4,,12.7,,26.21874,,17.8,,4.2,5.2,3.6,,,21.19674,83,79,18.41418,,,C ,,C ,,,,0.0,-23.82103
2017-12-04 00:00:00.0,20.89375,27.5,15.5,,,,25.77084,,15.0,,0.0,0.0,0.0,,,18.37969,78,72,16.13441,,,C ,,C ,,,,0.0,-18.42602
2017-12-05 00:00:00.0,22.04792,30.3,15.5,,,,25.75695,,15.0,,0.0,0.0,0.0,,,18.06776,70,61,15.84005,,,C ,,C ,,,,0.0,-20.00302
2017-12-06 00:00:00.0,24.40833,31.6,17.6,,,,26.92569,,17.2,,,0.0,0.0,,,19.84043,67,57,17.34858,,,C ,,C ,,,,0.0,-22.90803
2017-12-11 00:00:00.0,,,,,,,,,,,,,,,,,,,,,,  ,,  ,,,,,
2017-12-12 00:00:00.0,22.88194,32.4,14.1,,-25.5,,28.70833,,13.6,,0.0,0.0,0.0,,,15.68101,58,47,13.66083,,,C ,,C ,,,,0.0,-18.84102
2017-12-13 00:00:00.0,24.01597,34.5,18.4,,-24.6,,28.62222,,17.7,,4.2,4.2,1.8,,,18.52501,70,59,16.17143,,,C ,,C ,,,,0.0,-23.32303
2017-12-14 00:00:00.0,23.97431,34.4,15.6,,-25.7,,27.79514,,14.9,,0.0,0.0,0.0,,,17.08541,62,48,14.87522,,,C ,,C ,,,,0.0,-19.83702
2017-12-15 00:00:00.0,27.30209,35.5,18.5,,-24.9,,29.09723,,17.5,,0.8,0.0,0.0,,,16.81404,48,39,14.75288,,,C ,,C ,,,,0.0,-23.90403
2017-12-16 00:00:00.0,25.3743,31.1,19.6,,-29.6,,27.42361,,18.8,,39.59999,31.6,11.2,,,21.55918,69,62,18.60662,,,C ,,C ,,,,0.0,-23.90403
2017-12-17 00:00:00.0,21.3368,28.6,16.4,,-29.1,,26.05486,,15.4,,0.0,8.8,3.4,,,15.62095,68,60,13.06133,,,C ,,C ,,,,0.0,-19.75402
2017-12-18 00:00:00.0,18.4993,25.1,11.3,,-23.2,,25.24375,,10.5,,6.0,0.0,0.0,,,12.36672,62,53,9.804788,,,C ,,C ,,,,0.0,-13.44601
2017-12-19 00:00:00.0,16.55347,18.0,15.2,,0.2,,23.07291,,14.6,,16.4,22.4,3.4,,,18.20376,98,100,16.00362,,,C ,,C ,,,,0.0,-10.04301
2017-12-20 00:00:00.0,22.42153,30.8,15.8,,-17.8,,24.18333,,15.3,,0.0,0.0,0.0,,,23.04114,82,78,19.66597,,,C ,,C ,,,,0.0,-20.91602
2017-12-21 00:00:00.0,25.39097,33.0,20.6,,,,26.19861,,20.3,,0.2,0.2,0.2,,,26.00155,82,76,21.69059,,,C ,,C ,,,,0.0,-23.90403
2017-12-22 00:00:00.0,27.32848,34.4,21.8,,,,27.71944,,21.2,,17.8,17.8,13.8,,,27.63826,79,67,22.67814,,,C ,,C ,,,,0.0,-23.90403
2017-12-23 00:00:00.0,21.47916,28.5,19.0,,,,26.32847,,17.9,,0.0,0.0,0.0,,,19.65342,82,76,16.973,,,C ,,C ,,,,0.0,-21.66302
2017-12-24 00:00:00.0,19.63055,26.1,12.6,,,,25.20139,,11.7,,0.0,0.0,0.0,,,14.17199,65,57,12.13231,,,C ,,C ,,,,0.0,-15.27201
2017-12-25 00:00:00.0,23.08681,32.2,13.4,,,,25.64722,,12.8,,0.0,0.0,0.0,,,18.01278,63,53,15.72468,,,C ,,C ,,,,0.0,-18.42602
2017-12-26 00:00:00.0,27.03541,34.0,20.2,,,,27.05833,,19.3,,0.6,0.0,0.0,,,19.3305,55,50,16.8925,,,C ,,C ,,,,0.0,-23.90403
2017-12-27 00:00:00.0,27.33723,,,,,,27.9,,,,,,,,,22.48389,66,58,19.31679,,,C ,,C ,,,,,-22.74203
2017-12-28 00:00:00.0,27.91944,35.8,20.2,,,,28.34792,,19.6,,0.0,0.0,0.0,,,22.10645,62,50,19.04894,,,C ,,C ,,,,0.0,-23.90403
2017-12-29 00:00:00.0,28.7625,35.5,21.6,,-21.7,,29.45902,,20.7,,0.0,0.0,0.0,,,23.04343,63,55,19.68236,,,C ,,C ,,,,0.0,-23.90403
2017-12-30 00:00:00.0,28.86736,37.3,20.6,,-11.6,,30.06459,,19.8,,0.6,0.0,0.0,,,21.03014,56,44,18.22316,,,C ,,C ,,,,0.0,-23.90403
2017-12-31 00:00:00.0,22.34237,30.1,18.2,,-27.2,,28.05207,,18.1,,1.2,1.8,0.8,,,20.04083,82,79,17.4813,,,C ,,C ,,,,0.0,-22.57603
2018-01-01 00:00:00.0,21.92778,30.8,14.6,,-29.8,,26.79722,,14.0,,0.0,0.0,0.0,,,16.12875,65,54,13.90597,,,C ,,C ,,,,0.0,-17.43002
2018-01-02 00:00:00.0,23.29721,32.6,12.7,,-29.3,,27.88542,,11.9,,0.0,0.0,0.0,,,15.36183,59,46,13.18837,,,C ,,C ,,,,0.0,-18.75802
2018-01-03 00:00:00.0,24.50278,34.3,14.0,,-26.0,,28.65209,,13.1,,0.0,0.0,0.0,,,14.77464,52,39,12.68609,,,C ,,C ,,,,0.0,-18.50902
2018-01-04 00:00:00.0,27.56181,36.0,18.3,,-27.1,,29.69097,,17.7,,0.0,0.0,0.0,,,19.79205,55,51,17.25359,,,C ,,C ,,,,0.0,-23.90403
2018-01-05 00:00:00.0,22.61389,28.1,18.3,,-7.2,,27.64167,,17.6,,6.999998,6.999998,4.0,,,20.87625,85,90,18.1137,,,C ,,C ,,,,0.0,-22.32703
2018-01-06 00:00:00.0,21.6743,29.4,13.5,,-14.0,,26.23403,,12.8,,0.0,0.0,0.0,,,14.28747,61,47,11.96898,,,C ,,C ,,,,0.0,-17.92802
2018-01-07 00:00:00.0,23.33889,31.9,16.5,,-29.6,,27.29792,,15.9,,0.0,0.0,0.0,,,14.81506,52,49,12.65865,,,C ,,C ,,,,0.0,-20.58402
2018-01-08 00:00:00.0,25.98958,33.4,19.0,,-29.8,,28.94166,,18.0,,0.0,0.0,0.0,,,16.34215,51,43,14.28398,,,C ,,C ,,,,0.0,-23.90403
2018-01-09 00:00:00.0,26.27083,34.3,18.4,,-29.5,,30.11319,,17.9,,0.0,0.0,0.0,,,18.96592,61,56,16.37581,,,C ,,C ,,,,0.0,-23.90403
2018-01-10 00:00:00.0,28.19444,36.7,21.5,,-29.3,,31.31249,,21.2,,0.0,0.0,0.0,,,24.39232,63,58,20.65302,,,C ,,C ,,,,0.0,-23.90403
2018-01-11 00:00:00.0,30.49514,38.6,22.7,,-28.9,,32.6632,,22.3,,0.0,0.0,0.0,,,23.83791,58,47,20.28716,,,C ,,C ,,,,0.0,-23.90403
2018-01-12 00:00:00.0,25.56389,29.4,21.1,,-30.0,,30.27154,,19.7,,18.4,18.4,7.4,,,26.15912,84,83,21.81815,,,C ,,C ,,,,0.0,-23.90403
2018-01-13 00:00:00.0,25.33334,33.2,19.9,,,,28.75,,19.4,,0.2,0.0,0.0,,,25.09198,80,73,21.06616,,,C ,,C ,,,,0.0,-23.90403
2018-01-14 00:00:00.0,18.86458,23.6,16.6,,,,26.04167,,16.3,,0.2,0.4,0.2,,,19.84172,95,95,17.36827,,,C ,,C ,,,,0.0,-18.59203
2018-01-15 00:00:00.0,21.0993,29.8,14.8,,,,26.16805,,14.7,,0.0,0.0,0.0,,,19.1243,78,73,16.7272,,,C ,,C ,,,,0.0,-16.84902
2018-01-16 00:00:00.0,24.54376,32.3,18.1,,,,28.31737,,17.6,,0.0,0.0,0.0,,,21.09141,71,63,18.28171,,,C ,,C ,,,,0.0,-23.90403
2018-01-17 00:00:00.0,22.53472,26.4,18.9,,,,27.46389,,17.8,,2.2,2.2,0.8,,,22.60673,87,88,19.43933,,,C ,,C ,,,,0.0,-23.73803
2018-01-18 00:00:00.0,24.05486,33.7,15.6,,,,27.01945,,14.8,,0.0,0.0,0.0,,,20.51373,70,61,17.86539,,,C ,,C ,,,,0.0,-19.75402
2018-01-19 00:00:00.0,26.90764,35.5,19.2,,,,28.97431,,18.3,,0.0,0.0,0.0,,,19.48202,61,53,16.90651,,,C ,,C ,,,,0.0,-23.90403
2018-01-20 00:00:00.0,26.60695,35.9,17.4,,-29.8,,30.15902,,16.7,,0.0,0.0,0.0,,,20.05471,63,51,17.28538,,,C ,,C ,,,,0.0,-22.65903
2018-01-21 00:00:00.0,27.03403,35.6,19.5,,-28.7,,30.60139,,18.9,,0.0,0.0,0.0,,,22.67457,69,57,19.40692,,,C ,,C ,,,,0.0,-23.90403
2018-01-22 00:00:00.0,26.02847,36.2,19.3,,-28.7,,30.26458,,18.6,,9.999999,9.999999,9.8,,,23.7799,75,64,20.12651,,,C ,,C ,,,,0.0,-23.90403
2018-01-23 00:00:00.0,27.70209,35.3,21.8,,-0.4,,29.38471,,21.4,,0.0,0.0,0.0,,,24.47571,71,63,20.59492,,,C ,,C ,,,,0.0,-23.90403
2018-01-24 00:00:00.0,23.33958,28.9,17.5,,-29.6,,28.54237,,17.2,,0.0,0.0,0.0,,,16.09443,62,56,13.88875,,,C ,,C ,,,,0.0,-22.16103
2018-01-25 00:00:00.0,20.7014,28.6,13.3,,-29.2,,28.49028,,12.7,,0.0,0.0,0.0,,,16.91238,69,64,14.75607,,,C ,,C ,,,,0.0,-17.43002
2018-01-26 00:00:00.0,24.63125,31.6,19.9,,-11.7,,29.47569,,19.0,,4.0,0.0,0.0,,,18.82479,62,58,16.48081,,,C ,,C ,,,,0.0,-23.90403
2018-01-27 00:00:00.0,24.47916,30.0,19.6,,-19.8,,28.86294,,19.1,,2.6,6.6,2.0,,,23.23554,78,82,19.81705,,,C ,,C ,,,,0.0,-23.73803
2018-01-28 00:00:00.0,25.44825,34.5,17.5,,-21.1,,28.2861,,17.0,,0.0,0.0,0.0,,,18.24025,63,54,15.72866,,,C ,,C ,,,,0.0,-23.32303
2018-01-29 00:00:00.0,23.93788,,,,,,,,,,,,,,,,,,,,,  ,,  ,,,,,
2018-01-31 00:00:00.0,,,,,,,,,,,,,,,,,,,,,,  ,,  ,,,,,
2018-02-01 00:00:00.0,27.31875,35.5,18.8,,-13.9,,31.2993,,18.1,,0.0,0.0,0.0,,,22.18598,67,56,19.05284,,,C ,,C ,,,,0.0,-23.90403
2018-02-02 00:00:00.0,27.14237,37.1,19.4,,-25.0,,31.61111,,18.5,,0.0,0.0,0.0,,,22.60218,69,57,19.40611,,,C ,,C ,,,,0.0,-23.90403
2018-02-03 00:00:00.0,25.17153,33.9,17.8,,,,31.31111,,17.2,,0.0,0.0,0.0,,,19.36243,65,57,16.85915,,,C ,,C ,,,,0.0,-23.48903
2018-02-04 00:00:00.0,26.40626,34.7,19.8,,,,31.59098,,19.4,,0.0,0.0,0.0,,,22.58727,68,59,19.38807,,,C ,,C ,,,,0.0,-23.90403
2018-02-05 00:00:00.0,27.40417,36.2,19.7,,3.5,,32.04861,,19.4,,0.0,0.0,0.0,,,21.88548,64,55,18.90827,,,C ,,C ,,,,0.0,-23.90403
2018-02-06 00:00:00.0,27.925,37.1,19.8,,,,32.44237,,19.0,,0.0,0.0,0.0,,,22.37991,66,55,19.16549,,,C ,,C ,,,,0.0,-23.90403
2018-02-07 00:00:00.0,28.55209,38.0,20.6,,,,32.82292,,20.1,,0.0,0.0,0.0,,,21.68464,61,51,18.56943,,,C ,,C ,,,,0.0,-23.90403
2018-02-08 00:00:00.0,29.74376,38.7,21.6,,,,33.40763,,20.8,,14.2,0.0,0.0,,,22.78082,59,49,19.49709,,,C ,,C ,,,,0.0,-23.90403
2018-02-09 00:00:00.0,24.91539,29.6,19.7,,-12.4,,30.76805,,19.3,,4.0,18.2,11.8,,,23.9579,79,48,20.41677,,,C ,,C ,,,,0.0,-23.73803
2018-02-10 00:00:00.0,24.54167,31.1,18.3,,-29.1,,29.10972,,17.9,,5.599999,0.0,0.0,,,20.40895,70,60,17.70853,,,C ,,C ,,,,0.0,-23.90403
2018-02-11 00:00:00.0,19.94375,25.1,14.2,,-30.0,,27.63611,,13.4,,0.2,5.799999,3.0,,,13.18227,65,63,10.75977,,,C ,,C ,,,,0.0,-14.52501
2018-02-12 00:00:00.0,17.54514,25.7,9.3,,-29.6,,25.80694,,8.0,,0.0,0.0,0.0,,,11.22579,62,54,8.464718,,,C ,,C ,,,,0.0,-9.046999
2018-02-13 00:00:00.0,19.61806,28.8,11.2,,-30.0,,26.40695,,10.4,,0.0,0.0,0.0,,,12.55159,60,49,10.23494,,,C ,,C ,,,,0.0,-13.11401
2018-02-14 00:00:00.0,22.30694,30.7,14.2,,-28.8,,27.34097,,13.6,,0.0,0.0,0.0,,,15.1671,62,51,13.06385,,,C ,,C ,,,,0.0,-18.17702
2018-02-15 00:00:00.0,24.2611,33.2,16.8,,-15.8,,28.40069,,16.1,,0.0,0.0,0.0,,,18.85391,65,59,16.42962,,,C ,,C ,,,,0.0,-21.91203
2018-02-16 00:00:00.0,25.43264,34.0,18.2,,-19.6,,29.30001,,17.7,,0.0,0.0,0.0,,,21.16615,69,59,18.35519,,,C ,,C ,,,,0.0,-23.90403
2018-02-17 00:00:00.0,26.2757,35.5,18.3,,-26.7,,30.13264,,17.9,,0.0,0.0,0.0,,,21.87026,67,58,18.88945,,,C ,,C ,,,,0.0,-23.90403
2018-02-18 00:00:00.0,27.28472,35.9,20.0,,-29.7,,30.83611,,19.5,,1.2,0.0,0.0,,,23.407,67,60,19.9945,,,C ,,C ,,,,0.0,-23.90403
2018-02-19 00:00:00.0,25.54375,32.2,21.4,,-29.4,,29.85139,,20.5,,4.2,5.4,3.6,,,23.59102,76,72,20.0996,,,C ,,C ,,,,0.0,-23.90403
2018-02-20 00:00:00.0,24.17014,31.3,18.8,,,,28.4257,,18.4,,0.0,0.0,0.0,,,19.48057,68,58,16.87948,,,C ,,C ,,,,0.0,-23.90403
2018-02-21 00:00:00.0,21.9882,28.5,15.3,,-27.7,,28.21042,,14.7,,0.0,0.0,0.0,,,16.71586,69,64,14.61438,,,C ,,C ,,,,0.0,-19.25602
2018-02-22 00:00:00.0,21.84445,30.8,13.3,,-28.4,,28.25625,,12.5,,0.0,0.0,0.0,,,15.49839,65,57,13.39452,,,C ,,C ,,,,0.0,-17.76202
2018-02-23 00:00:00.0,22.46806,31.9,13.5,,-26.0,,28.64445,,12.9,,0.0,0.0,0.0,,,17.07611,66,57,14.96075,,,C ,,C ,,,,0.0,-18.34302
2018-02-24 00:00:00.0,23.51736,31.5,17.0,,-22.6,,28.99306,,16.5,,0.0,0.0,0.0,,,18.59309,69,62,16.1092,,,C ,,C ,,,,0.0,-22.16103
2018-02-25 00:00:00.0,23.3014,31.3,16.1,,28.9,,29.30556,,15.4,,0.0,0.0,0.0,,,19.43758,70,62,17.00943,,,C ,,C ,,,,0.0,-22.16103
2018-02-26 00:00:00.0,23.79305,31.5,18.4,,-29.2,,29.59793,,18.1,,0.0,0.0,0.0,,,19.46736,70,64,17.02353,,,C ,,C ,,,,0.0,-23.90403
2018-02-27 00:00:00.0,24.47778,33.9,17.1,,-29.5,,29.44445,,16.2,,9.599999,9.599999,6.8,,,20.03943,69,61,17.41892,,,C ,,C ,,,,0.0,-22.74203
2018-02-28 00:00:00.0,,,,,,,,,,,,,,,,,,,,,,  ,,  ,,,,,
2018-03-02 00:00:00.0,,,,,,,,,,,0.0,,,,,,,,,,,  ,,  ,,,,,
2018-03-03 00:00:00.0,25.95,34.0,19.6,,,,27.5375,,19.1,,0.0,0.0,0.0,,,21.99371,70,64,19.0073,,,C ,,C ,,,,0.0,-23.90403
2018-03-04 00:00:00.0,25.29584,33.7,18.3,,,,28.1375,,17.9,,0.0,0.0,0.0,,,22.4827,72,67,19.34254,,,C ,,C ,,,,0.0,-23.90403
2018-03-05 00:00:00.0,24.26875,28.8,19.8,,,,27.90972,,19.2,,0.0,0.0,0.0,,,20.07479,70,68,17.37395,,,C ,,C ,,,,0.0,-23.65503
2018-03-06 00:00:00.0,19.27222,27.4,9.7,,,,26.16853,,8.8,,0.0,0.0,0.0,,,11.16753,58,51,8.274744,,,C ,,C ,,,,0.0,-11.537
2018-03-07 00:00:00.0,19.74686,29.4,11.3,,-27.6,,26.15833,,10.3,,0.0,0.0,0.0,,,13.24465,63,52,11.07418,,,C ,,C ,,,,0.0,-13.44601
2018-03-08 00:00:00.0,21.74237,31.3,13.5,,,,26.42847,,12.8,,0.0,0.0,0.0,,,13.69028,57,53,11.49203,,,C ,,C ,,,,0.0,-16.93202
2018-03-09 00:00:00.0,23.92431,33.7,16.1,,-28.1,,27.40417,,15.5,,0.0,0.0,0.0,,,17.44825,63,54,15.2789,,,C ,,C ,,,,0.0,-21.24802
2018-03-10 00:00:00.0,25.38056,35.2,16.8,,-12.2,,28.01666,,16.4,,2.8,2.8,2.6,,,17.8721,60,52,15.67896,,,C ,,C ,,,,0.0,-22.32703
2018-03-11 00:00:00.0,19.70208,24.2,14.3,,-15.4,,26.83473,,14.3,,0.0,0.0,0.0,,,14.87738,73,70,12.62466,,,C ,,C ,,,,0.0,-13.69501
2018-03-12 00:00:00.0,18.30763,27.8,9.4,,-21.0,,25.50625,,8.7,,0.0,0.0,0.0,,,12.70062,64,55,10.44065,,,C ,,C ,,,,0.0,-11.122
2018-03-13 00:00:00.0,21.27987,30.0,13.3,,-27.1,,26.20208,,12.7,,0.0,0.0,0.0,,,13.08681,57,46,10.83591,,,C ,,C ,,,,0.0,-15.77001
2018-03-14 00:00:00.0,21.64097,32.4,14.0,,-26.5,,26.17083,,13.3,,10.2,10.2,6.8,,,17.92631,71,69,15.54916,,,C ,,C ,,,,0.0,-17.01502
2018-03-15 00:00:00.0,18.35764,23.8,11.8,,-24.1,,23.98264,,11.1,,0.0,0.0,0.0,,,11.12393,59,51,8.157599,,,C ,,C ,,,,0.0,-9.877
2018-03-16 00:00:00.0,17.59167,27.7,10.2,,-19.7,,23.03402,,9.7,,0.0,0.0,0.0,,,12.57347,65,58,10.22515,,,C ,,C ,,,,0.0,-10.375
2018-03-17 00:00:00.0,21.72708,29.5,15.8,,,,24.20417,,15.1,,48.60001,0.0,0.0,,,22.19141,79,80,18.92411,,,C ,,C ,,,,0.0,-21.33102
2018-03-18 00:00:00.0,21.78403,24.6,15.3,,,,23.59514,,14.5,,0.6,49.20001,16.6,,,19.78708,82,79,16.61036,,,C ,,C ,,,,0.0,-18.26002
2018-03-19 00:00:00.0,17.19306,26.7,8.4,,-14.1,,21.26667,,7.7,,0.0,0.0,0.0,,,12.35086,68,58,9.990734,,,C ,,C ,,,,0.0,-7.552998
2018-03-20 00:00:00.0,18.31667,27.7,10.7,,,,21.5257,,10.1,,0.0,0.0,0.0,,,13.16977,67,60,10.97841,,,C ,,C ,,,,0.0,-9.379
2018-03-21 00:00:00.0,16.03889,24.0,9.1,,,,21.5757,,8.4,,0.0,0.0,0.0,,,13.786,79,76,11.69226,,,C ,,C ,,,,0.0,-6.224999
2018-03-22 00:00:00.0,17.79861,26.9,11.6,,,,21.65764,,11.1,,0.0,0.0,0.0,,,16.52869,79,70,14.42714,,,C ,,C ,,,,0.0,-12.11801
2018-03-23 00:00:00.0,22.7257,31.6,15.8,,,,23.29236,,15.4,,0.0,0.0,0.0,,,20.1545,73,67,17.48036,,,C ,,C ,,,,0.0,-19.92002
2018-03-24 00:00:00.0,21.17778,27.8,12.7,,,,23.66389,,11.8,,1.2,0.0,0.0,,,15.06469,68,58,12.97957,,,C ,,C ,,,,0.0,-16.18501
2018-03-25 00:00:00.0,14.9625,20.1,10.4,,,,21.89445,,9.9,,0.0,1.2,1.2,,,10.85698,71,67,8.074659,,,C ,,C ,,,,0.0,-0.7470007
2018-03-26 00:00:00.0,14.03542,23.3,6.3,,-28.2,,20.99792,,5.5,,0.0,0.0,0.0,,,11.76138,75,70,9.214676,,,C ,,C ,,,,4.979998,-2.407
2018-03-27 00:00:00.0,17.74444,26.2,10.7,,,,21.50833,,10.0,,0.0,0.0,0.0,,,16.22293,80,77,14.11998,,,C ,,C ,,,,0.0,-10.375
2018-03-28 00:00:00.0,21.12847,30.1,15.3,,,,22.99931,,14.9,,0.0,0.0,0.0,,,20.27261,82,77,17.67684,,,C ,,C ,,,,0.0,-17.92802
2018-03-29 00:00:00.0,22.2375,31.2,14.1,,,,23.80416,,13.8,,0.0,0.0,0.0,,,20.0484,78,77,17.49996,,,C ,,C ,,,,0.0,-18.59202
2018-03-30 00:00:00.0,24.03959,33.6,15.8,,,,24.71597,,15.3,,,0.0,0.0,,,19.84395,71,65,17.26884,,,C ,,C ,,,,0.0,-22.24403
2018-04-04 00:00:00.0,,,,,,,,,,,,,,,,,,,,,,  ,,  ,,,,,
2018-04-05 00:00:00.0,22.98403,32.0,16.1,,,,24.83055,,15.6,,0.0,0.0,0.0,,,19.14025,72,63,16.76502,,,C ,,C ,,,,0.0,-20.66702
2018-04-06 00:00:00.0,18.20971,21.8,15.6,,,,23.05555,,15.3,,21.2,21.2,4.0,,,19.76404,98,96,17.30308,,,C ,,C ,,,,0.0,-16.35102
2018-04-07 00:00:00.0,18.19098,21.5,16.0,,,,21.7125,,15.8,,7.400001,3.8,1.8,,,20.95788,100,100,18.20093,,,C ,,C ,,,,0.0,-18.01102
2018-04-08 00:00:00.0,19.87499,25.0,16.8,,,,21.92847,,16.6,,4.599999,8.2,2.6,,,22.72152,96,91,19.50858,,,C ,,C ,,,,0.0,-22.49303
2018-04-09 00:00:00.0,23.67569,31.4,17.5,,,,23.17083,,17.0,,0.0,0.0,0.0,,,23.95088,81,78,20.34972,,,C ,,C ,,,,0.0,-22.82503
2018-04-10 00:00:00.0,25.92986,32.1,22.3,,,,23.67292,,22.0,,0.0,0.0,0.0,,,22.25253,68,64,19.19945,,,C ,,C ,,,,0.0,-23.90403
2018-04-11 00:00:00.0,26.95625,33.1,22.2,,,,23.93263,,21.9,,6.8,0.0,0.0,,,25.99612,75,76,21.70629,,,C ,,C ,,,,0.0,-23.90403
2018-04-12 00:00:00.0,18.40694,26.0,13.3,,,,22.04444,,12.0,,0.0,6.8,5.0,,,12.16166,64,57,9.29497,,,C ,,C ,,,,0.0,-10.95601
2018-04-13 00:00:00.0,13.56389,21.9,6.0,,,,19.39861,,5.3,,0.0,0.0,0.0,,,10.50413,71,66,7.549179,,,C ,,C ,,,,2.49,0.5809993
2018-04-14 00:00:00.0,16.41806,24.8,10.3,,,,19.75208,,9.3,,0.0,0.0,0.0,,,14.56758,78,75,12.51823,,,C ,,C ,,,,0.0,-7.636001
2018-04-15 00:00:00.0,19.03056,27.2,13.3,,,,20.60139,,12.9,,0.0,0.0,0.0,,,17.55911,80,78,15.39773,,,C ,,C ,,,,0.0,-15.18901
2018-04-16 00:00:00.0,20.66805,28.4,15.9,,,,21.39931,,15.4,,0.0,0.0,0.0,,,19.14625,80,76,16.77981,,,C ,,C ,,,,0.0,-20.16902
2018-04-17 00:00:00.0,21.70694,29.3,16.5,,,,22.09028,,16.0,,0.0,0.0,0.0,,,21.50225,83,84,18.61065,,,C ,,C ,,,,0.0,-20.91602
2018-04-18 00:00:00.0,23.68125,31.1,18.5,,,,22.92569,,18.0,,0.0,0.0,0.0,,,23.00046,79,73,19.70685,,,C ,,C ,,,,0.0,-23.90403
2018-04-19 00:00:00.0,24.76667,32.5,18.6,,,,23.85417,,18.1,,14.8,0.0,0.0,,,23.59789,76,73,20.11279,,,C ,,C ,,,,0.0,-23.90403
2018-04-20 00:00:00.0,22.39375,24.7,20.2,,,,23.49514,,20.0,,1.4,16.2,5.8,,,25.0225,95,96,21.10179,,,C ,,C ,,,,0.0,-23.90403
2018-04-21 00:00:00.0,21.52778,25.8,19.2,,,,22.68264,,18.7,,0.0,0.0,0.0,,,23.74963,95,93,20.23706,,,C ,,C ,,,,0.0,-23.90403
2018-04-22 00:00:00.0,22.65555,30.4,16.5,,,,23.26667,,16.1,,25.6,25.6,17.6,,,23.70391,87,85,20.17652,,,C ,,C ,,,,0.0,-22.82503
2018-04-23 00:00:00.0,20.59792,24.3,18.5,,,,22.86458,,17.9,,0.0,0.0,0.0,,,22.69197,96,96,19.49589,,,C ,,C ,,,,0.0,-22.41003
2018-04-24 00:00:00.0,18.66042,22.6,14.8,,,,21.54793,,14.4,,0.0,0.0,0.0,,,21.23901,96,96,18.36263,,,C ,,C ,,,,0.0,-17.67902
2018-04-25 00:00:00.0,22.95625,30.0,19.4,,,,23.01945,,19.1,,0.0,0.0,0.0,,,24.37959,87,82,20.668,,,C ,,C ,,,,0.0,-23.90403
2018-04-26 00:00:00.0,23.42639,28.5,19.7,,,,23.27361,,19.4,,0.0,0.0,0.0,,,25.92333,89,84,21.65643,,,C ,,C ,,,,0.0,-23.90403
2018-04-27 00:00:00.0,25.53681,31.7,21.4,,,,23.73541,,21.0,,0.2,0.0,0.0,,,25.9463,84,80,21.68432,,,C ,,C ,,,,0.0,-23.90403
2018-04-28 00:00:00.0,20.46597,22.6,19.2,,,,22.55417,,18.4,,66.8,39.8,15.2,,,23.37263,99,100,19.98775,,,C ,,C ,,,,0.0,-23.90403
2018-04-29 00:00:00.0,19.32569,20.6,18.5,,,,20.99442,,18.3,,43.40001,70.39998,25.0,,,22.3992,100,100,19.30973,,,C ,,C ,,,,0.0,-23.90403
2018-04-30 00:00:00.0,19.54097,23.6,16.2,,,,21.38472,,15.2,,5.0,3.800001,0.8,,,19.05898,88,88,16.58849,,,C ,,C ,,,,0.0,-19.25602
2018-05-01 00:00:00.0,14.35209,16.3,13.4,,,,19.34931,,12.4,,14.2,5.8,1.0,,,15.96148,98,99,13.96489,,,C ,,C ,,,,0.0,0.0
2018-05-02 00:00:00.0,16.27292,18.1,14.4,,,,18.21874,,13.9,,25.60001,35.40001,2.4,,,18.88028,100,100,16.57222,,,C ,,C ,,,,0.0,-7.802005
2018-05-03 00:00:00.0,18.77552,24.6,15.4,,,,19.6035,,15.0,,11.2,0.0,0.0,,,20.78741,95,92,18.08787,,,C ,,C ,,,,0.0,-18.75802
2018-05-04 00:00:00.0,18.55904,20.0,17.6,,,,20.0493,,17.4,,3.8,15.0,8.2,,,21.43736,100,100,18.60144,,,C ,,C ,,,,0.0,-20.58403
2018-05-05 00:00:00.0,19.05208,23.6,16.6,,,,20.31528,,16.5,,0.0,0.0,0.0,,,21.14649,96,94,18.36567,,,C ,,C ,,,,0.0,-19.67103
2018-05-06 00:00:00.0,18.47083,21.9,16.0,,,,19.69097,,15.5,,0.0,0.0,0.0,,,21.1318,98,98,18.34011,,,C ,,C ,,,,0.0,-19.25602
2018-05-07 00:00:00.0,20.39583,22.2,18.8,,,,20.14375,,18.6,,4.2,0.0,0.0,,,22.66486,94,92,19.4947,,,C ,,C ,,,,0.0,-23.90403
2018-05-08 00:00:00.0,,,,,,,,,,,,,,,,,,,,,,  ,,  ,,,,,
2018-05-14 00:00:00.0,,,,,,,,,,,,,,,,,,,,,,  ,,  ,,,,,
2018-05-15 00:00:00.0,16.7145,,,,,,17.6,,,,,,,,,12.41096,72,,9.416936,,,C ,,C ,,,,,-5.311991
2018-05-16 00:00:00.0,11.55139,17.3,8.5,,,,16.04166,,8.0,,0.6,0.0,0.0,,,11.19187,84,84,8.602151,,,C ,,C ,,,,0.0,8.881004
2018-05-17 00:00:00.0,10.85764,12.0,9.5,,,,15.23819,,8.7,,3.400001,3.800001,0.8,,,12.65594,99,100,10.42973,,,C ,,C ,,,,0.0,
2018-05-18 00:00:00.0,11.32361,18.9,6.1,,,,14.89375,,5.5,,5.2,5.4,5.0,,,12.58994,92,91,10.20648,,,C ,,C ,,,,1.826,7.884998
2018-05-19 00:00:00.0,11.18473,15.5,8.1,,,,14.36389,,7.5,,0.0,0.0,0.0,,,11.96682,93,91,9.588179,,,C ,,C ,,,,0.0,11.62001
2018-05-20 00:00:00.0,10.40833,17.7,3.9,,,,13.81111,,3.2,,0.0,0.0,0.0,,,11.25813,89,87,8.583837,,,C ,,C ,,,,6.473997,9.877
2018-05-21 00:00:00.0,11.96181,18.7,7.6,,,,14.33125,,6.8,,0.0,0.0,0.0,,,11.30207,86,83,8.665563,,,C ,,C ,,,,3.319999,6.888997
2018-05-22 00:00:00.0,9.210417,17.9,2.8,,,,12.98542,,1.8,,0.0,0.0,0.0,,,9.513082,82,79,6.148386,,,C ,,C ,,,,8.133996,11.039
2018-05-23 00:00:00.0,12.2882,20.8,5.7,,,,13.07569,,5.0,,0.0,0.0,0.0,,,11.54358,80,79,9.004295,,,C ,,C ,,,,2.987999,3.651999
2018-05-24 00:00:00.0,13.20764,20.7,7.1,,-29.1,,13.67222,,6.4,,0.0,0.0,0.0,,,11.63003,83,82,9.170719,,,C ,,C ,,,,0.0,3.319998
2018-05-25 00:00:00.0,12.56458,19.9,6.3,,-29.7,,13.33056,,5.5,,0.0,0.0,0.0,,,11.91453,83,82,9.497723,,,C ,,C ,,,,2.49,3.319998
2018-05-26 00:00:00.0,13.37292,21.7,7.2,,-29.6,,13.70347,,6.6,,0.0,0.0,0.0,,,14.33403,89,86,12.1068,,,C ,,C ,,,,0.0,-0.5809998
2018-05-27 00:00:00.0,17.92223,25.4,14.0,,1.5,,16.02291,,13.2,,0.0,0.0,0.0,,,18.12764,88,85,15.92172,,,C ,,C ,,,,0.0,-12.78201
2018-05-28 00:00:00.0,21.22708,26.6,16.7,,5.2,,17.54584,,16.1,,0.0,0.0,0.0,,,21.70707,83,78,18.78528,,,C ,,C ,,,,0.0,-22.57603
2018-05-29 00:00:00.0,21.88403,25.1,18.2,,,,18.3882,,17.5,,19.0,3.8,3.8,,,19.97357,78,74,17.4798,,,C ,,C ,,,,0.0,-23.90403
2018-05-30 00:00:00.0,16.27361,22.5,12.4,,-29.8,,17.49582,,11.8,,0.2,15.4,5.4,,,16.61691,98,97,14.52562,,,C ,,C ,,,,0.0,-3.485999
2018-05-31 00:00:00.0,11.76667,13.1,10.4,,-14.4,,15.18124,,9.7,,4.0,4.0,0.6,,,12.94702,96,99,10.79091,,,C ,,C ,,,,0.0,10.62401
2018-06-01 00:00:00.0,9.860416,12.7,6.9,,-29.6,,13.72639,,6.2,,0.0,0.0,0.0,,,9.970275,87,85,6.874118,,,C ,,C ,,,,4.149999,17.67902
2018-06-02 00:00:00.0,7.609027,13.0,3.3,,-28.8,,11.92708,,2.3,,0.0,0.0,0.0,,,9.018748,86,80,5.434792,,,C ,,C ,,,,9.129998,18.42602
2018-06-03 00:00:00.0,7.750001,13.3,1.9,,-30.0,,11.56042,,1.3,,0.0,0.0,0.0,,,9.222926,88,88,5.681401,,,C ,,C ,,,,8.133996,17.67902
2018-06-04 00:00:00.0,,,,,,,,,,,,,,,,,,94,,,,  ,,  ,,,,,
2018-06-05 00:00:00.0,7.5,15.5,2.3,,-20.7,,11.88473,,1.8,,0.0,0.0,0.0,,,9.909006,92,88,6.639672,,,C ,,C ,,,,9.627999,13.61201
2018-06-06 00:00:00.0,11.61597,17.6,8.2,,,,12.33125,,7.2,,0.0,0.0,0.0,,,11.02542,83,79,8.325463,,,C ,,C ,,,,0.0,7.137997
2018-06-07 00:00:00.0,8.434074,,,,,,11.5,,,,,,,,,8.832082,85,,5.070741,,,C ,,C ,,,,,17.26402
2018-06-08 00:00:00.0,8.465973,17.0,1.8,,-28.6,,10.56111,,0.9,,0.0,0.0,0.0,,,10.2024,87,85,7.06959,,,C ,,C ,,,,7.801996,11.039
2018-06-09 00:00:00.0,11.8868,18.7,6.1,,-21.4,,11.87431,,5.7,,0.0,0.0,0.0,,,13.11685,89,87,10.80068,,,C ,,C ,,,,3.983999,5.062993
2018-06-10 00:00:00.0,15.03334,17.9,13.1,,,,13.7368,,12.4,,0.0,0.0,0.0,,,16.09191,96,96,14.07873,,,C ,,C ,,,,0.0,-3.236999
2018-06-11 00:00:00.0,12.91736,15.2,10.8,,,,13.41876,,10.2,,1.6,0.0,0.0,,,14.95719,100,100,12.9516,,,C ,,C ,,,,0.0,3.900998
2018-06-12 00:00:00.0,10.84097,13.5,7.0,,,,13.40278,,6.5,,1.0,2.6,0.6,,,12.32028,100,100,9.956596,,,C ,,C ,,,,0.0,16.26802
2018-06-13 00:00:00.0,7.925693,10.1,6.0,,,,11.41042,,5.5,,0.0,0.0,0.0,,,9.959693,95,92,6.891118,,,C ,,C ,,,,8.133996,
2018-06-14 00:00:00.0,5.564584,11.6,-0.1,,,,10.32986,,-0.8,,0.0,0.0,0.0,,,7.632676,90,88,3.001241,,,C ,,C ,,,,16.26801,
2018-06-15 00:00:00.0,4.313889,12.8,-1.4,,,,9.296528,,-2.3,,0.0,0.0,0.0,,,7.520917,90,86,2.739089,,,C ,,C ,,,,16.76601,11.70301
2018-06-16 00:00:00.0,5.490973,13.4,-0.5,,,,8.986111,,-1.3,,0.0,0.0,0.0,,,7.838881,85,83,3.336213,,,C ,,C ,,,,14.94001,11.122
2018-06-17 00:00:00.0,8.339581,15.5,3.1,,,,9.341666,,2.3,,0.0,0.0,0.0,,,9.013659,82,83,5.447078,,,C ,,C ,,,,8.631997,16.01901
2018-06-18 00:00:00.0,9.807639,17.6,2.8,,,,9.811111,,2.1,,0.0,0.0,0.0,,,9.713215,81,76,6.469044,,,C ,,C ,,,,7.303997,10.956
2018-06-19 00:00:00.0,11.31631,19.8,5.1,,-13.5,,10.51418,,4.4,,0.2,0.2,0.2,,,11.02519,83,79,8.323237,,,C ,,C ,,,,4.979998,6.972001
2018-06-20 00:00:00.0,14.05069,22.3,6.9,,6.0,,11.73055,,6.3,,2.6,0.0,0.0,,,15.87492,91,89,13.45153,,,C ,,C ,,,,0.166,-4.564999
2018-06-21 00:00:00.0,14.32083,18.9,5.2,,3.9,,12.86598,,4.0,,0.0,2.6,2.0,,,10.22056,72,66,6.397028,,,C ,,C ,,,,4.813998,5.145998
2018-06-22 00:00:00.0,7.754136,,,,,,,,,,,,,,,,,,,,,  ,,  ,,,,,
2018-06-25 00:00:00.0,,,,,,,,,,,,,,,,,,,,,,  ,,  ,,,,,
2018-06-26 00:00:00.0,8.474306,16.9,2.6,,1.2,,9.041666,,1.7,,0.0,0.0,0.0,,,8.566288,81,77,4.701384,,,C ,,C ,,,,13.61201,15.35501
2018-06-27 00:00:00.0,10.70278,20.3,4.6,,3.0,,9.653473,,3.3,,0.0,0.0,0.0,,,10.89824,83,80,8.108149,,,C ,,C ,,,,4.481998,8.383001
2018-06-28 00:00:00.0,11.92639,20.2,5.5,,4.7,,10.93056,,5.2,,0.0,0.0,0.0,,,13.12943,90,84,10.8564,,,C ,,C ,,,,2.324,3.154001
2018-06-29 00:00:00.0,13.4375,20.3,6.9,,6.0,,12.32708,,6.2,,0.0,0.0,0.0,,,12.84231,90,87,10.57745,,,C ,,C ,,,,0.83,4.232998
2018-06-30 00:00:00.0,10.04097,18.9,4.7,,3.4,,11.73541,,3.8,,0.0,0.0,0.0,,,13.08319,98,94,10.51677,,,C ,,C ,,,,8.631997,8.963998
2018-07-01 00:00:00.0,14.20694,18.3,11.8,,11.6,,13.34167,,11.6,,0.0,0.0,0.0,,,16.76973,100,100,14.64452,,,C ,,C ,,,,0.0,-0.6640003
2018-07-02 00:00:00.0,12.14653,15.6,5.7,,4.4,,13.36875,,4.7,,0.0,0.0,0.0,,,11.89847,93,89,9.174774,,,C ,,C ,,,,5.145998,11.86901
2018-07-03 00:00:00.0,5.118055,11.3,1.1,,0.0,,10.55069,,0.2,,0.0,0.0,0.0,,,7.121583,82,76,2.068981,,,C ,,C ,,,,17.43002,
2018-07-04 00:00:00.0,7.100001,10.5,5.5,,5.2,,10.65,,5.2,,0.0,0.0,0.0,,,8.720107,84,85,4.971956,,,C ,,C ,,,,8.797997,
2018-07-05 00:00:00.0,9.677084,14.2,7.9,,7.8,,11.24792,,7.8,,0.0,0.0,0.0,,,9.761196,82,80,6.599758,,,C ,,C ,,,,0.0,16.68301
2018-07-06 00:00:00.0,8.434029,10.9,5.8,,4.0,,10.52917,,4.6,,3.400001,1.8,0.4,,,11.17305,98,97,8.525847,,,C ,,C ,,,,5.975997,
2018-07-07 00:00:00.0,10.80347,12.7,9.8,,9.8,,11.50972,,9.7,,1.2,2.8,0.8,,,12.94732,100,100,10.7757,,,C ,,C ,,,,0.0,11.53701
2018-07-08 00:00:00.0,11.01597,15.6,8.4,,7.7,,11.82778,,7.8,,0.0,0.0,0.0,,,11.53432,91,87,9.034819,,,C ,,C ,,,,0.83,11.20501
2018-07-09 00:00:00.0,8.098612,11.0,4.1,,3.1,,10.90972,,3.5,,0.0,0.0,0.0,,,9.936514,91,88,6.840525,,,C ,,C ,,,,6.307997,
2018-07-10 00:00:00.0,8.463193,12.3,6.0,,4.5,,11.10278,,5.2,,0.0,0.0,0.0,,,9.677608,91,92,6.45221,,,C ,,C ,,,,5.643998,
2018-07-11 00:00:00.0,7.829861,16.0,1.7,,0.7,,10.05625,,0.9,,0.0,0.0,0.0,,,10.01343,91,87,6.7949,,,C ,,C ,,,,8.631997,14.94001
2018-07-12 00:00:00.0,10.27778,16.1,5.9,,4.4,,10.42431,,5.2,,0.0,0.0,0.0,,,11.39252,91,90,8.829067,,,C ,,C ,,,,2.822,13.61201
2018-07-13 00:00:00.0,11.2875,18.8,5.6,,4.5,,10.75208,,4.9,,0.0,0.0,0.0,,,12.22398,90,85,9.837872,,,C ,,C ,,,,2.158,8.216997
2018-07-14 00:00:00.0,14.30764,22.6,8.2,,7.4,,11.87778,,7.8,,0.0,0.0,0.0,,,14.54348,88,87,12.43661,,,C ,,C ,,,,0.0,-2.407
2018-07-15 00:00:00.0,12.8632,17.6,6.9,,5.0,,12.01458,,5.7,,0.0,0.0,0.0,,,10.33196,77,75,7.310915,,,C ,,C ,,,,1.66,8.797997
2018-07-16 00:00:00.0,8.871526,15.2,4.4,,3.1,,11.08125,,3.8,,0.0,0.0,0.0,,,10.14112,88,85,7.127132,,,C ,,C ,,,,7.967996,13.69501
2018-07-17 00:00:00.0,11.37361,14.6,8.6,,7.7,,11.64654,,8.1,,0.8,0.4,0.2,,,13.29147,95,94,11.1401,,,C ,,C ,,,,0.0,7.553006
2018-07-18 00:00:00.0,12.95,14.1,12.2,,12.2,,12.6743,,12.1,,14.2,2.6,1.0,,,15.09349,100,100,13.11319,,,C ,,C ,,,,0.0,2.987999
2018-07-19 00:00:00.0,12.34931,13.5,10.5,,10.3,,12.83265,,10.3,,6.8,18.8,5.4,,,13.92224,100,100,11.87222,,,C ,,C ,,,,0.0,8.715008
2018-07-20 00:00:00.0,8.120834,10.6,5.9,,5.6,,11.18472,,5.7,,0.0,0.0,0.0,,,9.779707,96,97,6.590157,,,C ,,C ,,,,7.635996,
2018-07-21 00:00:00.0,7.370834,16.0,1.0,,0.1,,9.638194,,0.2,,0.0,0.0,0.0,,,8.069599,79,78,3.829267,,,C ,,C ,,,,10.956,16.10202
2018-07-22 00:00:00.0,8.206249,13.1,4.2,,3.4,,9.391666,,3.6,,0.0,0.0,0.0,,,9.656866,90,90,6.39713,,,C ,,C ,,,,10.79,19.33902
2018-07-23 00:00:00.0,5.813196,11.8,0.3,,-0.7,,8.907639,,-0.5,,0.0,0.0,0.0,,,6.605864,78,75,1.028962,,,C ,,C ,,,,16.10201,
2018-07-24 00:00:00.0,5.008572,14.0,-2.0,,-3.0,,8.352858,,-2.7,,0.4,0.0,0.0,,,7.749765,84,78,3.025904,,,C ,,C ,,,,10.956,10.541
2018-07-25 00:00:00.0,8.834044,11.4,6.4,,5.1,,,,5.7,,,,,,,,,,,,,  ,,  ,,,,,
2018-07-27 00:00:00.0,,,,,,,,,,,,,,,,,,,,,,  ,,  ,,,,,
2018-07-28 00:00:00.0,11.92778,13.3,10.4,,10.1,,12.71737,,10.1,,7.0,7.199999,1.4,,,13.97025,100,100,11.92917,,,C ,,C ,,,,0.0,8.632008
2018-07-29 00:00:00.0,11.69305,14.5,8.0,,6.0,,12.56736,,6.4,,0.0,0.2,0.2,,,12.57243,96,95,10.26324,,,C ,,C ,,,,1.66,11.45401
2018-07-30 00:00:00.0,9.226393,17.0,4.2,,3.1,,11.07361,,3.2,,0.0,0.0,0.0,,,9.911248,85,82,6.741429,,,C ,,C ,,,,9.461999,13.77801
2018-07-31 00:00:00.0,6.760416,13.3,-0.2,,-1.7,,10.26111,,-1.6,,0.0,0.0,0.0,,,6.853103,76,73,1.534018,,,C ,,C ,,,,15.27201,15.35502
2018-08-01 00:00:00.0,6.354166,13.4,1.1,,-1.0,,9.484029,,-0.4,,0.0,0.0,0.0,,,7.969388,84,81,3.644846,,,C ,,C ,,,,13.61201,14.02702
2018-08-02 00:00:00.0,6.697222,14.8,-0.5,,-1.4,,9.297916,,-1.7,,0.0,0.0,0.0,,,8.333445,86,84,4.225017,,,C ,,C ,,,,13.44601,12.94801
2018-08-03 00:00:00.0,8.090974,11.6,3.7,,2.3,,9.54166,,3.0,,0.0,0.0,0.0,,,10.92129,100,99,8.084121,,,C ,,C ,,,,9.627999,
2018-08-04 00:00:00.0,8.30903,16.0,4.3,,3.9,,10.25556,,4.1,,0.0,0.0,0.0,,,10.53004,95,91,7.551202,,,C ,,C ,,,,11.288,17.26402
2018-08-05 00:00:00.0,10.28264,19.8,2.8,,1.6,,10.48194,,1.8,,0.0,0.0,0.0,,,10.04868,80,78,6.946547,,,C ,,C ,,,,7.635996,7.138004
2018-08-06 00:00:00.0,12.97014,20.7,6.7,,5.2,,11.40278,,6.1,,0.0,0.0,0.0,,,11.86055,79,73,9.4385,,,C ,,C ,,,,0.664,1.411
2018-08-07 00:00:00.0,14.90417,21.0,10.2,,9.8,,12.19792,,9.8,,12.6,0.0,0.0,,,13.7687,81,74,11.68824,,,C ,,C ,,,,0.0,-5.312002
2018-08-08 00:00:00.0,11.35972,17.7,7.5,,6.8,,12.42917,,6.7,,4.6,17.2,5.2,,,12.22333,99,99,9.856358,,,C ,,C ,,,,0.332,15.10602
2018-08-09 00:00:00.0,8.643749,12.4,5.4,,4.8,,11.03056,,4.9,,0.0,0.0,0.0,,,9.347126,85,78,5.979954,,,C ,,C ,,,,7.635996,
2018-08-10 00:00:00.0,7.055557,13.4,2.1,,0.9,,10.65625,,1.2,,0.0,0.0,0.0,,,9.31603,93,92,5.795173,,,C ,,C ,,,,13.44601,18.75802
2018-08-11 00:00:00.0,10.07292,17.6,4.6,,3.5,,11.25833,,3.8,,0.0,0.0,0.0,,,12.73632,97,92,10.33521,,,C ,,C ,,,,3.983999,11.122
2018-08-12 00:00:00.0,11.40833,13.9,8.7,,7.0,,11.89722,,7.5,,0.0,0.0,0.0,,,13.49173,100,100,11.38088,,,C ,,C ,,,,0.0,10.20901
2018-08-13 00:00:00.0,14.18264,19.2,9.4,,8.2,,12.33055,,8.8,,0.8,0.8,0.2,,,16.05567,95,94,13.95016,,,C ,,C ,,,,0.0,-3.486
2018-08-14 00:00:00.0,12.80625,17.5,7.8,,7.3,,13.10417,,7.1,,0.0,0.0,0.0,,,10.88281,81,75,8.075134,,,C ,,C ,,,,0.996,8.133996
2018-08-15 00:00:00.0,9.584026,18.1,1.5,,0.0,,12.00069,,0.6,,0.0,0.0,0.0,,,9.04419,78,73,5.400929,,,C ,,C ,,,,8.133996,9.545003
2018-08-16 00:00:00.0,11.74236,19.3,5.8,,4.9,,12.34792,,5.3,,0.0,0.0,0.0,,,11.81561,85,82,9.323411,,,C ,,C ,,,,4.979998,4.979999
2018-08-17 00:00:00.0,14.37291,22.3,8.3,,7.5,,13.19861,,7.9,,0.0,0.0,0.0,,,15.31915,89,87,13.14058,,,C ,,C ,,,,0.0,-3.984
2018-08-18 00:00:00.0,16.77153,24.6,10.2,,9.2,,14.46041,,8.8,,11.4,8.799999,4.4,,,16.76962,93,92,14.4394,,,C ,,C ,,,,0.0,-5.809994
2018-08-19 00:00:00.0,8.989583,12.9,6.4,,5.8,,12.85764,,6.0,,0.2,2.8,1.0,,,8.829006,83,78,4.996382,,,C ,,C ,,,,4.979998,19.83702
2018-08-20 00:00:00.0,5.442362,11.6,0.5,,-0.1,,10.8632,,-0.2,,0.0,0.0,0.0,,,7.339533,85,82,2.490238,,,C ,,C ,,,,14.94001,
2018-08-21 00:00:00.0,5.96389,14.1,-1.7,,-2.9,,10.42153,,-2.6,,0.0,0.0,0.0,,,7.176304,78,76,2.088453,,,C ,,C ,,,,12.94801,9.544999
2018-08-22 00:00:00.0,8.47986,16.5,1.1,,0.0,,10.78195,,0.2,,0.0,0.0,0.0,,,9.809335,85,84,6.481115,,,C ,,C ,,,,7.967996,10.12601
2018-08-23 00:00:00.0,10.98403,15.5,7.9,,7.3,,11.5382,,7.4,,0.0,0.0,0.0,,,12.23505,92,87,9.918718,,,C ,,C ,,,,0.0,10.79001
2018-08-24 00:00:00.0,11.51111,16.2,8.6,,7.3,,11.87153,,7.7,,1.0,1.0,1.0,,,10.94569,85,79,8.078823,,,C ,,C ,,,,2.158,11.62001
2018-08-25 00:00:00.0,7.796527,14.8,1.4,,0.5,,10.81528,,0.5,,0.0,0.0,0.0,,,6.880045,71,69,1.476575,,,C ,,C ,,,,14.11001,15.02302
2018-08-26 00:00:00.0,10.98195,19.4,3.9,,2.5,,10.94056,,3.0,,0.0,0.0,0.0,,,8.796416,63,58,4.986341,,,C ,,C ,,,,7.137997,3.568998
2018-08-27 00:00:00.0,14.86364,22.4,7.0,,5.8,,12.37708,,6.3,,0.0,0.0,0.0,,,10.10061,62,61,7.105589,,,C ,,C ,,,,0.0,-3.651999
2018-08-28 00:00:00.0,15.39028,24.7,6.6,,5.3,,13.1993,,6.0,,0.0,0.0,0.0,,,10.37069,62,60,7.478091,,,C ,,C ,,,,0.664,-3.237
2018-08-29 00:00:00.0,17.75524,29.9,9.6,,8.2,,14.39301,,8.8,,1.0,1.0,1.0,,,17.20092,81,75,14.69834,,,C ,,C ,,,,0.0,-11.288
2018-08-30 00:00:00.0,14.0632,19.1,7.4,,6.9,,14.83958,,6.9,,0.4,0.4,0.4,,,14.27011,97,96,11.78074,,,C ,,C ,,,,0.0,6.722997
2018-08-31 00:00:00.0,8.484028,12.8,6.1,,5.7,,12.5757,,5.9,,0.0,0.0,0.0,,,9.220368,83,77,5.778477,,,C ,,C ,,,,6.307997,18.84102
2018-09-01 00:00:00.0,10.14476,15.7,6.6,,6.4,,12.66224,,6.4,,0.0,0.0,0.0,,,11.08748,90,87,8.445466,,,C ,,C ,,,,2.324,13.77801
2018-09-02 00:00:00.0,11.42014,19.8,5.0,,4.2,,13.12083,,4.6,,0.0,0.0,0.0,,,11.52245,86,86,8.94466,,,C ,,C ,,,,6.141997,6.474
2018-09-03 00:00:00.0,,,,,,,,,,,,,,,,,,,,,,  ,,  ,,,,,
2018-09-04 00:00:00.0,,,,,,,,,,,,,,,,,,,,,,  ,,  ,,,,,
2018-09-05 00:00:00.0,16.19583,23.3,9.8,,8.2,,14.90972,,8.9,,0.0,0.0,0.0,,,13.40687,76,68,11.30406,,,C ,,C ,,,,0.0,-6.473999
2018-09-06 00:00:00.0,17.78541,27.1,10.5,,9.5,,15.67986,,10.0,,0.0,0.0,0.0,,,14.71975,76,68,12.693,,,C ,,C ,,,,0.0,-9.296
2018-09-07 00:00:00.0,17.74445,24.9,12.3,,10.9,,16.59375,,11.5,,0.0,0.0,0.0,,,14.02077,73,69,11.70427,,,C ,,C ,,,,0.0,-10.624
2018-09-08 00:00:00.0,17.10486,24.3,13.4,,12.1,,16.86806,,12.8,,0.0,0.0,0.0,,,12.63772,66,59,10.34974,,,C ,,C ,,,,0.0,-9.129999
2018-09-09 00:00:00.0,15.87153,22.3,11.7,,10.7,,16.96598,,11.2,,0.2,0.0,0.0,,,13.91446,80,76,11.83699,,,C ,,C ,,,,0.0,-6.058999
2018-09-10 00:00:00.0,15.55208,21.4,12.5,,11.8,,17.12847,,11.6,,0.0,0.2,0.2,,,15.19281,88,89,13.20516,,,C ,,C ,,,,0.0,-7.469999
2018-09-11 00:00:00.0,15.76805,22.4,10.5,,9.6,,17.05416,,10.1,,0.0,0.0,0.0,,,14.70047,81,78,12.68622,,,C ,,C ,,,,0.0,-6.723002
2018-09-12 00:00:00.0,16.21111,21.9,12.8,,12.1,,17.175,,12.4,,0.0,0.0,0.0,,,15.23424,85,83,13.25214,,,C ,,C ,,,,0.0,-7.636
2018-09-13 00:00:00.0,16.02708,24.1,9.8,,9.0,,17.51528,,9.2,,0.0,0.0,0.0,,,15.31731,86,87,13.26302,,,C ,,C ,,,,0.0,-5.561
2018-09-14 00:00:00.0,15.87221,21.5,12.2,,11.0,,17.93959,,11.4,,0.0,0.0,0.0,,,16.38908,90,89,14.3739,,,C ,,C ,,,,0.0,-8.216997
2018-09-15 00:00:00.0,16.62917,22.1,11.2,,10.0,,17.9118,,10.2,,1.2,0.8,0.4,,,18.60946,96,94,16.23752,,,C ,,C ,,,,0.0,-11.288
2018-09-16 00:00:00.0,19.03542,24.2,16.7,,16.1,,18.91805,,16.4,,0.0,0.4,0.2,,,19.35192,90,89,16.96314,,,C ,,C ,,,,0.0,-17.18102
2018-09-17 00:00:00.0,18.22848,26.2,11.9,,11.5,,19.32986,,11.7,,0.0,0.0,0.0,,,17.95954,87,84,15.70418,,,C ,,C ,,,,0.0,-12.03501
2018-09-18 00:00:00.0,19.5618,26.9,14.1,,13.3,,19.4493,,13.7,,10.6,9.8,3.8,,,18.81175,86,83,16.42371,,,C ,,C ,,,,0.0,-14.19301
2018-09-19 00:00:00.0,15.6743,22.0,10.2,,9.2,,18.68125,,9.5,,0.0,0.8,0.6,,,12.54786,76,77,10.20346,,,C ,,C ,,,,0.0,-3.236998
2018-09-20 00:00:00.0,15.84792,23.7,8.6,,7.2,,17.91389,,7.4,,0.0,0.0,0.0,,,11.33278,65,54,8.756032,,,C ,,C ,,,,0.0,-6.557
2018-09-21 00:00:00.0,19.58334,29.1,12.7,,11.6,,18.6632,,12.2,,0.0,0.0,0.0,,,18.87486,78,75,16.29206,,,C ,,C ,,,,0.0,-16.18501
2018-09-22 00:00:00.0,23.53681,33.3,18.5,,17.9,,20.6625,,18.0,,36.0,36.0,24.2,,,24.46676,87,79,20.69282,,,C ,,C ,,,,0.0,-23.90403
2018-09-23 00:00:00.0,20.48542,25.8,15.9,,13.9,,20.58819,,14.6,,0.0,0.0,0.0,,,15.58724,70,58,13.15757,,,C ,,C ,,,,0.0,-17.01501
2018-09-24 00:00:00.0,17.40417,24.8,9.6,,8.1,,19.1125,,8.2,,0.0,0.0,0.0,,,12.67926,68,54,10.40316,,,C ,,C ,,,,0.0,-9.794001
2018-09-25 00:00:00.0,17.87847,24.4,12.2,,11.1,,19.2368,,11.2,,0.0,0.0,0.0,,,15.00873,73,64,12.76215,,,C ,,C ,,,,0.0,-15.60401
2018-09-26 00:00:00.0,19.86459,25.2,16.1,,15.3,,20.51945,,15.3,,0.0,0.0,0.0,,,18.69624,83,79,16.42173,,,C ,,C ,,,,0.0,-18.26002
2018-09-27 00:00:00.0,16.94584,20.0,14.6,,13.5,,19.58681,,13.9,,1.6,0.0,0.0,,,17.59159,92,87,15.44492,,,C ,,C ,,,,0.0,-12.201
2018-09-28 00:00:00.0,18.50486,24.0,15.2,,15.0,,19.4257,,14.8,,33.6,1.6,1.4,,,22.11045,98,98,18.9501,,,C ,,C ,,,,0.0,-16.76601
2018-09-29 00:00:00.0,20.35624,23.4,17.0,,16.1,,20.06944,,16.0,,18.4,52.0,36.6,,,22.24937,98,95,19.0827,,,C ,,C ,,,,0.0,-18.59202
2018-09-30 00:00:00.0,17.21389,22.3,12.9,,12.6,,19.17083,,12.4,,2.8,2.8,1.4,,,19.16705,99,100,16.66259,,,C ,,C ,,,,0.0,-11.952
2018-10-01 00:00:00.0,13.37361,16.1,7.1,,5.9,,17.95417,,6.0,,0.0,0.0,0.0,,,10.44361,76,69,7.259294,,,C ,,C ,,,,3.817999,7.137996
2018-10-02 00:00:00.0,10.43056,19.0,2.6,,1.8,,16.69514,,1.7,,0.0,0.0,0.0,,,8.79454,73,63,4.971213,,,C ,,C ,,,,7.137997,7.220992
2018-10-03 00:00:00.0,14.20625,23.5,5.2,,5.0,,17.37153,,4.4,,0.0,0.0,0.0,,,10.53716,68,53,7.677002,,,C ,,C ,,,,2.324,-1.826001
2018-10-04 00:00:00.0,14.95833,22.2,7.6,,6.9,,18.00486,,6.1,,0.0,0.0,0.0,,,10.08257,64,55,7.041266,,,C ,,C ,,,,0.0,-2.241
2018-10-05 00:00:00.0,14.35417,22.0,7.2,,7.4,,18.23611,,6.3,,0.0,0.0,0.0,,,11.34779,72,59,8.750362,,,C ,,C ,,,,0.0,-3.071
2018-10-06 00:00:00.0,15.39577,22.7,8.4,,8.9,,18.93451,,7.8,,0.0,0.0,0.0,,,13.5603,79,71,11.43386,,,C ,,C ,,,,0.0,-5.644
2018-10-07 00:00:00.0,17.8125,26.7,10.1,,10.3,,19.5125,,9.5,,0.0,0.0,0.0,,,14.3373,73,62,12.28114,,,C ,,C ,,,,0.0,-10.707
2018-10-08 00:00:00.0,21.95278,30.8,15.2,,16.4,,20.52778,,14.7,,6.599999,6.599999,5.2,,,23.43008,86,83,19.82681,,,C ,,C ,,,,0.0,-17.67902
2018-10-09 00:00:00.0,19.71806,24.0,15.0,,14.1,,20.7257,,14.1,,0.0,0.0,0.0,,,13.52117,66,61,10.79208,,,C ,,C ,,,,0.0,-14.94001
2018-10-10 00:00:00.0,15.28194,22.0,7.7,,6.7,,19.06111,,7.2,,3.8,0.0,0.0,,,8.301958,52,45,4.137537,,,C ,,C ,,,,0.0,-3.568998
2018-10-11 00:00:00.0,11.44166,12.9,10.4,,10.3,,17.73125,,9.7,,2.4,4.2,1.0,,,12.70103,96,100,10.47233,,,C ,,C ,,,,0.0,10.79001
2018-10-12 00:00:00.0,12.28542,18.6,8.6,,8.8,,16.91806,,8.3,,0.0,2.0,0.6,,,13.77046,96,95,11.5657,,,C ,,C ,,,,0.0,4.315999
2018-10-13 00:00:00.0,14.68889,24.2,6.3,,5.9,,17.49861,,5.7,,0.0,0.0,0.0,,,13.27319,78,77,10.94801,,,C ,,C ,,,,2.158,-3.402999
2018-10-14 00:00:00.0,18.15972,25.2,10.2,,9.0,,18.87292,,9.4,,0.0,0.0,0.0,,,15.04186,74,63,13.04233,,,C ,,C ,,,,0.0,-13.03101
2018-10-15 00:00:00.0,19.71666,27.2,10.9,,9.8,,19.79722,,10.2,,0.0,0.0,0.0,,,15.61882,71,64,13.61987,,,C ,,C ,,,,0.0,-14.85701
2018-10-16 00:00:00.0,21.11945,28.4,12.7,,11.9,,20.79861,,11.9,,0.0,0.0,0.0,,,17.38604,73,65,15.25289,,,C ,,C ,,,,0.0,-17.34702
2018-10-17 00:00:00.0,22.23472,31.4,15.0,,14.6,,21.74514,,14.2,,0.0,0.0,0.0,,,20.56552,78,68,17.87076,,,C ,,C ,,,,0.0,-19.50502
2018-10-18 00:00:00.0,19.84931,24.7,16.9,,17.1,,21.09098,,16.4,,1.0,1.0,0.8,,,20.29362,91,85,17.65511,,,C ,,C ,,,,0.0,-18.26002
2018-10-19 00:00:00.0,17.36574,23.9,12.3,,12.1,,20.79161,,11.7,,,0.0,0.0,,,16.43983,84,81,14.39963,,,C ,,C ,,,,0.0,-11.86901
2018-10-22 00:00:00.0,,,,,,,,,,,0.2,,,,,,,93,,,,  ,,  ,,,,,
2018-10-23 00:00:00.0,16.29723,23.0,9.8,,9.7,,19.53402,,9.3,,8.200001,0.0,0.0,,,13.7943,78,70,11.71694,,,C ,,C ,,,,0.0,-6.474
2018-10-24 00:00:00.0,12.1,14.5,10.1,,11.3,,18.41945,,9.6,,9.599997,17.8,2.4,,,13.84646,99,100,11.78097,,,C ,,C ,,,,0.0,6.557003
2018-10-25 00:00:00.0,15.14305,20.6,10.8,,11.6,,17.81875,,10.4,,0.0,0.0,0.0,,,16.39984,95,97,14.2962,,,C ,,C ,,,,0.0,-5.975998
2018-10-26 00:00:00.0,16.62083,23.4,12.2,,12.9,,18.64097,,11.7,,0.0,0.0,0.0,,,16.08329,86,86,14.00819,,,C ,,C ,,,,0.0,-9.544999
2018-10-27 00:00:00.0,16.78542,24.8,10.3,,10.7,,19.49375,,9.6,,0.0,0.0,0.0,,,15.12365,80,78,13.05577,,,C ,,C ,,,,0.0,-8.382999
2018-10-28 00:00:00.0,18.38264,26.4,10.4,,10.9,,20.08889,,9.7,,0.0,0.0,0.0,,,15.86353,77,77,13.72218,,,C ,,C ,,,,0.0,-11.86901
2018-10-29 00:00:00.0,20.65486,28.0,13.8,,14.3,,20.76597,,13.3,,9.199998,0.0,0.0,,,18.14628,76,64,15.93334,,,C ,,C ,,,,0.0,-17.43002
2018-10-30 00:00:00.0,17.83195,21.5,16.2,,17.5,,20.05557,,15.8,,12.6,21.6,3.2,,,17.7955,92,92,15.63395,,,C ,,C ,,,,0.0,-11.95202
2018-10-31 00:00:00.0,16.6,21.4,11.4,,12.3,,19.41111,,11.0,,0.0,0.2,0.2,,,16.68801,91,91,14.51743,,,C ,,C ,,,,0.0,-8.714998
2018-11-01 00:00:00.0,13.80972,21.3,6.4,,5.4,,19.38264,,5.5,,0.0,0.0,0.0,,,11.49457,76,69,8.965496,,,C ,,C ,,,,1.826,-0.8300006
2018-11-02 00:00:00.0,15.51875,20.6,10.9,,11.3,,19.36389,,10.6,,0.2,0.0,0.0,,,16.90623,92,87,14.69046,,,C ,,C ,,,,0.0,-9.130005
2018-11-03 00:00:00.0,20.54756,28.8,13.3,,13.1,,20.5375,,12.6,,0.0,0.2,0.2,,,17.14245,74,64,15.03073,,,C ,,C ,,,,0.0,-15.85301
2018-11-04 00:00:00.0,21.6368,29.4,13.8,,14.6,,21.64583,,13.1,,0.0,0.0,0.0,,,16.91473,68,58,14.82668,,,C ,,C ,,,,0.0,-18.26002
2018-11-05 00:00:00.0,21.57639,28.0,17.0,,19.3,,21.95347,,16.5,,0.0,0.0,0.0,,,20.2116,81,80,17.62642,,,C ,,C ,,,,0.0,-21.33103
2018-11-06 00:00:00.0,21.52152,28.8,17.0,,19.3,,22.30695,,16.3,,0.0,0.0,0.0,,,19.20214,79,75,16.71696,,,C ,,C ,,,,0.0,-18.34302
2018-11-07 00:00:00.0,18.81597,26.7,10.6,,11.4,,22.31666,,9.8,,0.0,0.0,0.0,,,15.84722,77,75,13.75146,,,C ,,C ,,,,0.0,-12.03501
2018-11-08 00:00:00.0,20.81597,29.3,13.2,,18.5,,22.90139,,12.7,,0.0,0.0,0.0,,,18.75986,76,71,16.40957,,,C ,,C ,,,,0.0,-17.51302
2018-11-09 00:00:00.0,25.77847,34.1,19.2,,25.3,,24.11597,,18.6,,0.0,0.0,0.0,,,25.65589,75,73,21.44235,,,C ,,C ,,,,0.0,-23.90403
2018-11-10 00:00:00.0,23.3625,27.3,18.1,,,,23.58681,,17.6,,65.00002,52.00001,13.0,,,23.20482,85,91,19.6738,,,C ,,C ,,,,0.0,-23.90403
2018-11-11 00:00:00.0,21.48611,25.6,18.4,,,,22.30626,,18.2,,2.0,14.0,2.4,,,23.66312,90,89,20.0535,,,C ,,C ,,,,0.0,-23.90403
2018-11-12 00:00:00.0,22.88333,27.9,20.6,,,,22.52014,,20.1,,37.4,7.799999,1.6,,,24.0444,86,85,20.35453,,,C ,,C ,,,,0.0,-23.90403
2018-11-13 00:00:00.0,22.53125,29.1,19.2,,,,23.26112,,18.9,,0.2,30.8,10.8,,,24.22588,91,96,20.3862,,,C ,,C ,,,,0.0,-23.48903
2018-11-14 00:00:00.0,20.31181,26.0,14.5,,,,22.66736,,14.0,,0.0,0.0,0.0,,,17.92215,78,70,15.73449,,,C ,,C ,,,,0.0,-18.09402
2018-11-15 00:00:00.0,23.00694,31.9,15.5,,,,23.12361,,14.7,,4.4,1.2,1.0,,,17.03384,66,49,14.92078,,,C ,,C ,,,,0.0,-18.42602
2018-11-16 00:00:00.0,18.00764,24.1,10.1,,,,22.94584,,9.6,,0.0,3.2,1.4,,,15.4142,76,71,13.27295,,,C ,,C ,,,,0.0,-13.61201
2018-11-17 00:00:00.0,19.85348,24.3,17.0,,,,22.07015,,16.7,,2.2,2.2,1.2,,,20.42667,91,91,17.79526,,,C ,,C ,,,,0.0,-19.83702
2018-11-18 00:00:00.0,18.95455,25.1,11.7,,,,21.8056,,10.5,,0.0,0.0,0.0,,,12.68875,63,51,10.19091,,,C ,,C ,,,,0.0,-13.61201
2018-11-19 00:00:00.0,20.6507,27.8,12.4,,,,22.18264,,11.5,,0.0,0.0,0.0,,,14.24922,61,47,12.16395,,,C ,,C ,,,,0.0,-17.59602
2018-11-20 00:00:00.0,23.49583,30.3,15.8,,,,23.06597,,15.2,,0.0,0.0,0.0,,,16.56771,58,49,14.52096,,,C ,,C ,,,,0.0,-21.58002
2018-11-26 00:00:00.0,,,,,,,,,,,,,,,,,,,,,,  ,,  ,,,,,
2018-11-27 00:00:00.0,18.9389,21.6,15.4,,19.5,,21.55763,,14.7,,0.0,0.0,0.0,,,17.04763,79,76,14.94759,,,C ,,C ,,,,0.0,-19.92002
2018-11-28 00:00:00.0,20.96224,27.9,14.5,,19.0,,22.23287,,13.7,,0.0,0.0,0.0,,,19.59681,82,80,17.13581,,,C ,,C ,,,,0.0,-17.26402
2018-11-29 00:00:00.0,20.60903,27.8,15.2,,26.4,,22.90902,,14.6,,0.0,0.0,0.0,,,19.4893,82,83,17.02374,,,C ,,C ,,,,0.0,-17.43002
2018-11-30 00:00:00.0,21.33749,28.8,14.2,,26.7,,22.98542,,13.6,,18.6,18.4,10.6,,,17.43193,71,71,15.21216,,,C ,,C ,,,,0.0,-16.26801
2018-12-01 00:00:00.0,17.24167,21.4,13.7,,,,22.05278,,13.6,,0.0,0.2,0.6,,,13.4994,74,68,11.32569,,,C ,,C ,,,,0.0,-9.378999
2018-12-02 00:00:00.0,14.40625,21.3,6.9,,6.8,,20.92499,,5.9,,0.0,0.0,0.0,,,11.04114,73,60,8.363677,,,C ,,C ,,,,,-1.245001
2018-12-03 00:00:00.0,18.8757,28.3,9.4,,9.7,,20.8743,,8.2,,0.0,0.0,0.0,,,14.30643,67,55,11.99622,,,C ,,C ,,,,0.0,-13.61201
2018-12-04 00:00:00.0,20.76319,28.1,12.5,,14.7,,22.05417,,11.8,,0.0,0.0,0.0,,,16.42124,74,68,14.34479,,,C ,,C ,,,,0.0,-15.43801
2018-12-05 00:00:00.0,18.70764,26.4,11.0,,15.0,,22.08751,,10.2,,0.0,0.0,0.0,,,15.77158,76,71,13.6929,,,C ,,C ,,,,0.0,-12.20101
2018-12-06 00:00:00.0,17.76875,23.4,13.2,,20.3,,22.27292,,12.6,,0.0,0.0,0.0,,,13.89375,74,74,11.68575,,,C ,,C ,,,,0.0,-10.956
2018-12-07 00:00:00.0,17.0507,25.5,8.8,,19.5,,22.03195,,8.1,,0.0,0.0,0.0,,,13.48071,72,62,11.30089,,,C ,,C ,,,,0.0,-8.963999
2018-12-08 00:00:00.0,19.91667,28.1,11.7,,24.9,,22.51111,,11.0,,0.0,0.0,0.0,,,12.57653,57,46,10.28871,,,C ,,C ,,,,0.0,-15.85301
2018-12-09 00:00:00.0,21.38889,29.8,14.7,,27.7,,22.47917,,14.0,,10.0,9.8,5.8,,,15.92283,66,61,13.82362,,,C ,,C ,,,,0.0,-17.01501
2018-12-10 00:00:00.0,22.61041,32.9,13.2,,23.0,,23.25625,,12.9,,19.2,0.2,0.2,,,17.27675,61,62,14.87288,,,C ,,C ,,,,0.0,-17.59602
2018-12-11 00:00:00.0,21.07709,23.4,19.2,,20.6,,22.5868,,18.9,,15.4,34.40002,7.2,,,17.40726,72,65,15.05757,,,C ,,C ,,,,0.0,-23.90403
2018-12-12 00:00:00.0,24.13472,32.2,18.3,,19.7,,23.52361,,18.1,,10.2,0.2,0.2,,,18.11256,62,70,15.58999,,,C ,,C ,,,,0.0,-23.90403
2018-12-13 00:00:00.0,18.35417,21.5,15.8,,18.1,,22.37361,,15.3,,107.6,93.60001,24.4,,,19.2431,95,99,16.88267,,,C ,,C ,,,,0.0,-14.94002
2018-12-14 00:00:00.0,19.88264,24.8,15.7,,19.0,,21.43749,,15.3,,0.0,24.2,14.4,,,20.05844,85,91,17.33434,,,C ,,C ,,,,0.0,-21.24803
2018-12-15 00:00:00.0,20.62222,27.5,11.6,,15.2,,22.18749,,10.9,,0.0,0.0,0.0,,,15.30264,68,60,13.21416,,,C ,,C ,,,,0.0,-15.43801
2018-12-16 00:00:00.0,23.62361,31.3,16.0,,21.2,,23.30625,,15.2,,26.0,0.0,0.0,,,25.04439,81,76,20.85047,,,C ,,C ,,,,0.0,-21.91203
2018-12-17 00:00:00.0,23.24653,28.5,19.2,,,,24.33403,,18.9,,0.0,26.0,11.4,,,24.82975,93,86,20.83448,,,C ,,C ,,,,0.0,-23.07403
2018-12-18 00:00:00.0,19.66944,25.7,15.2,,,,23.63194,,15.1,,0.0,0.0,0.0,,,19.62493,86,81,17.16901,,,C ,,C ,,,,0.0,-18.92402
2018-12-19 00:00:00.0,22.51538,28.8,18.7,,25.7,,23.95246,,18.2,,0.0,0.0,0.0,,,23.52081,86,85,20.06803,,,C ,,C ,,,,0.0,-23.73803
2018-12-20 00:00:00.0,24.08542,31.1,20.2,,24.0,,24.50416,,19.7,,4.0,4.0,4.0,,,25.35621,87,80,21.26589,,,C ,,C ,,,,0.0,-23.90403
2018-12-21 00:00:00.0,22.87292,28.5,18.1,,27.2,,24.35903,,17.4,,0.0,0.0,0.0,,,20.67203,77,70,17.97604,,,C ,,C ,,,,0.0,-23.90403
2018-12-22 00:00:00.0,23.00694,30.2,16.4,,27.7,,24.25,,15.5,,,,,,,19.65108,73,69,17.15049,,,C ,,C ,,,,,-20.08602
2018-12-23 00:00:00.0,,,,,,,,,,,,,,,,,,60,,,,  ,,  ,,,,,
2018-12-24 00:00:00.0,,,,,,,,,,,,,,,,,,61,,,,  ,,  ,,,,,
2018-12-25 00:00:00.0,,,,,,,,,,,,,,,,,,61,,,,  ,,  ,,,,,
2018-12-26 00:00:00.0,27.68032,,,,,,26.0,,,,,,,,,26.85531,73,71,22.20619,,,C ,,C ,,,,,-21.24802
2018-12-27 00:00:00.0,,,,,,,,,,,,,,,,,,,,,,  ,,  ,,,,,
2019-01-30 00:00:00.0,,,,,,,,,,,,,,,,,,,,,,  ,,  ,,,,,
2019-01-31 00:00:00.0,25.63984,,,,,,27.95,,,,,,,,,27.79894,85,,22.67939,,,C ,,C ,,,,,-21.24802
2019-02-01 00:00:00.0,27.13055,33.6,22.8,,21.9,,28.40695,,20.6,,3.2,3.2,3.2,,,30.42253,85,87,24.2632,,,C ,,C ,,,,0.0,-23.90403
2019-02-02 00:00:00.0,23.875,27.0,19.0,,17.6,,28.03472,,17.9,,0.0,0.0,0.0,,,19.82797,74,62,17.01564,,,C ,,C ,,,,0.0,-21.08202
2019-02-03 00:00:00.0,18.98889,27.0,12.1,,10.8,,26.3514,,11.3,,0.0,0.0,0.0,,,15.94513,77,72,13.84388,,,C ,,C ,,,,0.0,-13.19701
2019-02-04 00:00:00.0,20.68472,28.2,14.0,,13.2,,26.07778,,13.4,,0.0,0.0,0.0,,,18.06185,77,68,15.86196,,,C ,,C ,,,,0.0,-16.35102
2019-02-05 00:00:00.0,21.64721,28.8,14.6,,13.9,,26.05902,,14.0,,0.0,0.0,0.0,,,19.71957,78,69,17.22912,,,C ,,C ,,,,0.0,-18.92402
2019-02-06 00:00:00.0,23.02084,29.9,16.9,,15.8,,26.19028,,16.2,,0.0,0.0,0.0,,,21.56101,79,72,18.66827,,,C ,,C ,,,,0.0,-21.41402
2019-02-07 00:00:00.0,24.72014,31.8,18.6,,17.1,,26.56042,,17.5,,0.0,0.0,0.0,,,24.20016,79,75,20.50898,,,C ,,C ,,,,0.0,-23.90403
2019-02-08 00:00:00.0,26.55972,33.7,20.1,,19.1,,27.10556,,19.4,,0.0,0.0,0.0,,,25.92858,78,73,21.65309,,,C ,,C ,,,,0.0,-23.90403
2019-02-09 00:00:00.0,26.44305,34.2,21.6,,21.0,,27.60139,,21.2,,0.0,0.0,0.0,,,25.98285,81,81,21.66109,,,C ,,C ,,,,0.0,-23.90403
2019-02-10 00:00:00.0,26.32153,34.4,18.6,,17.6,,27.74931,,17.7,,55.4,0.0,0.0,,,25.98919,76,65,21.65912,,,C ,,C ,,,,0.0,-23.90403
2019-02-11 00:00:00.0,22.30972,26.6,18.4,,17.6,,26.21876,,17.8,,0.0,55.4,27.6,,,20.95856,85,83,17.97469,,,C ,,C ,,,,0.0,-21.08202
2019-02-12 00:00:00.0,16.79861,22.5,11.2,,10.1,,24.42986,,10.5,,0.0,0.0,0.0,,,13.57907,76,69,11.44773,,,C ,,C ,,,,0.0,-8.465998
2019-02-13 00:00:00.0,17.51875,24.7,10.3,,9.6,,23.77222,,9.5,,3.400001,0.0,0.0,,,15.01601,75,69,12.97441,,,C ,,C ,,,,0.0,-13.19701
2019-02-14 00:00:00.0,19.1375,25.1,15.1,,14.5,,23.98472,,13.9,,1.2,4.6,1.4,,,19.20042,89,88,16.84653,,,C ,,C ,,,,0.0,-15.68701
2019-02-15 00:00:00.0,20.64652,29.3,13.4,,12.7,,24.18749,,12.9,,0.0,0.0,0.0,,,18.49001,78,77,16.21217,,,C ,,C ,,,,0.0,-15.68701
2019-02-16 00:00:00.0,22.00971,30.9,13.6,,12.6,,24.84376,,13.0,,0.0,0.0,0.0,,,20.1888,79,73,17.53953,,,C ,,C ,,,,0.0,-17.18102
2019-02-17 00:00:00.0,24.2375,31.6,18.3,,17.4,,25.42013,,17.7,,0.0,0.0,0.0,,,24.47975,81,77,20.70635,,,C ,,C ,,,,0.0,-23.90403
2019-02-18 00:00:00.0,25.74931,32.7,19.9,,19.0,,25.98333,,19.5,,0.0,0.0,0.0,,,26.01681,80,75,21.72327,,,C ,,C ,,,,0.0,-23.90403
2019-02-19 00:00:00.0,27.60347,35.2,21.5,,20.6,,26.57223,,21.0,,0.0,0.0,0.0,,,27.86006,77,69,22.85592,,,C ,,C ,,,,0.0,-23.90403
2019-02-20 00:00:00.0,28.42986,35.2,21.8,,20.9,,27.08612,,21.2,,0.0,0.0,0.0,,,29.0496,78,71,23.53412,,,C ,,C ,,,,0.0,-23.90403
2019-02-21 00:00:00.0,28.88402,35.8,23.1,,22.1,,27.48126,,22.4,,0.0,0.0,0.0,,,27.74883,72,63,22.7553,,,C ,,C ,,,,0.0,-23.90403
2019-02-22 00:00:00.0,27.35972,34.6,21.9,,21.4,,27.05416,,21.3,,42.20001,35.8,30.6,,,28.06455,82,83,22.95505,,,C ,,C ,,,,0.0,-23.90403
2019-02-23 00:00:00.0,22.67153,24.3,21.1,,21.0,,25.83543,,20.9,,49.60001,55.8,16.0,,,27.06101,100,100,22.35624,,,C ,,C ,,,,0.0,-23.90403
2019-02-24 00:00:00.0,21.38055,25.7,17.1,,16.0,,25.45416,,16.3,,0.0,0.2,0.2,,,20.99363,87,85,18.17006,,,C ,,C ,,,,0.0,-21.08202
2019-02-25 00:00:00.0,17.62708,23.0,12.7,,11.9,,24.59861,,12.2,,0.0,0.0,0.0,,,14.44226,75,71,12.38958,,,C ,,C ,,,,0.0,-11.039
2019-02-26 00:00:00.0,15.43403,22.2,7.8,,6.6,,23.35208,,6.4,,0.0,0.0,0.0,,,11.00745,70,70,8.171234,,,C ,,C ,,,,0.0,-2.904998
2019-02-27 00:00:00.0,18.51319,27.0,10.6,,9.3,,22.97223,,9.6,,0.0,0.0,0.0,,,14.16705,65,60,12.10873,,,C ,,C ,,,,0.0,-16.43401
2019-02-28 00:00:00.0,20.80973,27.3,14.1,,13.1,,23.72918,,13.5,,0.0,0.0,0.0,,,16.8663,74,70,14.75203,,,C ,,C ,,,,0.0,-17.18102
2019-03-01 00:00:00.0,22.22013,30.0,15.6,,14.5,,23.88322,,15.1,,0.0,0.0,0.0,,,20.61174,75,67,17.91405,,,C ,,C ,,,,0.0,-18.26002
2019-03-02 00:00:00.0,21.4979,25.7,14.9,,14.3,,24.20559,,14.5,,0.0,0.0,0.0,,,17.91173,77,75,15.68662,,,C ,,C ,,,,0.0,-18.67502
2019-03-03 00:00:00.0,20.78227,28.7,14.8,,13.9,,24.00494,,14.2,,49.6,1.6,1.6,,,19.62782,77,73,17.15737,,,C ,,C ,,,,0.0,-17.01502
2019-03-04 00:00:00.0,20.63819,24.8,17.4,,17.3,,23.32986,,17.2,,0.0,48.0,11.2,,,21.87215,95,94,18.90417,,,C ,,C ,,,,0.0,-20.33502
2019-03-05 00:00:00.0,21.73566,29.7,15.5,,14.6,,23.59432,,15.0,,,0.0,0.0,,,22.6003,86,88,19.3431,,,C ,,C ,,,,0.0,-18.67502
2019-03-06 00:00:00.0,,,,,,,,,,,,,,,,,,,,,,  ,,  ,,,,,
2019-03-07 00:00:00.0,26.3868,33.9,21.4,,21.1,,25.66041,,21.0,,8.4,8.4,4.2,,,29.34148,88,84,23.65398,,,C ,,C ,,,,0.0,-23.90403
2019-03-08 00:00:00.0,20.3257,24.5,15.9,,14.4,,25.21735,,15.1,,0.0,0.0,0.0,,,17.72136,81,74,15.28859,,,C ,,C ,,,,0.0,-16.76602
2019-03-09 00:00:00.0,15.85972,24.1,9.8,,9.0,,23.47917,,9.2,,,0.0,0.0,,,14.31859,81,78,12.21129,,,C ,,C ,,,,0.0,-5.644
2019-03-15 00:00:00.0,,,,,,,,,,,0.0,,,,,,,,,,,  ,,  ,,,,,
2019-03-16 00:00:00.0,22.21876,28.8,19.7,,18.9,,23.85487,,18.9,,5.2,5.2,2.6,,,24.56445,94,88,20.78919,,,C ,,C ,,,,0.0,-23.90403
2019-03-17 00:00:00.0,22.71111,29.8,19.1,,18.7,,24.20555,,18.7,,0.0,0.0,0.0,,,24.14252,89,88,20.50722,,,C ,,C ,,,,0.0,-23.90403
2019-03-18 00:00:00.0,22.50972,29.3,17.2,,16.6,,24.24376,,16.7,,0.0,0.0,0.0,,,21.3854,82,82,18.52789,,,C ,,C ,,,,0.0,-21.33102
2019-03-19 00:00:00.0,16.64236,20.2,13.9,,12.7,,22.98681,,12.3,,1.4,1.4,1.0,,,16.38551,92,92,14.32878,,,C ,,C ,,,,0.0,-5.229001
2019-03-20 00:00:00.0,14.93889,21.3,9.3,,8.0,,21.57222,,8.4,,0.0,0.0,0.0,,,12.22342,78,73,9.87249,,,C ,,C ,,,,0.0,-2.655999
2019-03-21 00:00:00.0,13.68542,22.2,6.5,,5.6,,20.77916,,5.6,,0.0,0.0,0.0,,,13.14673,84,86,10.8805,,,C ,,C ,,,,1.992,-1.162
2019-03-22 00:00:00.0,16.46667,24.4,11.1,,9.7,,20.94306,,10.4,,0.0,0.0,0.0,,,14.07043,79,74,12.0164,,,C ,,C ,,,,0.0,-6.058997
2019-03-23 00:00:00.0,17.87222,26.5,11.0,,9.7,,21.13681,,10.4,,0.0,0.0,0.0,,,16.00495,77,78,13.9486,,,C ,,C ,,,,0.0,-11.95201
2019-03-24 00:00:00.0,18.50486,23.3,13.9,,12.8,,21.18749,,13.0,,0.0,0.0,0.0,,,15.18969,77,70,13.0874,,,C ,,C ,,,,0.0,-13.28001
2019-03-25 00:00:00.0,13.67292,20.8,7.3,,5.9,,20.26041,,6.4,,0.0,0.0,0.0,,,12.19884,81,78,9.857183,,,C ,,C ,,,,0.0,0.1659988
2019-03-26 00:00:00.0,15.88194,24.7,9.6,,8.3,,20.29652,,8.9,,0.0,0.0,0.0,,,14.61682,84,85,12.58473,,,C ,,C ,,,,0.0,-4.730996
2019-03-27 00:00:00.0,15.76458,24.7,8.6,,7.9,,20.2257,,8.0,,0.0,0.0,0.0,,,14.93305,84,86,12.81607,,,C ,,C ,,,,0.0,-5.560999
2019-03-28 00:00:00.0,18.46458,26.6,12.7,,11.5,,20.56527,,12.0,,0.0,0.0,0.0,,,17.69999,82,80,15.4873,,,C ,,C ,,,,0.0,-16.18501
2019-03-29 00:00:00.0,22.17639,29.4,17.5,,16.8,,21.91459,,17.1,,0.0,0.0,0.0,,,21.80145,82,81,18.82978,,,C ,,C ,,,,0.0,-22.57603
2019-03-30 00:00:00.0,24.20972,32.1,18.2,,17.6,,22.89097,,17.8,,0.0,0.0,0.0,,,24.69346,84,83,20.83672,,,C ,,C ,,,,0.0,-23.90403
2019-03-31 00:00:00.0,23.63125,31.7,19.5,,18.3,,23.43819,,18.6,,0.0,0.0,0.0,,,23.97593,86,85,20.36544,,,C ,,C ,,,,0.0,-23.90403
2019-04-01 00:00:00.0,22.51736,29.2,17.0,,15.6,,23.27361,,16.0,,0.0,0.0,0.0,,,25.18147,90,90,21.12229,,,C ,,C ,,,,0.0,-23.32303
2019-04-02 00:00:00.0,25.05765,32.9,19.3,,18.5,,23.69167,,18.7,,0.0,0.0,0.0,,,25.18922,81,79,21.14468,,,C ,,C ,,,,0.0,-23.90403
2019-04-03 00:00:00.0,21.50903,27.3,15.0,,14.1,,23.61389,,14.4,,0.0,0.0,0.0,,,18.5133,78,78,16.22686,,,C ,,C ,,,,0.0,-17.92802
2019-04-04 00:00:00.0,19.62639,30.0,16.0,,15.4,,22.6264,,15.7,,1.2,1.2,1.0,,,19.19065,86,82,16.55085,,,C ,,C ,,,,0.0,-17.18102
2019-04-05 00:00:00.0,16.28264,22.8,11.2,,10.0,,21.23055,,10.4,,0.0,0.0,0.0,,,13.49116,80,77,11.34601,,,C ,,C ,,,,0.0,-4.896993
2019-04-06 00:00:00.0,14.53125,23.5,6.9,,6.3,,20.55208,,6.1,,0.0,0.0,0.0,,,13.37744,82,78,11.16374,,,C ,,C ,,,,,-1.494
2019-04-07 00:00:00.0,16.74444,27.3,8.0,,7.0,,20.4007,,7.3,,0.0,0.0,0.0,,,14.20335,77,76,12.08885,,,C ,,C ,,,,0.0,-6.474
2019-04-08 00:00:00.0,18.01805,28.2,9.6,,8.7,,20.6007,,8.8,,0.0,0.0,0.0,,,14.71249,76,76,12.66204,,,C ,,C ,,,,0.0,-8.050999
2019-04-09 00:00:00.0,19.45972,28.3,12.1,,11.1,,20.85208,,11.6,,0.0,0.0,0.0,,,17.52231,79,75,15.36887,,,C ,,C ,,,,0.0,-14.27601
2019-04-10 00:00:00.0,20.08125,28.6,12.8,,11.6,,21.10417,,12.0,,7.2,7.2,2.8,,,18.45472,81,78,16.18008,,,C ,,C ,,,,0.0,-15.35501
2019-04-11 00:00:00.0,16.92778,21.5,11.9,,10.6,,20.9611,,10.9,,0.0,0.0,0.0,,,15.46166,88,86,13.35712,,,C ,,C ,,,,0.0,-5.726992
2019-04-12 00:00:00.0,13.51597,22.2,6.4,,5.1,,19.74792,,5.6,,0.0,0.0,0.0,,,12.70469,82,82,10.38421,,,C ,,C ,,,,1.494,-0.2490001
2019-04-13 00:00:00.0,17.27203,26.8,10.0,,8.4,,,,9.2,,,,,,,,,71,,,,  ,,  ,,,,,
2019-04-17 00:00:00.0,,,,,,,,,,,,,,,,,,,,,,  ,,  ,,,,,
2019-04-18 00:00:00.0,18.49583,26.3,12.5,,11.5,,19.56736,,11.8,,0.0,0.0,0.0,,,17.52753,83,81,15.38983,,,C ,,C ,,,,0.0,-13.19701
2019-04-19 00:00:00.0,21.3625,30.9,15.4,,14.2,,20.29375,,14.7,,0.0,0.0,0.0,,,21.2181,82,74,18.34509,,,C ,,C ,,,,0.0,-18.59202
2019-04-20 00:00:00.0,19.18611,25.6,12.8,,11.4,,20.59306,,11.9,,0.0,0.0,0.0,,,14.17793,73,71,11.95345,,,C ,,C ,,,,0.0,-11.039
2019-04-21 00:00:00.0,14.97361,23.6,9.6,,8.5,,19.6375,,8.7,,0.0,0.0,0.0,,,12.46945,79,75,10.18338,,,C ,,C ,,,,0.0,-1.743001
2019-04-22 00:00:00.0,14.82083,24.6,9.8,,8.9,,19.16667,,8.9,,0.0,0.0,0.0,,,13.13787,80,79,10.9129,,,C ,,C ,,,,0.0,-1.328001
2019-04-23 00:00:00.0,14.57569,22.4,9.7,,8.3,,18.9493,,8.7,,0.0,0.0,0.0,,,13.80287,85,83,11.73413,,,C ,,C ,,,,0.0,-2.49
2019-04-24 00:00:00.0,14.80695,20.8,9.4,,8.5,,18.62778,,8.8,,1.2,1.2,0.8,,,16.78437,94,92,14.53,,,C ,,C ,,,,0.0,-6.806005
2019-04-25 00:00:00.0,17.2368,21.5,13.8,,12.8,,18.81945,,13.1,,4.4,0.0,0.0,,,18.35328,92,94,16.10502,,,C ,,C ,,,,0.0,-14.35901
2019-04-26 00:00:00.0,17.62012,19.0,16.2,,15.9,,19.23264,,15.8,,6.199998,10.39999,2.8,,,19.7678,99,100,17.30253,,,C ,,C ,,,,0.0,-15.18902
2019-04-27 00:00:00.0,17.35555,21.0,14.7,,13.7,,19.40694,,14.0,,0.0,0.2,0.2,,,19.01932,98,98,16.67149,,,C ,,C ,,,,0.0,-10.956
2019-04-28 00:00:00.0,17.49999,24.3,12.5,,11.7,,19.28889,,11.9,,0.0,0.0,0.0,,,17.05686,88,83,14.9801,,,C ,,C ,,,,0.0,-10.79
2019-04-29 00:00:00.0,16.7243,25.3,10.5,,9.8,,19.05069,,9.9,,0.0,0.0,0.0,,,16.0529,85,79,13.74205,,,C ,,C ,,,,0.0,-6.473997
2019-04-30 00:00:00.0,13.41389,21.5,6.8,,6.2,,18.26806,,6.2,,0.0,0.0,0.0,,,9.532835,71,70,6.189423,,,C ,,C ,,,,1.162,4.730999
2019-05-01 00:00:00.0,12.84167,22.5,5.6,,4.3,,17.25278,,4.7,,0.0,0.0,0.0,,,11.78265,76,73,9.247886,,,C ,,C ,,,,5.311998,-0.6640001
2019-05-02 00:00:00.0,17.6757,23.9,13.2,,12.2,,17.75694,,12.6,,0.0,0.0,0.0,,,17.54078,86,84,15.3406,,,C ,,C ,,,,0.0,-13.11401
2019-05-03 00:00:00.0,19.72986,27.0,14.6,,13.7,,18.55972,,14.0,,0.0,0.0,0.0,,,15.58302,73,68,13.48406,,,C ,,C ,,,,0.0,-13.86101
2019-05-04 00:00:00.0,18.20347,24.1,13.7,,12.4,,18.71111,,12.7,,0.0,0.0,0.0,,,17.65346,83,78,15.4633,,,C ,,C ,,,,0.0,-16.26801
2019-05-05 00:00:00.0,18.8375,21.0,16.9,,16.2,,19.34027,,16.3,,3.0,3.0,1.6,,,21.40705,100,100,18.55,,,C ,,C ,,,,0.0,-20.99902
2019-05-06 00:00:00.0,16.85763,23.5,12.0,,10.8,,19.06875,,11.2,,0.0,0.0,0.0,,,14.94989,85,81,12.9303,,,C ,,C ,,,,0.0,-5.892994
2019-05-07 00:00:00.0,13.30556,21.1,6.3,,5.2,,17.82708,,5.6,,2.2,1.6,0.8,,,16.41687,100,100,13.85625,,,C ,,C ,,,,1.66,1.079002
2019-05-08 00:00:00.0,16.62222,23.1,11.7,,10.9,,18.29375,,10.9,,0.0,0.6,0.4,,,16.29659,89,87,14.25651,,,C ,,C ,,,,0.0,-7.635997
2019-05-09 00:00:00.0,15.6493,19.5,12.3,,11.7,,17.91388,,11.8,,20.2,19.8,15.8,,,18.10097,99,100,15.8073,,,C ,,C ,,,,0.0,-10.707
2019-05-10 00:00:00.0,15.98403,18.7,13.3,,12.4,,18.09653,,12.6,,0.0,0.4,0.2,,,15.81832,91,87,13.77032,,,C ,,C ,,,,0.0,-5.145998
2019-05-11 00:00:00.0,13.34236,21.1,8.0,,7.1,,17.04305,,7.1,,0.0,0.0,0.0,,,11.44457,82,78,8.889864,,,C ,,C ,,,,0.0,5.062998
2019-05-12 00:00:00.0,14.70347,24.1,8.1,,6.5,,16.54375,,7.1,,0.0,0.0,0.0,,,12.74326,77,74,10.51929,,,C ,,C ,,,,0.0,-3.735
2019-05-13 00:00:00.0,15.84167,25.0,8.5,,7.3,,16.61875,,7.7,,0.0,0.0,0.0,,,13.78856,79,79,11.67317,,,C ,,C ,,,,0.0,-5.560999
2019-05-14 00:00:00.0,12.54444,20.7,5.1,,4.2,,16.33611,,4.3,,0.0,0.0,0.0,,,11.55087,87,85,8.993241,,,C ,,C ,,,,3.983999,7.718996
2019-05-15 00:00:00.0,12.76181,21.2,7.5,,6.5,,15.90209,,6.4,,0.0,0.0,0.0,,,12.53797,85,84,10.26215,,,C ,,C ,,,,0.0,3.070998
2019-05-16 00:00:00.0,15.36111,23.8,9.0,,7.9,,16.1861,,8.3,,0.0,0.0,0.0,,,15.73135,86,82,13.62795,,,C ,,C ,,,,0.0,-8.134006
2019-05-17 00:00:00.0,18.65347,24.5,14.6,,13.8,,17.1035,,14.1,,0.0,0.0,0.0,,,19.30289,90,89,16.91743,,,C ,,C ,,,,0.0,-16.01901
2019-05-18 00:00:00.0,19.63706,25.7,15.4,,14.8,,17.88194,,15.1,,3.6,3.6,3.0,,,20.2094,90,88,17.63145,,,C ,,C ,,,,0.0,-17.26402
2019-05-19 00:00:00.0,15.34653,20.0,10.4,,9.3,,18.04027,,9.0,,0.0,0.0,0.0,,,14.96368,93,89,12.90684,,,C ,,C ,,,,0.0,-1.577001
2019-05-20 00:00:00.0,12.54306,17.6,8.6,,7.8,,16.66528,,7.7,,19.2,8.399999,3.6,,,14.67442,96,94,12.5993,,,C ,,C ,,,,0.0,1.66
2019-05-21 00:00:00.0,13.87014,17.3,11.7,,11.3,,16.5007,,11.3,,0.0,10.8,3.6,,,14.49892,94,90,12.47457,,,C ,,C ,,,,0.0,1.908999
2019-05-22 00:00:00.0,12.12014,17.9,8.3,,8.0,,16.03403,,8.0,,0.0,0.0,0.0,,,12.35133,91,90,10.0104,,,C ,,C ,,,,0.83,7.469997
2019-05-23 00:00:00.0,9.567356,17.8,3.8,,2.6,,15.0743,,2.7,,0.0,0.0,0.0,,,9.047079,81,82,5.486759,,,C ,,C ,,,,10.79,13.69501
2019-05-24 00:00:00.0,11.38542,21.3,4.4,,3.1,,14.46111,,3.1,,0.0,0.0,0.0,,,10.62688,80,75,7.779938,,,C ,,C ,,,,6.639997,4.98
2019-05-25 00:00:00.0,12.85556,19.3,8.2,,6.2,,14.475,,7.2,,0.0,0.0,0.0,,,13.44393,89,84,11.29173,,,C ,,C ,,,,0.0,1.162
2019-05-26 00:00:00.0,14.60556,19.7,10.8,,10.2,,15.02013,,10.4,,0.0,0.0,0.0,,,15.84011,95,94,13.78143,,,C ,,C ,,,,0.0,-3.071
2019-05-27 00:00:00.0,14.60278,20.1,11.4,,10.5,,15.66042,,11.0,,0.0,0.0,0.0,,,15.84861,96,94,13.77614,,,C ,,C ,,,,0.0,-1.743001
2019-05-28 00:00:00.0,12.77222,17.9,9.9,,8.7,,15.84098,,8.8,,0.0,0.0,0.0,,,13.65477,96,94,11.48539,,,C ,,C ,,,,0.498,7.386997
2019-05-29 00:00:00.0,9.436809,16.6,4.4,,3.6,,14.89097,,3.7,,0.0,0.0,0.0,,,10.77129,92,89,7.946503,,,C ,,C ,,,,7.469996,15.27201
2019-05-30 00:00:00.0,11.04236,15.1,6.4,,5.3,,14.55347,,5.5,,0.0,0.0,0.0,,,11.96641,89,87,9.58734,,,C ,,C ,,,,0.664,9.794011
2019-05-31 00:00:00.0,12.01458,19.2,8.0,,6.9,,14.70625,,7.1,,0.0,0.0,0.0,,,12.56659,91,91,10.2912,,,C ,,C ,,,,0.0,8.051002
2019-06-01 00:00:00.0,13.25,20.1,9.0,,7.8,,14.76735,,8.3,,0.0,0.0,0.0,,,14.22196,94,92,12.08201,,,C ,,C ,,,,0.0,1.908999
2019-06-02 00:00:00.0,12.09028,21.6,5.2,,4.3,,14.79301,,4.5,,0.2,0.0,0.0,,,13.33829,93,88,10.9699,,,C ,,C ,,,,3.153999,4.980001
2019-06-03 00:00:00.0,13.00564,21.7,6.3,,5.4,,14.77413,,5.7,,0.0,0.2,0.2,,,12.85241,89,85,10.58372,,,C ,,C ,,,,0.498,3.32
2019-06-04 00:00:00.0,13.07664,,,,,,14.6,,,,0.4,,,,,13.55692,87,86,11.38235,,,C ,,C ,,,,,-0.7470003
2019-06-05 00:00:00.0,14.90347,20.5,11.6,,10.8,,14.72153,,11.1,,0.0,0.0,0.0,,,14.91313,88,84,12.91055,,,C ,,C ,,,,0.0,-3.652
2019-06-06 00:00:00.0,16.2875,21.3,13.5,,12.8,,15.14098,,13.0,,5.2,1.4,0.8,,,17.62475,94,92,15.49176,,,C ,,C ,,,,0.0,-9.379003
2019-06-07 00:00:00.0,14.36944,18.5,6.0,,4.0,,15.3611,,3.7,,0.0,3.8,2.8,,,10.63635,73,70,7.170731,,,C ,,C ,,,,4.481998,4.813998
2019-06-08 00:00:00.0,10.38056,20.5,3.1,,1.5,,13.67084,,1.3,,0.0,0.0,0.0,,,8.51484,70,68,4.547357,,,C ,,C ,,,,8.133996,8.050998
2019-06-09 00:00:00.0,12.67778,22.6,5.2,,2.7,,13.45487,,3.8,,0.0,0.0,0.0,,,12.11039,77,72,9.40559,,,C ,,C ,,,,5.145998,-1.909
2019-06-10 00:00:00.0,16.16597,19.4,13.3,,12.3,,14.82847,,12.6,,0.0,0.0,0.0,,,17.35797,98,95,15.24475,,,C ,,C ,,,,0.0,-5.975997
2019-06-11 00:00:00.0,15.16111,18.5,12.2,,10.8,,14.98889,,11.0,,2.0,1.8,1.4,,,17.82198,100,98,15.61182,,,C ,,C ,,,,0.0,-8.217007
2019-06-12 00:00:00.0,18.33819,21.6,16.5,,15.8,,15.96597,,16.1,,3.4,0.2,0.2,,,21.22806,100,100,18.38945,,,C ,,C ,,,,0.0,-16.60002
2019-06-13 00:00:00.0,18.16736,20.7,16.2,,15.1,,16.65485,,15.6,,4.8,8.2,3.0,,,21.3075,100,100,18.45763,,,C ,,C ,,,,0.0,-17.92802
2019-06-14 00:00:00.0,14.57847,20.0,12.3,,12.2,,16.75762,,12.0,,7.8,0.2,0.2,,,15.51677,100,100,13.51389,,,C ,,C ,,,,0.0,1.245
2019-06-15 00:00:00.0,12.35833,13.5,10.6,,10.3,,15.81388,,10.2,,10.4,11.0,4.4,,,14.55774,100,100,12.54444,,,C ,,C ,,,,0.0,3.734998
2019-06-16 00:00:00.0,16.15,18.0,12.5,,12.4,,15.90416,,12.3,,14.6,19.2,2.8,,,18.8414,100,100,16.53264,,,C ,,C ,,,,0.0,-8.134007
2019-06-17 00:00:00.0,13.9625,17.4,11.8,,11.7,,16.01597,,11.6,,36.00002,32.00001,5.6,,,15.29213,100,100,13.28265,,,C ,,C ,,,,0.0,4.730999
2019-06-18 00:00:00.0,11.68681,15.4,10.3,,9.9,,15.01111,,9.7,,0.0,6.4,1.6,,,11.97986,88,86,9.553598,,,C ,,C ,,,,0.0,9.960011
2019-06-19 00:00:00.0,12.32708,16.8,9.1,,7.9,,14.09514,,7.9,,0.0,0.0,0.0,,,10.59872,78,78,7.808987,,,C ,,C ,,,,0.166,8.050996
2019-06-20 00:00:00.0,9.545139,17.2,2.5,,1.2,,13.35833,,1.2,,0.0,0.0,0.0,,,10.73277,89,87,7.841376,,,C ,,C ,,,,7.967996,11.122
2019-06-21 00:00:00.0,11.65069,16.5,7.9,,6.3,,13.31945,,6.9,,0.0,0.0,0.0,,,14.07897,97,95,11.88562,,,C ,,C ,,,,0.0,6.971997
2019-06-22 00:00:00.0,16.02291,21.8,11.2,,10.2,,14.57431,,10.6,,0.0,0.0,0.0,,,17.90914,95,93,15.63733,,,C ,,C ,,,,0.0,-9.960003
2019-06-23 00:00:00.0,18.33958,22.2,15.2,,13.8,,15.78265,,14.1,,0.0,0.0,0.0,,,20.1219,98,99,17.477,,,C ,,C ,,,,0.0,-14.19301
2019-06-24 00:00:00.0,12.80903,15.9,8.6,,7.2,,15.10833,,7.5,,9.799999,9.4,5.0,,,14.98887,100,100,12.86527,,,C ,,C ,,,,0.0,5.229
2019-06-25 00:00:00.0,10.6625,14.8,6.9,,5.8,,14.45347,,5.7,,0.0,0.4,0.4,,,8.73356,75,64,4.5018,,,C ,,C ,,,,3.817999,16.10202
2019-06-26 00:00:00.0,7.076389,15.5,1.5,,-0.1,,12.55764,,0.3,,0.0,0.0,0.0,,,7.524975,73,67,2.780476,,,C ,,C ,,,,8.631997,12.53301
2019-06-27 00:00:00.0,9.799998,16.1,5.7,,4.4,,12.23542,,4.8,,0.0,0.0,0.0,,,8.91988,75,73,5.271067,,,C ,,C ,,,,5.975997,14.60801
2019-06-28 00:00:00.0,12.09445,15.2,8.1,,6.5,,12.81528,,7.2,,2.4,0.4,0.2,,,14.68899,99,100,12.63145,,,C ,,C ,,,,0.0,4.232998
2019-06-29 00:00:00.0,12.65694,13.7,11.4,,11.0,,13.69376,,11.1,,1.0,3.0,0.8,,,14.30412,100,100,12.28611,,,C ,,C ,,,,0.0,5.063
2019-06-30 00:00:00.0,9.699306,11.8,6.0,,4.7,,13.3514,,5.4,,0.0,0.0,0.0,,,10.63303,95,93,7.768665,,,C ,,C ,,,,5.145998,
2019-07-01 00:00:00.0,5.904166,14.3,-1.1,,-2.3,,11.88958,,-2.5,,0.0,0.0,0.0,,,8.299501,86,81,4.093222,,,C ,,C ,,,,9.461999,11.28801
2019-07-02 00:00:00.0,10.11319,15.2,6.1,,5.3,,11.91181,,5.5,,0.0,0.0,0.0,,,9.412022,79,77,5.932619,,,C ,,C ,,,,5.643998,15.27201
2019-07-03 00:00:00.0,5.93125,11.8,1.3,,0.1,,11.12847,,0.0,,0.0,0.0,0.0,,,7.108485,80,76,2.078703,,,C ,,C ,,,,16.10201,
2019-07-04 00:00:00.0,5.561111,10.7,1.3,,-0.3,,10.70625,,-0.5,,0.0,0.0,0.0,,,7.041325,81,79,1.910131,,,C ,,C ,,,,16.10201,
2019-07-05 00:00:00.0,3.637501,10.7,-1.4,,-2.0,,9.963889,,-2.3,,0.0,0.0,0.0,,,6.419824,85,84,0.6233483,,,C ,,C ,,,,17.43002,
2019-07-06 00:00:00.0,3.144444,12.1,-4.4,,-5.4,,9.314582,,-5.8,,0.0,0.0,0.0,,,6.556585,84,81,0.745409,,,C ,,C ,,,,16.10201,
2019-07-07 00:00:00.0,6.056249,13.3,0.7,,-0.9,,9.434025,,-0.1,,0.0,0.0,0.0,,,7.709389,80,76,3.193775,,,C ,,C ,,,,10.126,15.18902
2019-07-08 00:00:00.0,8.474307,16.1,2.0,,0.4,,9.98611,,1.0,,0.0,0.0,0.0,,,8.790316,79,79,5.053773,,,C ,,C ,,,,7.137997,14.60801
2019-07-09 00:00:00.0,12.67223,20.2,8.3,,7.3,,11.19098,,7.8,,0.0,0.0,0.0,,,11.60592,80,78,9.143898,,,C ,,C ,,,,0.0,2.074999
2019-07-10 00:00:00.0,12.60694,19.5,9.8,,8.1,,11.83056,,8.8,,0.0,0.0,0.0,,,13.26653,92,92,11.12403,,,C ,,C ,,,,0.0,4.814
2019-07-11 00:00:00.0,12.75556,19.7,7.7,,6.4,,12.02779,,7.0,,2.0,1.8,1.2,,,14.24347,92,90,12.06896,,,C ,,C ,,,,0.0,1.577001
2019-07-12 00:00:00.0,14.05277,17.8,10.1,,8.2,,13.08056,,8.3,,0.0,0.2,0.2,,,14.48248,96,92,12.35434,,,C ,,C ,,,,0.996,2.739
2019-07-13 00:00:00.0,7.96875,14.3,3.5,,2.6,,12.02777,,2.5,,0.2,0.0,0.0,,,10.02184,96,95,6.911172,,,C ,,C ,,,,12.118,20.08602
2019-07-14 00:00:00.0,6.715973,16.1,0.6,,0.2,,11.54167,,0.2,,0.0,0.2,0.2,,,9.547489,93,88,5.986427,,,C ,,C ,,,,10.292,13.52901
2019-07-15 00:00:00.0,9.775,17.5,4.5,,3.5,,11.80069,,3.7,,0.0,0.0,0.0,,,9.620865,86,79,6.267029,,,C ,,C ,,,,10.292,14.85701
2019-07-16 00:00:00.0,7.785415,17.0,-0.2,,-1.2,,11.0625,,-1.1,,0.0,0.0,0.0,,,8.785077,81,78,4.893997,,,C ,,C ,,,,8.299996,7.054996
2019-07-17 00:00:00.0,10.45695,17.9,5.0,,3.6,,11.15278,,4.3,,0.0,0.0,0.0,,,10.28727,82,77,7.327347,,,C ,,C ,,,,7.635996,9.544999
2019-07-18 00:00:00.0,11.38264,16.8,6.9,,5.7,,11.56459,,6.1,,0.0,0.0,0.0,,,12.56291,92,89,10.25838,,,C ,,C ,,,,0.166,9.462001
2019-07-19 00:00:00.0,13.15972,21.0,6.7,,6.1,,12.36459,,6.0,,0.0,0.0,0.0,,,14.04555,92,89,11.85841,,,C ,,C ,,,,0.332,1.327999
2019-07-20 00:00:00.0,15.19931,21.7,10.1,,9.1,,12.90069,,9.7,,0.0,0.0,0.0,,,17.88887,95,93,15.48634,,,C ,,C ,,,,0.0,-9.628
2019-07-21 00:00:00.0,20.85902,26.7,13.9,,12.7,,14.57986,,12.7,,2.6,2.6,2.0,,,18.85471,81,75,16.25902,,,C ,,C ,,,,0.0,-17.59602
2019-07-22 00:00:00.0,11.85277,15.5,7.7,,6.1,,13.77153,,6.8,,0.0,0.0,0.0,,,9.156939,72,73,5.634255,,,C ,,C ,,,,1.328,12.61601
2019-07-23 00:00:00.0,8.15833,11.5,5.1,,3.4,,12.21111,,3.8,,1.0,1.0,0.4,,,9.916837,91,87,6.801146,,,C ,,C ,,,,8.133996,
2019-07-24 00:00:00.0,8.381251,15.4,2.4,,0.9,,11.83194,,1.0,,0.0,0.0,0.0,,,7.737668,76,76,3.228129,,,C ,,C ,,,,13.11401,16.84901
2019-07-25 00:00:00.0,8.050696,11.2,5.6,,4.3,,11.46596,,4.6,,14.6,14.4,2.0,,,11.30168,99,100,8.65304,,,C ,,C ,,,,6.971997,
2019-07-26 00:00:00.0,11.43472,14.1,9.9,,9.8,,12.16873,,9.7,,0.0,0.2,0.2,,,13.72949,99,99,11.64707,,,C ,,C ,,,,0.0,7.968007
2019-07-27 00:00:00.0,11.025,18.5,4.0,,2.5,,12.41667,,2.6,,0.0,0.0,0.0,,,10.12906,84,82,7.095319,,,C ,,C ,,,,5.809998,11.62
2019-07-28 00:00:00.0,10.36111,16.1,6.0,,4.8,,12.09444,,5.3,,0.0,0.0,0.0,,,12.19183,93,92,9.767879,,,C ,,C ,,,,3.983999,11.62
2019-07-29 00:00:00.0,12.52083,17.2,9.2,,7.3,,12.80625,,7.6,,0.0,0.0,0.0,,,12.59596,91,90,10.32872,,,C ,,C ,,,,0.83,8.133997
2019-07-30 00:00:00.0,9.491665,17.9,2.9,,1.9,,12.46736,,1.8,,0.0,0.0,0.0,,,11.53067,93,90,8.748228,,,C ,,C ,,,,8.465997,11.039
2019-07-31 00:00:00.0,13.45833,19.8,7.8,,6.8,,12.87638,,7.2,,0.0,0.0,0.0,,,14.53529,92,89,12.39874,,,C ,,C ,,,,0.0,-0.4150013
2019-08-01 00:00:00.0,12.09028,17.2,7.7,,6.0,,12.71528,,5.4,,0.0,0.0,0.0,,,9.018894,71,65,5.150034,,,C ,,C ,,,,3.485999,9.212999
2019-08-02 00:00:00.0,8.364584,16.0,2.1,,0.4,,11.53194,,0.6,,0.0,0.0,0.0,,,7.174013,70,62,2.20739,,,C ,,C ,,,,11.786,15.27201
2019-08-03 00:00:00.0,7.805555,17.3,0.8,,-0.7,,10.99098,,-1.1,,0.0,0.0,0.0,,,7.050549,69,63,1.925081,,,C ,,C ,,,,9.794,8.880999
2019-08-04 00:00:00.0,10.75278,18.2,4.3,,2.5,,11.1,,3.3,,0.0,0.0,0.0,,,8.665836,67,63,4.851564,,,C ,,C ,,,,4.149999,9.046998
2019-08-05 00:00:00.0,12.23819,19.5,6.7,,5.5,,11.53194,,5.9,,0.0,0.0,0.0,,,10.30181,74,71,7.389148,,,C ,,C ,,,,0.498,5.312
2019-08-06 00:00:00.0,14.50208,23.4,9.1,,7.6,,12.12291,,8.3,,0.0,0.0,0.0,,,12.87822,81,77,10.6681,,,C ,,C ,,,,0.0,-1.992001
2019-08-07 00:00:00.0,13.26042,19.1,9.9,,7.6,,12.59861,,8.3,,0.0,0.0,0.0,,,9.476394,65,54,5.849287,,,C ,,C ,,,,0.0,2.904998
2019-08-08 00:00:00.0,11.18264,16.4,8.6,,7.3,,12.48958,,7.9,,1.4,0.0,0.0,,,9.701446,74,70,6.499712,,,C ,,C ,,,,0.0,9.628011
2019-08-09 00:00:00.0,8.875693,10.9,7.4,,7.1,,12.09445,,6.6,,2.8,4.2,1.2,,,10.70237,97,96,7.936972,,,C ,,C ,,,,1.494,
2019-08-10 00:00:00.0,8.554863,18.0,0.5,,-1.0,,11.42431,,-0.8,,0.0,0.0,0.0,,,9.149372,82,79,5.448772,,,C ,,C ,,,,8.299996,6.557003
2019-08-11 00:00:00.0,10.95694,18.1,3.8,,2.3,,11.65486,,3.0,,0.0,0.0,0.0,,,11.7333,88,85,9.118306,,,C ,,C ,,,,4.979998,8.714998
2019-08-12 00:00:00.0,10.1757,14.3,6.3,,4.7,,11.62152,,4.9,,0.0,0.0,0.0,,,9.437508,83,78,6.044284,,,C ,,C ,,,,5.643998,15.10601
2019-08-13 00:00:00.0,4.795138,11.2,-0.9,,-2.2,,10.53125,,-2.4,,0.0,0.0,0.0,,,6.627733,83,81,1.085698,,,C ,,C ,,,,16.43401,
2019-08-14 00:00:00.0,4.352778,12.0,-2.1,,-3.8,,9.806946,,-3.5,,0.0,0.0,0.0,,,7.097183,83,81,1.932188,,,C ,,C ,,,,14.77401,
2019-08-15 00:00:00.0,8.508331,16.9,1.7,,0.2,,10.21111,,0.9,,0.0,0.0,0.0,,,10.12168,86,83,6.935594,,,C ,,C ,,,,7.967996,11.62
2019-08-16 00:00:00.0,14.68958,23.3,8.1,,6.6,,11.89028,,6.8,,2.0,0.0,0.0,,,13.60414,80,79,11.47563,,,C ,,C ,,,,0.0,-2.905
2019-08-17 00:00:00.0,14.64305,18.4,9.6,,8.1,,13.24236,,8.0,,6.6,8.599999,4.8,,,14.00393,88,85,11.8995,,,C ,,C ,,,,0.0,0.332
2019-08-18 00:00:00.0,9.273609,13.9,4.8,,3.3,,12.2993,,3.8,,0.0,0.0,0.0,,,9.230167,84,79,5.742628,,,C ,,C ,,,,9.295999,17.67902
2019-08-19 00:00:00.0,5.579861,10.6,0.6,,-0.5,,11.19792,,-0.4,,0.0,0.0,0.0,,,7.149205,81,78,2.13995,,,C ,,C ,,,,14.94001,
2019-08-20 00:00:00.0,7.645141,14.5,2.6,,1.6,,11.36875,,1.4,,0.0,0.0,0.0,,,8.756168,84,78,5.021213,,,C ,,C ,,,,12.28401,17.51302
2019-08-21 00:00:00.0,8.736805,15.9,4.1,,3.0,,11.55208,,3.4,,0.0,0.0,0.0,,,9.561272,85,83,6.271259,,,C ,,C ,,,,7.801996,15.77001
2019-08-22 00:00:00.0,10.76875,18.0,6.8,,5.7,,12.03819,,6.0,,0.0,0.0,0.0,,,9.907742,80,76,6.774767,,,C ,,C ,,,,1.826,12.86501
2019-08-23 00:00:00.0,10.26111,19.8,1.5,,0.4,,11.97361,,0.3,,0.0,0.0,0.0,,,9.61591,78,73,6.237364,,,C ,,C ,,,,7.469996,4.648001
2019-08-24 00:00:00.0,12.31667,20.3,6.7,,5.8,,12.19027,,6.2,,0.0,0.0,0.0,,,12.35709,85,80,10.00091,,,C ,,C ,,,,0.498,4.481998
2019-08-25 00:00:00.0,13.77777,19.5,9.1,,7.6,,12.64097,,8.3,,0.0,0.0,0.0,,,14.18119,89,88,12.0462,,,C ,,C ,,,,0.0,-2.988
2019-08-26 00:00:00.0,16.4257,24.0,10.6,,9.6,,13.82778,,10.1,,0.0,0.0,0.0,,,16.36095,84,82,14.0118,,,C ,,C ,,,,0.0,-8.964
2019-08-27 00:00:00.0,18.62639,25.9,12.9,,11.7,,14.90694,,12.1,,0.0,0.0,0.0,,,17.77809,79,78,15.20341,,,C ,,C ,,,,0.0,-15.18901
2019-08-28 00:00:00.0,20.72708,28.4,15.0,,14.5,,16.04166,,14.6,,0.0,0.0,0.0,,,20.32232,79,79,17.4381,,,C ,,C ,,,,0.0,-17.43002
2019-08-29 00:00:00.0,20.62987,23.4,14.6,,13.2,,16.70486,,13.9,,0.0,0.0,0.0,,,17.3402,77,73,14.75857,,,C ,,C ,,,,0.0,-17.43002
2019-08-30 00:00:00.0,13.36667,19.5,8.9,,6.7,,15.25903,,6.5,,0.0,0.0,0.0,,,11.65176,83,78,9.11692,,,C ,,C ,,,,1.826,5.809997
2019-08-31 00:00:00.0,10.76528,19.6,4.0,,2.0,,13.97917,,2.0,,0.0,0.0,0.0,,,7.856265,68,60,3.36983,,,C ,,C ,,,,9.96,7.469996
2019-09-01 00:00:00.0,8.599305,15.8,2.4,,0.6,,12.95833,,0.8,,0.0,0.0,0.0,,,6.42477,62,61,0.5937068,,,C ,,C ,,,,12.94801,15.10601
2019-09-02 00:00:00.0,8.086113,15.4,2.0,,0.9,,12.16111,,1.1,,0.0,0.0,0.0,,,8.032436,76,75,3.674016,,,C ,,C ,,,,11.786,15.10601
2019-09-03 00:00:00.0,5.729861,13.4,-1.8,,-3.4,,11.45694,,-3.6,,0.0,0.0,0.0,,,5.605278,66,63,-1.289506,,,C ,,C ,,,,14.44201,11.03901
2019-09-04 00:00:00.0,6.088195,13.8,-1.1,,-2.7,,11.19722,,-2.9,,0.0,0.0,0.0,,,6.141061,69,67,-0.01935153,,,C ,,C ,,,,14.44201,11.45401
2019-09-05 00:00:00.0,6.749304,15.0,-0.2,,-1.9,,11.25902,,-1.7,,0.0,0.0,0.0,,,8.163586,81,78,3.858024,,,C ,,C ,,,,7.801996,10.209
2019-09-06 00:00:00.0,10.98056,17.1,5.2,,3.5,,12.22083,,4.0,,0.0,0.0,0.0,,,11.62122,85,84,9.05598,,,C ,,C ,,,,2.656,8.631999
2019-09-07 00:00:00.0,13.54514,18.3,10.8,,8.8,,13.30764,,9.1,,0.0,0.0,0.0,,,13.22832,87,86,10.94584,,,C ,,C ,,,,0.0,3.983998
2019-09-08 00:00:00.0,12.44028,18.8,8.1,,7.4,,13.39236,,7.3,,3.0,0.0,0.0,,,13.15629,86,85,10.76931,,,C ,,C ,,,,0.0,2.739002
2019-09-09 00:00:00.0,13.21181,14.6,12.4,,11.6,,13.80209,,11.9,,14.0,17.0,2.4,,,12.42574,82,82,10.13463,,,C ,,C ,,,,0.0,0.498
2019-09-10 00:00:00.0,13.88056,18.6,10.6,,9.3,,14.21458,,9.2,,0.0,0.0,0.0,,,13.30378,86,89,11.07906,,,C ,,C ,,,,0.0,2.489999
2019-09-11 00:00:00.0,13.11528,19.0,9.3,,8.4,,14.37639,,8.2,,0.0,0.0,0.0,,,12.21072,82,83,9.823439,,,C ,,C ,,,,0.0,2.406999
2019-09-12 00:00:00.0,11.50694,19.0,4.3,,3.0,,14.21389,,3.0,,0.0,0.0,0.0,,,10.07488,75,73,7.003811,,,C ,,C ,,,,3.651999,6.557002
2019-09-13 00:00:00.0,13.63472,21.1,6.4,,4.9,,14.4368,,5.4,,0.0,0.0,0.0,,,11.38231,75,71,8.820387,,,C ,,C ,,,,0.996,0.9129997
2019-09-14 00:00:00.0,14.58264,22.3,8.5,,6.7,,14.84653,,7.6,,0.0,0.0,0.0,,,13.03979,78,76,10.7201,,,C ,,C ,,,,0.0,-3.153999
2019-09-15 00:00:00.0,17.25486,26.6,10.1,,8.8,,16.04723,,9.3,,0.0,0.0,0.0,,,14.02294,70,70,11.47182,,,C ,,C ,,,,0.0,-7.220998
2019-09-16 00:00:00.0,15.57431,20.7,10.8,,7.8,,16.26805,,8.4,,0.0,0.0,0.0,,,9.826987,62,59,6.106655,,,C ,,C ,,,,1.162,-4.232997
2019-09-17 00:00:00.0,13.20347,23.4,3.3,,1.4,,14.9257,,1.3,,0.0,0.0,0.0,,,9.193986,62,50,5.548226,,,C ,,C ,,,,6.971997,-1.992
2019-09-18 00:00:00.0,15.50139,23.6,6.4,,4.8,,15.49445,,4.9,,0.0,0.0,0.0,,,11.0702,65,58,8.286736,,,C ,,C ,,,,0.996,-6.723004
2019-09-19 00:00:00.0,15.43889,19.1,7.6,,5.0,,15.25764,,5.3,,0.0,0.0,0.0,,,7.831742,51,48,2.556152,,,C ,,C ,,,,3.153999,-0.1660028
2019-09-20 00:00:00.0,10.97986,21.1,1.7,,-0.4,,13.71736,,-0.5,,0.0,0.0,0.0,,,5.716012,47,42,-0.9509837,,,C ,,C ,,,,7.137997,1.991999
2019-09-21 00:00:00.0,15.12222,25.6,6.9,,4.6,,14.04514,,5.4,,0.0,0.0,0.0,,,6.902678,43,37,1.63026,,,C ,,C ,,,,,-2.074999
2019-09-22 00:00:00.0,13.62778,22.4,5.5,,3.4,,14.69931,,3.8,,0.0,0.0,0.0,,,8.018101,57,48,3.54231,,,C ,,C ,,,,2.158,1.161999
2019-09-23 00:00:00.0,13.74861,23.4,6.6,,5.4,,14.83125,,6.0,,0.0,0.0,0.0,,,9.80871,65,52,6.668694,,,C ,,C ,,,,0.664,0.4979999
2019-09-24 00:00:00.0,17.13125,27.6,8.0,,5.8,,15.5375,,6.8,,0.0,0.0,0.0,,,10.83126,60,52,8.11084,,,C ,,C ,,,,0.0,-6.722998
2019-09-25 00:00:00.0,19.84375,31.0,8.8,,7.2,,16.61458,,7.6,,0.0,0.0,0.0,,,11.86262,55,47,9.416715,,,C ,,C ,,,,0.0,-12.78201
2019-09-26 00:00:00.0,20.22292,30.7,11.2,,9.4,,17.68611,,9.9,,0.0,0.0,0.0,,,13.15553,61,59,10.83672,,,C ,,C ,,,,0.0,-11.62
2019-09-27 00:00:00.0,16.5868,24.0,10.4,,8.7,,17.5889,,9.5,,0.0,0.0,0.0,,,11.36596,65,56,8.652419,,,C ,,C ,,,,0.0,-7.719
2019-09-28 00:00:00.0,17.35486,25.0,11.7,,10.8,,17.88889,,11.2,,0.0,0.0,0.0,,,14.28886,74,72,12.2272,,,C ,,C ,,,,0.0,-9.379
2019-09-29 00:00:00.0,20.51042,30.4,12.8,,11.8,,18.68403,,12.3,,0.0,0.0,0.0,,,16.3841,65,66,14.17221,,,C ,,C ,,,,0.0,-16.35102
2019-09-30 00:00:00.0,22.7257,30.0,16.6,,15.9,,19.33819,,16.2,,11.2,0.0,0.0,,,18.31757,70,68,16.03639,,,C ,,C ,,,,0.0,-22.41003
2019-10-01 00:00:00.0,14.775,19.6,10.1,,9.5,,17.75209,,9.4,,0.2,11.4,2.8,,,12.29074,77,78,9.797471,,,C ,,C ,,,,0.0,1.494
2019-10-02 00:00:00.0,14.69028,20.3,11.2,,10.6,,16.44861,,11.0,,0.0,0.0,0.0,,,10.48011,66,69,7.452398,,,C ,,C ,,,,0.0,-0.4150009
2019-10-03 00:00:00.0,11.24894,17.8,6.3,,5.2,,15.84894,,5.8,,9.0,2.6,1.2,,,11.24296,83,76,8.611087,,,C ,,C ,,,,2.158,9.462001
2019-10-04 00:00:00.0,13.60625,16.3,11.6,,11.2,,15.98541,,11.1,,1.2,7.399999,4.4,,,12.7961,80,79,10.44072,,,C ,,C ,,,,0.0,1.494
2019-10-05 00:00:00.0,14.74792,20.0,10.7,,9.6,,16.60625,,9.6,,0.0,0.2,0.2,,,12.63315,80,84,10.36257,,,C ,,C ,,,,0.0,-1.909
2019-10-06 00:00:00.0,14.32152,21.7,6.5,,4.9,,16.46944,,5.4,,0.0,0.0,0.0,,,11.41617,72,64,8.879438,,,C ,,C ,,,,0.83,-3.402999
2019-10-07 00:00:00.0,17.57778,25.3,10.9,,9.6,,16.89722,,9.9,,0.0,0.0,0.0,,,12.18898,64,58,9.737176,,,C ,,C ,,,,0.0,-9.379
2019-10-08 00:00:00.0,18.07986,27.6,8.8,,7.2,,17.30278,,7.1,,0.0,0.0,0.0,,,10.39527,55,43,7.19973,,,C ,,C ,,,,0.0,-9.212999
2019-10-09 00:00:00.0,18.45694,27.8,10.2,,8.8,,17.97639,,9.4,,13.8,13.6,6.8,,,17.45777,82,73,15.09758,,,C ,,C ,,,,0.0,-12.61601
2019-10-10 00:00:00.0,21.69445,30.0,15.9,,14.9,,19.05486,,15.1,,0.2,0.2,0.2,,,21.38481,79,71,18.50004,,,C ,,C ,,,,0.0,-20.75002
2019-10-11 00:00:00.0,23.75138,28.4,19.2,,18.7,,20.31111,,18.4,,2.8,0.2,0.2,,,23.07544,81,82,19.75893,,,C ,,C ,,,,0.0,-23.90403
2019-10-12 00:00:00.0,20.76042,25.6,17.8,,17.3,,20.38264,,17.1,,3.6,6.4,3.4,,,21.35733,91,91,18.48969,,,C ,,C ,,,,0.0,-22.82503
2019-10-13 00:00:00.0,18.39513,22.0,13.7,,12.0,,19.83959,,12.4,,0.0,0.0,0.0,,,15.14128,76,75,12.97172,,,C ,,C ,,,,0.0,-12.36701
2019-10-14 00:00:00.0,11.7625,15.3,8.7,,8.3,,18.20763,,8.4,,0.4,0.0,0.0,,,9.854929,73,74,6.708966,,,C ,,C ,,,,0.0,9.130009
2019-10-15 00:00:00.0,10.51736,12.4,8.1,,7.0,,16.73749,,7.4,,8.399997,7.199998,1.6,,,11.67982,90,88,9.219123,,,C ,,C ,,,,0.0,
2019-10-16 00:00:00.0,14.05764,17.3,11.6,,11.5,,16.77777,,11.3,,6.399999,3.200001,0.4,,,11.61457,70,67,9.084468,,,C ,,C ,,,,0.0,-0.08300005
2019-10-17 00:00:00.0,16.56181,19.4,14.7,,14.6,,17.55069,,14.5,,2.8,7.399998,1.2,,,9.257905,49,49,5.748802,,,C ,,C ,,,,0.0,-9.212999
2019-10-18 00:00:00.0,17.50903,24.5,11.1,,10.3,,17.89931,,10.3,,0.0,0.2,0.2,,,11.79852,61,72,8.837028,,,C ,,C ,,,,0.0,-8.133997
2019-10-19 00:00:00.0,17.23542,26.4,8.3,,7.0,,18.31181,,7.5,,0.0,0.0,0.0,,,11.88576,61,59,9.119617,,,C ,,C ,,,,0.0,-8.299999
2019-10-20 00:00:00.0,14.20069,18.4,10.6,,8.8,,17.76043,,9.4,,0.2,0.2,0.2,,,14.10739,89,91,12.00142,,,C ,,C ,,,,0.0,0.747
2019-10-21 00:00:00.0,15.96042,21.7,12.5,,11.7,,17.79514,,11.7,,0.0,0.0,0.0,,,13.44193,75,80,11.20786,,,C ,,C ,,,,0.0,-8.548997
2019-10-22 00:00:00.0,15.80486,21.8,10.6,,9.3,,17.54862,,9.6,,0.0,0.0,0.0,,,11.44982,67,63,8.843818,,,C ,,C ,,,,0.0,-7.552997
2019-10-23 00:00:00.0,15.86666,24.0,8.4,,6.9,,17.5007,,7.3,,0.0,0.0,0.0,,,11.31751,68,61,8.680061,,,C ,,C ,,,,0.0,-4.232996
2019-10-24 00:00:00.0,17.56875,28.0,6.2,,5.0,,17.94584,,4.6,,0.0,0.0,0.0,,,10.83375,58,47,7.817866,,,C ,,C ,,,,0.996,-10.209
2019-10-25 00:00:00.0,22.25834,30.5,12.7,,11.1,,19.55764,,11.2,,0.0,0.0,0.0,,,17.1831,68,62,15.0429,,,C ,,C ,,,,0.0,-19.58802
2019-10-26 00:00:00.0,22.83194,31.1,15.4,,13.9,,20.37848,,14.6,,0.2,0.0,0.0,,,15.98855,60,47,13.93136,,,C ,,C ,,,,0.0,-19.75402
2019-10-27 00:00:00.0,23.43681,29.2,18.5,,17.3,,21.11736,,17.3,,3.2,3.2,2.2,,,19.86696,72,68,17.2387,,,C ,,C ,,,,0.0,-23.90403
2019-10-28 00:00:00.0,20.26805,26.0,16.2,,15.5,,21.08055,,15.6,,0.0,0.2,0.2,,,18.93697,84,87,16.37756,,,C ,,C ,,,,0.0,-18.26002
2019-10-29 00:00:00.0,18.65486,26.0,13.6,,13.7,,21.01876,,13.6,,0.0,0.0,0.0,,,17.32326,83,80,15.18077,,,C ,,C ,,,,0.0,-13.61201
2019-10-30 00:00:00.0,19.66458,27.0,15.8,,14.0,,21.51042,,14.6,,0.0,0.0,0.0,,,16.74175,79,71,14.60987,,,C ,,C ,,,,0.0,-15.43801
2019-10-31 00:00:00.0,18.32847,27.6,10.3,,9.3,,21.24653,,9.5,,0.0,0.0,0.0,,,13.66182,67,57,11.44102,,,C ,,C ,,,,0.0,-11.039
2019-11-01 00:00:00.0,19.23334,23.7,15.7,,14.2,,20.86944,,14.7,,0.0,0.0,0.0,,,21.4079,91,90,18.46219,,,C ,,C ,,,,0.0,-19.67102
2019-11-02 00:00:00.0,23.24792,28.6,19.6,,16.6,,21.93958,,17.8,,0.0,0.0,0.0,,,18.31399,69,61,15.67179,,,C ,,C ,,,,0.0,-21.08202
2019-11-03 00:00:00.0,18.56875,27.2,8.4,,7.3,,21.80139,,7.2,,4.6,0.0,0.0,,,14.48831,70,63,12.34207,,,C ,,C ,,,,0.0,-13.28001
2019-11-04 00:00:00.0,19.31944,22.2,17.6,,16.4,,21.28402,,16.3,,16.8,21.40001,4.2,,,21.0128,95,97,18.22169,,,C ,,C ,,,,0.0,-21.08203
2019-11-05 00:00:00.0,20.70625,27.9,15.6,,14.5,,21.57292,,14.8,,0.0,0.0,0.0,,,17.37761,75,73,15.15174,,,C ,,C ,,,,0.0,-18.59202
2019-11-06 00:00:00.0,20.69306,27.9,15.2,,13.4,,21.71042,,14.2,,0.0,0.0,0.0,,,19.19194,79,75,16.82518,,,C ,,C ,,,,0.0,-18.59202
2019-11-07 00:00:00.0,23.65972,33.0,15.4,,13.6,,22.05486,,14.2,,0.0,0.0,0.0,,,17.7766,65,58,15.59986,,,C ,,C ,,,,0.0,-20.00302
2019-11-08 00:00:00.0,20.80903,28.8,12.7,,11.4,,22.69723,,11.8,,25.0,0.0,0.0,,,17.36728,73,64,15.15843,,,C ,,C ,,,,0.0,-17.84502
2019-11-09 00:00:00.0,21.40972,28.8,15.0,,15.0,,22.76527,,15.0,,0.4,25.40001,20.4,,,20.06616,82,80,17.49829,,,C ,,C ,,,,0.0,-18.92402
2019-11-10 00:00:00.0,20.0125,27.4,13.2,,12.6,,22.66389,,12.7,,0.0,0.0,0.0,,,18.48051,80,73,16.20625,,,C ,,C ,,,,0.0,-15.77001
2019-11-11 00:00:00.0,20.65973,28.4,15.8,,14.8,,22.43334,,15.3,,0.0,0.0,0.0,,,19.31878,79,74,16.91991,,,C ,,C ,,,,0.0,-20.00302
2019-11-12 00:00:00.0,22.59583,30.2,17.0,,16.3,,22.9007,,16.6,,0.0,0.0,0.0,,,22.01225,82,75,18.99372,,,C ,,C ,,,,0.0,-21.58002
2019-11-13 00:00:00.0,24.72847,32.7,18.0,,17.5,,23.41111,,17.4,,0.0,0.0,0.0,,,21.74091,74,65,18.78582,,,C ,,C ,,,,0.0,-23.90403
2019-11-14 00:00:00.0,23.76736,31.9,17.0,,15.9,,23.53472,,16.0,,0.0,0.0,0.0,,,17.42757,65,55,14.97606,,,C ,,C ,,,,0.0,-21.82903
2019-11-15 00:00:00.0,22.60973,30.9,14.6,,13.5,,23.51458,,13.9,,0.0,0.0,0.0,,,17.09115,64,53,15.00636,,,C ,,C ,,,,0.0,-18.75802
2019-11-16 00:00:00.0,21.49792,25.4,19.0,,18.2,,22.85834,,18.4,,3.0,3.0,1.4,,,20.13623,83,87,17.48849,,,C ,,C ,,,,0.0,-22.57603
2019-11-17 00:00:00.0,23.63125,32.8,15.4,,14.2,,22.90694,,14.8,,0.0,0.0,0.0,,,20.10913,69,60,17.51311,,,C ,,C ,,,,0.0,-19.83702
2019-11-18 00:00:00.0,26.09583,33.9,19.7,,18.2,,24.17083,,18.8,,23.4,23.4,11.6,,,21.48043,71,61,18.53104,,,C ,,C ,,,,0.0,-23.90403
2019-11-19 00:00:00.0,25.20417,33.4,18.7,,18.1,,25.06111,,18.2,,0.0,0.0,0.0,,,24.23645,76,71,20.55168,,,C ,,C ,,,,0.0,-23.90403
2019-11-20 00:00:00.0,27.24653,35.6,19.4,,18.0,,25.925,,18.7,,0.0,0.0,0.0,,,22.63632,65,57,19.45593,,,C ,,C ,,,,0.0,-23.90403
2019-11-21 00:00:00.0,27.77569,33.9,22.3,,21.3,,26.60417,,21.6,,11.0,0.0,0.0,,,26.69107,74,70,22.11703,,,C ,,C ,,,,0.0,-23.90403
2019-11-22 00:00:00.0,22.87153,27.8,18.4,,16.8,,26.27153,,17.0,,0.0,11.0,2.2,,,19.65312,77,70,16.94875,,,C ,,C ,,,,0.0,-20.66702
2019-11-23 00:00:00.0,18.17709,26.6,9.8,,8.5,,24.76458,,8.8,,0.0,0.0,0.0,,,15.08926,72,69,12.99081,,,C ,,C ,,,,0.0,-12.28401
2019-11-24 00:00:00.0,20.60416,27.9,14.1,,13.2,,24.50486,,13.6,,0.0,0.0,0.0,,,15.50154,64,56,13.50755,,,C ,,C ,,,,0.0,-17.76202
2019-11-25 00:00:00.0,18.39375,22.6,15.1,,14.8,,22.95347,,14.6,,13.6,13.6,3.2,,,18.16822,87,90,15.92915,,,C ,,C ,,,,0.0,-15.77002
2019-11-26 00:00:00.0,20.23125,24.9,15.5,,14.8,,22.6757,,14.7,,0.0,0.0,0.0,,,18.15998,80,74,15.9406,,,C ,,C ,,,,0.0,-17.51302
2019-11-27 00:00:00.0,19.92847,28.5,9.6,,8.4,,22.53611,,8.5,,0.0,0.0,0.0,,,12.83083,61,49,10.55058,,,C ,,C ,,,,0.0,-12.61601
2019-11-28 00:00:00.0,22.35764,30.3,12.8,,11.7,,23.37084,,11.6,,0.0,0.0,,,,15.42882,59,46,13.41374,,,C ,,C ,,,,0.0,-18.09402
2019-11-29 00:00:00.0,22.8382,32.2,15.1,,13.7,,23.71389,,14.1,,1.8,1.6,,,,18.37597,71,61,16.05736,,,C ,,C ,,,,0.0,-21.91203
2019-11-30 00:00:00.0,22.29236,29.2,15.5,,14.4,,23.38195,,14.6,,0.0,0.2,,,,12.89976,54,42,10.44299,,,C ,,C ,,,,0.0,-18.26002
2019-12-01 00:00:00.0,19.55347,26.8,10.2,,9.2,,23.2132,,9.3,,0.0,0.0,,,,10.22637,52,37,7.142968,,,C ,,C ,,,,0.0,-11.95201
2019-12-02 00:00:00.0,19.55834,27.8,10.5,,9.2,,23.39861,,9.0,,0.0,0.0,,,,12.23074,56,49,9.850276,,,C ,,C ,,,,0.0,-13.77801
2019-12-03 00:00:00.0,18.82777,23.7,14.9,,13.1,,22.45346,,13.8,,2.2,2.2,,,,15.23618,72,70,13.14223,,,C ,,C ,,,,0.0,-15.35501
2019-12-04 00:00:00.0,19.58403,24.7,15.1,,14.2,,21.7382,,14.5,,0.0,0.0,,,,15.55568,71,67,13.38173,,,C ,,C ,,,,0.0,-15.52101
2019-12-05 00:00:00.0,17.59167,26.6,8.4,,7.2,,21.82361,,7.2,,0.0,0.0,,,,12.11336,63,55,9.720417,,,C ,,C ,,,,0.0,-10.873
2019-12-06 00:00:00.0,23.03264,32.2,12.9,,11.7,,23.29514,,11.8,,0.0,0.0,,,,12.78364,50,39,10.52425,,,C ,,C ,,,,0.0,-18.92402
2019-12-07 00:00:00.0,21.21806,29.5,11.1,,9.9,,23.95139,,9.8,,0.0,0.0,,,,12.27644,53,38,9.916887,,,C ,,C ,,,,0.0,-16.26801
2019-12-08 00:00:00.0,24.00416,33.9,16.9,,15.0,,24.50556,,15.8,,0.0,0.0,,,,16.43274,55,50,14.08962,,,C ,,C ,,,,0.0,-21.58002
2019-12-09 00:00:00.0,26.68333,35.6,17.2,,16.1,,25.82153,,16.5,,0.0,0.0,,,,18.85275,58,48,16.53933,,,C ,,C ,,,,0.0,-23.15703
2019-12-10 00:00:00.0,29.19653,37.4,20.8,,19.5,,26.76181,,19.8,,0.0,0.0,,,,18.35987,48,42,16.1026,,,C ,,C ,,,,0.0,-23.90403
2019-12-11 00:00:00.0,,,,,,,,,,,,,,,,,,,,,,  ,,  ,,,,,
2019-12-12 00:00:00.0,22.17985,27.7,17.6,,15.7,,26.02014,,16.0,,0.0,0.0,,,,13.14047,55,44,10.39113,,,C ,,C ,,,,0.0,-20.25202
2019-12-13 00:00:00.0,19.17083,27.2,9.6,,8.5,,24.64027,,8.4,,0.0,0.0,,,,12.03533,57,44,9.586491,,,C ,,C ,,,,0.0,-13.52901
2019-12-14 00:00:00.0,21.76528,31.7,13.1,,12.0,,24.73194,,12.0,,6.2,0.0,,,,16.75643,68,56,14.59431,,,C ,,C ,,,,0.0,-17.76202
2019-12-15 00:00:00.0,21.47361,29.2,18.2,,17.8,,24.48194,,17.6,,3.800001,9.799999,,,,20.54903,84,84,17.88789,,,C ,,C ,,,,0.0,-22.74203
2019-12-16 00:00:00.0,21.44097,31.2,13.9,,13.2,,24.46736,,13.1,,0.0,0.2,,,,16.89327,68,66,14.75435,,,C ,,C ,,,,0.0,-17.01501
2019-12-17 00:00:00.0,23.31319,34.2,13.2,,12.4,,25.22708,,12.4,,0.0,0.0,,,,17.47277,66,54,15.20408,,,C ,,C ,,,,0.0,-17.67902
2019-12-18 00:00:00.0,25.14514,33.1,17.8,,16.8,,26.21945,,17.2,,0.0,0.0,,,,19.12571,63,55,16.73189,,,C ,,C ,,,,0.0,-23.07403
2019-12-19 00:00:00.0,26.09722,34.1,18.0,,16.9,,26.73472,,17.3,,0.0,0.0,,,,17.31199,56,50,15.1318,,,C ,,C ,,,,0.0,-23.90403
2019-12-20 00:00:00.0,20.51389,24.8,17.8,,17.5,,24.65417,,17.4,,15.2,15.2,,,,21.12777,92,90,18.29763,,,C ,,C ,,,,0.0,-22.24403
2019-12-21 00:00:00.0,18.73334,24.7,13.0,,12.6,,23.02778,,12.7,,0.0,0.0,,,,14.22054,72,64,12.09593,,,C ,,C ,,,,0.0,-12.20101
2019-12-22 00:00:00.0,17.83472,27.6,7.6,,6.1,,23.12153,,5.9,,0.0,0.0,,,,11.30089,63,53,8.636928,,,C ,,C ,,,,0.0,-7.552999
2019-12-23 00:00:00.0,21.18264,30.3,11.3,,9.9,,24.13542,,9.9,,0.0,0.0,,,,13.15899,56,43,10.88653,,,C ,,C ,,,,0.0,-15.35501
2019-12-24 00:00:00.0,24.58264,33.2,14.9,,13.9,,25.18958,,14.2,,0.0,0.0,,,,17.78983,58,51,15.61137,,,C ,,C ,,,,0.0,-21.33103
2019-12-25 00:00:00.0,22.2361,28.4,14.8,,14.5,,24.8625,,14.4,,14.2,14.2,,,,14.55638,62,57,12.46973,,,C ,,C ,,,,0.0,-17.51302
2019-12-26 00:00:00.0,20.87569,29.9,14.5,,14.1,,23.7875,,14.1,,2.0,1.6,,,,21.35509,79,79,18.11516,,,C ,,C ,,,,0.0,-17.51302
2019-12-27 00:00:00.0,27.35348,35.0,21.8,,21.5,,26.39375,,21.3,,0.0,0.4,,,,27.99034,73,73,22.67867,,,C ,,C ,,,,0.0,-23.90403
2019-12-28 00:00:00.0,27.68958,32.0,24.0,,24.2,,26.86459,,24.3,,0.0,0.0,,,,27.53212,78,78,22.65116,,,C ,,C ,,,,0.0,-23.90403
2019-12-29 00:00:00.0,27.08193,36.6,21.5,,20.6,,26.91111,,20.8,,9.799998,8.799998,,,,25.29615,71,69,20.94815,,,C ,,C ,,,,0.0,-23.90403
2019-12-30 00:00:00.0,22.89237,23.8,22.1,,21.9,,25.47361,,21.9,,38.60001,37.00001,,,,15.76382,57,55,13.68057,,,C ,,C ,,,,0.0,-23.90403
2019-12-31 00:00:00.0,24.96944,30.5,21.6,,21.5,,25.52639,,21.4,,3.4,5.8,,,,21.74776,68,78,18.41397,,,C ,,C ,,,,0.0,-23.90403
2020-01-01 00:00:00.0,23.63194,28.7,19.4,,18.8,,26.10834,,18.9,,0.0,0.2,,,,18.43569,62,63,15.39925,,,C ,,C ,,,,0.0,-23.90403
2020-01-02 00:00:00.0,22.67292,29.6,17.1,,16.3,,26.02152,,16.5,,0.0,0.0,,,,17.87913,61,67,14.72658,,,C ,,C ,,,,0.0,-21.66302
2020-01-03 00:00:00.0,23.94514,30.8,18.6,,17.7,,26.51528,,18.1,,0.0,0.0,,,,18.70501,62,65,15.87639,,,C ,,C ,,,,0.0,-23.90403
2020-01-04 00:00:00.0,23.80972,30.4,17.9,,17.2,,26.79444,,17.4,,0.0,0.0,,,,17.80085,60,65,15.20453,,,C ,,C ,,,,0.0,-23.57203
2020-01-05 00:00:00.0,24.4882,31.4,17.4,,16.5,,26.8014,,16.9,,5.2,4.2,,,,19.68052,63,69,16.67562,,,C ,,C ,,,,0.0,-21.99503
2020-01-06 00:00:00.0,21.54791,28.3,16.4,,15.9,,25.8632,,15.7,,0.0,1.0,,,,14.34435,60,58,12.08071,,,C ,,C ,,,,0.0,-17.84502
2020-01-07 00:00:00.0,21.44097,30.9,12.3,,10.6,,24.97431,,11.1,,0.0,0.0,,,,14.96743,60,50,12.87887,,,C ,,C ,,,,0.0,-16.84902
2020-01-08 00:00:00.0,24.99375,33.3,16.1,,14.1,,25.55348,,14.8,,0.0,0.0,,,,18.32635,58,52,16.06443,,,C ,,C ,,,,0.0,-22.90803
2020-01-09 00:00:00.0,26.69583,31.8,23.0,,22.5,,26.45556,,22.4,,0.0,0.0,,,,22.58178,68,73,19.34534,,,C ,,C ,,,,0.0,-23.90403
2020-01-10 00:00:00.0,25.30416,32.4,19.3,,18.4,,26.69236,,18.5,,0.0,0.0,,,,19.90108,63,62,17.02878,,,C ,,C ,,,,0.0,-23.82103
2020-01-11 00:00:00.0,24.60417,33.9,14.8,,13.7,,26.90348,,13.8,,0.2,0.2,,,,18.25838,59,55,15.74993,,,C ,,C ,,,,0.0,-19.17302
2020-01-12 00:00:00.0,26.00764,33.9,18.4,,17.3,,27.63125,,17.7,,0.0,0.0,,,,21.33983,63,63,18.08281,,,C ,,C ,,,,0.0,-23.90403
2020-01-13 00:00:00.0,25.65625,34.2,19.1,,18.3,,27.89514,,18.7,,0.0,0.0,,,,19.03507,57,61,16.38772,,,C ,,C ,,,,0.0,-23.90403
2020-01-14 00:00:00.0,24.71042,31.6,20.3,,20.0,,27.13333,,19.9,,98.6,22.0,,,,21.23007,65,70,17.5624,,,C ,,C ,,,,0.0,-23.90403
2020-01-15 00:00:00.0,24.43007,29.1,20.1,,19.5,,,,19.6,,,,,,,,,,,,,  ,,  ,,,,,
2020-02-05 00:00:00.0,,,,,,,,,,,,,,,,,,,,,,  ,,  ,,,,,
2020-02-27 00:00:00.0,,,,,,,,,,,,,,,,,,,,,,  ,,  ,,,,,
2021-06-14 00:00:00.0,,,,,,,,,,,,,,,,,,,,,,  ,,  ,,,,,
2021-06-15 00:00:00.0,7.397221,13.9,1.0,,-0.1,,13.38888,,-0.4,,0.0,0.0,0.0,,,7.496003,78,75,2.686518,,,C ,,C ,,,,14.77401,16.10201
2021-06-16 00:00:00.0,5.178473,10.0,1.2,,-0.5,,12.19098,,-0.3,,0.0,0.0,0.0,,,7.380579,81,81,2.563039,,,C ,,C ,,,,16.26801,
2021-06-17 00:00:00.0,6.478472,13.0,2.4,,1.0,,11.99097,,1.3,,0.0,0.0,0.0,,,6.991838,79,77,1.775899,,,C ,,C ,,,,16.43401,17.09801
2021-06-18 00:00:00.0,3.965973,12.9,-2.4,,-3.4,,11.1243,,-3.6,,0.0,0.0,0.0,,,6.857527,85,84,1.433323,,,C ,,C ,,,,15.77001,10.375
2021-06-19 00:00:00.0,6.044444,15.1,-1.0,,-2.0,,10.84513,,-2.1,,0.0,0.0,0.0,,,7.903843,85,82,3.439547,,,C ,,C ,,,,14.27601,10.458
2021-06-20 00:00:00.0,4.968056,14.7,-1.6,,-2.5,,10.73958,,-2.3,,0.0,0.0,0.0,,,8.104397,92,87,3.627355,,,C ,,C ,,,,15.93601,11.86901
2021-06-21 00:00:00.0,8.356943,14.4,3.6,,2.0,,11.10695,,2.6,,0.0,0.0,0.0,,,10.8871,92,87,8.084261,,,C ,,C ,,,,7.801996,14.35901
2021-06-22 00:00:00.0,11.41319,17.8,5.3,,3.6,,11.75694,,3.8,,0.0,0.0,0.0,,,11.3955,86,82,8.819009,,,C ,,C ,,,,4.979998,9.046999
2021-06-23 00:00:00.0,12.24584,16.1,9.5,,8.7,,12.3764,,8.9,,3.800001,3.600001,0.6,,,14.49397,98,100,12.46013,,,C ,,C ,,,,0.0,4.315999
2021-06-24 00:00:00.0,13.45278,17.8,9.2,,7.2,,13.2368,,7.9,,0.0,0.2,0.2,,,12.85677,89,86,10.52709,,,C ,,C ,,,,0.166,3.900999
2021-06-25 00:00:00.0,11.18958,21.6,5.0,,3.1,,12.41111,,3.8,,0.0,0.0,0.0,,,9.885718,77,68,6.701775,,,C ,,C ,,,,8.133996,6.806004
2021-06-26 00:00:00.0,8.831252,11.4,4.2,,2.7,,11.94029,,2.6,,0.0,0.0,0.0,,,10.11,93,87,7.061459,,,C ,,C ,,,,4.315999,
2021-06-27 00:00:00.0,5.164583,7.7,1.4,,0.4,,11.12013,,0.4,,0.6,0.6,0.2,,,8.43339,97,100,4.451663,,,C ,,C ,,,,21.91203,
2021-06-28 00:00:00.0,6.769444,9.5,5.0,,4.6,,10.77987,,4.4,,0.0,0.0,0.0,,,8.289769,84,81,4.204196,,,C ,,C ,,,,10.126,
2021-06-29 00:00:00.0,6.25625,10.2,2.3,,0.6,,10.43125,,1.0,,0.0,0.0,0.0,,,7.852339,88,88,3.461638,,,C ,,C ,,,,15.60401,
2021-06-30 00:00:00.0,5.552082,13.3,0.0,,-1.1,,9.867367,,-0.6,,0.0,0.0,0.0,,,8.406978,88,87,4.318626,,,C ,,C ,,,,12.28401,13.61202
2021-07-01 00:00:00.0,8.598612,16.4,4.3,,3.4,,10.30764,,3.6,,0.0,0.0,0.0,,,9.896976,90,85,6.778534,,,C ,,C ,,,,11.288,16.68301
2021-07-02 00:00:00.0,9.779858,18.2,3.5,,1.8,,10.40208,,2.4,,0.0,0.0,0.0,,,8.640733,76,66,4.629146,,,C ,,C ,,,,9.627999,12.86501
2021-07-03 00:00:00.0,8.450695,19.7,-1.1,,-3.1,,9.963189,,-2.9,,0.0,0.0,0.0,,,5.391212,53,49,-1.808097,,,C ,,C ,,,,10.292,3.817998
2021-07-04 00:00:00.0,9.122222,19.3,1.4,,-0.5,,10.00556,,0.6,,0.0,0.0,0.0,,,7.744565,72,71,3.224265,,,C ,,C ,,,,11.786,9.877005
2021-07-05 00:00:00.0,9.532639,19.7,0.8,,-0.5,,10.16805,,-0.1,,0.0,0.0,0.0,,,9.107697,79,74,5.492519,,,C ,,C ,,,,9.295999,7.967997
2021-07-06 00:00:00.0,10.83681,18.2,6.1,,4.8,,10.65555,,5.2,,0.2,0.0,0.0,,,12.79833,90,84,10.40868,,,C ,,C ,,,,5.809998,6.390992
2021-07-07 00:00:00.0,16.64028,22.7,14.2,,12.9,,12.32291,,13.5,,0.2,0.4,0.2,,,16.23941,89,87,14.22543,,,C ,,C ,,,,0.0,-6.224997
2021-07-08 00:00:00.0,15.85486,24.6,9.3,,8.6,,12.77916,,8.8,,0.2,0.2,0.2,,,15.51884,84,78,13.44562,,,C ,,C ,,,,0.0,-7.968003
2021-07-09 00:00:00.0,19.15764,27.2,13.8,,13.0,,13.75555,,13.2,,0.0,0.0,0.0,,,15.43294,71,67,13.42411,,,C ,,C ,,,,0.0,-15.10601
2021-07-10 00:00:00.0,15.87778,20.8,6.0,,3.6,,14.1,,3.7,,0.0,0.0,0.0,,,8.77411,56,50,3.660792,,,C ,,C ,,,,4.979998,1.494
2021-07-11 00:00:00.0,8.378472,18.9,-0.6,,-2.2,,12.17777,,-2.0,,0.2,0.0,0.0,,,6.646327,60,62,1.005069,,,C ,,C ,,,,8.797997,1.659999
2021-07-12 00:00:00.0,15.38403,20.8,11.6,,10.9,,13.04029,,10.6,,0.0,0.2,0.2,,,16.90016,92,92,14.64988,,,C ,,C ,,,,0.0,-8.549004
2021-07-13 00:00:00.0,14.26666,17.2,10.8,,9.0,,13.79723,,9.8,,0.0,0.0,0.0,,,12.68188,84,81,10.19576,,,C ,,C ,,,,0.0,2.489999
2021-07-14 00:00:00.0,10.80555,12.5,8.9,,8.1,,12.96042,,8.2,,25.8,25.8,3.2,,,12.88657,98,98,10.69352,,,C ,,C ,,,,0.0,
2021-07-15 00:00:00.0,11.08819,15.7,7.2,,5.3,,13.00347,,5.6,,0.0,0.0,0.4,,,11.40168,92,89,8.83419,,,C ,,C ,,,,2.158,11.28801
2021-07-16 00:00:00.0,9.005555,17.2,3.1,,1.7,,11.99444,,1.9,,0.0,0.0,0.0,,,9.881959,86,81,6.678545,,,C ,,C ,,,,8.465997,13.03101
2021-07-17 00:00:00.0,8.526389,14.2,3.1,,2.0,,11.68542,,2.2,,0.0,0.0,0.0,,,7.286531,69,64,2.276646,,,C ,,C ,,,,10.624,18.75802
2021-07-18 00:00:00.0,7.736806,13.4,4.3,,3.7,,10.85973,,3.6,,0.0,0.0,0.0,,,7.546709,75,75,2.906801,,,C ,,C ,,,,13.77801,17.92802
2021-07-19 00:00:00.0,5.453471,15.1,-1.2,,-2.9,,10.27083,,-2.7,,0.0,0.0,0.0,,,7.37969,83,79,2.497926,,,C ,,C ,,,,15.27201,10.126
2021-07-20 00:00:00.0,9.111111,18.0,1.8,,0.2,,10.23958,,0.6,,0.0,0.0,0.0,,,7.623495,68,65,3.061779,,,C ,,C ,,,,9.461999,11.039
2021-07-21 00:00:00.0,11.97778,21.2,5.9,,3.7,,10.625,,4.3,,0.0,0.0,0.0,,,8.302278,59,58,4.258295,,,C ,,C ,,,,2.158,4.897002
2021-07-22 00:00:00.0,12.80972,21.9,6.3,,4.6,,11.30347,,5.3,,0.0,0.0,0.0,,,10.41141,73,69,7.525342,,,C ,,C ,,,,3.485999,3.403
2021-07-23 00:00:00.0,15.75069,27.0,8.6,,7.2,,12.05554,,7.8,,0.0,0.0,0.0,,,13.18021,74,70,11.00682,,,C ,,C ,,,,0.0,-6.557003
2021-07-24 00:00:00.0,16.54305,21.0,13.7,,13.1,,13.34027,,13.4,,18.6,1.4,1.2,,,15.73968,83,83,13.72012,,,C ,,C ,,,,0.0,-9.379004
2021-07-25 00:00:00.0,14.95139,18.3,11.7,,10.6,,14.00485,,10.9,,0.0,17.2,7.2,,,15.39297,99,98,13.24492,,,C ,,C ,,,,0.0,1.245
2021-07-26 00:00:00.0,9.989582,16.8,4.8,,3.6,,12.75972,,3.8,,0.2,0.2,0.2,,,8.302541,72,66,4.078395,,,C ,,C ,,,,6.971997,13.44601
2021-07-27 00:00:00.0,6.272917,12.4,-0.4,,-2.0,,11.44861,,-1.8,,0.0,0.0,0.0,,,5.742481,63,63,-0.8885464,,,C ,,C ,,,,15.10601,
2021-07-28 00:00:00.0,6.678473,12.2,2.2,,1.5,,10.69028,,1.5,,0.0,0.0,0.0,,,6.842585,75,73,1.531127,,,C ,,C ,,,,14.60801,
2021-07-29 00:00:00.0,5.596527,14.5,-1.3,,-2.8,,10.00486,,-2.4,,0.0,0.0,0.0,,,6.339521,71,65,0.4720396,,,C ,,C ,,,,10.956,9.545
2021-07-30 00:00:00.0,9.166668,17.7,1.3,,0.1,,10.04653,,0.5,,0.0,0.0,0.0,,,6.429327,57,60,0.6664409,,,C ,,C ,,,,9.129998,10.458
2021-07-31 00:00:00.0,9.822918,18.9,1.4,,0.0,,10.32917,,0.2,,0.0,0.0,0.0,,,7.522394,67,66,2.846702,,,C ,,C ,,,,7.303997,9.794002
2021-08-01 00:00:00.0,9.156944,18.8,0.7,,-0.6,,10.48403,,-0.3,,0.0,0.0,0.0,,,8.013407,74,67,3.704462,,,C ,,C ,,,,10.458,7.967996
2021-08-02 00:00:00.0,9.090276,19.2,0.3,,-0.3,,10.57917,,-0.2,,0.0,0.0,0.0,,,8.082685,74,66,3.781852,,,C ,,C ,,,,8.797997,8.050998
2021-08-03 00:00:00.0,11.03194,20.5,3.5,,1.4,,10.80209,,2.2,,0.0,0.0,0.0,,,9.23659,73,69,5.761535,,,C ,,C ,,,,5.145998,7.553
2021-08-04 00:00:00.0,10.88472,21.1,3.8,,3.1,,11.16875,,3.5,,0.0,0.0,0.0,,,10.38237,83,76,7.392189,,,C ,,C ,,,,7.801996,8.549001
2021-08-05 00:00:00.0,10.65208,16.0,6.4,,6.3,,11.59514,,6.3,,0.2,0.0,0.0,,,12.6767,96,94,10.37386,,,C ,,C ,,,,2.158,11.37101
2021-08-06 00:00:00.0,15.53333,24.7,9.3,,8.4,,12.05694,,8.8,,0.0,0.2,0.2,,,14.16977,80,75,12.08986,,,C ,,C ,,,,0.0,-6.225002
2021-08-07 00:00:00.0,18.59028,27.8,12.8,,11.9,,13.34028,,12.2,,0.0,0.0,0.0,,,16.42549,78,73,14.40761,,,C ,,C ,,,,0.0,-13.86101
2021-08-08 00:00:00.0,13.6375,18.7,8.1,,7.5,,13.64375,,7.3,,24.4,22.2,4.0,,,13.70924,95,90,11.40796,,,C ,,C ,,,,0.0,7.386997
2021-08-09 00:00:00.0,9.049305,12.3,6.7,,6.5,,12.53264,,6.0,,0.0,2.2,2.8,,,9.208498,83,80,5.710995,,,C ,,C ,,,,4.647998,
2021-08-10 00:00:00.0,5.650695,11.5,-0.1,,-1.6,,11.54722,,-1.7,,0.0,0.0,0.0,,,6.932963,82,81,1.729993,,,C ,,C ,,,,15.43801,
2021-08-11 00:00:00.0,6.661806,16.3,-0.3,,-1.7,,10.69722,,-1.5,,0.0,0.0,0.0,,,7.846438,80,78,3.36508,,,C ,,C ,,,,12.78201,7.469996
2021-08-12 00:00:00.0,7.560417,15.5,1.1,,-0.5,,10.68541,,-0.1,,0.0,0.0,0.0,,,8.496147,85,83,4.528851,,,C ,,C ,,,,13.28001,13.36301
2021-08-13 00:00:00.0,8.077778,17.0,1.4,,-0.3,,10.64028,,0.1,,0.0,0.0,0.0,,,9.301616,86,82,5.778777,,,C ,,C ,,,,8.133996,13.28001
2021-08-14 00:00:00.0,10.39028,20.0,1.5,,0.2,,10.9868,,0.4,,0.0,0.0,0.0,,,10.32078,84,79,7.2298,,,C ,,C ,,,,7.303997,7.303998
2021-08-15 00:00:00.0,10.90972,19.5,3.8,,3.0,,11.69236,,2.9,,0.0,0.0,0.0,,,10.10697,81,75,7.024278,,,C ,,C ,,,,5.311998,8.299999
2021-08-16 00:00:00.0,12.90139,22.3,7.2,,6.3,,12.30347,,6.6,,0.0,0.0,0.0,,,12.5102,83,76,10.1752,,,C ,,C ,,,,0.0,1.743001
2021-08-17 00:00:00.0,15.89514,25.3,9.5,,8.3,,13.10972,,8.9,,0.0,0.0,0.0,,,13.32718,77,71,11.16811,,,C ,,C ,,,,0.0,-5.312
2021-08-18 00:00:00.0,16.7243,26.7,10.5,,9.9,,13.99861,,10.0,,0.0,0.0,0.0,,,16.25174,86,83,14.11662,,,C ,,C ,,,,0.0,-5.727
2021-08-19 00:00:00.0,15.26111,20.4,12.1,,11.3,,14.61945,,11.5,,0.0,0.0,0.0,,,13.4589,83,77,11.26944,,,C ,,C ,,,,0.0,-3.319997
2021-08-20 00:00:00.0,13.975,21.2,8.0,,5.6,,13.94028,,6.3,,0.0,0.0,0.0,,,8.377701,58,51,4.138011,,,C ,,C ,,,,0.332,0.3319996
2021-08-21 00:00:00.0,11.44236,19.4,4.7,,3.0,,13.11875,,3.5,,0.0,0.0,0.0,,,8.566284,63,57,4.635941,,,C ,,C ,,,,7.303997,3.236998
2021-08-22 00:00:00.0,14.39236,21.6,6.5,,5.1,,13.50139,,5.2,,0.0,0.0,0.0,,,9.351199,63,61,5.48521,,,C ,,C ,,,,0.83,0.9129986
2021-08-23 00:00:00.0,9.59514,17.0,3.3,,1.4,,12.73958,,1.5,,0.0,0.0,0.0,,,6.044001,56,52,-0.1693496,,,C ,,C ,,,,11.454,14.19301
2021-08-24 00:00:00.0,9.797915,18.7,3.1,,1.0,,12.25417,,1.2,,0.0,0.0,0.0,,,7.515739,64,60,2.762187,,,C ,,C ,,,,10.126,10.043
2021-08-25 00:00:00.0,10.66667,19.5,3.2,,1.4,,12.38958,,1.6,,0.0,0.0,0.0,,,7.982898,68,63,3.565481,,,C ,,C ,,,,9.461999,8.963996
2021-08-26 00:00:00.0,11.64931,21.7,2.2,,0.2,,12.0875,,1.0,,0.0,0.0,0.0,,,6.934664,54,48,1.605301,,,C ,,C ,,,,7.635996,1.079
2021-08-27 00:00:00.0,11.62778,19.4,2.5,,0.7,,12.20555,,0.8,,0.0,0.0,0.0,,,6.495792,53,46,0.700052,,,C ,,C ,,,,6.805997,5.975999
2021-08-28 00:00:00.0,13.46597,23.4,6.4,,5.1,,12.45,,5.6,,0.0,0.0,0.0,,,9.371795,66,59,5.969394,,,C ,,C ,,,,1.494,2.158
2021-08-29 00:00:00.0,15.02917,25.8,5.6,,4.0,,12.9507,,4.6,,0.0,0.0,0.0,,,11.08929,68,61,8.414287,,,C ,,C ,,,,2.49,-3.486
2021-08-30 00:00:00.0,18.16805,27.8,11.0,,9.8,,14.06181,,10.3,,0.0,0.0,0.0,,,15.19817,72,67,13.1279,,,C ,,C ,,,,0.0,-11.78601
2021-08-31 00:00:00.0,22.26528,30.6,16.3,,15.6,,15.39514,,15.8,,0.0,0.0,0.0,,,16.81298,64,59,14.76735,,,C ,,C ,,,,0.0,-21.41403
2021-09-01 00:00:00.0,19.41528,23.1,15.5,,15.1,,15.93749,,15.0,,20.8,20.6,3.6,,,17.2744,83,88,15.18215,,,C ,,C ,,,,0.0,-16.18501
2021-09-02 00:00:00.0,15.19583,16.0,13.9,,13.8,,15.67706,,13.6,,2.4,2.4,1.2,,,17.08725,100,100,15.02911,,,C ,,C ,,,,0.0,-0.083
2021-09-03 00:00:00.0,15.1632,17.5,13.9,,13.7,,15.69305,,13.6,,0.0,0.2,0.2,,,15.94984,94,92,13.94532,,,C ,,C ,,,,0.0,-3.236999
2021-09-04 00:00:00.0,14.17986,17.3,11.2,,10.3,,15.56112,,10.6,,4.2,2.8,2.4,,,14.95986,93,91,12.96463,,,C ,,C ,,,,0.0,-0.08300005
2021-09-05 00:00:00.0,14.64791,20.1,11.2,,10.2,,15.73402,,10.6,,0.0,1.4,2.2,,,14.25057,88,87,12.22291,,,C ,,C ,,,,0.0,-1.660001
2021-09-06 00:00:00.0,14.59861,20.5,10.9,,9.5,,15.60416,,9.9,,3.6,0.0,0.0,,,15.4023,91,88,13.39521,,,C ,,C ,,,,0.0,-3.32
2021-09-07 00:00:00.0,15.43681,17.7,13.9,,12.6,,15.77916,,13.1,,18.39999,17.6,3.4,,,17.29021,98,100,15.21478,,,C ,,C ,,,,0.0,-2.074999
2021-09-08 00:00:00.0,14.96598,16.2,14.2,,14.0,,15.85139,,14.0,,2.0,6.199999,1.2,,,16.68215,100,100,14.64495,,,C ,,C ,,,,0.0,0.249
2021-09-09 00:00:00.0,13.05972,15.7,11.0,,10.8,,15.46527,,10.8,,0.0,0.2,0.2,,,14.37849,97,96,12.36419,,,C ,,C ,,,,0.0,6.391003
2021-09-10 00:00:00.0,12.92014,16.1,10.7,,10.3,,15.31112,,10.2,,0.0,0.0,0.0,,,14.14339,94,92,12.11346,,,C ,,C ,,,,0.0,4.564999
2021-09-11 00:00:00.0,15.72778,20.9,11.0,,9.1,,15.92986,,9.7,,0.0,0.0,0.0,,,14.76231,83,79,12.7596,,,C ,,C ,,,,0.0,-8.050999
2021-09-12 00:00:00.0,18.76041,28.1,13.4,,12.7,,16.67362,,12.9,,0.0,0.0,0.0,,,17.0165,79,74,14.92163,,,C ,,C ,,,,0.0,-13.86101
2021-09-13 00:00:00.0,16.56806,20.5,13.2,,11.6,,16.99237,,12.0,,0.0,0.0,0.0,,,15.37657,84,81,13.18893,,,C ,,C ,,,,0.0,-8.383005
2021-09-14 00:00:00.0,14.43194,19.7,9.4,,8.2,,16.54028,,8.4,,0.0,0.0,0.0,,,8.217342,57,51,3.862128,,,C ,,C ,,,,1.494,0.4149993
2021-09-15 00:00:00.0,12.02431,21.8,2.6,,1.2,,15.51389,,1.4,,0.0,0.0,0.0,,,8.349423,62,55,4.318525,,,C ,,C ,,,,7.137997,0.3319989
2021-09-16 00:00:00.0,16.31667,25.8,8.0,,5.8,,15.66389,,6.5,,0.0,0.0,0.0,,,9.323555,53,46,5.881581,,,C ,,C ,,,,0.0,-5.229
2021-09-17 00:00:00.0,17.07708,24.9,9.4,,7.9,,16.05486,,8.5,,0.0,0.0,0.0,,,10.39794,57,50,7.443224,,,C ,,C ,,,,0.0,-8.299999
2021-09-18 00:00:00.0,18.35209,27.2,11.0,,9.6,,16.67709,,10.1,,0.0,0.0,0.0,,,15.17263,72,69,13.06955,,,C ,,C ,,,,0.0,-10.79
2021-09-19 00:00:00.0,15.53819,18.6,11.5,,9.6,,16.66459,,10.2,,0.0,0.0,0.0,,,16.94254,96,96,14.82537,,,C ,,C ,,,,0.0,-5.976003
2021-09-20 00:00:00.0,17.13611,22.1,13.4,,11.9,,16.69306,,12.4,,0.0,0.0,0.0,,,15.29654,83,79,13.15931,,,C ,,C ,,,,0.0,-7.386994
2021-09-21 00:00:00.0,12.2375,20.3,4.6,,2.7,,16.26944,,3.0,,0.0,0.0,0.0,,,8.789823,69,63,5.051586,,,C ,,C ,,,,5.311998,6.971996
2021-09-22 00:00:00.0,10.28056,14.5,5.8,,3.7,,15.21875,,4.4,,1.8,1.8,0.8,,,12.54495,94,96,10.15834,,,C ,,C ,,,,1.162,9.628002
2021-09-23 00:00:00.0,15.68403,22.7,10.6,,9.4,,15.80139,,9.7,,0.0,0.0,0.0,,,14.06706,82,76,12.0096,,,C ,,C ,,,,0.0,-5.477994
2021-09-24 00:00:00.0,14.42569,23.3,6.6,,5.6,,16.325,,5.5,,0.0,0.0,0.0,,,12.23742,77,73,9.829988,,,C ,,C ,,,,1.328,-1.079001
2021-09-25 00:00:00.0,15.69166,23.7,9.5,,8.4,,16.7875,,8.8,,0.0,0.0,0.0,,,13.71755,79,76,11.63098,,,C ,,C ,,,,0.0,-6.059
2021-09-26 00:00:00.0,18.89791,28.2,11.6,,10.5,,17.51041,,10.9,,0.0,0.0,0.0,,,14.95308,70,60,12.95092,,,C ,,C ,,,,0.0,-12.61601
2021-09-27 00:00:00.0,17.30556,22.7,14.1,,13.2,,18.06111,,13.5,,0.0,0.0,0.0,,,16.45414,88,84,14.40494,,,C ,,C ,,,,0.0,-8.465997
2021-09-28 00:00:00.0,14.34514,18.2,10.7,,10.6,,17.69584,,10.5,,0.0,0.0,0.0,,,14.93004,91,88,12.92411,,,C ,,C ,,,,0.0,-1.162
2021-09-29 00:00:00.0,17.29445,23.2,11.9,,10.4,,17.83611,,10.9,,0.0,0.0,0.0,,,15.09981,78,72,13.1158,,,C ,,C ,,,,0.0,-11.039
2021-09-30 00:00:00.0,15.98889,19.5,14.0,,13.0,,17.43264,,13.3,,44.4,44.4,15.8,,,17.58182,97,96,15.44513,,,C ,,C ,,,,0.0,-7.138006
2021-10-01 00:00:00.0,16.34166,23.7,9.0,,8.0,,17.39931,,8.1,,0.0,0.0,0.0,,,11.55748,70,65,8.968036,,,C ,,C ,,,,0.0,-5.228997
2021-10-02 00:00:00.0,13.75347,19.3,9.3,,7.8,,16.76528,,8.4,,2.4,2.4,0.6,,,12.97067,83,81,10.72492,,,C ,,C ,,,,0.0,1.162
2021-10-03 00:00:00.0,12.40625,17.8,6.2,,5.0,,16.55556,,5.2,,0.0,0.0,0.0,,,8.54683,68,63,4.584086,,,C ,,C ,,,,4.813998,8.797993
2021-10-04 00:00:00.0,12.92292,22.1,4.5,,2.6,,16.3507,,3.1,,0.0,0.0,0.0,,,8.875431,62,52,5.213058,,,C ,,C ,,,,6.473997,-0.9960003
2021-10-05 00:00:00.0,16.5243,23.8,9.3,,7.7,,16.875,,8.4,,0.0,0.0,0.0,,,9.969468,55,50,6.854194,,,C ,,C ,,,,0.0,-8.382999
2021-10-06 00:00:00.0,14.31528,18.9,10.0,,8.1,,17.30139,,8.8,,0.0,0.0,0.0,,,9.786184,66,62,6.51164,,,C ,,C ,,,,0.0,2.323999
2021-10-07 00:00:00.0,11.48611,19.5,3.3,,2.1,,16.64097,,2.3,,0.0,0.0,0.0,,,8.980067,68,57,5.377832,,,C ,,C ,,,,6.307997,4.481998
2021-10-08 00:00:00.0,13.50972,19.8,8.0,,6.5,,16.68959,,7.0,,0.0,0.0,0.0,,,11.30411,75,66,8.753992,,,C ,,C ,,,,0.0,0.6639996
2021-10-09 00:00:00.0,15.48958,24.3,7.5,,6.1,,17.10277,,6.3,,0.0,0.0,0.0,,,13.17007,76,69,10.95637,,,C ,,C ,,,,0.0,-5.560999
2021-10-10 00:00:00.0,16.8375,24.3,10.9,,10.0,,17.60416,,10.2,,1.0,0.0,0.0,,,16.30751,84,78,14.25697,,,C ,,C ,,,,0.0,-11.786
2021-10-11 00:00:00.0,17.98264,21.4,16.0,,14.1,,18.15486,,14.6,,0.2,1.2,0.6,,,17.86113,90,88,15.6917,,,C ,,C ,,,,0.0,-14.52501
2021-10-12 00:00:00.0,16.78611,21.7,12.4,,11.3,,18.00764,,11.6,,0.0,0.0,0.0,,,17.23822,90,90,15.16469,,,C ,,C ,,,,0.0,-9.794001
2021-10-13 00:00:00.0,16.19097,19.2,14.0,,12.7,,17.71528,,13.1,,8.4,8.4,1.4,,,17.75817,99,97,15.54883,,,C ,,C ,,,,0.0,-6.058995
2021-10-14 00:00:00.0,14.63959,23.6,8.5,,7.8,,17.68681,,7.9,,0.0,0.0,0.0,,,13.97588,84,79,11.61607,,,C ,,C ,,,,0.0,-0.747
2021-10-15 00:00:00.0,13.87222,21.1,7.8,,6.7,,17.8493,,6.6,,0.0,0.0,0.0,,,8.868674,62,53,4.914055,,,C ,,C ,,,,0.0,-0.2490009
2021-10-16 00:00:00.0,14.0257,22.4,6.0,,4.3,,17.625,,4.9,,0.0,0.0,0.0,,,8.100642,55,46,3.799336,,,C ,,C ,,,,2.822,-0.8300007
