fecha,tmax (°C) ,tmin (°C) ,prcp (mm),hr media (%),dirección viento máximo,velocidad de viento máximo (m/s) ,viento medio (m/s)
1/1/1984,27,19.2,0,79,7,10.3,9.3
1/2/1984,27.2,20,38,89,23,12.9,2.6
1/3/1984,26.9,20,0.6,87,16,10.3,5.3
1/4/1984,27.2,19.4,0,83,5,8.2,3.4
1/5/1984,31,20.3,0,73,36,5.1,1.7
1/6/1984,32.8,22.9,0.6,81,9,10.3,3.1
1/7/1984,31.2,25,0,77,23,7.7,4.3
1/8/1984,28.5,20,0,73,9,10.3,6.9
1/9/1984,31.7,21,6,81,14,7.2,0.9
1/10/1984,26.5,18.1,0,57,9,10.3,4.6
1/11/1984,28.2,16.3,0,71,5,8.7,4.5
1/12/1984,25,22.5,12.4,94,5,9.3,2.6
1/13/1984,30.1,20.1,0,69,25,7.7,4.5
1/14/1984,31.9,16,0,55,29,8.2,2.1
1/15/1984,28.7,16,19,78,9,10.3,6
1/16/1984,32,17.8,0,78,20,15.4,3.1
1/17/1984,31.6,19,0,74,5,5.1,0
1/18/1984,33.5,18.8,11,72,36,7.2,3.1
1/19/1984,28.7,18.6,0,71,14,11.3,7.9
1/20/1984,26.5,12,0,69,9,12.3,3.4
1/21/1984,25.5,13,0,71,9,8.2,3.4
1/22/1984,26.9,18,0,71,2,8.2,4.6
1/23/1984,29,20.2,0,66,9,9.8,4.1
1/24/1984,29.8,20.5,0,78,9,10.3,6.2
1/25/1984,30,20.4,14.4,83,2,15.4,4.1
1/26/1984,25.5,20.4,45.2,86,36,9.3,2.4
1/27/1984,29.1,20.4,0.3,79,23,9.8,4.8
1/28/1984,33.9,17,32,68,2,20.6,8.9
1/29/1984,30,17.5,17,74,32,8.2,0
1/30/1984,25.4,17.4,0,89,29,8.2,3.6
1/31/1984,29.2,14.7,0,73,32,6.2,2.1
2/1/1984,27,15.6,0,77,5,8.2,4.5
2/2/1984,30.4,19.8,1.5,74,34,6.7,4.1
2/3/1984,27.7,19.5,0,87,16,8.2,6.7
2/4/1984,24.8,19,3.7,77,23,14.4,4.8
2/5/1984,22.8,13.2,0,65,25,10.3,6
2/6/1984,26.2,11.5,0,49,23,14.4,5.8
2/7/1984,27.3,15.6,0,60,34,9.3,4.5
2/8/1984,26.6,18,0,70,36,8.7,3.9
2/9/1984,30.8,16,0,69,2,6.2,3.8
2/10/1984,26.2,22.5,17.2,88,2,23.2,6.9
2/11/1984,27.6,21.4,2,88,0,0,0
2/12/1984,25.5,19.3,35,91,9,6.7,4.5
2/13/1984,27,22.3,0,90,29,5.1,2.6
2/14/1984,29.5,19,0,73,27,11.3,6.2
2/15/1984,30.4,18.7,0,77,5,6.2,2.2
2/16/1984,28,20,0,82,9,9.3,6.3
2/17/1984,29.2,22,0,83,5,10.8,5.7
2/18/1984,29.1,22.8,0,91,7,7.2,4.8
2/19/1984,25.6,22.8,12.5,94,5,7.2,4.1
2/20/1984,29.7,22,0,86,5,7.2,0
2/21/1984,30.2,20.1,0,90,5,7.7,1.7
2/22/1984,29.5,22,0,85,9,7.7,3.4
2/23/1984,27,18.9,18.7,84,9,15.4,9.8
2/24/1984,25.2,19.8,0,86,23,11.3,4.1
2/25/1984,27,17.5,50,86,20,20.6,5.7
2/26/1984,26.5,17.8,0,74,23,7.7,1.7
2/27/1984,26.6,16,48,84,5,9.3,4.6
2/28/1984,24,20,71,94,11,7.7,0
2/29/1984,26.4,15,0,69,14,5.1,0
3/1/1984,28,16.5,0,70,32,5.1,1.7
3/2/1984,27,15.5,0,77,9,8.2,5.5
3/3/1984,26.9,19,0,78,2,7.7,4.6
3/4/1984,29,20,0,71,36,1.5,0
3/5/1984,30.6,16.6,0,82,11,8.2,3.4
3/6/1984,31.5,19.4,8,75,25,20.6,3.1
3/7/1984,27,19,0,80,14,10.3,3.4
3/8/1984,26.7,22,1,83,23,9.3,4.3
3/9/1984,25.5,18.5,0.5,82,20,9.3,6.5
3/10/1984,23.5,16.4,0,82,14,9.3,2.4
3/11/1984,24.9,13.3,0,77,9,7.2,3.9
3/12/1984,25,15,0,74,9,9.3,4.3
3/13/1984,23,16.5,18,73,2,7.7,4.6
3/14/1984,27.2,16.7,15.5,87,0,0,0
3/15/1984,21.7,19.5,74,97,16,9.3,1.7
3/16/1984,27,18,0,86,23,7.2,2.2
3/17/1984,24.5,13,0,74,18,5.1,3.1
3/18/1984,24,13.4,0,78,18,2.6,0.9
3/19/1984,24,13.8,0.5,83,9,10.3,2.9
3/20/1984,24.3,13.6,0,76,5,7.7,2.1
3/21/1984,26,15,0,78,36,5.7,1.7
3/22/1984,27.5,17,0,78,36,7.7,1.7
3/23/1984,29.3,20,6.6,81,5,5.7,3.1
3/24/1984,25.2,16,0,69,23,9.3,2.7
3/25/1984,24.6,13.2,0,63,25,7.7,3.4
3/26/1984,20.5,7.7,0.6,69,16,6.2,1.7
3/27/1984,21,13.7,0,72,7,8.2,4.5
3/28/1984,21.6,13.3,0,86,16,12.9,7.5
3/29/1984,21.5,10.1,0,75,18,10.3,7.7
3/30/1984,20.5,11.6,0,80,11,10.3,8.2
3/31/1984,20.4,14.5,0,84,11,16.5,8.1
4/1/1984,20,15.9,3.6,86,11,10.3,6
4/2/1984,23.5,14.2,0,75,20,14.4,8.6
4/3/1984,15,9,6,90,27,15.4,11.1
4/4/1984,18.6,12,0,82,25,13.4,7.4
4/5/1984,29.3,9,0,66,27,10.3,5.1
4/6/1984,22,6.3,0,68,2,5.1,1.7
4/7/1984,22.5,12.1,0,70,36,7.7,3.9
4/8/1984,24.2,14,0,75,9,6.2,2.1
4/9/1984,26.9,13.3,0,80,36,2.6,1.4
4/10/1984,28.6,17.5,0,80,36,6.7,2.2
4/11/1984,26.9,16.4,0,81,5,6.2,0.9
4/12/1984,25.5,17.3,0,83,5,6.7,4.8
4/13/1984,26.4,17.2,0,78,34,6.2,2.1
4/14/1984,26.5,17,0,75,34,6.7,1.9
4/15/1984,26.5,13.1,6.4,87,18,18.5,2.6
4/16/1984,14.6,10.8,4,88,18,9.3,3.1
4/17/1984,17.9,4.1,0,74,16,9.3,3.9
4/18/1984,17.3,5.6,0,77,11,9.3,6.3
4/19/1984,16.2,12,22,95,9,15.4,8.1
4/20/1984,17,13,2,96,11,13.4,8.4
4/21/1984,20.5,17,6.2,92,9,11.3,7.7
4/22/1984,18.4,13.6,0.6,93,27,11.3,7.2
4/23/1984,18,10.8,0,79,29,27.8,12.3
4/24/1984,16.2,6,0,77,23,7.7,4.6
4/25/1984,21,6.1,0,67,32,16.5,4.6
4/26/1984,22.6,12,0,69,18,12.3,6.2
4/27/1984,16.6,3.3,0,77,29,2.6,0
4/28/1984,18.3,5.4,0,79,0,0,0
4/29/1984,17.1,5.6,0,73,16,5.1,1
4/30/1984,18.2,6,0,77,34,5.1,0
5/1/1984,19.5,11.9,0,80,32,10.3,5.1
5/2/1984,22.2,8,0,75,2,7.2,3.1
5/3/1984,25.7,14.5,31,83,2,7.7,4.3
5/4/1984,25.2,18.9,0.5,90,25,10.3,7.2
5/5/1984,19.8,6.7,0.2,76,0,0,0
5/6/1984,16,10.7,0,79,5,6.7,2.4
5/7/1984,19.6,7.5,0,58,27,9.3,3.1
5/8/1984,21.5,9.8,0,67,29,7.7,3.1
5/9/1984,20.6,8.2,0,81,23,14.4,2.4
5/10/1984,13,1.2,0,68,23,10.3,5.5
5/11/1984,12,-1,7,75,29,10.3,2.2
5/12/1984,11.9,4,0,84,25,9.3,5.8
5/13/1984,11.5,0.2,0,66,32,9.3,3.8
5/14/1984,11.5,4.4,0,63,23,14.4,9.6
5/15/1984,14.1,-1.1,0,56,29,11.3,6.7
5/16/1984,15.5,2.3,0,69,34,5.1,3.1
5/17/1984,18,10,0,73,34,6.2,3.1
5/18/1984,18.5,10.8,2,76,20,7.2,5.5
5/19/1984,17.4,4,0,71,18,6.2,0
5/20/1984,15.6,5.5,4,82,7,7.2,5.1
5/21/1984,20.1,12.3,0,95,9,5.7,3.3
5/22/1984,16.6,9.7,0,93,18,8.2,4.3
5/23/1984,14.8,8.5,0,97,20,7.7,4.3
5/24/1984,14,10.5,0.1,98,9,5.1,0.5
5/25/1984,18.5,9.5,18.8,97,9,6.7,1.9
5/26/1984,16,13.2,0.6,98,16,10.3,6.5
5/27/1984,16,13,7,90,11,15.4,9.6
5/28/1984,16.6,13.5,7.2,98,9,12.9,4.5
5/29/1984,15.4,5.4,6.6,91,27,41.2,21.8
5/30/1984,13.6,5.4,0,86,23,15.4,4.6
5/31/1984,16,7.2,0,73,34,13.4,4.1
6/1/1984,14.9,4.9,0,92,2,6.2,0
6/2/1984,14.8,7.7,0,84,20,9.3,6.3
6/3/1984,12.7,0.6,0,80,18,7.2,3.6
6/4/1984,10.2,1.3,0,88,20,7.7,4.1
6/5/1984,13.9,1.5,0,86,16,6.2,0
6/6/1984,8.6,1.8,6,96,20,9.3,7.2
6/7/1984,10.1,2.3,0,90,23,6.2,2.9
6/8/1984,10.5,5,4.6,96,5,5.1,0
6/9/1984,11,4.8,0,78,25,10.3,7.4
6/10/1984,14.7,4,0,68,36,9.3,8.1
6/11/1984,14.6,8.6,0,81,29,7.7,1.4
6/12/1984,13,1.8,0,80,25,7.2,2.4
6/13/1984,11.4,4.6,0,78,23,6.2,0.9
6/14/1984,11.7,-0.1,0,88,7,5.1,1.7
6/15/1984,13.4,4,0,88,9,10.3,2.7
6/16/1984,15.1,2.5,0,86,5,2.6,0.9
6/17/1984,11.5,8.9,0,91,9,7.7,1.7
6/18/1984,13.8,8.6,0,84,11,10.3,5.5
6/19/1984,12,9.1,0,84,9,12.3,8.6
6/20/1984,13,10,3,80,9,12.9,9.8
6/21/1984,13,11,7.5,96,9,10.3,6
6/22/1984,12.3,4.9,0,81,27,10.3,7.2
6/23/1984,11.4,-0.8,0,86,18,5.1,0
6/24/1984,10.5,5.5,8.6,95,11,9.3,4.5
6/25/1984,11.3,9,10.8,99,14,9.3,8.4
6/26/1984,10.3,3.5,6,90,20,20.6,12.9
6/27/1984,6.6,-1.4,0,80,27,7.7,4.5
6/28/1984,11,1,0,73,34,7.7,2.9
6/29/1984,13.5,4,0,74,34,7.7,4.8
6/30/1984,17.4,5.2,0,73,5,8.2,5.8
7/1/1984,17.5,11.4,5,82,2,8.2,7.2
7/2/1984,16.2,11.1,0.2,90,2,8.2,4.1
7/3/1984,11.3,6,0,96,20,9.3,6.9
7/4/1984,11.3,2.8,0,92,7,10.3,6.2
7/5/1984,12.6,9.8,24.2,94,9,11.3,5.1
7/6/1984,13.1,7,0,83,25,12.9,7.5
7/7/1984,11.4,-0.3,0,89,7,6.7,3.8
7/8/1984,14.2,8.8,0.2,82,5,8.7,2.4
7/9/1984,12.2,9.6,0.3,97,18,10.3,5.7
7/10/1984,11.5,6.2,12.4,90,11,12.9,8.7
7/11/1984,14,9.1,1,95,27,15.4,7.9
7/12/1984,11.4,4.4,0,86,23,15.4,8.6
7/13/1984,9.8,-1,0,83,20,5.1,0
7/14/1984,10,-0.6,0,82,9,9.3,2.7
7/15/1984,11.9,5.5,0,88,5,7.7,3.4
7/16/1984,15.4,3.5,0,92,34,8.7,2.2
7/17/1984,16,11.4,0,91,0,0,0
7/18/1984,15,8.6,0,88,16,9.3,6.9
7/19/1984,9.2,6,0,76,18,9.3,6.3
7/20/1984,7.4,0,0,79,16,7.2,2.2
7/21/1984,6.5,2.4,0,83,20,7.7,6
7/22/1984,7.8,2.6,0,82,18,2.6,0
7/23/1984,9.4,-1,0,74,36,8.7,5.5
7/24/1984,14.5,5,0,77,20,10.3,6
7/25/1984,11,0,0,80,23,7.2,1.7
7/26/1984,11.5,1.5,0,73,36,10.3,5.1
7/27/1984,11,1.5,0,77,18,12.9,6.9
7/28/1984,8.9,-3.6,0,79,20,7.2,1.7
7/29/1984,9.6,1,0,71,5,9.8,2.4
7/30/1984,14,6,0,72,34,9.3,5.1
7/31/1984,13.6,5.8,0,85,23,6.2,0
8/1/1984,16,3.7,0,69,20,8.2,3.4
8/2/1984,12.4,-0.6,0,88,0,0,0
8/3/1984,14.3,0.5,0,73,34,7.7,2.6
8/4/1984,17,3.7,0,80,34,2.1,1
8/5/1984,20.2,5,0,78,0,0,0
8/6/1984,16.3,2.2,0,57,23,18,7.7
8/7/1984,11.8,-1.8,0,56,27,9.3,2.4
8/8/1984,11,2,0,64,9,10.3,7.7
8/9/1984,11,4.2,3,89,11,12.9,9.9
8/10/1984,11.5,8.8,4,97,9,14.4,8.7
8/11/1984,11.2,9.4,7.7,94,11,13.4,10.3
8/12/1984,10.2,7.2,0,84,16,10.3,6.9
8/13/1984,12.7,2.8,0,79,23,6.2,2.6
8/14/1984,14.5,6.5,0,70,23,10.3,3.9
8/15/1984,10,1.5,0,71,18,7.7,3.4
8/16/1984,9.3,1.6,0,75,14,6.2,1.7
8/17/1984,12.7,7.1,0,89,9,8.2,4.3
8/18/1984,16.3,8.4,0,81,7,10.3,6.5
8/19/1984,18,8.8,2,83,5,9.3,5
8/20/1984,16.4,10.2,0,92,9,4.1,0.7
8/21/1984,18.1,5.5,0,74,20,7.7,2.1
8/22/1984,16.2,3.5,1.3,77,23,10.3,3.9
8/23/1984,12.9,5.1,0,66,23,13.4,6.7
8/24/1984,10.2,0.6,0,59,27,20.6,10.8
8/25/1984,11.9,1.5,0,61,27,11.3,6.9
8/26/1984,15.4,4.4,0,63,29,9.3,5.1
8/27/1984,12.4,0.1,0,81,7,5.1,1.7
8/28/1984,14.9,-0.4,0,80,2,8.2,2.6
8/29/1984,17.2,3.4,0,73,2,6.2,2.4
8/30/1984,19.7,8.6,0,63,36,6.2,0
8/31/1984,20.9,4.3,0,72,36,1.5,0.5
9/1/1984,22.5,5.6,0,74,9,7.7,0
9/2/1984,14.3,9.4,0,95,11,9.3,3.6
9/3/1984,19.4,7.1,0,86,14,9.3,6.9
9/4/1984,16.6,11.7,0,93,9,12.3,8.6
9/5/1984,17.9,11,0.4,86,5,9.3,6.9
9/6/1984,20,12.5,0,87,5,5.1,2.2
9/7/1984,22.6,8,0,69,27,8.2,3.3
9/8/1984,23.2,10,0,67,0,0,0
9/9/1984,17.1,7,0,85,9,9.3,5
9/10/1984,20.4,12,0,79,2,10.3,6.9
9/11/1984,19.8,10,0,85,14,10.3,6.7
9/12/1984,13.2,9,3.8,79,14,8.2,2.7
9/13/1984,15.6,11.4,0,90,9,8.2,7.2
9/14/1984,15,11.3,24.5,92,9,10.3,8.1
9/15/1984,15.4,11.5,0,90,9,8.2,4.5
9/16/1984,18.7,11.5,0,86,5,2.6,0.9
9/17/1984,17.5,9.9,0,80,5,10.3,6
9/18/1984,17.8,14.1,8,79,2,10.3,8.2
9/19/1984,16.6,11.4,10,95,20,16.5,6.5
9/20/1984,16.5,10,0,75,25,15.4,11.3
9/21/1984,11.1,5,0,73,23,12.9,10.3
9/22/1984,14.1,4.5,0,76,25,10.3,5.1
9/23/1984,14.8,2.9,0,84,9,7.7,4.3
9/24/1984,13,8,0,82,9,13.4,11.3
9/25/1984,13.9,7.2,0.5,75,14,12.3,9.3
9/26/1984,14,6.9,0,81,14,10.3,8.7
9/27/1984,15.2,8.6,0,83,14,10.3,7.5
9/28/1984,18,5,0,77,18,7.2,0
9/29/1984,18.8,4.5,0,80,5,8.7,7.5
9/30/1984,22.5,12.5,0,72,2,12.9,7.7
10/1/1984,25.7,11.9,0,77,5,8.2,5.1
10/2/1984,22,15.4,10,84,20,8.2,3.4
10/3/1984,18.4,10.2,0,79,20,14.4,6.7
10/4/1984,19,5.8,0,70,36,5.1,2.4
10/5/1984,22,6,0,68,23,8.2,4.5
10/6/1984,17.5,4.3,0,57,2,7.7,3.1
10/7/1984,20.4,12.3,0,62,32,9.3,2.6
10/8/1984,21.1,7.7,0,69,5,5.1,0.5
10/9/1984,23.3,7.6,0,66,0,0,0
10/10/1984,25,14,0,71,0,0,0
10/11/1984,27,12,0,63,36,8.2,6.7
10/12/1984,27.5,16.6,0,76,11,7.7,4.8
10/13/1984,22.4,12.3,0,82,14,8.2,6.7
10/14/1984,22.3,15.5,0,84,11,9.3,7.2
10/15/1984,26.2,15.5,0,81,5,9.3,6.2
10/16/1984,28,17,40,85,18,25.7,8.6
10/17/1984,20.9,12.6,0,64,20,11.3,6.5
10/18/1984,20.5,6.7,0,67,2,7.7,4.6
10/19/1984,22.8,14,0,75,2,9.3,5.8
10/20/1984,26.6,15.5,25,77,2,7.2,2.2
10/21/1984,21,14.8,3,89,16,6.7,3.9
10/22/1984,20.5,12,0,66,9,8.2,0
10/23/1984,20,9.5,0,80,9,5.1,3.9
10/24/1984,22,13.8,0,81,5,10.3,7.2
10/25/1984,24.5,15.8,10.5,89,23,25.7,7.7
10/26/1984,18.5,10.4,2,74,9,9.3,6
10/27/1984,19.6,13.5,114.5,98,9,7.2,5.8
10/28/1984,22.5,18,39.5,95,9,9.8,4.5
10/29/1984,22.4,15,0,\N,\N,\N,\N
10/30/1984,19.3,8.3,0,58,27,12.3,7.2
10/31/1984,21,7.6,0,54,2,8.2,2.7
11/1/1984,20.7,16.6,0,80,2,6.2,3.8
11/2/1984,19.6,12.4,3.7,82,18,15.4,3.8
11/3/1984,18.8,10,0,70,20,8.2,2.1
11/4/1984,18.5,8.7,8,69,9,8.7,5.8
11/5/1984,19,11.6,0,69,9,15.4,9.4
11/6/1984,21,15.5,1,82,7,12.3,8.4
11/7/1984,20.2,16.6,13,92,7,12.9,8.1
11/8/1984,25.8,16.1,4,84,27,20.6,4.3
11/9/1984,22,14.5,0,78,25,21.6,9.9
11/10/1984,19.5,11,0.9,75,20,7.7,2.4
11/11/1984,17.2,11.4,0,70,9,5.1,1.7
11/12/1984,20.3,7.9,0,65,23,10.3,4.5
11/13/1984,21.8,10,0,70,5,6.2,0
11/14/1984,23.8,11.9,0,65,5,7.7,3.4
11/15/1984,25,16,0,62,34,6.2,3.9
11/16/1984,26.2,13.5,3,69,16,15.4,4.6
11/17/1984,18,8,0,64,14,10.3,7.7
11/18/1984,21.5,7.7,3,71,2,10.3,5.1
11/19/1984,24,15,0,78,36,5.1,1.7
11/20/1984,25,15.5,0,75,7,9.3,7.2
11/21/1984,25.5,17.5,0,76,2,9.8,1.7
11/22/1984,28.7,14.8,1,72,32,5.7,0
11/23/1984,25.7,15.3,0,76,18,10.3,2.6
11/24/1984,27,12.8,0,62,5,5.1,1.7
11/25/1984,29.5,13.5,0,58,32,12.3,4.1
11/26/1984,24,12.5,0,56,7,7.7,4.3
11/27/1984,27,13.7,0,68,36,6.2,3.8
11/28/1984,26.2,18.4,0,61,34,7.2,4.1
11/29/1984,29,18.5,0,63,5,6.7,4.1
11/30/1984,29.9,16.9,16,73,7,9.3,3.9
12/1/1984,22.5,12.2,6,88,25,30.9,6.9
12/2/1984,21.3,7.2,0,53,25,10.3,4.5
12/3/1984,27.7,13.5,0,58,29,15.4,6.5
12/4/1984,31.5,15,17.5,63,36,8.2,4.5
12/5/1984,27.5,16.5,0,78,36,10.3,2.4
12/6/1984,21.8,12.7,1.8,55,11,10.3,5
12/7/1984,21,9,0,73,9,10.3,4.1
12/8/1984,20.7,13.1,0,65,5,8.2,5.3
12/9/1984,24.3,13.6,0,68,23,7.7,3.4
12/10/1984,\N,11.8,0.4,68,7,7.2,3.8
12/11/1984,\N,16,8.4,74,29,15.4,0
12/12/1984,\N,14.4,0,64,27,13.4,6.2
12/13/1984,\N,7.6,0,43,27,9.3,3.4
12/14/1984,\N,16,0,39,23,15.4,7.2
12/15/1984,\N,8.5,6,60,25,23.7,3.8
12/16/1984,\N,11.7,0,61,20,8.7,5.1
12/17/1984,\N,12,0,67,18,8.2,5
12/18/1984,\N,7.3,0,69,18,8.2,2.7
12/19/1984,\N,9.3,0,73,5,5.1,2.2
12/20/1984,\N,14,0,56,23,9.3,3.1
12/21/1984,\N,11.7,0.8,60,23,18.5,7.2
12/22/1984,\N,6.9,0,63,7,10.3,6.5
12/23/1984,\N,8.3,0,60,14,9.3,7
12/24/1984,\N,11.6,0,61,7,10.3,8.6
12/25/1984,\N,11.5,0,68,7,10.3,4.8
12/26/1984,\N,11.3,0,73,5,7.2,3.3
12/27/1984,\N,13.6,0,71,9,10.3,3.9
12/28/1984,\N,11.6,0,66,9,8.2,2.1
12/29/1984,\N,17.1,0,61,2,7.7,2.1
12/30/1984,\N,15.1,3,58,23,8.2,1.7
12/31/1984,\N,20.3,0.1,51,20,16.5,6.7
1/1/1985,\N,15.4,0,73,9,10.3,8.4
1/2/1985,\N,19,0,78,14,11.3,6.5
1/3/1985,\N,20.3,0,71,9,10.8,7.4
1/4/1985,\N,21.6,0,70,5,10.3,5.5
1/5/1985,\N,21,3,75,5,10.3,3.4
1/6/1985,\N,20.9,0,75,18,9.3,5
1/7/1985,\N,13.6,0,76,5,7.7,2.1
1/8/1985,\N,18.5,0,67,36,8.2,2.7
1/9/1985,\N,20.5,0,54,34,8.2,5.1
1/10/1985,\N,22,0,44,27,18,7.2
1/11/1985,\N,18,0,54,5,9.3,4.8
1/12/1985,\N,16.5,0,63,11,10.3,8.1
1/13/1985,\N,18.6,1,64,9,10.3,5.3
1/14/1985,\N,20,0,74,2,11.3,3.1
1/15/1985,\N,17.2,0,48,23,15.4,8.6
1/16/1985,\N,11.6,0,53,5,8.2,2.4
1/17/1985,\N,18.6,0,49,36,8.2,4.8
1/18/1985,\N,17.8,0,62,7,7.7,4.3
1/19/1985,\N,19.3,0,66,5,8.2,6.3
1/20/1985,\N,20.5,0,69,5,7.2,1.7
1/21/1985,\N,17.6,0,74,18,10.3,7.9
1/22/1985,\N,13,0,71,9,10.3,7.5
1/23/1985,\N,14,0,64,9,9.3,4.5
1/24/1985,\N,17.6,0,68,7,13.4,8.2
1/25/1985,\N,19.4,6,69,5,11.3,7.7
1/26/1985,\N,19,0,82,16,12.3,5.8
1/27/1985,\N,17,0.8,81,7,8.2,4.5
1/28/1985,\N,15,2,79,18,13.4,2.1
1/29/1985,\N,14.5,0,77,11,10.3,1.7
1/30/1985,\N,14.1,0,69,7,7.7,2.6
1/31/1985,\N,15.7,23.5,65,9,10.3,4.1
2/1/1985,\N,17,0,76,23,6.2,0
2/2/1985,\N,17.9,0,59,23,5.1,1.7
2/3/1985,\N,19.4,1,66,18,20.1,4.5
2/4/1985,\N,14.4,0,65,18,8.2,3.3
2/5/1985,\N,16.3,0,49,23,4.1,0.9
2/6/1985,\N,19,0,55,9,8.2,2.1
2/7/1985,\N,19.4,0,61,36,10.3,5.5
2/8/1985,\N,20,0,71,36,5.1,2.2
2/9/1985,\N,20.8,5,56,14,8.2,2.1
2/10/1985,\N,19,0,70,14,15.4,9.4
2/11/1985,\N,11.6,0,62,9,7.7,4.3
2/12/1985,\N,15,0,70,5,9.3,3.1
2/13/1985,\N,10.2,0,72,7,8.2,7.7
2/14/1985,\N,19.6,0,71,5,10.3,7.9
2/15/1985,\N,17.2,1,88,23,9.3,5.8
2/16/1985,\N,11.4,0,65,2,7.7,3.4
2/17/1985,\N,15.3,0,67,2,6.2,3.3
2/18/1985,\N,22.4,0,64,9,7.2,6.5
2/19/1985,\N,22.3,0,73,29,7.7,3.8
2/20/1985,\N,19.3,0.8,74,14,13.4,5.5
2/21/1985,\N,18.4,0,75,9,8.7,5.7
2/22/1985,\N,20.3,0,74,2,7.7,4.3
2/23/1985,\N,20.3,0,61,34,8.2,5.3
2/24/1985,\N,17.5,0,65,11,8.2,3.6
2/25/1985,\N,19.7,16.5,83,25,15.4,3.1
2/26/1985,\N,16.4,0,52,23,13.4,6.2
2/27/1985,\N,6.6,0,61,2,5.1,1.9
2/28/1985,\N,11.9,0,58,34,7.7,3.8
3/1/1985,\N,18,0,58,36,7.2,3.3
3/2/1985,\N,20.3,0,68,9,8.2,5.3
3/3/1985,\N,20.5,0,78,9,10.3,8.6
3/4/1985,\N,20.5,0,76,5,10.3,6
3/5/1985,\N,21.4,0,70,2,6.7,4.8
3/6/1985,\N,21.4,0,70,25,9.3,7
3/7/1985,\N,16.1,0,64,16,18,10.6
3/8/1985,\N,10.2,3,65,9,12.9,6.5
3/9/1985,\N,16.4,0,79,14,10.3,5
3/10/1985,\N,14.3,0,75,18,9.3,4.6
3/11/1985,\N,12.5,0,71,36,7.7,2.6
3/12/1985,\N,15.6,0,61,20,15.4,5.1
3/13/1985,\N,16,0,50,27,7.7,4.6
3/14/1985,\N,12,0,73,5,7.2,1.2
3/15/1985,\N,17,53,65,16,30.9,1.7
3/16/1985,\N,15,0,53,25,10.3,4.3
3/17/1985,\N,12.8,0,55,20,15.4,2.9
3/18/1985,\N,10.4,0,52,20,11.3,4.5
3/19/1985,\N,6.9,9,62,2,5.1,1.7
3/20/1985,\N,11.6,0,63,27,19.5,5.7
3/21/1985,\N,7,0,37,32,13.4,3.4
3/22/1985,\N,14.5,0,80,34,5.1,2.7
3/23/1985,\N,9.9,25,82,9,6.2,1.9
3/24/1985,\N,17.8,0,86,11,15.4,10.6
3/25/1985,\N,17.8,0,79,9,15.4,11.1
3/26/1985,\N,16.4,17,94,20,20.6,4.3
3/27/1985,\N,10.4,3.5,76,36,6.2,1.7
3/28/1985,\N,15.6,23.5,90,5,7.7,3.1
3/29/1985,\N,11.5,0,61,23,14.4,4.8
3/30/1985,\N,11.2,0,61,34,7.7,3.3
3/31/1985,\N,18.3,0,66,32,9.3,4.3
4/1/1985,\N,18,4.3,85,27,18,6.3
4/2/1985,\N,14.6,0,71,20,7.7,2.7
4/3/1985,\N,10,3,88,23,20.6,11.1
4/4/1985,\N,6,0,71,23,10.3,5.5
4/5/1985,\N,6,0,66,5,7.2,2.4
4/6/1985,\N,11.4,0,79,2,7.2,2.4
4/7/1985,\N,9.8,0,64,5,6.2,1.2
4/8/1985,\N,12.5,15,76,9,10.3,6.9
4/9/1985,\N,18.4,2,96,2,8.2,5.5
4/10/1985,\N,13.6,0,60,20,8.2,6.9
4/11/1985,\N,7,0,69,2,6.2,0.5
4/12/1985,\N,12,0,75,36,8.2,4.8
4/13/1985,\N,13.8,10,89,5,6.2,3.6
4/14/1985,\N,13.9,0,84,29,8.2,3.8
4/15/1985,\N,14,0,69,23,7.2,0
4/16/1985,\N,12.4,4,84,2,5.7,2.6
4/17/1985,\N,12.3,0,64,25,14.4,5.1
4/18/1985,\N,6,0,60,0,0,0
4/19/1985,\N,12.9,0,66,2,7.7,4.3
4/20/1985,\N,10.8,0,83,2,2.6,0
4/21/1985,\N,11,0,85,9,7.7,2.1
4/22/1985,\N,12.3,0.2,95,9,4.1,2.2
4/23/1985,\N,16.9,0,88,9,5.7,0
4/24/1985,\N,16.5,0,87,14,7.2,0
4/25/1985,\N,13.8,0,92,5,5.1,1.4
4/26/1985,\N,16.3,0,89,34,5.1,1.7
4/27/1985,\N,13.2,20,92,18,6.2,2.1
4/28/1985,\N,7.7,1,85,20,15.4,7.2
4/29/1985,\N,2.3,0,69,27,9.3,3.9
4/30/1985,\N,3.9,0,69,27,10.3,5.7
5/1/1985,\N,2.4,0,65,27,8.2,3.8
5/2/1985,\N,6.9,0,59,29,15.4,5.1
5/3/1985,\N,7.4,0,71,0,0,0
5/4/1985,\N,10,0,73,29,6.7,3.3
5/5/1985,\N,6.5,0,85,32,1.5,0.3
5/6/1985,\N,12,0,83,5,5.1,0
5/7/1985,\N,5.9,0,81,0,0,0
5/8/1985,\N,5.8,0,84,11,7.2,2.6
5/9/1985,\N,8.8,0,76,32,10.3,5.8
5/10/1985,\N,4.1,0,65,29,8.2,4.5
5/11/1985,\N,4,0,78,34,3.1,0
5/12/1985,\N,14,0.6,61,32,10.3,4.5
5/13/1985,\N,9.3,0,85,0,0,0
5/14/1985,\N,6.5,0.8,88,32,6.2,1
5/15/1985,\N,8.8,0,80,36,6.2,1.7
5/16/1985,\N,12.4,0,81,34,8.2,1.9
5/17/1985,\N,14.6,0,87,9,7.2,5
5/18/1985,\N,10.4,0,80,20,15.4,0
5/19/1985,\N,0.5,0,71,0,0,0
5/20/1985,\N,9.4,0,87,2,13.4,7.2
5/21/1985,\N,5.4,0,65,23,14.4,8.2
5/22/1985,\N,0.1,0,74,2,6.2,1.7
5/23/1985,\N,2.5,0,80,5,6.2,2.1
5/24/1985,\N,9.6,0,74,36,8.7,5.5
5/25/1985,\N,15.4,75,91,34,7.7,2.2
5/26/1985,\N,11.5,0,81,18,13.4,7.5
5/27/1985,\N,8,0,74,5,9.3,3.4
5/28/1985,\N,11.5,0,79,20,8.2,6.2
5/29/1985,\N,3.9,0,79,20,6.2,1.4
5/30/1985,\N,7.8,61.4,80,5,10.3,7.9
5/31/1985,\N,14.6,108,98,5,7.7,6.2
6/1/1985,\N,7,0,78,20,10.8,5.5
6/2/1985,\N,2,0,67,27,8.2,1.7
6/3/1985,\N,4,0,63,34,9.3,3.9
6/4/1985,\N,9.9,0,69,29,8.2,6.5
6/5/1985,\N,5.4,0,80,18,12.3,7.5
6/6/1985,\N,0.6,0,76,20,12.9,6.5
6/7/1985,\N,1.7,0,82,18,15.4,7.5
6/8/1985,\N,0.5,0,83,16,6.2,2.9
6/9/1985,\N,0.4,0,81,34,1.5,0.5
6/10/1985,\N,2.4,0,75,34,8.2,2.7
6/11/1985,\N,9.5,0,79,34,7.7,3.8
6/12/1985,\N,2.8,0,91,9,5.1,0
6/13/1985,\N,5,0,89,0,0,0
6/14/1985,\N,3.9,0,95,18,2.6,1.4
6/15/1985,\N,10.2,0,92,14,10.3,4.1
6/16/1985,\N,7.2,0,88,14,6.7,4.3
6/17/1985,\N,5.5,0,87,14,2.6,0
6/18/1985,\N,3.9,0,91,2,8.2,3.8
6/19/1985,\N,9.3,3,89,2,6.2,1.9
6/20/1985,\N,9.7,0,77,25,7.7,1.7
6/21/1985,\N,6.5,0,66,36,7.2,2.4
6/22/1985,\N,5.5,0,84,36,1.5,0.5
6/23/1985,\N,11.4,0,94,32,5.1,0
6/24/1985,\N,14.8,0,93,5,7.2,2.4
6/25/1985,\N,13.5,0,92,5,2.6,0.9
6/26/1985,\N,14.5,0,97,0,0,0
6/27/1985,\N,14,0,93,0,0,0
6/28/1985,\N,14.9,17,91,18,12.9,3.6
6/29/1985,\N,12.7,0.6,90,14,10.3,6.9
6/30/1985,\N,9.1,0,88,18,13.4,7.5
7/1/1985,\N,6.5,0,85,18,7.7,4.8
7/2/1985,\N,3,0,84,34,9.3,5.1
7/3/1985,\N,12,3,83,32,8.2,1.7
7/4/1985,\N,7,6,90,20,15.4,9.1
7/5/1985,\N,0.4,0,81,20,9.8,5.3
7/6/1985,\N,0,0,71,32,10.3,0
7/7/1985,\N,5,0,73,34,9.3,5.1
7/8/1985,\N,8.5,0,81,36,10.3,5.7
7/9/1985,\N,4,0,83,20,9.3,4.1
7/10/1985,\N,-0.4,0,76,20,7.7,3.1
7/11/1985,\N,-2.5,0,72,2,8.2,2.7
7/12/1985,\N,5,0,71,36,9.3,2.1
7/13/1985,\N,6.5,0,80,36,6.2,3.1
7/14/1985,\N,8.5,0,82,34,6.2,0
7/15/1985,\N,9,0,90,14,12.3,8.7
7/16/1985,\N,10.1,0,90,5,11.3,8.9
7/17/1985,\N,11.2,0,84,36,8.2,4.8
7/18/1985,\N,11.4,7,89,5,6.2,1.7
7/19/1985,\N,10.5,0,84,32,10.3,6.3
7/20/1985,\N,8.1,0,78,25,7.7,3.1
7/21/1985,\N,3.9,0,85,7,2.1,0
7/22/1985,\N,7,0,94,9,12.3,7.9
7/23/1985,\N,11.2,0,86,5,10.3,5.7
7/24/1985,\N,12.5,10,91,2,6.2,0.7
7/25/1985,\N,13,39,96,9,8.2,3.8
7/26/1985,\N,14.1,3,95,7,7.7,5.1
7/27/1985,\N,8.9,0,82,2,4.1,1.4
7/28/1985,\N,9,0,82,32,10.3,3.9
7/29/1985,\N,7.7,0,87,29,6.2,2.2
7/30/1985,\N,7.9,0,91,18,10.3,7.2
7/31/1985,\N,7.6,0,82,18,8.2,3.9
8/1/1985,\N,7.2,0,76,29,7.7,4.3
8/2/1985,\N,7.3,2.8,82,36,4.1,0.9
8/3/1985,\N,8.8,1.8,96,0,0,0
8/4/1985,\N,12.8,0,95,36,6.2,0
8/5/1985,\N,10.5,6,96,11,9.3,5.5
8/6/1985,\N,8.5,1,94,18,11.3,7.2
8/7/1985,\N,4,0,80,16,11.3,8.2
8/8/1985,\N,4.2,0,83,14,10.3,7.2
8/9/1985,\N,7.5,9.4,92,14,10.3,6.9
8/10/1985,\N,7.8,0,87,16,10.3,7.9
8/11/1985,\N,2.3,0,82,0,0,0
8/12/1985,\N,5.7,0,83,29,4.1,0.9
8/13/1985,\N,8,0,80,2,7.7,2.9
8/14/1985,\N,8.5,0,85,34,6.2,0
8/15/1985,\N,7,3,96,18,16.5,1.7
8/16/1985,\N,1,0,81,2,5.1,0
8/17/1985,\N,6.3,0,65,32,7.2,2.7
8/18/1985,\N,5.8,0,82,11,8.7,5.3
8/19/1985,\N,7.5,0,85,5,6.2,3.4
8/20/1985,\N,4.8,0,79,20,12.3,6.2
8/21/1985,\N,0.6,0,69,16,7.2,1.2
8/22/1985,\N,\N,0,85,5,5.1,1.4
8/23/1985,\N,\N,0,83,36,6.2,3.1
8/24/1985,\N,\N,0,84,32,2.1,1
8/25/1985,\N,\N,0,88,11,5.1,1.9
8/26/1985,\N,\N,0.2,94,11,7.2,5.8
8/27/1985,\N,\N,0,87,18,6.2,2.6
8/28/1985,\N,\N,0,74,34,5.1,1.7
8/29/1985,\N,\N,0,79,36,7.2,1.7
8/30/1985,\N,\N,0,66,20,5.1,0.7
8/31/1985,\N,\N,0,77,18,15.4,5.1
9/1/1985,\N,\N,0,75,20,7.7,1.9
9/2/1985,\N,\N,0,69,36,8.7,1.7
9/3/1985,\N,\N,0,82,5,7.7,2.2
9/4/1985,\N,\N,0,75,29,8.2,2.1
9/5/1985,\N,\N,0,75,32,6.2,2.1
9/6/1985,\N,\N,0,72,34,6.2,4.1
9/7/1985,\N,\N,0,82,5,7.2,2.4
9/8/1985,\N,\N,6,78,5,8.2,7.5
9/9/1985,\N,\N,29,96,20,20.6,9.8
9/10/1985,\N,\N,0,76,5,7.2,0.9
9/11/1985,\N,\N,7,94,2,9.3,0
9/12/1985,\N,\N,2.3,95,29,20.6,5.1
9/13/1985,\N,\N,0,86,18,10.3,4.1
9/14/1985,\N,\N,4,79,11,13.4,10.6
9/15/1985,\N,\N,9,92,14,18,12.2
9/16/1985,\N,\N,30.6,98,16,14.4,10.8
9/17/1985,\N,\N,0,83,18,6.2,1.7
9/18/1985,\N,\N,0,87,7,8.2,3.8
9/19/1985,\N,\N,0,88,14,6.2,0
9/20/1985,\N,\N,0,89,5,7.7,1.7
9/21/1985,\N,\N,0,86,36,5.1,1.4
9/22/1985,\N,\N,6.1,95,14,12.3,7.9
9/23/1985,\N,\N,0,87,18,8.2,4.8
9/24/1985,\N,\N,0,86,18,7.7,2.4
9/25/1985,\N,\N,0,87,7,8.7,6.3
9/26/1985,\N,\N,0,82,2,8.2,2.6
9/27/1985,\N,\N,0.1,85,14,10.3,7.4
9/28/1985,\N,\N,0.1,86,14,10.3,5.5
9/29/1985,\N,\N,0,87,11,5.7,2.6
9/30/1985,\N,\N,0,83,2,9.3,2.4
10/1/1985,\N,\N,0,85,36,6.2,1.7
10/2/1985,\N,\N,6,83,23,7.7,5.1
10/3/1985,\N,\N,7.3,79,20,8.7,3.8
10/4/1985,\N,\N,21.4,92,18,10.3,4.3
10/5/1985,\N,\N,0,86,14,9.3,5.1
10/6/1985,\N,\N,34,88,27,11.3,3.8
10/7/1985,\N,\N,0,76,18,17.5,6.9
10/8/1985,\N,\N,0,76,5,7.2,4.3
10/9/1985,\N,\N,0,83,5,4.1,0.7
10/10/1985,\N,\N,0,58,29,9.3,3.3
10/11/1985,\N,\N,0,58,36,9.3,7.2
10/12/1985,\N,\N,32.4,77,2,14.4,11.7
10/13/1985,\N,\N,72,86,25,18,8.1
10/14/1985,\N,\N,0,95,18,16.5,5.5
10/15/1985,\N,\N,0,80,20,9.3,5.8
10/16/1985,\N,\N,0,77,18,9.3,4.1
10/17/1985,\N,\N,16,82,9,9.3,5.5
10/18/1985,\N,\N,53.5,96,9,14.4,9.6
10/19/1985,\N,\N,0,89,23,12.9,6.9
10/20/1985,\N,\N,1,75,23,9.3,3.4
10/21/1985,\N,\N,0,77,23,2.6,0.5
10/22/1985,\N,\N,0.3,75,32,9.3,1.7
10/23/1985,\N,\N,0,74,18,7.2,1.7
10/24/1985,\N,\N,0,83,16,4.1,1.2
10/25/1985,\N,\N,0,81,16,6.2,1.5
10/26/1985,\N,\N,0,79,0,0,0
10/27/1985,\N,\N,0,82,5,5.1,1.7
10/28/1985,\N,\N,0,82,5,2.6,1.4
10/29/1985,\N,\N,0,93,16,6.7,0.9
10/30/1985,\N,\N,3,84,14,9.3,6.2
10/31/1985,\N,\N,0,77,14,15.4,9.3
11/1/1985,\N,\N,0,74,14,7.2,4.3
11/2/1985,\N,\N,0,69,16,7.7,4.3
11/3/1985,\N,\N,0,68,5,5.7,0
11/4/1985,\N,\N,0,71,36,5.7,0
11/5/1985,\N,\N,0,59,29,7.7,2.6
11/6/1985,\N,\N,0,63,32,10.3,5.5
11/7/1985,\N,\N,0,70,34,7.7,1.9
11/8/1985,\N,\N,0,69,2,7.7,6.3
11/9/1985,\N,\N,52,81,9,9.3,2.7
11/10/1985,\N,\N,0.2,92,20,15.4,4.1
11/11/1985,\N,\N,0,69,9,7.7,5.1
11/12/1985,\N,\N,23,92,23,12.9,7.2
11/13/1985,\N,\N,79.5,84,14,12.3,6.5
11/14/1985,\N,\N,23,95,36,6.2,0
11/15/1985,\N,\N,0,77,36,10.3,5.5
11/16/1985,\N,\N,0.9,79,14,10.3,5.5
11/17/1985,\N,\N,0,70,11,10.3,4.6
11/18/1985,\N,\N,17.3,76,7,7.7,4.1
11/19/1985,\N,\N,2.3,85,7,8.2,4.3
11/20/1985,\N,\N,24,87,5,7.7,5.1
11/21/1985,\N,\N,4,88,7,6.2,2.4
11/22/1985,\N,\N,3.2,91,11,7.2,0
11/23/1985,\N,\N,0,81,16,4.1,1.9
11/24/1985,\N,\N,5,81,20,17,0.9
11/25/1985,\N,\N,0.4,64,16,20.6,6.2
11/26/1985,\N,\N,0,65,20,10.3,6.5
11/27/1985,\N,\N,0,70,20,6.2,3.8
11/28/1985,\N,\N,0,75,36,7.2,0
11/29/1985,\N,\N,0,66,29,7.2,3.8
11/30/1985,\N,\N,0,80,16,10.3,6.7
12/1/1985,\N,\N,0,67,9,8.2,2.7
12/2/1985,\N,\N,0,60,9,5.1,1.7
12/3/1985,\N,\N,0,67,36,8.2,5
12/4/1985,\N,\N,0,63,34,8.2,5.5
12/5/1985,\N,\N,0,75,18,8.2,4.8
12/6/1985,\N,\N,0.7,61,9,8.2,7.9
12/7/1985,\N,\N,8.2,81,5,10.3,3.6
12/8/1985,\N,\N,0.6,87,36,5.1,1.7
12/9/1985,\N,\N,0,86,5,6.2,0
12/10/1985,\N,\N,0,72,18,10.3,5.8
12/11/1985,\N,\N,0,70,5,9.3,4.5
12/12/1985,\N,\N,0,81,7,7.7,6
12/13/1985,\N,\N,0,73,7,6.2,2.2
12/14/1985,\N,\N,0,72,32,6.2,0
12/15/1985,\N,\N,0,71,36,5.1,1.7
12/16/1985,\N,\N,0,67,9,10.3,4.1
12/17/1985,\N,\N,5,61,2,11.3,6.5
12/18/1985,\N,\N,0,75,25,7.7,4.3
12/19/1985,\N,\N,0,61,5,6.2,3.4
12/20/1985,\N,\N,2,59,36,6.2,0
12/21/1985,\N,\N,0,70,20,12.9,6.9
12/22/1985,\N,\N,0,67,11,7.7,3.9
12/23/1985,\N,\N,0,64,5,8.2,2.6
12/24/1985,\N,\N,2,70,34,7.7,3.4
12/25/1985,\N,\N,0,72,7,8.2,2.6
12/26/1985,\N,\N,0,69,9,11.3,1.7
12/27/1985,\N,\N,0,74,5,7.7,1.9
12/28/1985,\N,\N,0,68,14,13.4,6.9
12/29/1985,\N,\N,0,75,9,12.3,6.7
12/30/1985,\N,\N,0,74,5,10.3,7.4
12/31/1985,\N,\N,0,68,11,5.1,2.1
1/1/1986,30.7,19.6,0,63,11,9.3,6.2
1/2/1986,26.1,12.4,0,65,5,7.7,5.3
1/3/1986,26.1,18.5,0,68,23,7.7,3.1
1/4/1986,31.1,15.6,0,64,18,9.3,4.1
1/5/1986,31.5,18.5,0,61,5,8.2,4.6
1/6/1986,31.1,15,0,63,7,6.2,2.6
1/7/1986,35.1,14,26,62,27,25.7,2.4
1/8/1986,31.5,18.8,0,71,14,11.8,5.7
1/9/1986,27.7,14,0,72,7,7.7,4.3
1/10/1986,31.2,17.1,0,62,5,7.2,5.7
1/11/1986,33.9,20.7,0,69,2,8.7,6.3
1/12/1986,28.1,20.7,2,64,23,23.2,6.9
1/13/1986,25.6,12.6,0,61,9,10.3,5.5
1/14/1986,28.6,18.1,0,65,9,12.3,7.9
1/15/1986,33.4,20.4,35,71,7,7.7,3.8
1/16/1986,25.2,17.4,18,89,11,13.4,8.9
1/17/1986,22.6,19.2,9,97,9,12.9,8.7
1/18/1986,22.9,13.1,0,67,27,20.6,12.9
1/19/1986,24.4,12.2,0,64,23,11.3,6.2
1/20/1986,26.5,13,0,63,32,7.2,3.8
1/21/1986,30.7,17.1,0,58,34,7.7,6
1/22/1986,33.6,22.1,0,52,36,7.2,1.7
1/23/1986,35.3,22,0,55,34,7.7,4.6
1/24/1986,35.2,22.2,0,60,32,6.2,2.9
1/25/1986,37.5,23.8,0.5,60,36,5.1,3.1
1/26/1986,29.2,21.1,2.7,87,27,7.7,2.1
1/27/1986,27.4,20.6,2,83,23,12.9,5.1
1/28/1986,25,18.8,0,87,11,7.7,1.4
1/29/1986,27.9,17.9,0,85,36,6.2,3.8
1/30/1986,30.3,18.6,17,77,2,4.1,0.9
1/31/1986,24.7,16.6,9,81,16,16.5,6
2/1/1986,25,13.5,0,72,9,10.3,5.8
2/2/1986,27.1,15.9,0,68,2,7.7,5
2/3/1986,28.8,18.8,0,70,34,6.2,1.7
2/4/1986,30.1,19.1,0,69,36,6.2,1.7
2/5/1986,30.6,19.3,0,77,5,6.2,2.6
2/6/1986,30.7,21.2,2,86,23,20.6,0
2/7/1986,24.8,15.6,0,65,14,9.3,3.3
2/8/1986,29.1,15.1,0,80,2,4.1,2.2
2/9/1986,29.9,21.7,0,82,5,9.3,3.1
2/10/1986,24.3,15.1,0,61,36,12.3,5.5
2/11/1986,23.3,11.7,0,64,7,8.7,4.1
2/12/1986,27.8,16.2,0,72,36,7.2,5.5
2/13/1986,32,19.1,0,67,14,6.2,2.1
2/14/1986,27.1,19.9,12,77,11,10.3,8.7
2/15/1986,24.9,20,1,89,7,8.2,5.7
2/16/1986,24.6,17.4,0,78,23,12.3,7.4
2/17/1986,26.2,10.5,0,64,23,7.7,4.6
2/18/1986,30.9,18.8,0,55,32,11.3,5.8
2/19/1986,32.4,18.8,0,52,27,13.4,3.1
2/20/1986,25.5,10.9,0,71,5,9.3,4.5
2/21/1986,30.5,14.6,0,66,36,7.7,4.5
2/22/1986,31.1,20.1,0,62,36,9.3,2.4
2/23/1986,32.7,20.1,0,71,2,7.2,1.7
2/24/1986,33.1,21,0,66,7,6.7,5.5
2/25/1986,29.6,22.6,2,80,7,6.2,2.1
2/26/1986,29.9,18.3,0,68,20,8.2,3.6
2/27/1986,25.6,14.9,0,71,5,7.2,3.8
2/28/1986,29.6,15.1,0,60,23,13.4,6.5
3/1/1986,23.1,7.9,18,67,16,7.7,5.8
3/2/1986,25.5,14.5,7,88,5,7.7,3.4
3/3/1986,21.6,11.1,0,72,16,10.3,5.8
3/4/1986,22.1,12.8,0,71,5,9.3,2.1
3/5/1986,28.1,13.2,0,69,29,9.8,3.1
3/6/1986,23.5,7.5,0,66,18,6.2,0
3/7/1986,24.1,12.2,0,71,5,10.3,0
3/8/1986,28.5,14.6,0,69,36,4.1,0.9
3/9/1986,26.4,15.2,0.1,81,0,0,0
3/10/1986,21.3,16.2,36.5,95,23,21.1,7.2
3/11/1986,21,11.9,0,73,23,9.8,6
3/12/1986,23.8,9,0,63,36,7.2,4.1
3/13/1986,22.8,15.5,2.4,90,2,12.9,4.6
3/14/1986,22.4,14.2,0,67,20,11.3,6.2
3/15/1986,23.2,9.7,0,61,32,10.3,0
3/16/1986,28.7,13.1,0,66,9,10.3,7.2
3/17/1986,26.8,16,0,74,20,16.5,3.4
3/18/1986,20.5,14.6,0,67,23,14.4,6.2
3/19/1986,22.1,6.2,0,80,5,6.2,0
3/20/1986,24,14.1,0,76,36,7.7,3.4
3/21/1986,27.1,15.6,0,74,0,0,0
3/22/1986,27.1,12.6,0,83,0,0,0
3/23/1986,25.6,15.5,4,77,5,7.7,5.1
3/24/1986,23.9,17.2,0,81,14,10.3,6.9
3/25/1986,23.1,12,0,77,18,9.8,3.3
3/26/1986,24.3,7.9,0,73,5,5.1,0.9
3/27/1986,23.8,8.1,0,76,7,6.2,2.1
3/28/1986,25.1,13.2,0,82,5,8.2,5
3/29/1986,28.2,16.4,0,74,0,0,0
3/30/1986,27.8,15.6,0,77,18,10.3,1
3/31/1986,24.2,16.4,0,83,9,8.7,6.5
4/1/1986,24.1,17.6,2.4,88,2,9.3,3.4
4/2/1986,26,14,0,81,23,7.2,2.1
4/3/1986,23.1,13.6,10,80,14,11.3,6.5
4/4/1986,22.5,14.1,11,93,20,15.4,6
4/5/1986,25,9.8,0,70,25,6.2,2.2
4/6/1986,24.9,8.4,0,60,0,0,0
4/7/1986,27,14.6,0,72,2,10.3,5.1
4/8/1986,25.2,17.6,0,81,11,10.3,5.8
4/9/1986,24.5,14.8,2.1,88,5,8.2,2.1
4/10/1986,24.8,17.2,0,84,23,6.2,0
4/11/1986,24.1,11.8,4,76,9,5.7,1.7
4/12/1986,19.9,14.3,35,97,11,10.3,6
4/13/1986,18.9,10.3,0,82,16,15.4,9.8
4/14/1986,15.8,4.6,0,73,18,11.3,5.8
4/15/1986,17.5,2.7,0,81,36,2.6,0
4/16/1986,18.3,6.1,0,66,2,8.7,6.9
4/17/1986,20.6,13,0,82,2,7.7,3.1
4/18/1986,22.2,13.5,0,82,0,0,0
4/19/1986,21,13.3,0,83,9,12.3,9.4
4/20/1986,23.4,17.9,0,91,5,6.2,4.3
4/21/1986,24.3,16.3,0,89,34,8.7,2.9
4/22/1986,24.1,17.8,34,92,11,10.3,5.5
4/23/1986,19.6,18,39.4,97,9,19.5,8.6
4/24/1986,25.5,17.4,0.3,88,23,9.3,3.3
4/25/1986,20.6,12.5,0,82,23,9.3,3.4
4/26/1986,21.5,10.4,0,76,20,7.2,0
4/27/1986,20.1,6,0,80,36,7.2,1.7
4/28/1986,22.4,9,0,81,5,6.2,2.1
4/29/1986,22.1,12.8,0,80,36,7.7,3.8
4/30/1986,24.1,12.8,0,82,36,7.2,1.7
5/1/1986,26.1,16.6,0,80,29,12.9,5.1
5/2/1986,26.7,17.1,0,88,29,8.2,3.8
5/3/1986,22.6,9.8,0,81,9,6.2,0
5/4/1986,22.6,9.5,1,74,36,6.2,2.1
5/5/1986,20.1,10.5,0,73,20,5.1,2.7
5/6/1986,16.9,8.4,0,63,20,10.3,5.1
5/7/1986,18.7,6.2,0,74,34,6.2,1.4
5/8/1986,16.3,11,16.2,97,36,5.1,1.7
5/9/1986,13.9,7.6,9.6,96,20,9.3,5.3
5/10/1986,17,5.4,0,66,25,6.2,2.9
5/11/1986,19.2,8.6,0,70,29,9.3,3.9
5/12/1986,13.6,6.8,0,63,27,9.3,3.1
5/13/1986,11,1,0,63,23,10.3,7.4
5/14/1986,13.3,-0.5,0,62,32,5.1,1.7
5/15/1986,16.2,10.6,0,70,7,5.1,2.6
5/16/1986,15.1,13,12,85,9,7.2,2.1
5/17/1986,17,13.2,1.1,98,14,7.7,6.7
5/18/1986,17.7,13.4,1,92,7,7.2,5.5
5/19/1986,16.1,14.8,45,98,20,7.7,4.5
5/20/1986,16.6,9,0,72,23,11.3,6.5
5/21/1986,19.2,6.7,0,69,34,8.2,5.7
5/22/1986,19.2,9.4,0,80,34,6.2,0.7
5/23/1986,16.1,11.3,4,83,5,6.2,3.1
5/24/1986,18,12.6,0,86,27,10.3,6.5
5/25/1986,15.9,5.9,0,62,27,12.3,6.2
5/26/1986,16.4,7.9,0,70,34,9.3,6.5
5/27/1986,16.1,9.9,2,77,34,10.3,5.8
5/28/1986,19.1,11.2,0,79,20,9.3,2.1
5/29/1986,15.2,5.6,0,79,23,8.2,4.6
5/30/1986,9.3,2,0,93,23,8.2,5.3
5/31/1986,16.6,3.2,0,67,29,11.3,5.7
6/1/1986,15.7,2.6,0,73,27,6.2,1.7
6/2/1986,17,1.8,0,77,2,9.3,5.1
6/3/1986,17.5,9.2,0,77,2,7.7,3.8
6/4/1986,18.4,7.1,0,90,2,5.1,1.7
6/5/1986,15.3,7.6,4,92,18,8.2,2.4
6/6/1986,12.5,7.6,0,87,23,10.3,5.1
6/7/1986,13.8,6.8,0,76,32,9.3,3.8
6/8/1986,16.1,6.9,0,92,32,7.2,2.9
6/9/1986,15.5,7,0,89,9,7.2,2.4
6/10/1986,16.1,10.8,0,96,23,7.7,3.8
6/11/1986,12.4,2.4,0,77,23,9.3,6.9
6/12/1986,12.6,-0.5,0.5,81,5,11.3,6
6/13/1986,17.6,11,9.5,95,36,6.2,1.7
6/14/1986,18.6,9.3,0,84,23,9.3,6.2
6/15/1986,14,3.4,0,94,5,8.2,6.3
6/16/1986,18.2,11.7,0,99,36,5.1,0
6/17/1986,22,14.2,0,94,32,9.3,0.9
6/18/1986,17.1,10.8,0,84,14,9.3,4.6
6/19/1986,15.2,8.6,0.5,86,11,10.3,6.7
6/20/1986,17.5,9.4,0,96,5,7.7,4.6
6/21/1986,20.5,12.8,5,91,18,11.3,3.8
6/22/1986,12.8,9.6,12.3,94,14,8.2,0
6/23/1986,14.9,10.3,25.5,100,14,6.2,3.4
6/24/1986,16.7,8.9,0,84,18,7.7,5.1
6/25/1986,15,5,0,87,7,6.2,1.9
6/26/1986,15.9,4.6,0,88,5,8.2,3.3
6/27/1986,16.1,8.5,0,89,7,7.7,4.3
6/28/1986,18.7,10,0,91,18,5.1,1.7
6/29/1986,15.8,10.3,0,95,5,5.1,0
6/30/1986,14.3,6,0,84,20,12.9,8.2
7/1/1986,12.4,0,0,82,36,7.2,2.4
7/2/1986,15.3,1.4,0,81,34,7.2,3.1
7/3/1986,16.1,9.3,0,90,34,7.7,2.6
7/4/1986,15.5,9.4,0,94,27,7.2,0
7/5/1986,10.9,4.1,0,68,16,10.8,6.7
7/6/1986,13.2,3,0,81,7,10.3,4.8
7/7/1986,15.9,9.2,0,79,2,10.3,5.5
7/8/1986,19.8,8.6,0,79,2,8.2,6.5
7/9/1986,19.2,8.5,0,85,5,6.2,3.1
7/10/1986,19.4,11.4,0,78,36,9.3,3.1
7/11/1986,17.1,12,5,75,34,7.7,4.6
7/12/1986,15.5,8.6,0,84,5,7.2,0
7/13/1986,13.7,6,0,96,9,6.2,2.1
7/14/1986,13.1,11.2,20,99,9,8.2,6
7/15/1986,13.1,8.7,0,83,18,9.3,5.5
7/16/1986,10.7,1,0,85,11,8.2,0
7/17/1986,12.6,2.4,0,89,9,9.8,4.3
7/18/1986,14.2,5.5,0,86,11,6.2,3.1
7/19/1986,12.2,3.6,0,93,0,0,0
7/20/1986,11.9,3.1,0,79,18,15.4,7.4
7/21/1986,13.1,-0.7,0,81,36,2.6,0.9
7/22/1986,13.4,5.8,0,71,32,10.3,6.3
7/23/1986,15.5,8.1,0,76,32,7.2,6.5
7/24/1986,19.1,7.9,0,79,29,7.2,3.1
7/25/1986,18.5,7.8,0,83,36,7.2,1.7
7/26/1986,16,4.6,0,83,18,10.3,4.8
7/27/1986,11.3,0.9,0,79,20,6.2,3.4
7/28/1986,13.1,0.6,0,69,36,12.3,8.1
7/29/1986,13.1,7.1,20.2,84,36,8.2,2.7
7/30/1986,19.8,7.2,0,73,25,7.7,2.6
7/31/1986,17.9,7.6,0,81,23,10.3,3.4
8/1/1986,13.2,4.9,0,82,18,5.1,2.6
8/2/1986,17.2,6.8,0.2,85,14,10.3,3.4
8/3/1986,12.3,5,0,84,14,11.8,5.5
8/4/1986,13.1,2.4,3.5,88,9,11.3,6.7
8/5/1986,14.1,8.9,0,93,16,7.7,3.1
8/6/1986,14.9,7.8,0.9,92,5,7.7,0
8/7/1986,20.6,7.2,0.2,94,36,7.7,0
8/8/1986,19.3,12.7,15.5,98,11,10.3,6.9
8/9/1986,18.5,12.6,48.5,95,36,6.2,2.1
8/10/1986,16.4,6.6,6.5,93,16,20.6,10.8
8/11/1986,12,2.2,0,75,23,5.1,1.4
8/12/1986,11.7,2.5,0,76,9,7.2,2.7
8/13/1986,16.1,6,0,90,14,7.7,1.7
8/14/1986,15.1,8.9,0,83,14,10.3,7.7
8/15/1986,10.5,6.8,0.2,92,16,13.4,9.3
8/16/1986,9.2,6.1,1,89,18,15.4,9.4
8/17/1986,14.1,1.7,0,82,20,7.7,5.5
8/18/1986,12.5,1.6,0,81,18,6.2,0
8/19/1986,13.6,1.3,0,82,5,5.1,0
8/20/1986,13.6,2.8,0,82,7,7.7,3.1
8/21/1986,13.8,6.6,1,90,5,10.3,6.2
8/22/1986,15.6,11,0,91,25,5.1,2.1
8/23/1986,17.1,5.1,0,66,23,12.3,6.7
8/24/1986,15.5,5.6,0,61,23,12.3,4.8
8/25/1986,15.6,0.6,3.5,75,2,5.1,3.3
8/26/1986,17.6,3.1,0,81,36,6.2,2.1
8/27/1986,20.8,8,9,72,36,8.2,4.5
8/28/1986,19.7,9.6,0,78,18,10.3,5.5
8/29/1986,14.6,6.8,0,81,9,12.9,6.9
8/30/1986,17.8,10.2,10,71,9,12.3,9.8
8/31/1986,15.2,11.5,21,93,2,11.3,4.6
9/1/1986,17.8,11.6,3.6,90,5,9.3,4.3
9/2/1986,22.3,14.6,29,86,20,22.6,6
9/3/1986,14.6,4.8,8,91,20,17.5,11.3
9/4/1986,11.5,4.9,0,77,23,10.3,5.8
9/5/1986,15.6,1,0,67,27,8.2,0
9/6/1986,17.5,7.6,0,76,34,7.2,5.3
9/7/1986,22.1,10.6,0,68,5,8.2,5.3
9/8/1986,26.4,12.6,0,74,36,10.3,3.8
9/9/1986,28,18,0,65,36,7.7,6
9/10/1986,27.5,17.2,0,69,34,9.3,2.4
9/11/1986,27.6,16,0,66,36,11.3,6.2
9/12/1986,27.6,18.1,0,69,32,10.3,8.9
9/13/1986,19.2,8.4,2,79,16,13.4,7.7
9/14/1986,18.9,5.8,0,56,18,8.2,2.7
9/15/1986,11,4.7,0,64,18,16.5,8.9
9/16/1986,10.8,3.2,0,71,11,10.3,7.7
9/17/1986,12.5,6,4,80,14,11.3,5.8
9/18/1986,14.1,4.4,1,76,9,10.8,7.5
9/19/1986,16,8.8,0,81,9,10.3,5
9/20/1986,18.4,10.9,0,74,7,11.3,8.9
9/21/1986,19.2,10.1,0,86,5,8.2,2.4
9/22/1986,19.7,8.1,0,82,9,8.2,5
9/23/1986,17.2,8.5,0,85,11,11.3,7.9
9/24/1986,19,6.8,0,73,14,16.5,11.5
9/25/1986,16.6,7.6,0,73,11,12.9,7
9/26/1986,17.1,3.8,0,77,18,2.6,0
9/27/1986,16.6,1.4,0,72,7,8.2,2.6
9/28/1986,16,7.1,8,90,5,8.2,5.3
9/29/1986,22.6,12.1,0,82,25,5.1,1.7
9/30/1986,23.4,10.8,4,74,2,7.7,4.3
10/1/1986,25.1,14.7,0.7,85,2,6.2,2.6
10/2/1986,20.2,13.1,33.1,83,5,8.2,4.6
10/3/1986,16.7,11.2,0,85,11,15.4,9.3
10/4/1986,17,12.7,25.5,87,9,10.3,6.3
10/5/1986,17.9,14,19,96,9,16.5,4.8
10/6/1986,19.9,13.3,0,81,16,10.3,6.2
10/7/1986,17.1,9.4,0,82,16,7.7,5.1
10/8/1986,16.4,6.6,0,79,9,10.3,6.5
10/9/1986,18.3,9.6,0,79,11,8.2,4.5
10/10/1986,20.6,10.5,0,79,7,6.2,1.4
10/11/1986,20.6,10.7,0,67,18,10.3,4.3
10/12/1986,24.9,10,0,72,25,9.8,5.5
10/13/1986,23.7,9.8,0,82,2,6.2,3.4
10/14/1986,26.2,16.6,0,74,34,8.2,2.4
10/15/1986,25.2,16.5,0,71,36,6.7,4.6
10/16/1986,18.3,12.5,6.5,90,23,15.4,5.1
10/17/1986,19.6,5.6,0,58,27,10.3,5.8
10/18/1986,17.2,4.7,0,74,14,9.3,7.2
10/19/1986,18.8,7.8,0,74,5,7.7,6.9
10/20/1986,21.2,12.2,0,78,5,10.3,6.2
10/21/1986,24.6,8.5,5,77,18,21.6,4.1
10/22/1986,15.9,7,0,68,20,12.9,6.9
10/23/1986,20.5,3.2,0,62,36,8.2,4.5
10/24/1986,24.4,14.4,0,56,34,8.2,6.2
10/25/1986,23.8,14.1,0,64,34,10.3,5.5
10/26/1986,21,15.3,0,76,7,9.3,5.5
10/27/1986,28.5,13.1,3,71,2,7.7,0
10/28/1986,21.8,13.5,0,76,16,10.8,7
10/29/1986,18.1,7.2,13,78,9,9.3,5.5
10/30/1986,16.3,13.5,19,94,5,15.4,5.1
10/31/1986,23.3,13.1,0,83,20,10.3,5
11/1/1986,18.6,11.6,0.5,81,11,10.3,8.4
11/2/1986,17.7,9,0,77,16,15.4,9.3
11/3/1986,16.2,8.9,2,79,11,9.3,5.7
11/4/1986,21.6,12.6,0,86,7,8.2,3.8
11/5/1986,24.1,7.8,0,74,32,7.2,4.1
11/6/1986,28.5,13.6,0,52,27,8.7,4.1
11/7/1986,28.7,19,0,62,5,10.3,6
11/8/1986,22.4,16.8,20,90,2,7.7,4.8
11/9/1986,24.4,10,0,63,20,11.8,7
11/10/1986,18.1,8.9,0,66,16,10.3,6.5
11/11/1986,17,8.4,0,74,5,7.2,3.8
11/12/1986,22.6,12.8,0,65,2,13.4,11.3
11/13/1986,26.6,14.5,0,73,5,9.8,8.7
11/14/1986,28.5,16.3,0,71,36,12.3,5.3
11/15/1986,26.5,15.2,24,82,18,11.3,3.4
11/16/1986,20,12.1,0,86,11,9.3,8.4
11/17/1986,25,16.2,19,88,9,9.3,7
11/18/1986,21.7,16.3,14,94,20,36,4.3
11/19/1986,25.1,18,0,88,16,6.2,1.7
11/20/1986,24.6,9,0,65,0,0,0
11/21/1986,24.9,15.1,43,82,16,15.4,7.5
11/22/1986,25,12.5,0,82,20,9.3,6
11/23/1986,24,17,0,68,36,7.2,2.4
11/24/1986,27.1,\N,16,75,34,7.7,4.3
11/25/1986,26.3,15.7,0,76,25,15.4,5.1
11/26/1986,27.1,18.4,22,79,2,11.3,8.2
11/27/1986,25.7,18.2,0,83,14,12.9,7.2
11/28/1986,24.1,13.8,0,59,23,10.3,6.5
11/29/1986,23.3,16.1,0,60,5,5.1,0
11/30/1986,24.7,15.1,0,69,9,6.2,1.4
12/1/1986,23.7,16,7.7,79,2,10.3,3.1
12/2/1986,25.6,13.9,7.5,73,23,20.6,0
12/3/1986,26.1,11.2,0,69,7,6.2,2.6
12/4/1986,28.9,18.6,0,59,36,8.2,4.8
12/5/1986,30.7,19.6,4,73,11,6.2,3.1
12/6/1986,25.1,15.2,0,80,11,8.2,4.1
12/7/1986,28,15.8,0,60,2,9.3,2.7
12/8/1986,30,13.1,2.7,69,18,11.3,4.8
12/9/1986,29.7,17.7,5,73,20,25.7,7.7
12/10/1986,21.9,12.6,0,74,18,9.3,6.2
12/11/1986,25.5,8.9,0,68,36,6.2,2.1
12/12/1986,25.1,15.9,0.5,79,7,5.1,1.4
12/13/1986,28.9,17.9,0.5,69,36,8.2,2.7
12/14/1986,29.5,14.2,0,49,29,21.6,8.9
12/15/1986,28.1,17.9,0,54,29,15.4,6
12/16/1986,28.7,19.2,0,50,27,12.3,5.8
12/17/1986,23.4,15.5,0,62,18,12.9,9.8
12/18/1986,23.2,9.8,0,59,5,10.3,7
12/19/1986,26.2,14.9,13.6,70,5,10.3,8.2
12/20/1986,26,18.8,0.3,94,18,6.2,1
12/21/1986,29.3,18.1,0,88,18,7.7,4.6
12/22/1986,26.2,16.6,0,82,7,6.2,2.6
12/23/1986,29.1,17.6,0,78,5,9.3,6.2
12/24/1986,27.4,19.1,0,76,5,6.2,3.1
12/25/1986,30.6,16.1,0,72,11,9.3,4.3
12/26/1986,24.6,12.4,0,70,11,10.3,8.7
12/27/1986,25.1,15.7,0,64,11,10.3,6.2
12/28/1986,26.8,14.7,0,72,11,9.3,4.6
12/29/1986,28.5,17.6,0,73,5,10.3,6.2
12/30/1986,30.9,19.6,12,69,36,9.3,7.4
12/31/1986,23.6,13.1,0,73,11,14.4,7.5
1/1/1987,23.6,9.4,0.5,70,9,13.4,4.5
1/2/1987,24.6,13.6,0,76,7,10.3,1.4
1/3/1987,26.8,15.6,0,69,9,7.7,4.1
1/4/1987,29.4,19.4,0,68,36,8.2,4.1
1/5/1987,30,19.4,46,75,9,8.2,6.5
1/6/1987,27.2,15.8,0,80,9,8.2,3.8
1/7/1987,30.3,20.7,5,78,27,7.2,0
1/8/1987,33.6,17.7,0,67,29,6.2,0
1/9/1987,30.5,19.7,0,61,11,17.5,7.4
1/10/1987,27.6,19.6,1.6,79,14,10.3,2.4
1/11/1987,28.1,18.3,0,68,11,15.4,5.3
1/12/1987,28.8,15,0,74,5,6.2,2.1
1/13/1987,28,16.4,3,77,9,10.3,5.1
1/14/1987,27,16.7,3,76,14,10.3,4.5
1/15/1987,27.6,19,0,77,11,8.2,3.8
1/16/1987,29.2,21.2,0,66,9,8.2,3.9
1/17/1987,31.2,19.9,0,75,36,7.7,4.5
1/18/1987,32.6,19.5,0,71,11,7.2,4.1
1/19/1987,29.2,16.1,0,74,9,11.3,6.2
1/20/1987,30.8,21,0,69,36,7.7,3.9
1/21/1987,27.8,16.7,0,84,14,10.8,6.9
1/22/1987,25.8,16.4,0.5,70,9,9.3,4.1
1/23/1987,25.8,17.4,0,85,5,7.7,2.6
1/24/1987,28.3,17.8,0,71,2,8.2,6.5
1/25/1987,27.7,12.6,0,71,23,8.2,5.3
1/26/1987,\N,\N,\N,\N,\N,\N,\N
1/27/1987,37.2,19.2,0,65,29,6.2,2.6
1/28/1987,36.2,23,0,63,7,9.3,3.4
1/29/1987,37.1,21.7,0,60,29,5.1,3.1
1/30/1987,34.5,20.3,15,79,2,9.3,5.1
1/31/1987,30.8,20.3,0,74,23,10.3,7.2
2/1/1987,25.7,13,0,66,18,10.3,5.1
2/2/1987,30,16.3,0,59,36,6.2,3.4
2/3/1987,32.3,17.6,0,64,2,7.2,2.4
2/4/1987,34.8,20.9,0,68,7,7.7,2.2
2/5/1987,33.1,20.7,4,72,11,9.3,5.7
2/6/1987,30.1,19.5,11,71,23,9.3,2.1
2/7/1987,24.2,15,9,90,20,12.9,7.4
2/8/1987,21.5,11.5,0.4,71,20,18,7.7
2/9/1987,25.9,8.4,0,60,27,10.3,2.1
2/10/1987,27.1,11.3,0,55,34,5.1,2.6
2/11/1987,27.6,18.3,0,71,36,12.9,8.1
2/12/1987,31.1,20.2,0,68,2,9.3,2.7
2/13/1987,31.1,20.2,0,66,9,9.3,7.4
2/14/1987,31.6,20.7,0,64,5,9.3,7.4
2/15/1987,30.1,19.7,0,68,5,7.7,5.5
2/16/1987,31.2,19.8,0,75,7,6.2,3.8
2/17/1987,30.7,21.8,0,71,9,8.2,6.2
2/18/1987,32.1,22.2,0,65,5,8.2,0
2/19/1987,31.6,21.7,0,74,9,9.3,5.1
2/20/1987,29.2,23.1,1,91,9,8.2,7.4
2/21/1987,29.5,21.6,0,82,20,9.8,0
2/22/1987,28.7,19.2,0,83,7,7.7,5.1
2/23/1987,32.3,19.2,20,77,7,7.7,6
2/24/1987,26.2,20.3,28.5,96,5,7.7,2.1
2/25/1987,28.1,\N,40,\N,\N,\N,\N
2/26/1987,29.6,19.8,4,85,5,3.1,0.9
2/27/1987,28,21.9,8,87,5,10.3,3.6
2/28/1987,31.7,23.7,0,78,23,12.9,4.3
3/1/1987,33.4,22.5,0,78,2,5.1,2.2
3/2/1987,34,24.2,3,80,27,15.4,2.9
3/3/1987,30.9,23.5,3,85,11,7.7,6.7
3/4/1987,31.3,22.2,11,91,27,16.5,4.3
3/5/1987,29.2,18.6,0,65,27,22.6,7.7
3/6/1987,31.7,16.8,0,64,29,9.3,3.4
3/7/1987,34.8,15.6,0,57,27,15.4,7.7
3/8/1987,27,11.7,0.7,68,16,15.4,2.6
3/9/1987,19.2,10.2,2.5,78,14,20.6,6.7
3/10/1987,18.3,9.2,0,66,20,15.4,8.6
3/11/1987,21.7,8.6,0,70,18,8.2,5.1
3/12/1987,23.1,9.6,0,77,5,5.1,2.2
3/13/1987,25.2,11.2,0,70,36,5.1,3.4
3/14/1987,28.6,15.1,0,64,18,15.4,6.5
3/15/1987,21.1,6.3,0,71,9,14.4,4.1
3/16/1987,24.9,11.7,0,76,2,7.7,5.1
3/17/1987,27.8,15,0,83,36,6.2,4.6
3/18/1987,31.9,19.2,0,72,36,7.2,0
3/19/1987,28.1,18,37,77,20,15.4,8.9
3/20/1987,21.5,17.9,27,98,14,11.3,8.9
3/21/1987,23.1,17.4,0,86,9,11.3,5.1
3/22/1987,26.1,17.4,0,89,7,7.7,3.8
3/23/1987,24.5,18.5,97,98,34,41.2,5.7
3/24/1987,23,18.8,5.5,92,5,13.4,3.1
3/25/1987,26.1,18.8,0,84,23,9.3,3.4
3/26/1987,27.5,13.7,0,72,25,4.1,0.9
3/27/1987,26.8,17.9,0,75,36,11.3,3.8
3/28/1987,26.6,17.3,0,84,2,6.2,3.4
3/29/1987,24.8,17.7,0,91,11,9.3,7.2
3/30/1987,23.1,20,1,92,18,13.4,4.5
3/31/1987,19.7,17,17.3,97,16,10.3,9.1
4/1/1987,24.8,13.9,0,74,29,9.3,6.5
4/2/1987,23.5,10.8,0,71,27,7.2,0
4/3/1987,25.7,14.3,0,76,34,6.2,2.2
4/4/1987,24.9,16.4,0,69,32,7.7,3.4
4/5/1987,25.3,13.8,0,81,36,8.2,4.5
4/6/1987,27.1,16.4,0.8,80,36,7.2,0
4/7/1987,23.5,18,37,90,36,10.3,5.5
4/8/1987,22.6,16.4,0,84,36,18,6.5
4/9/1987,18.2,9.8,0,69,27,10.3,4.5
4/10/1987,19.5,5.9,4,76,5,7.2,1.7
4/11/1987,17.6,11.5,0,90,20,7.7,0
4/12/1987,22.1,8.2,0,67,29,12.3,2.1
4/13/1987,19.5,10.8,0,66,23,9.3,3.1
4/14/1987,19.4,6.1,0,72,5,9.3,4.8
4/15/1987,23.1,13.2,12.8,87,5,10.3,7.5
4/16/1987,21.9,16.9,0.2,91,20,10.3,7
4/17/1987,17.1,9.3,0,77,16,15.4,8.6
4/18/1987,16.5,7.7,0,82,18,10.3,5.8
4/19/1987,19.5,8.2,0,84,2,2.6,0.3
4/20/1987,20.4,9.2,0,79,29,6.2,0
4/21/1987,20.7,8.3,0,82,2,6.2,1.4
4/22/1987,21.1,9.8,0,87,7,6.2,1.7
4/23/1987,25.5,11.7,0,84,16,5.1,0.9
4/24/1987,26.1,12.1,0,89,2,5.7,0
4/25/1987,26.1,18.7,0,87,34,2.6,0.9
4/26/1987,20.6,17.5,0,95,9,6.2,2.1
4/27/1987,22.9,16.7,0,88,7,7.2,2.6
4/28/1987,23,16,0,89,7,7.7,5.7
4/29/1987,22.6,17.3,0,90,5,7.7,3.4
4/30/1987,24.5,16.4,0,96,7,7.2,1.7
5/1/1987,22.1,14.4,18,97,25,7.2,4.1
5/2/1987,16.9,8.5,0.2,83,23,21.6,11.5
5/3/1987,14.6,9.3,3,77,27,20.6,11.1
5/4/1987,20.2,10.8,0,58,27,19.5,10.3
5/5/1987,20.4,7,0,78,29,5.1,0.9
5/6/1987,18.5,10,0,87,9,7.2,1.7
5/7/1987,19.6,7.3,2,86,23,20.6,2.6
5/8/1987,11.4,4.4,0,75,23,13.9,8.6
5/9/1987,15.2,1.6,0,67,27,8.2,4.5
5/10/1987,17,9.5,0,65,32,10.3,6.9
5/11/1987,18.5,9.8,0,71,34,7.7,3.4
5/12/1987,18.5,5.2,0,85,14,8.2,4.1
5/13/1987,16.7,5.9,0,74,20,6.2,2.6
5/14/1987,17,4.2,0,56,29,10.3,7.7
5/15/1987,18.7,8.4,0,65,27,6.2,2.6
5/16/1987,16.7,2.8,0,80,5,7.2,4.8
5/17/1987,15.1,9.7,0,79,11,12.9,9.9
5/18/1987,18.1,11.6,0,85,11,16.5,9.8
5/19/1987,17.1,10.4,0,86,11,12.9,6.5
5/20/1987,16.8,9.2,0,85,11,10.3,6.7
5/21/1987,16.6,5,0,81,23,6.2,1.7
5/22/1987,13.3,2.5,0,79,23,7.7,3.1
5/23/1987,11.8,2.5,0,80,23,10.3,6.2
5/24/1987,12,0.6,0,75,25,8.2,5.3
5/25/1987,13.2,0.4,0,79,23,2.6,1.7
5/26/1987,12.8,1.3,0,77,29,9.3,0
5/27/1987,15,0.3,0,79,0,0,0
5/28/1987,14.7,1,0,85,18,2.6,0
5/29/1987,15.1,0.9,0,85,7,7.7,3.4
5/30/1987,14.7,8.4,0,88,5,5.1,0
5/31/1987,18.6,5.2,0,81,0,0,0
6/1/1987,15.7,2.7,0,90,36,2.6,0
6/2/1987,17.2,7.2,0,84,7,6.2,3.1
6/3/1987,14.1,11.4,0.2,97,9,5.7,1.9
6/4/1987,16.6,10.8,0,86,18,5.1,0
6/5/1987,19,5.1,0,68,29,6.2,3.4
6/6/1987,16.4,0.9,0,81,34,2.6,0.9
6/7/1987,20.6,11,0,68,29,7.7,3.3
6/8/1987,19.3,12,0,72,32,9.3,0
6/9/1987,20.7,12.6,0,67,29,7.7,4.3
6/10/1987,19.6,7.8,0,86,34,6.2,2.1
6/11/1987,18.6,10.7,0,77,20,8.2,6
6/12/1987,11.8,2.2,0,64,18,11.3,7.2
6/13/1987,9.3,-2.2,0,80,25,9.3,3.3
6/14/1987,10.5,-2.8,0.5,72,32,2.1,0
6/15/1987,11.1,1.8,0,61,27,10.3,4.8
6/16/1987,15.5,3.2,0,56,27,11.3,3.8
6/17/1987,16.5,3.5,0,63,29,4.1,1.4
6/18/1987,17.8,3.2,0,62,25,5.1,0
6/19/1987,15.1,4,0,83,14,2.6,0
6/20/1987,17.1,9.3,0,68,34,7.2,0
6/21/1987,18.1,8.8,0,64,23,7.7,5.3
6/22/1987,12.8,2,0,59,25,18,6.9
6/23/1987,12,0,0,78,25,9.3,6.2
6/24/1987,12.1,2.2,0,67,32,5.1,0
6/25/1987,18.6,6.2,0,62,29,9.3,5.7
6/26/1987,17.5,7.7,0,70,34,4.1,1.7
6/27/1987,18.3,7.8,0,67,36,5.1,2.6
6/28/1987,23.1,9.9,0,62,36,9.3,3.1
6/29/1987,17.7,8.4,0,71,27,16.5,10.8
6/30/1987,17.1,4.2,0,83,5,5.1,1.7
7/1/1987,18.5,4.7,0,78,9,10.3,6
7/2/1987,15.6,11.2,16,95,9,10.3,2.1
7/3/1987,16.5,10.6,1,94,27,9.3,6
7/4/1987,18.7,8.5,0,68,25,15.4,6.5
7/5/1987,18.8,9.1,0,73,34,9.3,1.7
7/6/1987,19.5,9.4,0,80,32,6.2,1.4
7/7/1987,14.2,5.3,0,87,14,12.9,9.4
7/8/1987,16.5,9.8,0,95,5,6.2,0.7
7/9/1987,17.1,9.1,0.1,95,5,8.2,6.5
7/10/1987,20.1,15,12.5,95,2,7.2,3.6
7/11/1987,20.8,12,7,95,0,0,0
7/12/1987,19.2,14.9,3,99,20,8.2,5.1
7/13/1987,17.6,11.4,0,90,25,5.1,1.7
7/14/1987,15,10.7,0,95,5,9.3,2.1
7/15/1987,19.1,14.2,0.5,99,18,2.6,0
7/16/1987,13.6,7.8,0.6,88,20,11.3,3.8
7/17/1987,16.5,3.7,0,80,18,5.1,0
7/18/1987,11.2,1.2,0,76,25,8.2,4.8
7/19/1987,13.7,0.7,0,64,29,5.1,1.7
7/20/1987,16.1,3.2,0,62,32,6.2,0
7/21/1987,16.6,6,0,79,34,6.2,2.1
7/22/1987,13.5,7.9,6,79,5,7.7,3.8
7/23/1987,14.3,8,0,95,0,0,0
7/24/1987,13.9,3.2,0,95,9,11.3,9.1
7/25/1987,23.9,12.4,17,77,2,6.2,3.8
7/26/1987,12.2,7.6,4,99,23,15.4,7.2
7/27/1987,15.6,5.1,0,89,7,6.2,3.6
7/28/1987,15.2,7.2,0,89,11,15.4,9.1
7/29/1987,12.8,5.7,0,91,18,9.3,1.7
7/30/1987,11.3,3.7,0,89,18,6.2,2.1
7/31/1987,11.1,5.2,0,85,2,7.7,5.5
8/1/1987,16.1,8.6,0,85,34,7.2,0
8/2/1987,17.6,4.4,0,81,25,9.8,4.5
8/3/1987,14.3,0.7,0,84,7,6.2,2.6
8/4/1987,12.6,2.8,5,84,9,18,9.9
8/5/1987,10.1,7.8,7,98,20,10.3,9.1
8/6/1987,11.7,3.2,0,84,14,10.3,7.4
8/7/1987,14.1,3,0,88,9,9.3,4.6
8/8/1987,13.1,9,0,92,5,10.3,2.9
8/9/1987,16.1,9.1,0,89,2,5.1,0.9
8/10/1987,18.3,11.2,0,89,9,2.6,0
8/11/1987,19,6,0,85,9,10.3,3.4
8/12/1987,15.5,9.4,3,96,7,10.3,4.3
8/13/1987,19.2,7.2,0,82,5,5.1,2.7
8/14/1987,12.9,9.7,21,83,9,12.9,8.2
8/15/1987,12.5,7.8,10.3,95,23,20.6,10.8
8/16/1987,9,3.6,0,84,25,15.4,10.6
8/17/1987,9.8,5.2,7.1,92,20,10.3,7.4
8/18/1987,10.6,1.4,0,78,20,5.1,2.7
8/19/1987,8.3,1.1,0,82,18,6.2,3.4
8/20/1987,10.8,0,0,87,18,7.7,2.1
8/21/1987,14.2,3.7,0,89,5,5.1,1.7
8/22/1987,17.5,5.2,0,76,36,7.7,4.5
8/23/1987,17.7,6.9,0,76,5,7.7,4.5
8/24/1987,20.1,9,0,79,5,6.2,2.2
8/25/1987,23,7.7,0,83,23,6.2,0
8/26/1987,14.2,8,0,92,9,8.2,7.5
8/27/1987,20.8,11,1,82,23,12.9,3.8
8/28/1987,17.6,9,0,78,18,11.3,6.9
8/29/1987,16.2,5,0,74,18,11.3,7.2
8/30/1987,15.1,2.8,0,77,23,8.2,3.8
8/31/1987,16.1,5.7,0,62,34,6.2,3.1
9/1/1987,14.2,9.5,0,73,14,7.2,4.8
9/2/1987,17.1,8.1,0,77,20,10.3,5.7
9/3/1987,15.5,4.6,0,71,23,11.3,5.8
9/4/1987,17.2,-0.7,0,58,20,6.2,3.4
9/5/1987,12.5,5.7,0,69,7,6.2,4.8
9/6/1987,12.4,6.7,0,75,9,5.7,1.4
9/7/1987,17.5,6.9,0,74,5,7.7,6.2
9/8/1987,20.1,11.1,9.5,80,2,8.2,4.3
9/9/1987,18.1,10.2,0,75,23,9.3,4.1
9/10/1987,16.1,2.3,0,77,34,5.1,1.7
9/11/1987,16.3,2.4,0,71,2,5.1,1.4
9/12/1987,19,8,0,61,32,10.3,4.8
9/13/1987,21,7.9,0,70,34,7.2,4.1
9/14/1987,17.6,8.5,17,96,16,6.2,1.4
9/15/1987,15.1,8.6,0,68,20,15.4,8.1
9/16/1987,12.4,0.9,0,74,0,0,0
9/17/1987,15.7,5.7,0,68,36,6.7,3.4
9/18/1987,16.3,6.5,1,79,23,15.4,6.9
9/19/1987,16.7,2.1,0,59,27,10.3,4.6
9/20/1987,17.1,8,0,64,18,13.4,4.1
9/21/1987,13.2,4.7,0,74,18,7.7,3.8
9/22/1987,13.2,-0.5,0,79,7,6.2,2.6
9/23/1987,17.3,3.5,0,74,2,5.1,1.7
9/24/1987,20.7,9.2,0,63,32,7.2,2.1
9/25/1987,19.2,9.4,0,81,11,6.7,2.2
9/26/1987,19.4,9.8,2,75,9,12.9,7.2
9/27/1987,15.7,8.1,0.2,88,14,10.3,3.4
9/28/1987,16.1,8,0,80,5,11.3,5.8
9/29/1987,20.1,11.7,15,80,14,15.4,6.3
9/30/1987,20.9,11.4,0,74,20,9.3,5.1
10/1/1987,16.4,6.9,0,82,18,6.2,4.1
10/2/1987,16,2.7,0,74,2,6.2,3.4
10/3/1987,17.6,9.2,0,71,36,7.2,1.7
10/4/1987,22.5,9.1,0,71,2,6.2,0.9
10/5/1987,22.5,7.4,0,68,5,5.1,1.4
10/6/1987,20.4,10.2,0,75,0,0,0
10/7/1987,20.3,12.7,6.5,89,36,2.6,0
10/8/1987,15,9.6,0,87,20,6.2,3.8
10/9/1987,19,5.1,0,81,9,9.3,4.3
10/10/1987,22.5,14.2,29,82,9,10.3,5.7
10/11/1987,19.7,14.4,0,87,20,10.3,6.5
10/12/1987,20.8,6.9,0,66,20,6.2,4.6
10/13/1987,16.9,4.1,0,72,9,10.3,6.5
10/14/1987,16.6,6.7,11,81,9,11.3,6.3
10/15/1987,13.7,11,6.7,97,14,13.4,9.3
10/16/1987,17.2,8.6,0,80,20,5.1,2.2
10/17/1987,21.3,8.9,0,72,32,7.2,2.4
10/18/1987,19.2,9.2,0,87,11,8.2,4.1
10/19/1987,22.2,5.6,0,76,32,5.1,1.7
10/20/1987,24.4,16.1,37,70,34,10.3,4.3
10/21/1987,24.2,13.5,0.3,80,18,8.2,4.3
10/22/1987,23,14.2,2,61,23,10.3,2.1
10/23/1987,20.2,16,4,89,23,13.4,0
10/24/1987,18.6,10.9,0,77,11,12.3,8.1
10/25/1987,18.1,10.4,40,91,14,12.3,9.1
10/26/1987,19.7,15.5,18,99,25,4.1,3.1
10/27/1987,22.5,12.6,0,80,29,9.3,5.3
10/28/1987,27.4,12.3,0,62,25,5.1,2.6
10/29/1987,29.1,15.2,0,57,27,5.7,3.1
10/30/1987,23.2,17,0,89,7,7.2,0
10/31/1987,26.2,17,12.5,84,0,0,0
11/1/1987,21.9,15.4,3,94,16,4.1,0.9
11/2/1987,24.5,15.9,0,87,14,8.2,6.2
11/3/1987,22.8,15.5,13,83,11,10.3,8.4
11/4/1987,18.2,12.6,47.2,97,18,18.5,9.6
11/5/1987,16.7,15.2,14,96,11,12.9,9.4
11/6/1987,20,13.7,8,85,27,12.9,10.1
11/7/1987,24.5,11.7,7.6,65,27,11.8,7.2
11/8/1987,20.8,10,0,74,25,20.6,6.2
11/9/1987,22.3,6.9,0,56,32,7.7,4.3
11/10/1987,23.6,9.4,0,64,5,6.2,3.4
11/11/1987,24.6,15.1,0,69,9,8.2,7.4
11/12/1987,25.7,17,0,77,5,10.3,7.5
11/13/1987,25.8,17.2,0.4,87,7,4.1,1.7
11/14/1987,23.2,18.8,1,90,18,10.3,3.4
11/15/1987,20.7,12,0,71,25,11.3,6
11/16/1987,24.1,10.8,0,71,25,10.3,1.7
11/17/1987,30.7,12,9.3,64,27,4.1,0.9
11/18/1987,25.7,17.8,0,80,11,8.2,4.1
11/19/1987,23.6,12,0,70,11,9.3,6.9
11/20/1987,21.9,10.7,0,65,9,10.3,6.3
11/21/1987,21.7,10.9,0,60,9,10.3,6.9
11/22/1987,21.9,11.7,0,64,2,7.7,5
11/23/1987,19.5,15.7,0,72,9,9.3,0
11/24/1987,22,17.4,0.3,89,9,5.1,2.9
11/25/1987,24.2,14.2,0,85,20,6.2,4.6
11/26/1987,23.7,13.9,0.2,80,11,7.2,4.3
11/27/1987,26.7,13.1,0,73,2,5.1,2.2
11/28/1987,33.2,18.3,0,58,29,7.7,4.1
11/29/1987,29.7,14.2,0,72,2,5.1,3.6
11/30/1987,33.2,21.4,0,64,36,7.7,5.3
12/1/1987,34.6,22.9,5,62,34,5.1,3.1
12/2/1987,28,16.5,0,73,16,7.7,4.3
12/3/1987,25.6,15.4,2.5,74,9,12.9,11.1
12/4/1987,24.5,15.9,0,70,18,10.3,6.9
12/5/1987,25.5,9.7,0,69,2,6.2,4.3
12/6/1987,24.6,14.8,0,64,27,7.7,3.1
12/7/1987,24.2,10.9,0,63,36,5.1,3.1
12/8/1987,25.2,12.2,16,85,23,7.2,4.1
12/9/1987,26.2,10.3,0,66,34,5.1,1.4
12/10/1987,30.2,18.2,17,60,34,9.3,3.8
12/11/1987,24.7,14.2,0.5,83,23,16.5,6.2
12/12/1987,25.8,10.7,0,61,23,7.2,4.8
12/13/1987,26,13.8,1,74,9,9.3,6.9
12/14/1987,28.5,18,0,76,2,5.1,2.6
12/15/1987,29.1,17,19,70,7,8.2,6.5
12/16/1987,28.7,17.1,2,78,23,8.2,3.4
12/17/1987,25.1,12,0,46,25,7.7,4.8
12/18/1987,23.2,8.6,0,54,5,5.7,0.9
12/19/1987,25.2,11.9,27.5,65,11,9.3,6.9
12/20/1987,22.2,12,0.2,81,18,11.3,7.2
12/21/1987,22.3,9,0,65,0,0,0
12/22/1987,23.2,12.7,0,71,7,7.7,4.8
12/23/1987,25.5,16.9,0,74,9,10.3,7.5
12/24/1987,26.6,19,0.5,73,5,9.3,3.4
12/25/1987,27.5,18,0,79,7,5.1,1.7
12/26/1987,27.7,19,2.1,80,16,10.3,6.2
12/27/1987,24,19,22.5,89,11,10.3,3.4
12/28/1987,25.7,18.4,21,88,11,5.1,2.2
12/29/1987,27.6,19.6,0,81,18,7.7,4.5
12/30/1987,23,19.2,3,89,16,9.3,1.7
12/31/1987,28.5,17.4,0,82,5,4.1,1.7
1/1/1988,31.4,17.2,21.5,74,2,7.2,2.1
1/2/1988,29.6,17,23,77,0,0,0
1/3/1988,31.6,16.7,0,77,36,7.7,3.8
1/4/1988,\N,20,0,61,32,21.6,0
1/5/1988,30.9,17.9,0,57,25,15.4,8.6
1/6/1988,23.1,9.2,0,58,23,9.3,3.9
1/7/1988,28.5,14.9,0,55,36,7.2,4.5
1/8/1988,31.4,16.9,0,54,32,6.2,3.9
1/9/1988,31.6,17.9,0,67,0,0,0
1/10/1988,33.8,17.3,0,70,34,6.2,3.9
1/11/1988,32.2,23.7,0,66,29,7.7,4.3
1/12/1988,28.8,21.3,24,84,11,8.2,4.8
1/13/1988,29.2,15.9,7,75,23,5.1,0
1/14/1988,28.6,15.8,0,65,23,10.3,6
1/15/1988,26.5,13.8,0,64,5,9.3,0
1/16/1988,29.8,17.9,0,74,2,6.2,3.1
1/17/1988,29.4,22.5,7,82,2,5.1,0.9
1/18/1988,28.8,23,0,78,18,10.3,3.4
1/19/1988,28.8,19.9,0,84,14,5.1,3.4
1/20/1988,26.8,21,22.4,92,11,12.3,1
1/21/1988,23.5,14.2,0,80,27,17.5,6.9
1/22/1988,29.3,15,0,60,20,9.3,1
1/23/1988,22.7,9.7,0,72,7,6.2,5.5
1/24/1988,25.8,14.1,0,74,5,9.3,6.2
1/25/1988,27.9,18.6,0,85,9,11.3,0
1/26/1988,31.7,18.5,0,82,7,7.7,3.8
1/27/1988,33.7,19.6,31,77,36,7.7,3.4
1/28/1988,30.1,22,0,80,16,14.4,3.8
1/29/1988,24,13.6,0,72,18,10.3,6.3
1/30/1988,21.6,7.5,0,68,23,8.2,6
1/31/1988,23.2,15,0,64,23,9.3,3.3
2/1/1988,22.8,10.1,0,71,5,6.2,3.4
2/2/1988,26.4,16.9,0,71,36,10.3,3.4
2/3/1988,24,14,0,78,23,16.5,5.1
2/4/1988,23.8,10.7,0,69,20,9.3,5.5
2/5/1988,27.7,10.6,0,64,36,8.2,4.3
2/6/1988,30,16.4,0,63,34,5.1,3.1
2/7/1988,25.3,14.4,0,69,9,11.3,7.9
2/8/1988,29.8,17,0,71,34,8.2,6.2
2/9/1988,25.2,17.7,0,81,18,9.3,6.9
2/10/1988,22.2,9.9,0,66,14,11.3,7.2
2/11/1988,25.9,14.2,0,67,9,10.3,7.5
2/12/1988,25.4,18.7,0,71,7,10.3,7.2
2/13/1988,25.8,19.6,0,82,9,9.3,6
2/14/1988,27.5,18.5,0,78,9,9.3,5.3
2/15/1988,27.1,16.2,0,84,20,7.7,3.4
2/16/1988,28.7,15.1,0,81,23,6.2,2.9
2/17/1988,28.3,14.2,0,78,9,7.7,3.4
2/18/1988,27.8,13.8,0,81,9,8.2,4.5
2/19/1988,29.2,13.6,0,73,5,5.1,3.4
2/20/1988,30.7,13.4,0,73,9,7.7,6.3
2/21/1988,30.5,20.4,0,75,9,7.7,2.1
2/22/1988,25.8,22.4,19,89,7,6.2,3.4
2/23/1988,23.5,20.2,10.2,95,16,10.3,6
2/24/1988,22.1,20,1,96,18,13.4,7.2
2/25/1988,24.2,19.3,1.4,95,20,6.2,4.6
2/26/1988,27.7,18.9,0,81,23,7.7,3.9
2/27/1988,29.1,17,0,80,7,5.1,0.9
2/28/1988,28.2,17.9,0,82,18,10.3,4.3
2/29/1988,26,14.8,0,78,9,9.3,0
3/1/1988,27.2,16.3,0,80,2,6.2,3.1
3/2/1988,30.2,20.8,0,76,36,8.7,2.9
3/3/1988,32.4,14.6,0,59,34,5.1,0.9
3/4/1988,31.3,16.7,0,62,5,5.1,3.1
3/5/1988,26.1,21.4,0,77,34,7.2,2.1
3/6/1988,23.3,15.4,0,71,14,10.3,7.2
3/7/1988,25.6,11.2,0,70,9,15.4,8.9
3/8/1988,24.6,18.8,0,71,7,10.3,4.5
3/9/1988,27.7,15.2,0,74,9,9.3,6.9
3/10/1988,29,20,1,74,5,16.5,8.7
3/11/1988,23.4,20.4,29,98,11,7.2,3.4
3/12/1988,22.3,20.8,32.5,98,5,7.7,4.3
3/13/1988,24.2,17.5,0,83,27,10.3,7
3/14/1988,25.9,17.9,0,77,29,10.3,2.1
3/15/1988,25.7,15.3,0,78,27,10.3,4.3
3/16/1988,30.4,17.4,0,72,27,7.2,1.7
3/17/1988,26.2,14.3,0,79,23,5.7,0
3/18/1988,26.5,12.9,0,78,32,6.2,0.9
3/19/1988,27.2,14.2,0,76,36,6.2,2.9
3/20/1988,30.8,19.4,0,71,36,7.7,3.8
3/21/1988,30.6,18.8,23,74,34,4.1,0
3/22/1988,26.7,18.1,77.5,97,9,10.3,5.8
3/23/1988,24.8,18.4,1,96,23,9.3,3.4
3/24/1988,24.7,16.6,61,86,9,6.2,4.8
3/25/1988,24,20.3,23,97,7,10.3,2.4
3/26/1988,26.2,21.3,34,95,16,8.2,6.2
3/27/1988,23.2,17.8,11,97,16,11.3,10.3
3/28/1988,23.5,14.1,1.5,83,11,10.3,6
3/29/1988,23.2,17,4,89,7,6.7,2.2
3/30/1988,23.2,20.5,1.3,96,36,8.2,5.5
3/31/1988,21.7,11.4,0,62,20,13.4,9.1
4/1/1988,19.9,7.7,0,57,27,12.9,6.3
4/2/1988,22.3,8,0,69,0,0,0
4/3/1988,25.9,13.3,0,64,32,10.3,7.7
4/4/1988,19.2,7.9,0,73,25,7.2,4.1
4/5/1988,20.6,7.4,0,78,34,7.7,3.4
4/6/1988,26,15.8,0,69,27,7.7,1.7
4/7/1988,18.7,11.8,0,68,27,15.4,6.9
4/8/1988,18.1,5.5,0,74,25,6.2,1.7
4/9/1988,21.5,9.6,0,64,34,12.9,6.3
4/10/1988,22.2,13.2,0,66,34,8.2,1.7
4/11/1988,20,12.4,0,74,11,20.1,10.8
4/12/1988,19.4,9.9,0,75,14,6.2,2.2
4/13/1988,21.7,11.8,0,81,18,7.7,4.6
4/14/1988,22.1,12.5,0,75,0,0,0
4/15/1988,19.9,15.7,1,85,29,7.7,3.9
4/16/1988,20.7,9.7,0,67,27,10.3,7.5
4/17/1988,22.2,8.8,0,67,32,7.7,3.9
4/18/1988,23.7,13.9,4.2,71,9,10.3,3.4
4/19/1988,21.4,13.3,0,89,18,10.3,6.3
4/20/1988,22.4,11.6,57,89,7,7.7,1.7
4/21/1988,21.9,16,1,90,11,5.1,1.7
4/22/1988,21.8,12.4,0,70,20,6.2,2.1
4/23/1988,20.6,9.9,0,71,5,10.3,7.9
4/24/1988,19.5,13,1,85,36,5.1,3.6
4/25/1988,18,9.1,0,79,9,10.3,7.7
4/26/1988,16,10.3,0,79,18,11.3,7.5
4/27/1988,14.7,2.6,0,76,18,10.3,7.2
4/28/1988,16.5,1.4,0,78,18,5.1,2.2
4/29/1988,16,2.3,0,82,5,5.1,1.7
4/30/1988,14.2,8.8,1.5,86,5,8.2,2.1
5/1/1988,16.4,6.2,0,93,32,9.3,3.6
5/2/1988,16.7,4.8,0,77,18,6.2,3.8
5/3/1988,15.4,4.6,0,77,27,9.3,3.9
5/4/1988,15.3,6,0,74,27,6.2,1.4
5/5/1988,16.8,2.4,0,74,11,9.3,4.3
5/6/1988,14.7,2.8,0,80,18,6.2,3.1
5/7/1988,15.5,3.4,0.5,83,16,7.7,5.1
5/8/1988,17.2,2.9,0,81,5,8.7,2.1
5/9/1988,17.2,4.1,0,92,9,4.1,1.4
5/10/1988,18.3,8.9,0,91,9,5.1,2.6
5/11/1988,14,10.4,0,93,9,5.1,2.6
5/12/1988,16.2,10.8,0,92,14,6.7,3.4
5/13/1988,17.7,10.8,0,93,18,5.7,3.6
5/14/1988,17.2,11,0,91,34,4.1,1.4
5/15/1988,19.4,12.2,2,82,32,10.3,5.7
5/16/1988,15.8,8.4,0,86,27,3.1,1
5/17/1988,16.9,7.2,0,81,32,8.2,4.6
5/18/1988,18.1,11.1,0,73,36,7.7,5.1
5/19/1988,16.9,8.7,0,64,23,9.3,5.1
5/20/1988,18.2,4.2,0,51,29,15.4,3.3
5/21/1988,17.7,4.9,0,61,34,6.2,2.9
5/22/1988,19.5,8.3,0,76,36,6.2,3.8
5/23/1988,14.9,3.6,0,70,25,10.3,5.7
5/24/1988,13,2.2,0,66,27,11.8,5
5/25/1988,14.6,2.3,0,53,27,10.3,7.9
5/26/1988,20.1,4.1,0,67,29,10.3,5.3
5/27/1988,13.2,2.1,0,78,25,6.2,2.9
5/28/1988,11.6,3.7,0,79,25,3.6,0
5/29/1988,10.7,0.6,0,84,25,8.2,5.1
5/30/1988,11.7,0.6,0,80,23,9.3,6.5
5/31/1988,9.4,1.4,0,77,25,6.2,2.2
6/1/1988,10.6,4.2,0,77,29,8.2,2.1
6/2/1988,11.7,2.3,0,80,34,8.2,2.9
6/3/1988,11.5,4.1,0,86,20,4.1,2.2
6/4/1988,12.6,1.4,0,89,23,5.1,1.7
6/5/1988,12.6,3.4,0,81,34,16.5,9.3
6/6/1988,15.6,7,0,79,34,7.7,4.1
6/7/1988,14.8,4.4,0,79,9,5.1,3.4
6/8/1988,14.7,6.1,0,89,14,6.2,3.8
6/9/1988,13.4,3.6,0,86,27,6.7,4.6
6/10/1988,11.4,0.3,0,95,2,5.1,1.7
6/11/1988,12.1,2.5,0,85,2,8.2,4.1
6/12/1988,10.7,4.6,0,95,27,5.1,2.7
6/13/1988,15.6,-1.6,0,72,27,8.2,2.4
6/14/1988,16.2,0.3,0,77,27,6.7,2.7
6/15/1988,15.7,-0.4,0,75,36,7.2,4.1
6/16/1988,17.5,6.8,0,73,5,10.3,6.9
6/17/1988,11.3,9,4,97,11,7.7,3.8
6/18/1988,12.4,9.8,0,92,25,10.3,2.7
6/19/1988,12.6,6.7,0,90,32,6.2,2.1
6/20/1988,17.5,7,0,67,27,18,8.2
6/21/1988,18.9,9.9,0,77,29,15.4,5.1
6/22/1988,17.3,10,0,83,34,10.3,6.9
6/23/1988,16,4.4,0,64,23,9.3,6.9
6/24/1988,13.2,-1,0,72,25,6.2,2.1
6/25/1988,15.9,2.9,0,69,27,6.2,1
6/26/1988,14.2,7.4,0,69,36,8.2,5
6/27/1988,13.7,6.8,0,86,32,8.2,2.7
6/28/1988,14.2,1.5,0,88,34,7.7,3.9
6/29/1988,11.1,9.4,0,91,36,5.7,5.5
6/30/1988,15.6,10.2,5,96,9,6.2,5.5
7/1/1988,13.6,10.6,7,99,18,7.7,5.7
7/2/1988,11,9.4,0,81,18,12.9,8.2
7/3/1988,10.9,6.1,0,84,14,12.3,8.9
7/4/1988,10.7,5.4,0,77,16,10.3,6
7/5/1988,10,-2.6,0,76,18,14.4,4.6
7/6/1988,9.9,-3.8,0,74,18,5.1,1.7
7/7/1988,14.2,-1.4,0,54,27,18.5,8.6
7/8/1988,11.2,-1.4,0,57,27,8.7,2.1
7/9/1988,10.4,-2.3,0,72,25,6.2,3.9
7/10/1988,8.7,-4.2,0,64,27,10.3,6.5
7/11/1988,9.6,-3.6,0,79,27,6.2,5
7/12/1988,10,-3.5,0,77,5,6.7,3.8
7/13/1988,10.4,2,0,85,2,7.7,5.1
7/14/1988,15.6,2.8,0,77,36,9.3,0
7/15/1988,16.8,5,0,74,9,8.2,5.8
7/16/1988,19.8,6.8,0,68,5,7.7,6
7/17/1988,21.4,8,0,71,9,8.2,3.8
7/18/1988,16,11,3,79,18,10.3,7.4
7/19/1988,11.6,6.2,1,97,18,4.1,2.6
7/20/1988,17.6,0.4,2,78,9,8.7,3.4
7/21/1988,14.5,7.5,12.8,94,9,5.1,1.7
7/22/1988,11.6,5.4,0,78,18,20.6,7.9
7/23/1988,9.8,1.4,0,78,20,6.2,5
7/24/1988,13.3,-1.1,0,70,29,7.7,2.4
7/25/1988,12,-0.4,0,89,9,9.3,2.1
7/26/1988,15.2,1,0,78,5,7.7,5.7
7/27/1988,14.9,5.9,0,78,7,10.3,9.9
7/28/1988,18.5,7.8,0,78,9,11.3,9.1
7/29/1988,24.2,11.2,0,74,36,7.7,5.1
7/30/1988,17,10.2,7,95,18,11.3,7.7
7/31/1988,14,2.6,0,88,9,5.1,3.3
8/1/1988,14.8,3.2,0,83,14,5.1,1.7
8/2/1988,15,-1.4,0,78,14,5.1,2.6
8/3/1988,13,1.4,0,83,9,10.3,5.5
8/4/1988,14.7,-0.3,0,89,5,5.1,3.1
8/5/1988,15.6,4,0,87,34,10.3,6
8/6/1988,13.1,9.4,0,98,9,6.7,3.8
8/7/1988,12.7,9.2,0,98,7,7.7,3.9
8/8/1988,12.5,8.3,0,84,27,11.3,9.9
8/9/1988,12.5,4.4,0,79,18,10.3,7.9
8/10/1988,12.2,0.5,0,82,9,9.3,6.3
8/11/1988,15.5,6.8,0,72,7,11.3,7.9
8/12/1988,15.6,5.9,0,85,9,10.3,5.1
8/13/1988,13.4,5.9,6.6,94,9,15.4,10.3
8/14/1988,18.5,8.1,16,92,18,11.3,8.6
8/15/1988,14.8,10.2,0,84,27,18,7.9
8/16/1988,18.6,6.5,0,69,27,14.4,6.3
8/17/1988,16.8,3.5,0,79,7,7.7,7.4
8/18/1988,19.4,10,0,85,7,8.2,4.5
8/19/1988,21.6,13,2.5,87,34,12.9,7.2
8/20/1988,19.8,7.9,0,58,25,11.8,7.9
8/21/1988,20.4,6.7,0,65,27,7.2,1.9
8/22/1988,21.4,7.1,1.3,63,36,9.3,6.9
8/23/1988,21.3,12.9,0,75,9,11.3,7
8/24/1988,17,9.4,0,61,25,15.4,7.4
8/25/1988,11.9,3.7,0,53,25,20.6,8.1
8/26/1988,13.6,-1.6,0,47,29,15.4,4.5
8/27/1988,18.2,4.6,0,42,27,9.8,7.4
8/28/1988,18.4,4.9,0,56,34,7.7,5.3
8/29/1988,19.2,7.2,0,74,32,9.3,3.3
8/30/1988,17.6,2.8,0,66,2,9.3,0.7
8/31/1988,12.4,7.6,5,82,18,10.3,5.5
9/1/1988,12.1,4.2,0,75,18,10.3,6.5
9/2/1988,13.6,1,0,68,5,6.2,1
9/3/1988,14.2,1.2,0,61,5,7.7,5.1
9/4/1988,15.9,4.1,0,71,9,11.3,7.7
9/5/1988,19.9,11.9,0,79,5,19.5,4.5
9/6/1988,17.2,7.1,0,84,23,7.7,4.3
9/7/1988,15.4,2.6,0,92,11,10.3,7.7
9/8/1988,22,9.4,0,84,25,23.2,12.3
9/9/1988,17.4,6.2,0,57,25,9.3,4.1
9/10/1988,17.4,2.9,0,62,7,5.1,0.9
9/11/1988,20.4,2,0,58,36,9.8,3.1
9/12/1988,21.7,3.3,0,62,5,7.2,4.6
9/13/1988,23,5.3,0,42,27,10.3,6
9/14/1988,13.3,1.2,0,61,20,11.8,5.5
9/15/1988,13,-0.8,0,66,16,9.3,1
9/16/1988,14.8,-0.2,0,65,9,9.3,6
9/17/1988,13.3,0,0,79,7,12.9,6.9
9/18/1988,15.5,0.6,0,74,9,10.3,6.9
9/19/1988,20.7,8,0,78,5,10.3,6.9
9/20/1988,24,10,0,80,11,19.5,11
9/21/1988,18.7,13,1,90,11,20.6,13.4
9/22/1988,17.8,13,26,94,14,27.8,19.7
9/23/1988,21.6,13.3,0,74,29,19.5,11.7
9/24/1988,18.3,10,0,73,27,14.4,9.3
9/25/1988,23.2,9.7,0,66,27,7.7,4.3
9/26/1988,16.8,9,0,77,11,10.3,5.7
9/27/1988,16.6,6,0,69,18,7.7,2.4
9/28/1988,20.5,5.8,0,67,36,10.3,4.5
9/29/1988,22.7,11.5,0,66,34,7.7,4.3
9/30/1988,23.6,9.2,0,68,11,8.2,5
10/1/1988,22.2,10.9,10.3,75,9,11.8,7.2
10/2/1988,16.8,12.2,22.5,100,9,7.2,4.3
10/3/1988,15.2,8.1,0,70,27,15.4,9.9
10/4/1988,18,10.6,0,67,25,16.5,10.5
10/5/1988,18.6,5.8,0,59,27,13.9,7.2
10/6/1988,24.7,7,0,52,36,11.3,7.9
10/7/1988,25.2,15.3,0,66,34,7.7,4.1
10/8/1988,19,11,0,61,14,18.5,11.5
10/9/1988,18.2,8.1,0,62,14,20.6,13
10/10/1988,18.4,6.2,0.8,74,7,20.6,10.6
10/11/1988,23.4,10.9,0,80,5,7.7,3.4
10/12/1988,16.7,8.9,0,80,18,10.8,8.4
10/13/1988,18.6,11.3,0,81,18,10.3,7.5
10/14/1988,22.4,10,6.5,79,2,15.4,6.5
10/15/1988,15.4,5.6,0,66,23,10.3,7.7
10/16/1988,18.6,4.8,0,57,27,10.3,4.3
10/17/1988,16.2,7.4,0,77,9,9.3,4.8
10/18/1988,23.4,10.4,2,72,7,14.9,6.2
10/19/1988,22.7,8.1,0,61,25,6.2,3.1
10/20/1988,22.9,8.5,0,54,27,6.2,2.6
10/21/1988,22.8,6,2.4,56,5,10.3,3.1
10/22/1988,26,14,0,62,20,9.3,6.5
10/23/1988,22.3,7.6,3,64,9,9.3,7.2
10/24/1988,18.8,13.9,42.5,88,18,18,7.2
10/25/1988,19,8,0,67,27,15.4,6.9
10/26/1988,16.2,7.4,0,65,27,12.9,6.7
10/27/1988,24.8,7.8,0,54,29,10.3,7.2
10/28/1988,28.4,17,0,57,36,11.3,7.9
10/29/1988,24,13.2,0,57,18,19.5,11.3
10/30/1988,13.7,10,19.3,92,18,20.6,11.1
10/31/1988,20.2,5.4,2,71,27,20.6,5.1
11/1/1988,21.9,6.8,0,60,5,7.2,1.7
11/2/1988,23.6,13,0,57,36,19,7.5
11/3/1988,26.4,13,0,65,7,9.3,4.3
11/4/1988,27.9,15.9,0,62,34,9.3,6
11/5/1988,29.6,16.3,0,59,36,9.3,6.3
11/6/1988,29.6,20,0,51,34,18.5,9.6
11/7/1988,27.1,15.8,0,64,18,12.9,9.6
11/8/1988,24.5,7.9,0,53,9,6.2,3.9
11/9/1988,21.8,9.5,0,70,9,15.4,10.3
11/10/1988,20.7,7,0,67,7,11.3,9.3
11/11/1988,17.6,15.2,33,92,27,20.6,8.7
11/12/1988,25,14.2,0,67,23,7.2,4.1
11/13/1988,25.7,17.2,0,53,25,11.8,7.9
11/14/1988,20.9,8.8,0,54,9,10.3,5.8
11/15/1988,24,12.9,0,63,9,12.3,9.6
11/16/1988,21.4,16.3,7,87,9,7.7,4.3
11/17/1988,27.6,14.9,13,88,27,12.3,8.7
11/18/1988,26,18.2,0,88,9,9.3,4.3
11/19/1988,28.5,17.8,0,79,18,8.2,4.8
11/20/1988,24.7,13.8,0,84,16,12.9,7
11/21/1988,16.2,12.1,7,92,18,15.4,10.8
11/22/1988,23.6,9.4,0,61,25,11.3,4.6
11/23/1988,27.5,12,0,56,36,7.7,5.8
11/24/1988,28.8,19.1,0,61,34,9.3,7.4
11/25/1988,27.9,18.1,0,58,36,8.2,6.2
11/26/1988,26.4,13.4,0,61,27,11.3,5.7
11/27/1988,23.2,7.5,0,53,18,9.3,3.4
11/28/1988,26.5,15,0,52,34,10.3,6.9
11/29/1988,28.5,19,0,53,29,10.3,6
11/30/1988,27,15,4.1,83,9,11.3,7.9
12/1/1988,25.7,15.1,2.1,86,11,10.8,7.7
12/2/1988,29.8,16.5,0,68,29,5.1,3.1
12/3/1988,33.6,22,0,56,34,12.9,6.7
12/4/1988,33.8,19,2.5,66,5,9.3,6.9
12/5/1988,29.7,20.5,0,68,25,10.3,7.7
12/6/1988,31.3,18.8,5,60,9,10.3,7.2
12/7/1988,26.5,20.6,2,92,18,8.2,0
12/8/1988,25.7,13.7,0,68,11,11.3,8.6
12/9/1988,25.9,15,0,72,9,11.3,7.2
12/10/1988,28.2,17.9,0,72,5,7.7,6.9
12/11/1988,28.2,20.4,59,85,2,9.3,4.3
12/12/1988,26.6,18.4,0,85,14,16.5,5.5
12/13/1988,24.7,12.1,0,69,23,7.7,4.3
12/14/1988,25.1,16.2,12,78,36,9.8,3.3
12/15/1988,30.2,13.3,0,57,36,9.3,5.8
12/16/1988,23.5,11.4,0,77,9,6.2,5.8
12/17/1988,29.8,17,17,80,36,15.4,10.8
12/18/1988,27.9,15.9,28,77,11,9.3,3.4
12/19/1988,24.4,15.9,0,75,25,18,9.4
12/20/1988,25,9,0,61,36,6.2,4.3
12/21/1988,26.6,18.4,0,59,36,9.3,5.8
12/22/1988,28.4,19.5,0,77,2,5.1,4.8
12/23/1988,31.7,18.9,0,64,32,8.2,6.5
12/24/1988,33.5,16.4,0,69,34,7.7,5.8
12/25/1988,28.3,20,0,79,9,16.5,8.9
12/26/1988,31.3,20.1,0,83,11,10.3,6.9
12/27/1988,29,17.9,0,72,16,14.4,9.6
12/28/1988,24.2,10,0,69,14,14.4,11.3
12/29/1988,24.6,10,0,69,9,11.3,8.7
12/30/1988,27.3,16.7,0,67,7,9.3,7.5
12/31/1988,30.8,19.3,0,68,9,10.3,6.2
1/1/1989,33.2,19.8,0,63,36,7.7,6.3
1/2/1989,34,20.9,0,67,9,8.2,4.8
1/3/1989,33.4,21.9,0,69,11,10.3,6.5
1/4/1989,33.3,22.5,0,74,9,9.3,7.2
1/5/1989,34.9,22.8,0,69,7,10.3,6
1/6/1989,35.7,25.2,0,59,27,12.9,5.1
1/7/1989,34.4,20.6,0,79,9,10.3,7.4
1/8/1989,29.9,13.9,0,70,9,11.3,5.5
1/9/1989,26.4,14.8,0,64,18,12.3,8.9
1/10/1989,26.7,12.6,0,74,9,10.3,6.9
1/11/1989,30.2,17,0,70,14,12.9,7
1/12/1989,30.6,18.4,0,64,14,11.3,8.9
1/13/1989,31.2,20,0,70,11,12.9,7.2
1/14/1989,30.7,21,0,65,9,10.3,7.9
1/15/1989,33,18.2,0,68,14,30.9,5.5
1/16/1989,29.1,14.3,0,74,5,7.7,6
1/17/1989,35.8,19.7,0,53,34,13.4,10.3
1/18/1989,30.2,20.4,0,75,29,11.3,7.4
1/19/1989,30.1,16.6,0,70,36,6.2,3.4
1/20/1989,32.8,17,0,46,27,12.3,5.8
1/21/1989,34.2,19.1,2,62,34,16.5,11
1/22/1989,32.8,16.2,0,64,2,7.7,4.1
1/23/1989,35.4,21.6,0,52,34,18.5,9.6
1/24/1989,35.8,22.6,0,65,9,9.3,6.3
1/25/1989,35.9,21.8,9,69,7,7.7,5.1
1/26/1989,30.2,19.4,0,68,18,18.5,10.6
1/27/1989,29.6,17,0,63,11,16.5,9.6
1/28/1989,32.1,21.6,8.2,69,7,12.9,9.1
1/29/1989,26.7,16.4,0,57,25,15.4,9.3
1/30/1989,26.7,14.2,0,52,5,10.3,7.5
1/31/1989,33.2,16.6,0,56,11,20.6,8.1
2/1/1989,25.9,15,5,60,11,19.5,11.5
2/2/1989,27.2,19.1,0,86,2,9.3,6.3
2/3/1989,30.4,16.9,0,62,14,10.3,4.6
2/4/1989,29.9,15.5,0,51,36,12.9,8.2
2/5/1989,32.7,20.2,2,71,34,10.3,8.6
2/6/1989,37,22,0,52,29,9.3,5.1
2/7/1989,26.6,15.3,0,64,16,23.7,9.8
2/8/1989,25,8.6,0,63,9,9.8,8.4
2/9/1989,28.8,14,0,68,9,9.3,7.2
2/10/1989,32.5,19.6,0,67,2,12.9,9.4
2/11/1989,35.2,22.2,0,59,9,8.2,3.8
2/12/1989,35.1,23.8,0,59,14,18.5,7.4
2/13/1989,29.4,21,2.7,80,11,15.4,9.4
2/14/1989,25.6,21.4,0.9,84,9,9.3,7.9
2/15/1989,28.5,20,0.4,84,5,11.3,5.7
2/16/1989,34.5,19.1,0,61,27,11.3,6.9
2/17/1989,34.8,18.8,0,47,36,9.3,3.9
2/18/1989,33.4,20.3,0,58,18,10.3,5.5
2/19/1989,34.8,20,0,75,9,10.3,3.1
2/20/1989,28,21.5,36,86,16,12.9,8.6
2/21/1989,26.8,19.9,0,80,18,11.3,6.7
2/22/1989,28.2,14.5,0,69,5,13.4,5.7
2/23/1989,29.6,18.9,0,60,25,10.3,5.1
2/24/1989,29.8,12.7,0,52,20,11.3,5.7
2/25/1989,27.2,12.6,0,68,18,9.3,5.7
2/26/1989,26.2,15.7,0,79,9,11.3,5.1
2/27/1989,29.9,15.9,0,65,9,11.3,7.9
2/28/1989,33.3,20.3,0,68,9,11.3,8.6
3/1/1989,32.8,21.1,35.5,77,11,10.8,8.4
3/2/1989,27.4,19.6,8.7,88,14,11.3,7.7
3/3/1989,29,18.6,43,82,2,6.2,3.1
3/4/1989,26.9,19.8,0,87,27,12.3,5.5
3/5/1989,28.9,13.8,0,62,27,8.7,1.7
3/6/1989,30,16.9,0,69,27,7.7,3.4
3/7/1989,29,18.4,0,79,11,15.4,6.2
3/8/1989,27.2,16.9,0,82,9,7.7,5.1
3/9/1989,27.5,14.2,0,78,9,7.7,2.1
3/10/1989,26.7,19.1,18.1,82,18,8.2,2.4
3/11/1989,24,18.2,0,90,20,10.3,7
3/12/1989,24.8,16.2,0,85,14,8.7,3.4
3/13/1989,27.2,15.5,0,77,9,9.3,3.9
3/14/1989,25.4,14.6,0,78,9,10.3,5.5
3/15/1989,28.5,19.4,18,77,36,6.2,5.5
3/16/1989,22.3,14.6,0.9,86,27,11.3,5.5
3/17/1989,24.2,8,0,64,27,9.3,3.6
3/18/1989,25.8,11.5,0,60,27,5.1,3.1
3/19/1989,25.7,12.3,0,70,9,10.3,3.4
3/20/1989,24.2,13.9,0.5,74,9,10.3,7
3/21/1989,25,17.8,0,85,9,7.7,4.3
3/22/1989,26.2,16.4,0.5,83,27,6.2,2.7
3/23/1989,25,16.8,11,82,14,18,7.5
3/24/1989,20.5,16.2,5.5,92,5,7.7,0.5
3/25/1989,24.6,11.7,0,82,27,8.2,4.8
3/26/1989,23.2,7.4,0,58,27,9.3,3.1
3/27/1989,27.2,12.8,0,60,27,7.7,3.8
3/28/1989,26.2,11,0,68,36,5.1,1.4
3/29/1989,23.2,16.6,0,82,5,7.2,2.1
3/30/1989,22,11,0,80,25,7.7,3.4
3/31/1989,17.2,9.4,3,91,9,4.1,0.9
4/1/1989,20.7,6.7,0,74,14,8.2,5.3
4/2/1989,22.3,10.6,0,68,36,8.2,3.1
4/3/1989,25.2,12.1,0,61,27,7.7,2.1
4/4/1989,26.5,11.4,0,79,32,7.7,4.3
4/5/1989,26.4,13,0,58,18,7.2,3.1
4/6/1989,22.3,9.5,0,75,7,14.4,8.9
4/7/1989,26.7,16.3,0,76,36,6.2,3.4
4/8/1989,27.4,17.6,61,83,36,7.2,1
4/9/1989,23.4,15.2,30,96,16,7.7,3.8
4/10/1989,20.7,8.8,0,75,20,10.3,4.5
4/11/1989,19.7,11.4,0,75,36,8.7,2.6
4/12/1989,22.1,9.5,0,77,32,6.2,1.7
4/13/1989,24.5,11.1,0,84,32,6.2,2.6
4/14/1989,25.4,13,0,81,27,6.2,0
4/15/1989,25.2,12.9,0.6,83,5,6.2,3.1
4/16/1989,20.8,16.3,8,89,7,9.3,5.3
4/17/1989,23,14,0,88,25,7.7,2.9
4/18/1989,25.2,11.9,0,84,27,4.1,1.9
4/19/1989,25.5,11,0,87,36,6.2,2.6
4/20/1989,24.7,16.7,0,78,32,10.8,4.3
4/21/1989,21.8,13.3,0,80,14,10.3,5.7
4/22/1989,21.2,8.7,0,85,9,10.8,5.1
4/23/1989,22.2,15.8,0,86,9,9.3,3.1
4/24/1989,23,14.3,0,92,9,5.1,2.6
4/25/1989,20.3,13.4,0.8,95,25,5.1,1.7
4/26/1989,23.8,12.4,0,81,27,7.2,2.4
4/27/1989,23.7,16.1,0,72,32,7.7,6.3
4/28/1989,20.7,9.4,0,73,20,14.4,8.6
4/29/1989,15.6,3.3,0,73,16,8.7,4.1
4/30/1989,16.2,8.5,0,73,27,7.2,3.3
5/1/1989,17.7,1.8,0,68,27,6.2,1.7
5/2/1989,20.1,8.3,0,68,32,7.7,4.6
5/3/1989,16,5.4,0,58,16,11.3,8.2
5/4/1989,13.7,1.8,0,73,23,6.2,2.6
5/5/1989,14.2,1.4,0,73,25,8.2,5
5/6/1989,15.7,-0.3,0,64,27,7.2,4.8
5/7/1989,17.2,3.4,0,69,2,5.1,2.2
5/8/1989,16,3.9,0,85,36,8.2,2.6
5/9/1989,20.2,2.8,0,83,29,6.2,1.4
5/10/1989,21.5,6,0,83,5,6.2,2.9
5/11/1989,21.8,7.5,0,80,2,6.2,4.8
5/12/1989,22,10.6,0,78,5,6.2,4.3
5/13/1989,25.8,15.8,0,76,5,7.7,6.7
5/14/1989,23.2,15.5,0,77,36,9.3,6
5/15/1989,20.4,10.4,0,93,23,10.3,7
5/16/1989,16.6,4,0,71,27,9.3,4.8
5/17/1989,20.1,8.1,0,73,32,10.3,9.1
5/18/1989,20.7,10.4,0,77,7,5.1,0.9
5/19/1989,21,12.7,0,81,32,6.2,3.3
5/20/1989,22.7,10.2,0,89,34,7.2,2.4
5/21/1989,23.5,12.1,0,87,36,8.2,5.5
5/22/1989,23.6,16,0,81,34,9.3,5.1
5/23/1989,20.2,9.8,0,82,23,7.7,5.3
5/24/1989,19,3,0,71,27,9.8,2.7
5/25/1989,14.2,3.2,0,74,18,11.3,7.4
5/26/1989,16.1,0.4,0,81,7,6.2,3.4
5/27/1989,19,3,0,73,36,9.8,8.6
5/28/1989,17.9,10.8,0,81,2,10.3,7
5/29/1989,18.8,11.8,0,82,36,8.2,6.7
5/30/1989,20.4,11,0,83,32,6.2,2.1
5/31/1989,18,12.8,0,91,18,7.2,4.1
6/1/1989,15,11,6.8,88,9,11.8,7.9
6/2/1989,16.7,7.8,7.2,98,27,9.3,4.3
6/3/1989,16.4,7.8,0,82,32,10.3,6.3
6/4/1989,13.3,-0.7,0,74,27,6.2,1.7
6/5/1989,15.9,1.8,0,83,34,8.2,4.8
6/6/1989,19,4.2,0,90,36,6.2,4.6
6/7/1989,18.2,11.4,0,91,9,7.7,4.6
6/8/1989,17,8.7,0,94,20,5.1,0.9
6/9/1989,13.7,6.6,0,85,20,11.3,4.5
6/10/1989,10.7,0,0,82,20,6.2,3.1
6/11/1989,11.2,0,0,84,36,9.3,2.9
6/12/1989,15.7,4.2,0,77,32,7.7,3.8
6/13/1989,17.5,4,0,81,34,7.2,2.6
6/14/1989,19.6,3.1,0,87,34,5.1,3.4
6/15/1989,18.7,2.4,0,88,36,4.1,1
6/16/1989,12.7,4.9,0,97,20,7.2,4.1
6/17/1989,17.7,2.3,0,72,29,7.7,3.4
6/18/1989,16.7,8.6,0,79,32,13.4,7.5
6/19/1989,16.9,8.8,0,91,29,9.3,5
6/20/1989,15.5,3.1,0,91,9,9.3,7.5
6/21/1989,13.8,10.2,20.7,96,9,12.9,4.6
6/22/1989,17.3,9.8,0,78,23,8.7,4.5
6/23/1989,18.2,2.6,0,81,23,4.6,0.9
6/24/1989,19.1,2.5,0,80,23,4.1,0
6/25/1989,15.6,2.7,0,89,7,6.2,2.9
6/26/1989,15.2,6.3,0,87,5,11.3,3.1
6/27/1989,14.5,8.9,0,91,25,4.1,0.9
6/28/1989,13.2,4.9,0,93,32,11.3,6.9
6/29/1989,17.2,6.9,0,85,34,9.3,3.4
6/30/1989,16.4,10.6,0,88,34,9.3,4.3
7/1/1989,12.8,2.8,0,78,23,6.2,4.3
7/2/1989,9.7,1,0,74,27,10.3,5.7
7/3/1989,10.2,-0.6,0,60,32,10.3,6.7
7/4/1989,10.7,4.2,0,66,23,14.4,10.5
7/5/1989,10.2,0.6,0,72,23,12.9,5.8
7/6/1989,10.1,-2.4,0,78,5,6.2,1.4
7/7/1989,11.5,0.4,0,86,5,5.1,1.7
7/8/1989,14.2,1.2,0,89,36,8.2,2.7
7/9/1989,15,1,0,87,20,8.2,4.5
7/10/1989,15.8,2.4,0,87,7,4.1,1.9
7/11/1989,17.7,3.1,0,85,11,5.1,2.6
7/12/1989,17,4.4,0,88,0,0,0
7/13/1989,18.2,3.1,0,88,34,4.1,0.9
7/14/1989,15.9,3.6,0,61,25,6.2,3.6
7/15/1989,14.8,-1.2,0,77,2,10.3,3.4
7/16/1989,18.7,7.2,0,71,34,7.7,4.3
7/17/1989,22.5,9.3,0,75,36,6.2,4.1
7/18/1989,22.2,11.4,0,79,36,9.3,4.5
7/19/1989,16.8,9,4.5,87,9,10.3,6.2
7/20/1989,16.8,10,0.5,81,27,12.9,6.9
7/21/1989,15.2,6.8,0,82,25,12.9,8.2
7/22/1989,13.4,6.1,12,91,9,7.7,2.6
7/23/1989,10.6,6.4,20.7,99,9,7.7,5.5
7/24/1989,12.8,9.6,0,82,27,13.4,8.9
7/25/1989,10.8,6.3,0,94,16,7.2,2.4
7/26/1989,13.1,6.5,0,89,7,6.2,4.1
7/27/1989,11.8,6.6,7.2,99,11,10.3,6
7/28/1989,12.4,8.2,0.5,97,14,5.1,5.1
7/29/1989,11.1,8,7,94,32,5.1,2.6
7/30/1989,13.7,5.6,0,76,27,12.3,8.4
7/31/1989,15.8,2.8,0,69,18,7.7,4.3
8/1/1989,19.2,8,0,66,34,7.7,5.8
8/2/1989,17.5,9.8,0,76,2,8.2,5.5
8/3/1989,16.9,12.6,37.5,89,5,10.3,7.9
8/4/1989,17.2,9.8,0,80,25,10.3,6.9
8/5/1989,21.3,6.4,0,72,27,7.7,3.8
8/6/1989,21.2,8.3,0,70,9,10.3,6.7
8/7/1989,19.2,9.9,0,82,9,9.3,6.9
8/8/1989,15.2,12.2,0,95,9,7.7,5.5
8/9/1989,16.2,11.1,4,96,14,10.3,9.3
8/10/1989,16.8,11,0.5,90,16,7.7,4.3
8/11/1989,16.8,10.3,0,87,36,6.2,3.9
8/12/1989,19.2,10.2,0,72,2,12.9,9.3
8/13/1989,21.1,11.6,0,78,32,9.3,3.3
8/14/1989,22.2,12.4,0,81,27,8.2,2.7
8/15/1989,22.2,10.3,0,76,36,6.2,2.1
8/16/1989,23.8,13.6,0,75,36,12.9,6.9
8/17/1989,19.5,6.9,0,66,16,7.2,4.8
8/18/1989,22.8,12.3,33,85,5,10.3,6.5
8/19/1989,15.4,9.8,15,97,16,12.9,11.3
8/20/1989,12.1,8.9,49.3,93,11,24.2,15.4
8/21/1989,14.4,11.7,23,97,11,21.6,13.9
8/22/1989,14,7.6,7,88,25,13.9,11.3
8/23/1989,14.2,5,0.6,70,29,10.3,8.1
8/24/1989,17.7,11,0.2,80,27,18.5,7.9
8/25/1989,17.3,3.7,0,57,25,7.2,3.4
8/26/1989,14.3,8,0,68,32,9.3,5.8
8/27/1989,14,3,0,61,25,11.3,7.2
8/28/1989,15.8,2.4,0,60,32,10.3,4.3
8/29/1989,18.7,11,0,67,34,14.9,6.7
8/30/1989,15.9,7.7,0.1,86,11,12.9,9.9
8/31/1989,15.2,7.8,0,84,16,21.6,8.6
9/1/1989,15.8,1.5,0,74,20,6.2,4.1
9/2/1989,16.2,3.9,0,75,34,7.7,4.8
9/3/1989,20,10.2,0,68,34,15.4,8.7
9/4/1989,19.5,8.8,0,80,16,13.4,8.6
9/5/1989,12.8,7.1,0,84,14,7.7,4.6
9/6/1989,15.9,2.9,0,\N,27,7.7,5.1
9/7/1989,16,0.6,0,64,25,6.2,1.7
9/8/1989,18.7,4.3,0,70,34,5.1,3.1
9/9/1989,18,2,0,79,5,5.1,1.7
9/10/1989,18.7,5,0,66,7,15.4,8.7
9/11/1989,17.5,9.9,5,79,9,19.5,10.5
9/12/1989,15.5,11.9,2.7,92,11,12.9,9.9
9/13/1989,16.4,10.8,0.4,91,16,11.3,8.9
9/14/1989,17.2,6.6,0,80,18,9.3,6
9/15/1989,14.7,3.5,0,70,20,10.3,7.4
9/16/1989,15.5,3.4,0,85,18,5.1,2.7
9/17/1989,19.5,5.7,0,80,36,7.7,6.3
9/18/1989,20.9,10.3,0,67,36,9.3,6.5
9/19/1989,23.8,7.4,0,77,5,6.2,3.1
9/20/1989,21.7,10.8,0,85,9,10.3,7.2
9/21/1989,19.8,12.4,5,82,9,11.3,9.1
9/22/1989,20,15,4,92,7,10.3,1.2
9/23/1989,16.7,9.4,0,73,20,10.3,7.7
9/24/1989,14.2,7.4,0,70,20,15.4,7.7
9/25/1989,12,5.8,0,65,14,9.3,4.6
9/26/1989,13,4.1,0,63,11,7.2,3.4
9/27/1989,16.9,0.5,0,64,25,5.1,3.4
9/28/1989,18.2,3.6,0,71,25,2.6,0
9/29/1989,20.2,5.6,0,54,32,9.3,5.7
9/30/1989,22.6,14.6,0,55,32,11.3,6.5
10/1/1989,22.5,14.7,0,64,34,9.3,5.1
10/2/1989,17.7,8.6,0,76,11,10.3,6
10/3/1989,18.6,3.4,0,61,9,9.3,8.2
10/4/1989,22.6,10.6,0,56,2,10.8,6.7
10/5/1989,19.7,9.2,0,53,7,10.3,8.6
10/6/1989,18.4,9,0,68,7,9.3,5.5
10/7/1989,22,11.4,0,74,16,12.3,5.1
10/8/1989,15.4,5.2,0,68,14,10.3,8.7
10/9/1989,18.3,4.4,0,72,7,12.9,6
10/10/1989,16.2,11.4,6,75,9,9.3,7.4
10/11/1989,20,9,2,76,18,15.4,7.5
10/12/1989,15,2.4,0,68,20,11.8,9.6
10/13/1989,18.2,7.8,0,78,7,5.1,4.8
10/14/1989,21,10.3,0,72,36,11.3,8.6
10/15/1989,22.4,13,0,66,18,9.3,6
10/16/1989,16.8,8.7,0,84,18,10.3,5.5
10/17/1989,18.3,4.8,0,84,7,9.3,4.3
10/18/1989,20.7,6.6,0,78,7,14.4,7
10/19/1989,23.4,13.7,0,\N,9,14.4,\N
10/20/1989,23.6,14.6,0,\N,9,11.3,\N
10/21/1989,22.7,15.6,0,\N,5,11.3,\N
10/22/1989,25,13.7,0,\N,2,7.7,\N
10/23/1989,26.6,16.3,1,75,36,9.3,7.4
10/24/1989,25.2,15.4,0,81,14,12.3,4.5
10/25/1989,18.9,12,20,85,18,20.6,5.1
10/26/1989,20.2,7.7,0,55,23,10.3,8.6
10/27/1989,21.4,5,0,55,32,10.3,6.5
10/28/1989,24,15.1,0,57,34,14.4,7.4
10/29/1989,25.8,11.2,0,61,11,25.7,7.7
10/30/1989,17.5,9.2,0,67,16,15.4,12.2
10/31/1989,18.6,2.8,0,65,9,10.3,6.9
11/1/1989,22,9.6,0,67,14,15.4,9.3
11/2/1989,17.9,14.1,26,91,2,15.4,6.3
11/3/1989,22.4,13.6,0,76,27,10.3,5.5
11/4/1989,24.2,10.2,0,55,20,13.9,6.9
11/5/1989,21.9,7.6,0,78,16,9.3,2.7
11/6/1989,25.8,13.4,0,59,32,6.2,2.6
11/7/1989,26.6,14,0,64,7,10.3,4.8
11/8/1989,26.3,15.9,0,73,7,9.3,5.8
11/9/1989,27.6,13.3,0,53,27,9.3,1.7
11/10/1989,29.5,13,0.1,66,34,6.2,5.1
11/11/1989,23.3,11.4,16,85,14,24.7,12.9
11/12/1989,17.4,9.9,0,64,14,23.7,14.4
11/13/1989,20.3,3.9,0,66,16,9.3,3.6
11/14/1989,23.8,11.1,0,58,32,10.3,8.2
11/15/1989,24.6,13.8,0,54,20,9.3,7.2
11/16/1989,21,3.6,0,55,5,6.2,3.1
11/17/1989,26.4,6.3,0,50,36,9.3,0.9
11/18/1989,29.2,16.1,0,48,32,11.3,8.9
11/19/1989,25.5,16,0,66,9,20.6,11.1
11/20/1989,25.6,13,0,74,9,14.4,9.6
11/21/1989,26.1,16.2,0,83,2,9.3,4.3
11/22/1989,33.4,19.4,1,71,29,6.2,5.1
11/23/1989,30,15.1,4.5,85,11,12.9,5.1
11/24/1989,25.6,12.2,0,72,18,10.3,4.1
11/25/1989,27.5,17,0,57,32,8.7,3.8
11/26/1989,27.8,16,0,62,11,20.6,8.6
11/27/1989,21.7,9,0,66,11,18.5,8.9
11/28/1989,24.6,11.1,0,64,9,17.5,9.8
11/29/1989,27.6,15.8,0,61,9,15.4,7.9
11/30/1989,28.5,19,0,66,9,7.7,6.9
12/1/1989,29.4,20.7,0,72,5,11.8,7.7
12/2/1989,32,21.5,15,69,32,15.4,9.6
12/3/1989,25.2,16.3,0,61,23,11.3,6
12/4/1989,24.8,11.8,0,64,2,12.9,8.6
12/5/1989,23.2,17.7,7.2,88,7,11.8,3.1
12/6/1989,22.2,16.2,4,84,9,10.3,8.6
12/7/1989,26.5,19.2,0,78,9,10.3,6
12/8/1989,29.6,20.2,0,73,2,11.3,6.5
12/9/1989,30.8,21.7,0,71,5,7.7,4.8
12/10/1989,34.5,18.3,0,73,36,7.7,4.6
12/11/1989,31.2,21,0,63,25,8.2,1.7
12/12/1989,31.2,20.7,19,67,25,12.9,5.1
12/13/1989,26.5,18,30,84,14,25.7,12
12/14/1989,27.6,19.6,0,73,5,15.4,9.4
12/15/1989,29.6,18,0,72,2,9.3,6.5
12/16/1989,26.3,19.4,105,89,36,15.4,8.1
12/17/1989,23.2,14.8,0,62,16,12.3,8.9
12/18/1989,24.5,13.7,0,69,9,7.7,4.6
12/19/1989,28,14.8,0,67,9,10.3,7.5
12/20/1989,29,15.9,0,56,36,11.3,6
12/21/1989,29.2,20.5,0,57,34,7.7,3.4
12/22/1989,30.3,17.8,0,60,29,7.7,5.1
12/23/1989,31.4,24,0,58,5,9.8,4.1
12/24/1989,31.4,20.7,4.5,54,9,10.3,5.5
12/25/1989,26.2,20,9,85,5,12.9,8.6
12/26/1989,28.7,22.9,0,73,7,11.3,4.8
12/27/1989,29.9,21.2,0,74,7,7.7,5.1
12/28/1989,28.7,21.6,0.5,83,2,7.7,4.8
12/29/1989,27.9,21.3,0,76,9,13.4,7
12/30/1989,29.4,17.9,0,73,2,5.1,2.7
12/31/1989,26.2,16.4,0,70,9,10.8,7.9
1/1/1990,23.8,16.5,0,69,5,7.7,1.7
1/2/1990,29.2,15.6,0,64,2,7.7,5.5
1/3/1990,30.7,21.5,0,56,32,11.3,6.7
1/4/1990,29.2,19.4,0,73,9,10.3,7.7
1/5/1990,34.3,20.2,0,56,34,6.2,2.1
1/6/1990,32.4,22.1,0,67,9,11.3,8.6
1/7/1990,25.4,20.4,0,80,14,13.4,5.1
1/8/1990,26.4,16.1,0,59,9,12.9,9.4
1/9/1990,26.2,11,0,72,9,11.3,8.1
1/10/1990,26.8,19,0,60,7,7.7,7.2
1/11/1990,31.2,16.7,0,59,34,6.2,4.6
1/12/1990,33.7,18.9,22,63,32,10.3,7.7
1/13/1990,28.6,19.3,6,73,5,9.3,6.7
1/14/1990,34.1,19,0,53,29,6.2,1.4
1/15/1990,35.2,22.8,0,57,29,7.7,3.4
1/16/1990,34.2,23.9,18,55,36,7.7,4.1
1/17/1990,24.6,12.2,0,90,23,16.5,12.5
1/18/1990,25.7,9.4,0,56,23,12.9,6.9
1/19/1990,26.9,12.9,0,53,36,9.3,0.9
1/20/1990,31.4,18.6,0,53,34,7.7,2.4
1/21/1990,32.7,15.4,1,50,32,5.1,1.7
1/22/1990,28.3,16.6,0,67,5,10.8,8.1
1/23/1990,33.8,16.7,8,61,36,9.3,5.3
1/24/1990,27.7,17.4,22,84,9,15.4,4.8
1/25/1990,32.2,16.9,0,73,32,8.2,0
1/26/1990,35.5,23.4,0,63,27,7.2,5.1
1/27/1990,36.2,26.4,9,61,5,10.3,7.2
1/28/1990,31,21.1,47,91,11,12.9,6.9
1/29/1990,25.1,22,123,98,5,11.3,2.2
1/30/1990,24.7,20.6,2.5,93,9,10.3,6.9
1/31/1990,25.9,19.8,1,85,9,13.4,12.3
2/1/1990,31.3,21.8,4,77,7,7.7,4.3
2/2/1990,31.7,22.1,37,80,9,11.3,5.1
2/3/1990,24.9,20.6,47.6,93,11,11.8,9.8
2/4/1990,23.6,20.4,51.5,98,16,7.7,2.6
2/5/1990,28.7,21.9,0,85,5,10.3,8.6
2/6/1990,28.4,20,26,93,36,15.4,4.3
2/7/1990,25.2,20,0,93,14,7.7,6.7
2/8/1990,25.6,21.7,0,87,11,14.4,9.1
2/9/1990,25.9,19.1,2.5,79,9,15.4,7.9
2/10/1990,21.2,19.3,23,97,14,12.9,7.9
2/11/1990,25.5,17.9,3,89,9,15.4,8.6
2/12/1990,23.2,18.9,11.2,92,9,19.5,10.3
2/13/1990,26.2,17.6,0,85,9,20.6,10.3
2/14/1990,26.8,16.4,0,76,16,6.2,4.1
2/15/1990,27,17,0,77,11,9.8,7.4
2/16/1990,26.3,16.1,0.2,80,11,7.7,6.3
2/17/1990,28.2,17.9,21,83,23,15.4,5.5
2/18/1990,26.1,16,0,76,11,11.8,7.9
2/19/1990,24.7,14,1,70,5,8.2,6
2/20/1990,28.5,18.4,0,78,34,7.7,3.4
2/21/1990,31.7,19,0,75,27,10.3,4.5
2/22/1990,28.7,19.9,0,82,32,7.2,3.1
2/23/1990,29.9,18,0,76,7,7.7,1.7
2/24/1990,\N,17.6,14,81,9,12.3,6.5
2/25/1990,20.6,16.2,6.5,92,11,10.3,8.2
2/26/1990,24.7,14.2,0.7,76,11,21.6,11.7
2/27/1990,25.2,16.6,4,86,9,11.3,10.1
2/28/1990,26,14.6,0,76,16,5.1,1.7
3/1/1990,28,15.9,0,70,27,7.7,6.2
3/2/1990,26.5,10.4,0,59,23,7.2,0.9
3/3/1990,22.4,15.9,0,76,5,9.3,2.4
3/4/1990,24.6,16,5.3,80,16,9.3,3.4
3/5/1990,24.3,15.4,0,87,16,6.2,1.7
3/6/1990,24.8,14.4,0,77,18,7.7,3.8
3/7/1990,24.9,13,6,85,9,11.3,6.5
3/8/1990,26,18.6,16,90,9,15.4,8.1
3/9/1990,24,21.5,7,95,36,11.3,6.5
3/10/1990,27.6,19,0,87,27,6.2,1.9
3/11/1990,27.8,17,0,76,0,0,0
3/12/1990,28,14.6,0,74,32,5.1,0
3/13/1990,27.4,15.9,0,80,5,10.3,2.6
3/14/1990,27.4,18,0,83,5,5.1,0
3/15/1990,22.2,14.9,0,80,20,10.3,6.9
3/16/1990,23.2,11.1,0.3,69,9,12.3,8.4
3/17/1990,17.8,13.6,0,89,9,5.1,3.4
3/18/1990,23.3,8.1,0,67,16,6.2,3.4
3/19/1990,23.7,10.1,0,68,9,7.7,2.1
3/20/1990,25.7,14.2,0,74,36,7.7,1.7
3/21/1990,24.8,13.6,0,83,11,12.9,6.2
3/22/1990,26.6,12.7,0,84,7,7.2,0.9
3/23/1990,27.7,19.8,7,80,25,20.6,0
3/24/1990,23.7,16,0,75,20,13.9,8.6
3/25/1990,25.7,10.1,0,70,27,9.3,6
3/26/1990,20,10,1,78,23,20.6,8.6
3/27/1990,19.3,6.2,0,57,27,9.3,4.6
3/28/1990,21.8,11.5,0,60,32,15.4,8.4
3/29/1990,23.5,12.8,46.3,83,36,5.1,0
3/30/1990,23.6,18.4,19.3,94,23,10.3,5.1
3/31/1990,23.8,10.5,0,73,27,10.3,5.1
4/1/1990,24.2,14.9,5,75,36,7.7,3.9
4/2/1990,21.5,13.6,0,74,16,10.3,4.6
4/3/1990,22.3,9.4,0,70,2,10.3,2.7
4/4/1990,23.8,14.6,1,80,5,10.3,3.4
4/5/1990,17.9,14,4,93,11,5.1,3.4
4/6/1990,24.2,10.2,0,83,36,2.6,0
4/7/1990,23.5,10,13,87,7,20.6,5.1
4/8/1990,24.5,14,0,88,7,5.1,0.9
4/9/1990,24.6,14.5,0,88,36,7.2,2.1
4/10/1990,24.2,11.7,3,90,14,14.4,6.5
4/11/1990,18.7,6.8,3,70,7,9.3,3.8
4/12/1990,20.4,8.4,25,94,11,5.1,1.4
4/13/1990,23.9,15.2,0,91,9,2.6,0
4/14/1990,26.7,18.6,37.5,82,34,7.7,3.4
4/15/1990,23.7,18.8,0,90,14,5.1,0
4/16/1990,23.2,14.8,9,93,2,8.7,5.1
4/17/1990,19.8,8.7,0,69,23,20.6,9.6
4/18/1990,16.2,4.6,0,78,23,6.2,1.5
4/19/1990,16.8,6.4,0,70,36,9.3,5
4/20/1990,17.7,14.5,5,93,9,5.1,1.7
4/21/1990,19.4,16.4,0,96,0,0,0
4/22/1990,18.2,11.6,0,95,9,8.2,3.4
4/23/1990,21,13.9,0,88,11,6.2,1.7
4/24/1990,17.2,11.4,0,84,14,8.7,6.7
4/25/1990,16.8,10.9,27,97,9,11.3,8.6
4/26/1990,19.5,11,0,87,27,7.7,6.9
4/27/1990,22.4,8.8,0,62,29,7.7,1.7
4/28/1990,23.1,9.1,0,73,27,6.2,1.4
4/29/1990,20.4,8,0,77,23,7.7,4.3
4/30/1990,22,7,0,73,0,0,0
5/1/1990,23,11.4,0,76,27,9.3,3.8
5/2/1990,22.7,13.2,0,79,34,7.7,4.3
5/3/1990,21.8,12.1,0,81,2,7.7,2.1
5/4/1990,22.4,10.4,0,84,5,7.7,2.9
5/5/1990,20.3,9.8,0,90,5,7.7,2.6
5/6/1990,19.6,12.6,0.5,94,32,5.1,0.9
5/7/1990,17.4,9.9,0,74,14,7.2,1.7
5/8/1990,16.7,4.3,0,76,7,8.7,4.6
5/9/1990,20.9,12.4,17,81,2,9.3,6.9
5/10/1990,19.8,11.1,0,69,27,10.3,2.6
5/11/1990,17.4,7.4,0,73,25,8.2,4.6
5/12/1990,17.2,7.8,0,84,27,5.1,1.7
5/13/1990,16.4,6.9,6.5,92,9,6.2,2.9
5/14/1990,16.7,9,0,91,23,7.7,2.6
5/15/1990,16.5,5.6,0,75,25,10.3,6.5
5/16/1990,18.6,5.4,5,67,27,5.1,2.7
5/17/1990,14.2,7.7,5,92,23,9.3,7.7
5/18/1990,14.7,6.4,0,79,20,10.3,3.1
5/19/1990,15.7,6.2,0,77,32,13.4,9.8
5/20/1990,17,9.6,0,74,27,10.3,8.7
5/21/1990,14.2,4,0,71,25,10.3,5.1
5/22/1990,15.2,3.5,0,67,32,10.3,4.3
5/23/1990,16.1,9.3,0,67,29,10.3,7.4
5/24/1990,18.2,10,0,77,29,9.3,6.3
5/25/1990,15.7,7.9,0,83,7,15.4,6.9
5/26/1990,17.8,11.3,0,86,9,8.2,3.4
5/27/1990,16.2,5.9,0,68,23,11.3,7.9
5/28/1990,12.8,-0.6,0,80,5,9.3,2.7
5/29/1990,15.9,3.8,22,83,9,10.3,8.2
5/30/1990,14.8,13.3,14.3,98,11,12.9,6
5/31/1990,14.9,10.8,2.2,91,32,9.3,6.3
6/1/1990,18.8,7.2,0,60,29,8.7,6.3
6/2/1990,17.2,11,0,80,34,7.7,3.4
6/3/1990,15.7,11.3,7.5,90,18,7.2,4.1
6/4/1990,13.6,9.3,0.2,84,18,12.3,8.6
6/5/1990,15.6,6.2,0,60,25,7.7,5.5
6/6/1990,16.4,7.5,0,52,27,10.3,5.7
6/7/1990,18.2,5.3,0,54,27,9.3,5.7
6/8/1990,17.7,7,0,64,27,12.9,9.6
6/9/1990,13,3.3,0,61,25,7.7,5.8
6/10/1990,11.2,2.2,0,77,18,7.7,4.1
6/11/1990,11.4,0.2,0,67,34,8.2,3.4
6/12/1990,14.2,1.5,0,84,5,6.2,2.6
6/13/1990,14.2,5,0,80,27,6.2,5.1
6/14/1990,14.9,6.7,0,78,27,6.2,4.8
6/15/1990,12.4,0.4,0,61,27,7.2,5.1
6/16/1990,14.9,6.6,0,67,32,8.2,6.7
6/17/1990,18.3,10,0,55,36,10.8,8.7
6/18/1990,18.5,9.8,0,70,34,9.3,5.1
6/19/1990,11.6,2.3,0,66,18,15.4,6.9
6/20/1990,10.5,-2.2,0,80,18,7.2,0.7
6/21/1990,10.6,1.6,0,63,36,12.9,6
6/22/1990,11.3,5.2,0,78,34,7.7,2.6
6/23/1990,13.2,1.2,0,84,32,3.1,0
6/24/1990,14.9,0.6,0,80,27,5.1,0.7
6/25/1990,16.7,1,0,70,32,6.2,4.3
6/26/1990,18.4,9.2,0,69,32,7.7,5.1
6/27/1990,17.6,3.3,0,80,32,11.3,2.7
6/28/1990,17.3,3.8,0,85,9,6.2,2.2
6/29/1990,14.6,4.8,0,81,14,11.8,4.3
6/30/1990,14.3,7.1,0,89,7,7.7,5.1
7/1/1990,16.7,9,0,86,7,9.3,4.3
7/2/1990,12.6,9.8,0,96,9,9.3,7
7/3/1990,14.3,8.7,0,91,16,3.6,0
7/4/1990,12.4,9.3,0.2,93,11,5.1,3.1
7/5/1990,15.5,9.5,0,95,9,8.2,6.5
7/6/1990,16.6,12,0,93,7,7.7,4.3
7/7/1990,16,12.8,0,96,2,4.1,0
7/8/1990,16.4,11.4,0,92,32,7.7,3.9
7/9/1990,12.9,6.4,0.7,98,20,6.2,2.9
7/10/1990,18.4,2.9,0,75,27,5.1,3.4
7/11/1990,19.4,6.3,0,66,29,8.2,4.3
7/12/1990,16.7,10,0,72,32,9.3,7
7/13/1990,19.2,10.5,0,76,36,9.3,5.7
7/14/1990,19.4,8.8,0,79,2,6.2,3.4
7/15/1990,17,11,7,88,18,14.4,3.6
7/16/1990,11.6,9.8,0,93,14,7.7,4.6
7/17/1990,11.4,8.2,6,89,5,8.2,6
7/18/1990,7.5,1,0,72,27,10.3,6
7/19/1990,9.5,-1.2,0,68,25,9.3,4.5
7/20/1990,9.2,-2.4,0,77,23,8.2,4.5
7/21/1990,8.2,-1.9,0,70,25,6.7,3.4
7/22/1990,9.6,-2.3,0,64,34,9.3,4.5
7/23/1990,10.8,2.6,0,71,36,10.3,2.9
7/24/1990,12.1,-3,0,73,27,10.3,5.7
7/25/1990,14.8,-0.2,0,78,34,8.2,4.5
7/26/1990,14.4,6.5,0,47,23,10.3,7.7
7/27/1990,11.7,2.9,0,61,23,12.3,7.2
7/28/1990,12.8,-0.1,0,57,32,8.2,4.3
7/29/1990,10.7,1.8,0.5,85,18,7.7,3.8
7/30/1990,12.2,-2.2,0,85,5,7.2,3.1
7/31/1990,14.5,1.5,0,72,34,9.8,5.8
8/1/1990,16.2,7.3,0,61,36,9.3,4.3
8/2/1990,17.6,5,0,71,32,7.2,3.4
8/3/1990,21.6,6.7,0,70,32,4.1,2.4
8/4/1990,19.9,5.7,0,77,5,6.2,2.6
8/5/1990,21.8,10,0,74,5,7.7,6.5
8/6/1990,25.2,14.8,0,71,5,11.3,4.5
8/7/1990,24.6,16.3,0,66,34,11.3,4.1
8/8/1990,19.4,10.2,0,72,16,5.1,4.3
8/9/1990,12.5,9.2,0,89,11,9.8,8.2
8/10/1990,18.4,9.1,0,83,9,6.2,5.1
8/11/1990,24.2,16.4,0,73,29,9.3,4.3
8/12/1990,18.3,12.2,0,92,11,10.3,5.8
8/13/1990,24.4,12.2,18,73,36,8.2,7.4
8/14/1990,19.2,10.4,2,95,11,11.3,5.1
8/15/1990,17.2,8.5,0,85,18,7.2,3.6
8/16/1990,21.4,9.3,0,71,27,7.7,4.3
8/17/1990,21,5.5,0,74,27,5.1,3.4
8/18/1990,15.7,8,0,82,11,15.4,10.1
8/19/1990,21.1,5.2,0,80,9,5.1,0.9
8/20/1990,17.7,8,0,79,11,10.3,5.3
8/21/1990,14.3,4.5,0,85,11,8.7,6
8/22/1990,15,3.7,0,72,11,12.9,8.1
8/23/1990,13,0,0,74,5,8.2,5.5
8/24/1990,17,5.5,0,75,5,9.3,5.5
8/25/1990,20.3,8.7,0,77,36,5.1,3.4
8/26/1990,23.5,12.4,11,74,18,12.9,6.9
8/27/1990,15.8,7.4,0,69,16,10.3,8.7
8/28/1990,10.5,0.3,0,72,18,6.2,3.4
8/29/1990,14.1,1,0,57,34,12.9,8.4
8/30/1990,16.7,9,0,75,16,10.3,7
8/31/1990,9.5,4.2,0,61,16,9.3,5.1
9/1/1990,11.6,-2.6,0,60,16,6.7,2.9
9/2/1990,14.4,2,0,63,27,7.2,2.7
9/3/1990,13.6,2.8,0,69,5,9.3,5
9/4/1990,13.2,6.6,0,79,11,13.4,8.9
9/5/1990,15.4,10.7,0,82,11,15.4,9.9
9/6/1990,14.8,10.9,39,90,9,20.6,11
9/7/1990,16.8,10.9,0.9,97,23,17.5,6.5
9/8/1990,18.9,11.4,0,84,25,6.7,3.4
9/9/1990,21.6,9.5,0,71,36,7.7,6.5
9/10/1990,20.7,15,\N,67,34,15.4,1.7
9/11/1990,16.7,9.1,0,73,27,7.7,4.6
9/12/1990,11.8,4.5,0,73,14,7.7,6
9/13/1990,12.6,0.6,0,70,20,5.1,3.4
9/14/1990,14.3,5.8,0,56,32,15.4,7.7
9/15/1990,17.4,8.8,0,59,34,13.4,7.2
9/16/1990,19.3,7,0,71,11,14.4,7.2
9/17/1990,12.5,5.3,0,79,11,15.4,10.3
9/18/1990,12.2,8.8,0,90,11,10.3,5.1
9/19/1990,15.1,4,0,85,9,15.4,11.1
9/20/1990,18.5,11.5,0,87,5,6.2,5.1
9/21/1990,19.4,12.5,3,92,23,8.7,3.4
9/22/1990,15,6.3,0.1,67,23,15.4,7.5
9/23/1990,12.5,3.6,0,70,25,7.7,6
9/24/1990,16.4,1,0,59,27,7.7,3.4
9/25/1990,18,5.4,0,66,36,8.2,5.5
9/26/1990,19.9,10.6,0,64,9,9.3,4.6
9/27/1990,23.8,12.1,0,68,5,6.7,3.8
9/28/1990,19.2,10.7,0,82,11,6.2,4.3
9/29/1990,21.2,9,0,76,32,6.7,3.3
9/30/1990,24.9,15.8,0,59,32,8.2,6.2
10/1/1990,27.8,13.3,0,54,25,11.3,7
10/2/1990,21.5,8.6,0,56,9,6.2,5
10/3/1990,22.8,14,20.6,78,9,9.3,7.2
10/4/1990,18.4,16.3,12,95,5,11.3,5.5
10/5/1990,18.5,13.9,2,96,16,10.3,5.5
10/6/1990,15.6,12.4,1,87,14,15.4,9.9
10/7/1990,17.4,13.9,31,98,11,12.3,7.2
10/8/1990,21.6,11.5,0,80,27,7.7,3.8
10/9/1990,24.4,12.5,0,73,5,6.2,1.7
10/10/1990,23.7,14.7,0,75,5,8.2,5.8
10/11/1990,23.1,13.4,1,90,27,9.3,4.8
10/12/1990,20.3,6.9,0,58,25,11.8,6.2
10/13/1990,22.1,8.1,0,56,29,6.2,3.8
10/14/1990,23,9,0,66,23,6.2,2.9
10/15/1990,18.7,4.3,0,57,7,6.7,3.6
10/16/1990,19.4,11.1,0,60,5,8.2,6.2
10/17/1990,20.2,11,0,78,9,6.2,5.8
10/18/1990,24,13.6,0,79,9,6.7,5.1
10/19/1990,23,12.8,0,89,9,7.7,4.8
10/20/1990,23.4,13.2,0,84,5,6.2,2.9
10/21/1990,25.6,11.5,0,78,36,6.2,2.1
10/22/1990,25.7,16.2,3,68,32,8.2,5.7
10/23/1990,20.9,8.9,0,60,11,15.4,9.1
10/24/1990,20.5,3.9,0,70,7,6.2,4.6
10/25/1990,22.5,9.1,0,78,5,7.7,6
10/26/1990,26.7,15.6,0,83,5,6.2,4.8
10/27/1990,26,18.3,7,91,23,10.3,3.9
10/28/1990,22.7,15.3,4,86,11,15.4,10.3
10/29/1990,21.2,16.3,21.5,90,7,13.4,9.6
10/30/1990,21.9,15.5,0,88,25,10.3,5.1
10/31/1990,25.9,14.9,0,74,23,4.6,2.7
11/1/1990,24.7,8.5,0,63,36,5.1,3.1
11/2/1990,26.3,16.6,95,75,2,8.2,7.7
11/3/1990,26.3,16.8,3.1,77,11,10.8,6.5
11/4/1990,21.5,9.3,0,61,27,10.8,7.9
11/5/1990,18.7,4.5,0,61,2,6.2,2.6
11/6/1990,22.3,13.5,0,65,34,9.3,4.3
11/7/1990,18.2,9.3,0,74,11,10.8,7.9
11/8/1990,19.5,5.5,0,71,9,6.7,4.1
11/9/1990,23.5,10.5,0,78,2,6.2,3.4
11/10/1990,25.4,10.8,0,73,2,7.7,4.3
11/11/1990,22.2,7,0,59,16,9.3,5
11/12/1990,26.5,10.5,36.2,73,2,9.3,6
11/13/1990,24.6,18.7,12,94,2,11.3,3.1
11/14/1990,23.3,16.6,0.1,87,14,7.7,5.1
11/15/1990,27.3,18.7,4,84,2,6.2,2.1
11/16/1990,22.5,11,0,56,9,7.2,4.5
11/17/1990,25.8,15.5,0,67,34,5.1,2.1
11/18/1990,28.1,14.4,0,74,7,6.2,5.1
11/19/1990,31.1,20.7,133,79,2,7.2,4.5
11/20/1990,26.5,19.7,2,88,25,9.8,5
11/21/1990,28,15.6,0,70,23,4.1,1.7
11/22/1990,29.8,15.2,0,63,9,7.7,4.1
11/23/1990,28.2,21,0,63,2,8.2,4.3
11/24/1990,28.8,18.5,0,69,9,8.2,5.1
11/25/1990,27.9,18.3,41,75,5,6.2,6.2
11/26/1990,26,13.9,0,66,23,12.9,9.1
11/27/1990,23.2,7.3,0,63,36,2.6,0.9
11/28/1990,26.7,13.4,0,61,32,7.7,4.5
11/29/1990,27.4,19.6,8,58,36,6.2,5.1
11/30/1990,22.7,12,2,78,14,13.4,6.7
12/1/1990,22.8,7,22.3,69,5,10.3,5.5
12/2/1990,23.2,14.2,10,72,18,9.3,2.6
12/3/1990,23.4,13,0,54,34,7.7,3.4
12/4/1990,25.8,17,0,64,36,8.2,5.7
12/5/1990,30.5,19.4,46,72,5,4.1,2.6
12/6/1990,23,16.1,0,85,14,9.8,4.3
12/7/1990,23.5,11,0,72,14,7.7,4.1
12/8/1990,24.9,14.2,4,60,2,10.3,7.7
12/9/1990,22,15.9,0,82,7,9.8,4.6
12/10/1990,24.6,14.8,0,82,11,7.7,3.1
12/11/1990,24.7,13.5,0,60,5,8.2,6
12/12/1990,22,14.5,0,69,29,9.3,4.8
12/13/1990,22.3,13.5,0,62,20,11.3,7.7
12/14/1990,27.2,7.4,0,52,23,8.2,5
12/15/1990,27.7,15,0,54,32,7.7,6.9
12/16/1990,25.9,13.8,0,61,9,9.8,8.6
12/17/1990,24.2,19.3,67.3,87,5,12.3,8.9
12/18/1990,23.2,16.1,0,79,18,12.9,8.6
12/19/1990,24.2,13.5,0,80,9,9.3,3.1
12/20/1990,27.4,13.4,0,71,36,6.7,5.1
12/21/1990,29.2,20,8,69,11,5.1,3.1
12/22/1990,28.8,18.5,0,77,18,7.7,4.3
12/23/1990,25.2,17.5,0,75,9,12.9,10.6
12/24/1990,26.2,16.6,0,68,9,7.7,5.1
12/25/1990,26.5,16.3,0,69,5,7.2,6
12/26/1990,29.8,19.7,6,70,36,9.3,6.7
12/27/1990,24.4,16.9,11.5,80,16,10.3,3.4
12/28/1990,20.5,8.8,0,59,16,10.3,8.7
12/29/1990,21.3,6.7,0,64,5,6.2,3.6
12/30/1990,25.7,16,0,66,2,10.3,7.2
12/31/1990,30.4,18.1,0,59,34,7.2,4.3
1/1/1991,26.5,20.5,2,84,2,6.2,2.6
1/2/1991,28.8,17.7,0,66,9,8.2,5.8
1/3/1991,30.3,16.8,0,52,2,5.1,4.8
1/4/1991,31.1,16.5,0,54,32,8.2,6.2
1/5/1991,29.8,20.7,0,53,34,7.2,5.3
1/6/1991,27,19,0,66,9,8.2,6.9
1/7/1991,29.5,19.1,0,69,9,8.2,4.8
1/8/1991,32.8,19,3.6,73,20,21.6,3.4
1/9/1991,29.8,20.1,0,76,9,6.7,2.9
1/10/1991,27.7,19.2,0,74,9,11.3,8.7
1/11/1991,25.5,15.2,0,65,11,9.3,6.5
1/12/1991,26.5,14.8,0,67,7,10.3,7.9
1/13/1991,26.8,16,0,69,5,7.7,5.5
1/14/1991,30.5,12.4,0,63,32,5.1,0.9
1/15/1991,27.6,17.3,1.5,73,14,12.3,9.1
1/16/1991,23.2,11.1,0,60,18,11.3,6.7
1/17/1991,25.4,7.5,0,56,5,6.2,2.9
1/18/1991,28.7,15,0,56,5,7.7,4.6
1/19/1991,30,14.8,0,68,7,9.3,6
1/20/1991,29.5,18.4,59.2,83,5,8.2,5.3
1/21/1991,28.2,18.2,0,83,23,7.7,4.6
1/22/1991,27.5,14,0,74,5,5.1,3.1
1/23/1991,30.5,15.7,0,75,36,5.1,2.7
1/24/1991,28.2,20.5,0,85,7,4.1,2.2
1/25/1991,29.8,16.6,0,70,7,7.2,3.4
1/26/1991,27.8,17,0,73,9,8.7,6.2
1/27/1991,26.5,17.9,0,73,2,7.7,5.8
1/28/1991,27.8,16.5,0,74,9,9.3,7.2
1/29/1991,22.6,20,50.5,90,7,7.7,6
1/30/1991,21.2,16.5,11,95,36,7.7,3.1
1/31/1991,22.8,16.2,0.8,88,20,13.4,9.6
2/1/1991,27.9,12.7,0,77,25,8.2,4.3
2/2/1991,28.3,15.1,0,75,32,5.1,3.4
2/3/1991,31.4,11.5,0,61,32,7.7,5.1
2/4/1991,31.4,20.2,0,70,20,9.3,3.6
2/5/1991,26.2,17,0,73,16,9.3,5.5
2/6/1991,24.2,9.2,0,70,9,7.7,6.2
2/7/1991,28.9,15.5,0,70,2,5.7,4.3
2/8/1991,29.8,17.5,0,64,9,7.7,3.6
2/9/1991,26.8,19.9,0,85,5,8.2,7
2/10/1991,29.6,15.1,0,78,27,5.1,1.4
2/11/1991,26.3,14.5,0,67,20,7.7,3.4
2/12/1991,27.2,11.1,0,57,16,7.7,4.6
2/13/1991,21.2,14.7,0,57,18,9.3,6.5
2/14/1991,19.6,6.5,0,64,20,10.3,4.8
2/15/1991,23,6.6,0,64,23,6.7,4.1
2/16/1991,26,10.1,0,56,34,6.2,4.1
2/17/1991,26.2,15.3,0,72,16,7.7,4.3
2/18/1991,26.6,9.5,0,59,36,5.1,0.9
2/19/1991,25.4,16,0.9,79,34,6.2,2.9
2/20/1991,30.5,14,0,74,18,5.1,1.7
2/21/1991,27.7,19.5,3.6,78,36,8.2,6.2
2/22/1991,26.5,12.9,0,63,18,12.9,7.2
2/23/1991,23.2,7.4,0,71,7,5.1,2.6
2/24/1991,27.2,12.6,0,67,34,7.2,3.6
2/25/1991,30.4,14.5,0,64,36,6.2,4.1
2/26/1991,33.8,17.8,0,59,36,5.1,1.7
2/27/1991,30.4,19,10,75,32,8.7,5.5
2/28/1991,23.9,19.7,3.6,91,14,12.9,7.5
3/1/1991,25.9,16,0,74,18,6.2,1.7
3/2/1991,29.5,14.3,0,74,32,6.2,1.7
3/3/1991,31.5,15.5,0,65,27,9.3,5.5
3/4/1991,25.5,12.7,0,60,9,6.2,4.6
3/5/1991,27.3,14,0,63,2,6.7,3.9
3/6/1991,30.1,18,0,68,5,8.2,5.5
3/7/1991,31,17,0.1,69,7,6.2,4.3
3/8/1991,26.5,18.5,13,79,2,10.8,3.6
3/9/1991,26.9,18.2,0,81,11,12.9,5.3
3/10/1991,24.9,14,0,72,11,8.2,6
3/11/1991,24.8,10.6,0,73,9,7.7,1.2
3/12/1991,29.8,15.2,0,79,18,6.2,3.1
3/13/1991,27.8,16.4,0,87,9,7.7,5
3/14/1991,28.4,11.2,0,64,18,7.2,0.9
3/15/1991,28.7,12,0,64,36,7.2,3.4
3/16/1991,28.4,16.2,0,69,9,6.2,3.8
3/17/1991,28.8,16,0,82,9,9.3,3.8
3/18/1991,27.2,16.5,0,77,9,9.3,6
3/19/1991,29,12.2,0,77,2,6.2,1.9
3/20/1991,26.9,15,0,59,23,7.7,5.5
3/21/1991,29.3,13.5,0,60,9,5.1,3.6
3/22/1991,30.3,17.2,0,70,29,9.3,5.5
3/23/1991,32,22,0.5,64,32,10.3,5.8
3/24/1991,32.9,20.5,0.2,66,23,6.7,2.6
3/25/1991,25.5,12.6,0,59,14,6.7,2.6
3/26/1991,22,6.5,0,62,9,8.2,5.1
3/27/1991,21.5,5.9,0,70,16,5.1,2.2
3/28/1991,25.9,9.4,0,66,36,6.2,2.2
3/29/1991,27.4,17.4,0,67,36,6.2,3.8
3/30/1991,30.6,16,0,64,29,6.2,4.3
3/31/1991,23.7,14,0,71,18,5.1,4.6
4/1/1991,24.7,7.3,0,74,2,6.2,2.1
4/2/1991,26.7,14.4,0,59,29,5.1,2.4
4/3/1991,20,10.5,0,69,18,7.2,4.5
4/4/1991,21.5,5.9,0,69,2,5.1,0.9
4/5/1991,22.7,8.2,0,66,34,7.7,4.6
4/6/1991,24,9.1,1,68,5,7.2,5
4/7/1991,23.2,12.3,0,80,27,7.7,2.6
4/8/1991,23,12.4,0,86,29,6.2,2.1
4/9/1991,23.2,14.2,0,88,36,4.1,1.5
4/10/1991,27.2,13,0,87,9,7.7,5.1
4/11/1991,23.3,13.7,0,83,5,8.2,4.3
4/12/1991,21,14.2,1.9,91,16,4.1,3.6
4/13/1991,22.2,11.3,5,81,7,7.7,4.8
4/14/1991,21.6,15.1,2,94,11,4.1,2.9
4/15/1991,23.9,15.7,19,96,25,16.5,3.8
4/16/1991,22.2,11.3,29,97,9,9.3,7
4/17/1991,19.2,10,0,86,27,12.9,5.1
4/18/1991,15.2,4.9,0,54,25,10.3,6
4/19/1991,21.7,3.7,0,50,25,12.3,6.5
4/20/1991,22.3,8,0,60,34,7.7,4.3
4/21/1991,20.3,7,0,76,32,7.7,2.9
4/22/1991,22.9,10.6,0,83,2,5.1,2.9
4/23/1991,24.4,14,0,79,16,6.2,2.6
4/24/1991,20.8,8.9,0,79,18,5.1,1.7
4/25/1991,21,9,0,88,14,6.2,3.9
4/26/1991,23.7,10.5,0,81,25,4.1,0.9
4/27/1991,23,7.2,0,85,7,7.7,4.3
4/28/1991,22.3,12,0,87,34,6.2,4.1
4/29/1991,25.2,14,0,83,2,4.1,0.9
4/30/1991,23,16.3,9.2,87,36,7.7,2.9
5/1/1991,21.7,16.5,0,90,25,3.1,1.7
5/2/1991,22.4,15.2,4,88,7,4.1,1.4
5/3/1991,18.2,14.6,15,95,7,6.2,3.6
5/4/1991,15,7,0,74,23,7.7,5
5/5/1991,17,1.5,0,64,27,6.2,2.9
5/6/1991,18.5,3,0,62,27,6.2,2.9
5/7/1991,19.3,5.6,0,66,27,5.1,2.9
5/8/1991,21.2,8.5,0,75,32,6.2,2.1
5/9/1991,23.4,9,0,64,23,5.1,3.1
5/10/1991,22.3,6.9,0,84,2,5.1,2.6
5/11/1991,21.7,7.3,0,80,5,6.2,3.4
5/12/1991,18.5,12.7,0,86,5,7.7,2.9
5/13/1991,20.7,12.5,0,87,9,9.3,6.2
5/14/1991,21.7,12.8,0,85,11,6.2,3.6
5/15/1991,17.3,11.1,0,93,16,4.1,2.2
5/16/1991,18.3,6.4,0,90,32,9.3,4.8
5/17/1991,19.3,12.5,0,81,36,7.7,6.9
5/18/1991,22.4,13.5,0,84,34,6.2,3.1
5/19/1991,24.4,13.8,0,79,36,7.7,4.6
5/20/1991,19.9,13.8,12,91,16,9.8,6.9
5/21/1991,14.4,9.4,0,80,18,9.3,6
5/22/1991,18.4,2.1,0,75,27,5.1,2.9
5/23/1991,20.8,6.8,0,63,27,6.7,4.8
5/24/1991,17.5,10.2,0,77,32,9.3,3.8
5/25/1991,17,4.4,0,75,16,5.1,2.6
5/26/1991,17.4,11.7,0,94,2,7.7,5.3
5/27/1991,24.5,16.5,64,92,2,6.2,1.7
5/28/1991,23.2,17.5,0,95,36,6.2,3.6
5/29/1991,26.6,18.4,0,89,16,12.3,7.5
5/30/1991,18.9,10.2,0,81,16,9.3,8.7
5/31/1991,16.5,8.5,0,88,9,7.7,5.5
6/1/1991,15.2,12.7,11.2,96,11,9.3,6.5
6/2/1991,15.1,12.9,29,96,9,13.9,10.3
6/3/1991,18.2,11,1,93,27,10.3,6.9
6/4/1991,15.9,6.2,0,83,25,7.7,3.9
6/5/1991,13,3.5,0,75,20,6.7,3.9
6/6/1991,9.7,-0.2,0,77,27,6.2,3.1
6/7/1991,11.2,-2.5,0,80,32,4.1,1.4
6/8/1991,11.8,-1.6,0,81,29,6.2,1.7
6/9/1991,13.8,2.5,0,74,32,7.7,3.8
6/10/1991,14.9,1.8,0,83,32,6.7,4.3
6/11/1991,17.7,8,0,80,23,7.2,3.8
6/12/1991,12.2,5.7,0,83,18,6.2,2.7
6/13/1991,11.5,3,0,82,5,7.7,2.6
6/14/1991,17.2,8.9,0,89,29,5.1,0.9
6/15/1991,14.2,7.6,0,92,9,8.7,3.4
6/16/1991,11.7,8.3,5,91,9,6.7,3.1
6/17/1991,15.5,10.9,51,95,11,11.3,3.4
6/18/1991,14.6,11.7,30.8,98,9,19.5,5.5
6/19/1991,13.6,10,0.6,89,27,19.5,11.3
6/20/1991,13.2,5.5,0,85,25,5.1,1.9
6/21/1991,10.7,3.5,0,90,29,5.1,3.1
6/22/1991,13.3,2.5,0,71,27,12.9,5.5
6/23/1991,15.1,1,0,59,27,7.7,3.9
6/24/1991,13.1,7,0,72,32,7.7,5.5
6/25/1991,13.4,5.5,0,81,36,6.2,3.1
6/26/1991,15.2,5.5,0,89,18,1.5,0.9
6/27/1991,12.4,5.1,0,92,20,8.2,3.1
6/28/1991,10.7,2.2,0,80,27,10.3,6.5
6/29/1991,11.9,2.8,0,92,25,4.1,0.9
6/30/1991,12.7,-0.1,0,87,36,3.1,1
7/1/1991,17.4,7,0,80,36,6.2,3.8
7/2/1991,16.1,7.3,0,82,18,9.3,5.7
7/3/1991,10,2.4,0,77,18,9.3,4.3
7/4/1991,8.8,0.9,0,78,14,2.6,0.9
7/5/1991,11.3,-1,0,86,5,5.1,1.5
7/6/1991,15.1,4.5,0,91,2,3.1,0.9
7/7/1991,14.4,3.5,0,89,2,2.6,0
7/8/1991,14.3,5,8,86,2,4.1,1.4
7/9/1991,13.1,8.2,28,96,16,10.3,2.9
7/10/1991,9.7,7,0,79,18,9.8,6.3
7/11/1991,9.4,0.5,0,83,23,6.2,2.1
7/12/1991,6.2,-0.5,0,86,25,7.7,3.8
7/13/1991,8.6,0.3,0,72,27,10.8,2.7
7/14/1991,10.7,-3,0,80,27,2.6,0.3
7/15/1991,10.9,-3.5,0,77,5,6.2,2.1
7/16/1991,11.7,1.2,0,92,9,7.7,2.1
7/17/1991,13.9,3.5,35,97,7,12.3,3.9
7/18/1991,15.8,8.8,6,94,23,6.2,3.6
7/19/1991,13.6,6,0,90,5,4.1,1.2
7/20/1991,14.8,5.6,0,88,14,6.2,1.7
7/21/1991,13.7,7,0,68,16,7.7,5.3
7/22/1991,11.9,0.8,0,72,16,7.2,2.9
7/23/1991,12,-3.6,0,71,36,1.5,0.3
7/24/1991,15,5.5,0,67,34,7.7,4.3
7/25/1991,16.5,7.5,0,72,36,5.1,2.6
7/26/1991,17.9,9.1,0,79,36,10.3,1.4
7/27/1991,23.4,9.6,0,73,36,9.8,3.6
7/28/1991,22.4,13.3,0,71,36,8.2,5.1
7/29/1991,15.7,9.6,20,94,16,11.3,9.6
7/30/1991,14.7,6.9,0,74,20,2.6,1
7/31/1991,15.2,4.5,0,58,25,15.4,5.5
8/1/1991,5.9,-1.8,0,66,27,12.9,6
8/2/1991,10.8,-2.5,0,63,27,5.7,1.7
8/3/1991,12,-1.5,0,67,2,5.1,1.7
8/4/1991,9.5,5.2,0,82,5,3.6,2.4
8/5/1991,15,0,0,83,20,2.6,0
8/6/1991,14.7,-2,0,86,2,2.6,0.9
8/7/1991,12.7,-0.3,0,86,9,9.3,5.8
8/8/1991,14.7,5,0,82,9,13.4,4.6
8/9/1991,11.2,6.8,24,95,16,7.7,6.7
8/10/1991,11.5,6,0,91,27,4.1,2.7
8/11/1991,11.5,0.6,0,81,25,5.1,1.7
8/12/1991,13,0.1,0,85,5,6.2,2.1
8/13/1991,16.5,4.4,0,83,5,5.1,3.6
8/14/1991,23,9.2,0,80,5,7.7,4.6
8/15/1991,24.6,16.1,0,74,2,9.3,5.1
8/16/1991,24.6,15.6,0,69,34,12.9,5.1
8/17/1991,23.2,13,0,65,36,15.4,6.7
8/18/1991,19.7,9.3,0,73,29,5.1,1.7
8/19/1991,22.1,10,0,76,36,8.2,2.6
8/20/1991,20.6,11.3,0,78,11,12.9,5.1
8/21/1991,17,10.2,0,89,9,12.9,7.7
8/22/1991,23.3,12.6,9,79,34,7.7,2.7
8/23/1991,15.4,12.6,0.6,94,25,5.1,2.4
8/24/1991,14.8,9.4,0,93,9,4.1,1.7
8/25/1991,14.6,11.8,24,96,7,4.1,2.6
8/26/1991,16,8.8,0,85,18,8.2,3.8
8/27/1991,16.4,1.7,0,81,5,5.1,0.9
8/28/1991,19.2,5.6,0,89,7,5.1,0.9
8/29/1991,21.6,12.3,0,85,5,3.1,0
8/30/1991,17.4,9.9,0.5,86,16,18.5,8.9
8/31/1991,12.2,7.2,0,77,14,16.5,10.1
9/1/1991,15.4,6.4,11,65,9,17.5,11.5
9/2/1991,13.8,10.4,13,94,7,10.3,1.4
9/3/1991,16.5,11.7,0,94,9,5.1,3.9
9/4/1991,21.9,12.5,0,85,7,10.3,6.3
9/5/1991,26.3,14.9,34,72,2,8.7,2.9
9/6/1991,20.3,12.6,0.5,95,11,12.3,7.5
9/7/1991,18.4,8.6,0,73,16,7.7,2.9
9/8/1991,16.8,6.4,0,78,5,11.3,6
9/9/1991,18.1,10,0,85,5,5.1,2.2
9/10/1991,23.6,11.4,0,79,36,3.1,0.7
9/11/1991,24.7,14.9,0,77,34,6.2,3.4
9/12/1991,26.3,17.2,0,71,36,13.4,7.4
9/13/1991,24.5,15.7,0,66,18,13.9,6
9/14/1991,15.7,6.5,1,66,16,10.3,7
9/15/1991,13.1,5.7,0.7,71,11,12.9,8.2
9/16/1991,18.1,11.6,3,84,7,13.9,6.9
9/17/1991,18.1,11.2,15,93,14,5.1,1.4
9/18/1991,21.7,7.4,0,66,25,12.9,5.5
9/19/1991,15.8,3.2,0,74,23,5.1,2.6
9/20/1991,20.8,10,0,68,36,15.9,6.5
9/21/1991,18.6,11.7,0,74,18,10.3,1.4
9/22/1991,17.6,7.5,0,57,25,8.7,5.5
9/23/1991,16.7,1.7,0,62,18,5.1,2.6
9/24/1991,15.5,5.5,0,69,5,10.3,4.1
9/25/1991,18.2,8.8,0,77,5,6.7,3.8
9/26/1991,22.1,9,14,70,2,9.3,5
9/27/1991,21.5,11.9,0,80,23,12.9,6.7
9/28/1991,15.8,2.5,0,56,27,12.9,5.3
9/29/1991,18.9,3,0,58,25,15.9,4.1
9/30/1991,17.3,8.6,0,61,32,6.7,3.4
10/1/1991,16.6,2.3,0,51,29,7.7,3.4
10/2/1991,18,2,0,56,27,2.1,1.2
10/3/1991,14.8,6.1,5,70,7,8.2,6.3
10/4/1991,18,8.8,0,61,9,8.2,6
10/5/1991,12.7,6.8,0,79,14,14.4,9.4
10/6/1991,13.7,5.5,0,69,18,10.3,6.5
10/7/1991,16.1,-1.1,0,76,36,4.1,0.7
10/8/1991,17.4,7.6,0,63,36,6.7,2.4
10/9/1991,19.8,4.9,0,65,34,7.7,2.9
10/10/1991,25.1,12.2,0,58,23,9.3,3.4
10/11/1991,24.8,13.6,0,60,36,10.3,5.5
10/12/1991,27.6,14.9,14,69,36,11.3,6.2
10/13/1991,23.6,14.2,27.5,90,16,20.6,10.1
10/14/1991,18.6,12,3.7,95,14,18,11.3
10/15/1991,18,13.5,0.9,94,16,11.8,3.6
10/16/1991,17.9,13.7,0.7,92,27,6.7,4.6
10/17/1991,16.2,9,0,84,23,12.9,6.3
10/18/1991,22.5,8.9,0,61,32,12.9,5.3
10/19/1991,25.9,14,0,65,23,15.4,5.7
10/20/1991,20.6,7.2,0,77,9,11.3,9.6
10/21/1991,26.3,14.5,25.5,80,5,7.7,4.3
10/22/1991,22.2,13.9,61,98,14,17,9.4
10/23/1991,18.6,9,0,69,20,11.8,6.5
10/24/1991,17.6,5.6,0,81,9,12.3,6.3
10/25/1991,20.2,11,0,91,9,6.2,2.6
10/26/1991,21.7,14.1,0,86,7,8.2,1.9
10/27/1991,21.7,11.7,0,87,9,10.3,3.8
10/28/1991,20.6,12,0,80,11,13.4,10.3
10/29/1991,19.3,15.5,0.2,83,11,12.9,8.6
10/30/1991,20.3,13.1,0,76,11,13.9,7.7
10/31/1991,20.3,9.4,0,74,9,10.8,8.9
11/1/1991,21.3,14.6,0,73,9,11.3,5.3
11/2/1991,22.5,13.9,0,71,5,11.3,6
11/3/1991,23,14.2,0,77,7,12.3,6.2
11/4/1991,24.3,15,0,75,18,11.3,7
11/5/1991,25.5,16.5,25,74,9,10.3,7
11/6/1991,20.9,16.5,0.3,88,20,14.4,4.8
11/7/1991,19.3,12.2,0,82,23,14.4,8.2
11/8/1991,20.2,11.5,0,81,23,3.6,0.9
11/9/1991,23.5,7.6,0,69,36,5.1,2.6
11/10/1991,18.5,11.2,11.2,94,16,15.4,6.3
11/11/1991,16.9,7.1,0,68,20,10.3,5.3
11/12/1991,18.2,4.3,0,63,18,6.2,2.2
11/13/1991,20.1,6.4,0,69,2,5.1,3.1
11/14/1991,22,11.2,0,72,9,7.7,5.5
11/15/1991,23,12,0,72,7,9.3,4.3
11/16/1991,23.4,13.8,0,64,9,5.1,1.4
11/17/1991,24.6,14.5,0,67,9,9.3,5.8
11/18/1991,26.2,16,0,66,27,7.7,5.1
11/19/1991,21.5,9.4,0,77,20,12.9,5.7
11/20/1991,21.7,8.6,0,81,16,14.9,1.7
11/21/1991,29.8,14.4,0,60,32,7.2,4.1
11/22/1991,32.4,18,0,48,36,7.7,5.1
11/23/1991,28.2,14.9,6.5,74,16,10.3,3.1
11/24/1991,17.7,11.4,3,79,9,9.3,2.1
11/25/1991,21.3,6.8,0.8,69,14,11.8,4.1
11/26/1991,22.2,12.9,0,77,11,7.7,4.3
11/27/1991,25.5,14.9,0,67,5,10.3,5.1
11/28/1991,28.3,18,27,69,2,7.2,2.9
11/29/1991,27.8,17.8,0,77,9,7.2,3.1
11/30/1991,24.6,10.6,0,74,7,6.2,4.3
12/1/1991,29.7,14.9,0,67,34,11.3,3.8
12/2/1991,25.8,13.5,0,66,11,9.3,3.6
12/3/1991,23.4,16,0,80,7,9.3,3.4
12/4/1991,25.9,18.2,0,83,7,6.2,5.1
12/5/1991,29.7,18.5,0,71,20,5.1,1.9
12/6/1991,32,16.2,8,66,16,13.4,5
12/7/1991,21.4,11.5,1,77,11,10.3,6.5
12/8/1991,24.9,17,1.3,79,18,15.4,8.4
12/9/1991,24.5,17.5,2.1,89,14,18,6.2
12/10/1991,24.4,17.5,21,81,9,12.9,6.5
12/11/1991,25.2,16.7,0,78,5,8.2,2.7
12/12/1991,23.5,13.9,0,73,20,7.7,2.6
12/13/1991,26.9,11.2,0,65,32,5.1,2.6
12/14/1991,23.6,15.3,0,68,11,10.3,7.7
12/15/1991,26.6,16.4,0,69,2,4.1,1.7
12/16/1991,29.1,15.5,4,67,23,10.3,7.9
12/17/1991,26,14.2,0,57,27,13.9,4.3
12/18/1991,30.8,10.9,0,49,27,14.4,6.5
12/19/1991,29.8,18,35,88,32,20.1,0.7
12/20/1991,29.3,13.9,0,67,34,6.7,0.9
12/21/1991,30.2,19,0,70,36,5.1,2.6
12/22/1991,29.2,19,0,81,32,8.2,1
12/23/1991,30.8,15.5,0,63,2,9.3,2.7
12/24/1991,29.6,19.5,35.5,78,16,8.2,4.3
12/25/1991,19.2,14.7,5,75,16,11.3,7.2
12/26/1991,21.8,7.3,0,65,9,10.3,4.3
12/27/1991,24.2,10.6,0,61,2,7.7,5.1
12/28/1991,26.7,18.4,0,70,2,8.2,5
12/29/1991,28.2,18.6,0,73,5,7.7,2.1
12/30/1991,25.9,19.8,0,80,11,8.2,1.9
12/31/1991,28.3,19.5,5,85,11,12.9,5.1
1/1/1992,21,18.6,83,98,9,21.1,11
1/2/1992,22.9,15.6,0,87,34,10.3,8.9
1/3/1992,22.3,14.7,0,74,25,14.4,6.9
1/4/1992,26.7,10.9,0,70,5,3.1,0
1/5/1992,28.1,16.5,0,64,5,6.2,3.9
1/6/1992,25.4,20,0,69,2,7.7,2.6
1/7/1992,28.2,16.9,0,78,9,10.8,3.3
1/8/1992,27.3,19.5,0,82,11,9.3,4.8
1/9/1992,28.8,20,0,84,7,5.1,1.4
1/10/1992,27.3,17.6,0,69,18,7.2,2.9
1/11/1992,29.3,12.9,0,59,25,4.1,1.4
1/12/1992,25.9,15.7,0,70,11,9.3,5.7
1/13/1992,26.8,13.8,0,72,23,4.1,1.2
1/14/1992,21.5,12.4,9,81,18,17,7.9
1/15/1992,20.7,7,0,50,25,25.2,7.4
1/16/1992,24.3,7.7,0,56,36,6.7,3.1
1/17/1992,29,17.3,0,59,27,8.2,6.2
1/18/1992,28.2,12.6,0,69,5,2.6,1.2
1/19/1992,32.9,17.6,0,58,36,7.7,2.7
1/20/1992,29.2,18.6,0,74,14,7.7,3.4
1/21/1992,28.2,16.5,0,79,36,9.3,1.5
1/22/1992,29.5,20.3,0,73,11,12.3,6.2
1/23/1992,28.2,19.3,0,75,11,10.3,6
1/24/1992,26.2,15.5,3,75,11,11.3,8.9
1/25/1992,27.5,20.4,3.5,90,14,13.4,7.4
1/26/1992,28.6,21.4,6,84,14,10.3,7.7
1/27/1992,28.2,20.5,0,91,18,3.1,1.7
1/28/1992,30.6,19.3,0,81,16,8.2,4.6
1/29/1992,27,20,6,87,11,12.3,7.5
1/30/1992,25.8,20.4,1,86,9,12.9,8.6
1/31/1992,29.1,20,98,87,7,14.9,7
2/1/1992,29.2,19.1,0,84,5,4.1,1.7
2/2/1992,28.2,18.7,0,77,20,4.1,3.1
2/3/1992,29.2,17.4,0,79,9,9.8,0
2/4/1992,28.8,16.2,0,75,11,10.3,2.2
2/5/1992,30,16.6,0,82,14,5.1,3.1
2/6/1992,29.8,17.4,0,78,5,5.1,0
2/7/1992,31.7,19.4,0,68,7,8.2,3.4
2/8/1992,31.6,21.7,10,78,5,9.3,3.1
2/9/1992,27.5,19.3,7.5,95,27,12.9,6.5
2/10/1992,24.1,12.8,0,64,11,11.8,5.7
2/11/1992,26.7,15.1,0,72,11,10.3,6.5
2/12/1992,26.2,14.6,0,72,9,10.3,4.6
2/13/1992,27.2,19.7,0,79,5,9.3,3.9
2/14/1992,27.2,15.5,0,72,2,2.6,0.7
2/15/1992,28.2,16.6,0,66,32,8.2,2.9
2/16/1992,31,16.5,0,62,36,4.1,1
2/17/1992,32.7,21.6,0,66,34,5.1,1.2
2/18/1992,32.9,25.3,0,69,36,11.3,4.6
2/19/1992,33.2,24.5,0,70,34,7.7,4.1
2/20/1992,32.9,23,5.5,76,34,15.4,6.9
2/21/1992,23.4,13.7,0.8,79,29,8.2,2.4
2/22/1992,23.3,11.2,0,64,18,6.7,2.7
2/23/1992,25.4,10,0,59,36,4.1,1.7
2/24/1992,24.7,13.8,0,57,18,10.3,5.3
2/25/1992,24.3,11,0,61,5,8.7,6.2
2/26/1992,27.1,16.7,0,64,2,7.7,4.3
2/27/1992,24.2,14.4,0,56,18,15.4,7.2
2/28/1992,23.6,9.8,0,59,2,6.2,1.7
2/29/1992,26.6,11.6,0,63,34,5.1,1.7
3/1/1992,27.1,13.9,0,67,9,11.3,4.5
3/2/1992,27.8,17.8,0,73,7,8.7,5.8
3/3/1992,28.6,20,0,72,9,15.4,4.5
3/4/1992,27.6,18.2,0,76,9,12.3,7.5
3/5/1992,28.3,17.9,0,78,9,9.3,3.9
3/6/1992,27.6,17,0,79,7,6.2,2.9
3/7/1992,30.2,19.5,0,70,2,8.2,2.1
3/8/1992,32.2,20.8,0,60,7,6.7,4.8
3/9/1992,32.5,23,0,72,25,6.2,3.4
3/10/1992,29.7,21.5,0,72,16,10.3,2.6
3/11/1992,28.5,15.7,0,78,9,9.3,3.4
3/12/1992,27.7,13,0,69,11,15.4,8.6
3/13/1992,29,22.3,23.1,82,7,11.3,6.3
3/14/1992,27.4,22.6,0.8,75,29,17,10.6
3/15/1992,27.7,19.5,0,66,25,15.4,6.9
3/16/1992,27.4,13,0,78,36,6.2,0.9
3/17/1992,29.7,19.5,0,70,34,8.2,3.4
3/18/1992,28.5,19,64.5,78,16,12.9,0
3/19/1992,26.7,18,9.5,84,5,11.3,4.1
3/20/1992,23.9,17.7,37.2,92,2,17,8.2
3/21/1992,25.8,16.4,0,78,29,5.1,1.7
3/22/1992,21.2,9,0,63,18,12.9,4.6
3/23/1992,19.3,5.1,0,64,2,10.3,3.4
3/24/1992,23.1,9.2,0,65,2,6.2,2.7
3/25/1992,24.7,11,0,75,5,2.1,0.7
3/26/1992,26.5,16.3,2,76,9,4.6,2.2
3/27/1992,23.9,18.7,0,89,9,5.1,0.5
3/28/1992,22.7,18,0,80,5,4.6,2.4
3/29/1992,21.7,11,0,84,25,6.2,2.7
3/30/1992,25,9.3,0,72,23,6.2,1.4
3/31/1992,23.8,9.8,0,83,2,5.1,1.4
4/1/1992,24.5,12.5,0,82,9,5.1,1.5
4/2/1992,23.6,17.4,0,84,5,8.2,2.2
4/3/1992,27.6,15.7,26,62,25,9.3,5.7
4/4/1992,20.4,14.5,28,91,9,8.2,3.3
4/5/1992,22.7,10,4,66,14,2.1,0.3
4/6/1992,18.5,12.1,4,89,18,6.2,1.5
4/7/1992,20.7,7.1,0,64,25,9.3,4.3
4/8/1992,21.9,5,0,68,20,4.1,1.4
4/9/1992,20.7,8,0,81,2,4.1,0.3
4/10/1992,22.4,12,4,78,2,9.3,3.4
4/11/1992,21.2,13.5,0,83,16,6.2,1.7
4/12/1992,20.6,11.9,0,76,20,7.7,5.1
4/13/1992,21.5,6.9,0,68,18,9.3,2.1
4/14/1992,22.7,9.9,0,82,16,7.7,3.4
4/15/1992,22,8.9,0,85,14,11.3,1.9
4/16/1992,22.8,7.5,0,85,5,2.1,0
4/17/1992,22.7,9,0,82,2,2.1,0
4/18/1992,23.7,9.5,0,83,5,4.1,0.3
4/19/1992,18.2,15,0.5,91,25,6.2,2.7
4/20/1992,18.6,7.3,0,63,29,15.4,6.2
4/21/1992,19.8,7.3,3,73,32,2.1,0.3
4/22/1992,17.3,12.9,23.5,94,2,9.3,0.3
4/23/1992,19.9,4.3,0,70,18,5.1,2.2
4/24/1992,20.4,7.5,0.5,85,36,4.1,1.2
4/25/1992,18.2,6.5,0,69,14,4.1,0
4/26/1992,18.7,6.2,0,79,9,10.3,4.5
4/27/1992,20.7,9.3,0,86,2,6.2,1.7
4/28/1992,22.3,13.2,9,87,16,6.7,2.4
4/29/1992,15.4,10,0,87,18,15.4,6.5
4/30/1992,15.1,6.5,0,64,32,4.1,0.7
5/1/1992,18.9,7.3,0,69,29,9.3,5.1
5/2/1992,18.9,7.8,0,63,34,7.2,4.1
5/3/1992,20.2,10.7,0,74,5,8.7,4.1
5/4/1992,22.1,13,0,85,5,9.3,1.7
5/5/1992,24.5,15.1,0,84,5,6.2,2.7
5/6/1992,24.9,16.4,40,84,5,6.2,3.8
5/7/1992,22.4,14,0,96,23,11.3,4.1
5/8/1992,17.7,11,0,83,11,10.3,5.1
5/9/1992,17.4,12.2,7.5,93,9,9.3,5.3
5/10/1992,19.7,16.7,57.6,97,7,2.6,1.7
5/11/1992,19.3,13.3,0,87,9,10.3,2.6
5/12/1992,18.6,9.9,0,53,29,12.9,8.7
5/13/1992,15.4,8.2,0,71,29,18.5,7.9
5/14/1992,17.7,6.3,0,75,34,6.7,3.9
5/15/1992,18.7,10,0,69,25,4.1,0.7
5/16/1992,17.2,3.2,0,72,20,2.1,0.7
5/17/1992,18.9,6.6,0,78,23,12.9,5.5
5/18/1992,13.5,4.5,0,82,25,6.2,3.6
5/19/1992,14.4,1.7,0,72,25,9.8,2.2
5/20/1992,14.8,2,0,71,36,7.7,2.2
5/21/1992,16.7,12.5,0.5,80,34,4.1,2.2
5/22/1992,14.2,6,0,73,20,11.3,5
5/23/1992,13.9,0,0,74,32,2.1,0
5/24/1992,15.4,2,0,66,32,11.3,7.4
5/25/1992,18.1,11,0,86,2,6.2,3.4
5/26/1992,16.7,11,10,90,18,13.4,5.5
5/27/1992,11.8,6.6,0,74,16,12.9,8.6
5/28/1992,9.9,2.5,0,79,18,8.7,4.1
5/29/1992,13.1,-1.3,0,67,29,7.7,3.4
5/30/1992,15.3,4,0,64,29,9.3,4.5
5/31/1992,15.4,9.3,0,71,32,12.3,4.3
6/1/1992,16.8,6.4,0,71,36,5.7,1.4
6/2/1992,17.9,4.5,0,92,5,2.6,0
6/3/1992,11.8,4.5,0,78,18,9.3,2.6
6/4/1992,15.4,2.6,0.8,82,2,6.2,2.1
6/5/1992,14.3,9.4,0,96,18,9.3,3.2
6/6/1992,16,6.5,0,94,18,2.6,0.6
6/7/1992,13.8,10,2.6,97,18,13.4,4.5
6/8/1992,16.1,9.5,27.3,95,23,12.9,6.9
6/9/1992,11.2,5,0,72,27,15.4,10.3
6/10/1992,10.7,4.5,0,75,27,9.3,2.7
6/11/1992,12.4,1.6,0,85,23,8.2,1
6/12/1992,14.5,3.5,0,74,7,6.2,3.8
6/13/1992,14.8,10.6,8.2,85,5,5.1,2.7
6/14/1992,17.2,11.9,21.4,93,32,1,0
6/15/1992,17.7,13.6,0,97,32,8.2,1
6/16/1992,16.6,11.8,0,98,7,6.2,2.4
6/17/1992,20.5,14,0,86,2,5.7,1.7
6/18/1992,21.8,11.5,0,89,2,5.1,1.7
6/19/1992,20.8,16.2,28,75,36,15.9,8.1
6/20/1992,20,16.2,6,91,34,6.2,2.2
6/21/1992,18.2,9,0,80,18,8.2,2.4
6/22/1992,13.7,6.6,3.2,97,14,10.8,3.9
6/23/1992,14.5,9.3,0.3,89,11,12.3,4.5
6/24/1992,19.2,13.1,0,96,2,4.1,1.7
6/25/1992,24.2,16.9,9,87,36,12.3,3.3
6/26/1992,21.2,8.2,1,72,20,10.3,5
6/27/1992,9.9,1.1,0,85,23,6.2,1.9
6/28/1992,11,-0.6,0,80,29,5.1,0.9
6/29/1992,12.7,0.6,0,79,27,5.1,0.9
6/30/1992,12.2,-1,0,80,18,1,0
7/1/1992,13,2,0,80,5,2.6,0
7/2/1992,9.7,3,0,88,23,12.3,2.1
7/3/1992,10.7,-1,0,79,7,9.8,1.5
7/4/1992,12,3.3,0,89,27,4.1,0.7
7/5/1992,9.9,2.5,0,86,25,13.4,5.3
7/6/1992,9.7,-1.5,0,78,27,4.1,1
7/7/1992,9.7,-1.8,0,73,36,7.7,3.4
7/8/1992,11.2,5.5,0,78,36,13.4,5.8
7/9/1992,15.7,1,0,87,32,4.1,1.7
7/10/1992,20.4,5.7,0,76,2,4.1,2.7
7/11/1992,21.7,11.7,0,75,5,9.3,4.5
7/12/1992,19.7,14.5,22,82,36,10.8,2.4
7/13/1992,15.9,7.5,12.4,94,18,12.9,9.9
7/14/1992,8.1,2.5,0,83,23,14.4,4.8
7/15/1992,7.2,0,0,83,25,4.1,0.3
7/16/1992,7.2,-2.8,0,80,23,5.1,1.7
7/17/1992,8.5,-1.6,0,83,23,2.1,0.3
7/18/1992,8,0,0,87,32,4.1,1.4
7/19/1992,10.7,3,0,88,32,9.8,2.1
7/20/1992,13.1,3.9,0,80,25,7.7,3.4
7/21/1992,9.8,0.3,0,74,25,15.4,3.8
7/22/1992,8.5,0.1,0,76,20,10.3,4.3
7/23/1992,7.5,2.1,0,69,11,2.6,0.9
7/24/1992,8.8,3,0,82,7,7.2,6.2
7/25/1992,13.1,6,4,81,7,11.3,5.7
7/26/1992,11.7,4.5,2,99,20,7.7,0.9
7/27/1992,12.7,1.2,0,86,36,3.1,1
7/28/1992,9.2,1.9,0,94,2,5.1,0.5
7/29/1992,12.9,0.6,6.6,99,2,2.6,0.3
7/30/1992,12.9,3.7,0,78,18,10.3,6.9
7/31/1992,8.7,-1.2,0,78,18,5.1,0.7
8/1/1992,10.4,-0.8,0,80,27,4.1,1.4
8/2/1992,10.8,-1,0,71,5,8.7,0.9
8/3/1992,10.8,1,0,79,7,4.1,0.5
8/4/1992,12.5,-3.5,0,83,5,4.1,0
8/5/1992,15,0.2,0,78,34,5.1,0.3
8/6/1992,19.4,6.4,24,80,5,3.1,1.2
8/7/1992,18.9,6.3,0,82,20,12.9,5.1
8/8/1992,10.9,-0.3,0,71,27,2.6,0.9
8/9/1992,10.7,2.9,0,77,36,8.7,3.4
8/10/1992,15.7,3.9,0,80,18,4.1,0
8/11/1992,14.7,4.5,0,79,20,3.1,1
8/12/1992,16.7,3.1,0,67,32,2.1,0
8/13/1992,17.6,4.5,0,80,9,5.1,1.4
8/14/1992,13.7,5.2,0,89,9,4.1,1
8/15/1992,17.4,7.8,0,80,2,9.3,2.9
8/16/1992,19.7,8.1,0,86,5,2.6,0.9
8/17/1992,19.8,4,0,84,18,2.1,0
8/18/1992,15.2,7,0,94,0,0,0
8/19/1992,16.5,7.7,0,89,2,2.6,0.9
8/20/1992,20.7,5.5,0,75,2,6.2,2.1
8/21/1992,20.6,10.7,17.5,76,5,11.8,9.9
8/22/1992,17,11,7,90,27,18,5.1
8/23/1992,19.7,5.5,0,69,25,6.2,1.5
8/24/1992,21.2,4.5,0,77,2,2.1,0.3
8/25/1992,22.2,10.7,0,67,34,9.8,2.9
8/26/1992,20.2,8.5,0,80,11,3.1,1
8/27/1992,22.4,9.9,0,75,14,10.8,3.6
8/28/1992,15.3,7.8,0,79,11,14.9,9.6
8/29/1992,17.2,12.3,39.5,93,7,13.9,7.4
8/30/1992,16.7,9.5,11.5,99,18,11.3,7.2
8/31/1992,13.2,7.9,4,86,23,14.9,8.9
9/1/1992,10.7,6,0,83,14,9.3,3.4
9/2/1992,12.9,6.3,0.2,87,20,5.1,2.2
9/3/1992,15.5,1.7,0,83,36,10.8,2.4
9/4/1992,17.9,2.7,0,79,34,9.3,3.4
9/5/1992,16.4,7.7,0,72,18,12.9,3.8
9/6/1992,14.2,3.5,0,72,14,10.3,1
9/7/1992,16.7,5.5,0,74,7,9.8,2.4
9/8/1992,18.4,7.5,0,82,9,12.9,8.1
9/9/1992,18.7,11.7,0,81,9,15.9,10.8
9/10/1992,20.3,13.4,17.6,78,7,17,10.5
9/11/1992,18.7,13.4,0.1,91,7,10.3,5.8
9/12/1992,15.4,11.9,0,88,25,9.3,6.9
9/13/1992,15.2,3.9,0,73,23,4.1,1
9/14/1992,19.7,5.5,0,69,36,9.3,2.1
9/15/1992,21.2,6.3,0,76,9,1.5,0.5
9/16/1992,18.9,12.8,0,85,5,9.3,7.7
9/17/1992,19.2,12.1,20,91,5,11.3,3.6
9/18/1992,15.2,7.4,0,75,25,9.3,3.9
9/19/1992,20.2,6.3,0,60,34,9.8,3.3
9/20/1992,22.9,13,0,64,36,9.3,5.1
9/21/1992,23.2,9.6,14.5,78,18,20.1,2.7
9/22/1992,16.5,5.2,0,56,32,5.1,1
9/23/1992,19.3,4.7,0,60,2,7.2,0.3
9/24/1992,18.2,7.5,0,71,7,4.1,1.4
9/25/1992,13.7,3.5,0,69,20,12.3,6.5
9/26/1992,13.4,1.3,4,57,32,8.7,4.3
9/27/1992,14.7,7.5,0,79,23,7.2,2.1
9/28/1992,19.2,4.2,0,72,36,6.2,2.9
9/29/1992,22.4,12.2,0,70,5,6.7,2.1
9/30/1992,24.8,13,0,67,36,7.7,0
10/1/1992,25.1,13.2,9.5,74,5,7.2,4.1
10/2/1992,21.2,11.1,0,87,16,9.3,5.5
10/3/1992,17.2,3.6,0,83,5,8.2,2.7
10/4/1992,23.5,12.7,12.5,77,2,10.8,6.5
10/5/1992,19.3,11.1,0.2,82,20,10.8,5
10/6/1992,14.9,3,0,65,23,6.2,3.1
10/7/1992,16.5,2.6,0,63,5,8.2,0
10/8/1992,19.5,6.5,0,64,36,4.1,2.1
10/9/1992,21,8.2,0,65,5,8.2,2.4
10/10/1992,21.4,12.1,0,60,2,7.7,4.6
10/11/1992,23.2,8,0.3,71,9,1.5,0
10/12/1992,22.1,9.4,0,69,27,13.9,4.3
10/13/1992,24.6,6.7,0,64,34,11.8,6.7
10/14/1992,28.2,16,0,66,36,7.7,2.9
10/15/1992,24.8,16.5,44.4,80,36,20.1,3.4
10/16/1992,19.7,13.5,0,84,18,10.8,6.5
10/17/1992,17.7,8.2,0,78,25,9.8,4.1
10/18/1992,18.2,5.5,0,72,9,7.7,5.1
10/19/1992,17.7,12,0,82,5,2.1,0.3
10/20/1992,18.9,6,0,51,18,9.3,1.4
10/21/1992,22.4,7.4,0,53,32,8.2,4.8
10/22/1992,23.6,12.3,0,57,34,9.3,5.1
10/23/1992,26.8,16,0,60,36,7.7,1.4
10/24/1992,30.7,15,0,62,34,2.1,0.3
10/25/1992,28.4,13.6,32.5,89,14,9.8,3.1
10/26/1992,26.6,11.9,1.5,74,2,2.6,2.6
10/27/1992,22.7,9.5,39,85,18,12.3,2.7
10/28/1992,17.7,9.1,0,59,27,20.1,3.1
10/29/1992,21.4,6.8,0,49,29,11.8,7.2
10/30/1992,20.7,5.5,0,50,29,4.1,1.4
10/31/1992,22.5,5.3,0,46,36,7.7,4.3
11/1/1992,25.8,16.5,0,61,34,10.8,5.1
11/2/1992,19.4,10.2,6,89,18,18,4.5
11/3/1992,17.9,5.7,1,61,27,25.7,6.5
11/4/1992,14.7,3,0,64,27,10.8,6.2
11/5/1992,20,2.9,0,51,27,4.1,2.6
11/6/1992,22,9.4,0,59,36,6.2,3.1
11/7/1992,23.5,11.2,0,60,34,6.2,4.3
11/8/1992,24.9,12,0,59,32,10.3,4.5
11/9/1992,27.1,14,0,60,9,5.1,1.7
11/10/1992,21.7,16.7,24.7,86,9,13.9,7.7
11/11/1992,24.6,15.7,0,83,29,6.2,1.7
11/12/1992,21.7,13,0,79,23,9.3,5.8
11/13/1992,22,11.8,0,87,9,9.3,4.8
11/14/1992,20.2,15.7,34,91,14,11.3,4.5
11/15/1992,25.2,13.1,0,73,25,15.4,6.9
11/16/1992,19.6,6.8,0,70,18,9.8,4.8
11/17/1992,18.4,5.4,0,75,18,6.2,2.7
11/18/1992,22.3,8,0,74,18,5.1,1.7
11/19/1992,28.2,14.4,0,72,23,15.4,2.7
11/20/1992,20.9,13.5,0.3,91,16,6.2,1.7
11/21/1992,19.1,10.6,0,75,20,9.3,4.6
11/22/1992,17.9,5.4,0,72,20,9.8,6.2
11/23/1992,17.5,4.2,0.5,65,11,9.3,1.7
11/24/1992,23.2,12,0,70,9,4.1,0.3
11/25/1992,23.4,10.7,0,74,11,10.8,5.5
11/26/1992,22.9,12.2,0,69,11,14.9,9.8
11/27/1992,24.3,15.6,0,74,9,11.8,10.1
11/28/1992,23.2,16,16,73,9,9.3,6.5
11/29/1992,21.8,16,5,91,9,8.7,1.5
11/30/1992,28.8,12.7,3,71,18,17,7.2
12/1/1992,23.3,8.6,0,48,25,11.3,4.8
12/2/1992,23.9,7,0,65,2,2.1,0
12/3/1992,27.2,13.2,0,51,5,8.7,1.7
12/4/1992,28.8,16.4,0,60,11,6.2,2.1
12/5/1992,24.4,14.4,0,72,7,5.1,4.3
12/6/1992,26.7,16,0,79,18,9.8,2.7
12/7/1992,25.7,13.2,0,73,9,7.7,4.6
12/8/1992,25.5,18.1,0,72,34,8.2,3.8
12/9/1992,27.4,17.5,10.5,82,11,7.7,4.6
12/10/1992,22.7,12,0,79,18,10.3,3.8
12/11/1992,22.9,8.8,0,70,9,9.3,5
12/12/1992,25.4,13,0,74,9,9.3,6.7
12/13/1992,28.4,16.3,11.5,75,20,12.9,6.3
12/14/1992,26.9,13.7,0,63,20,8.7,4.1
12/15/1992,27.9,15.6,0,46,36,5.1,3.1
12/16/1992,26.7,17.7,0,61,5,13.9,5.7
12/17/1992,28,16,0,53,23,9.3,3.8
12/18/1992,28.2,12.2,0,53,27,7.2,1.7
12/19/1992,31.7,15.6,0,45,29,9.8,4.8
12/20/1992,28.2,17.5,0,47,25,9.3,5.7
12/21/1992,28.7,15.9,0,56,29,10.8,6
12/22/1992,29.9,20.2,20.5,72,2,8.7,3.1
12/23/1992,28.5,19.2,0,82,23,12.9,1.7
12/24/1992,27.7,15.2,0,80,9,8.7,3.1
12/25/1992,25.5,12.7,0,73,9,8.7,3.8
12/26/1992,27.7,15.6,0,69,11,10.3,6.7
12/27/1992,27.3,18,0,71,5,8.7,4.6
12/28/1992,28.4,17.9,0,69,36,8.2,3.8
12/29/1992,30.2,19.3,0,73,36,2.6,0.9
12/30/1992,29.4,18.5,0,75,16,9.3,5.8
12/31/1992,25.2,18.9,1.5,74,14,14.4,10.3
1/1/1993,25.5,16.6,0,71,11,12.9,9.4
1/2/1993,27.9,11.1,0,69,7,10.3,6.2
1/3/1993,31.1,16.1,0,65,7,6.2,1.4
1/4/1993,32,18,0,59,5,6.2,3.9
1/5/1993,34.3,19,0,67,9,9.3,1.4
1/6/1993,33.6,19.7,8,69,18,17,5.5
1/7/1993,28.9,18.8,4,78,18,7.7,2.1
1/8/1993,30.2,17.5,0,72,23,4.1,0.3
1/9/1993,27.2,12,0,49,14,4.1,2.1
1/10/1993,32.8,17.9,0,43,32,10.3,8.1
1/11/1993,36.7,22.2,0,49,34,14.9,4.3
1/12/1993,35.3,20,0,62,14,10.3,3.9
1/13/1993,35.5,20,0,68,5,5.1,2.7
1/14/1993,35,20,8.5,73,23,18,3.8
1/15/1993,31.2,20.5,3.5,79,9,10.3,4.5
1/16/1993,27.7,17.7,1.5,84,18,20.6,5.7
1/17/1993,24.8,9.3,0,58,20,10.3,6.2
1/18/1993,22.9,13.4,0,61,16,7.2,2.4
1/19/1993,29,14,0,53,36,12.9,9.1
1/20/1993,28.8,14.4,0,64,20,9.3,5.5
1/21/1993,31,17,0,62,36,6.2,3.4
1/22/1993,35.7,21.4,0,54,36,8.2,4.8
1/23/1993,32.8,23.5,0,67,9,13.9,5.5
1/24/1993,29,20.6,16,84,18,15.4,4.8
1/25/1993,27.3,17,0,66,20,10.3,3.9
1/26/1993,28.5,12,0,61,5,6.2,1.7
1/27/1993,32.2,20.1,0,71,5,7.2,2.7
1/28/1993,34.7,21,5.5,74,29,6.2,2.1
1/29/1993,29.6,18.2,0,50,9,15.9,9.4
1/30/1993,29.3,19.6,9.5,73,5,9.3,6.5
1/31/1993,27.2,16.6,15,80,20,25.2,8.4
2/1/1993,28.1,13.4,0,62,18,9.3,5.5
2/2/1993,28.2,12.6,0,80,5,6.2,2.1
2/3/1993,28.3,13.2,0,77,11,8.2,2.7
2/4/1993,29.1,18.8,0,65,5,7.2,3.1
2/5/1993,29.8,20.8,0,64,36,7.2,3.9
2/6/1993,24.8,15.9,28,89,16,12.9,10.3
2/7/1993,16.4,12,78.5,98,18,14.4,12
2/8/1993,14,12,110,99,14,15.9,11.7
2/9/1993,15.4,12.7,14,96,16,10.3,4.6
2/10/1993,26.5,13.5,0,68,34,6.2,2.9
2/11/1993,29.2,17.2,0,66,34,6.2,1.7
2/12/1993,27.2,16.6,1,84,18,5.1,4.3
2/13/1993,27.7,16.5,0,77,14,4.1,0.7
2/14/1993,30.2,19,0,66,32,6.2,2.1
2/15/1993,31.2,19,0,59,36,4.1,1.4
2/16/1993,31.1,21.5,0,66,7,5.1,0
2/17/1993,28.9,16.4,0,81,14,12.9,7.7
2/18/1993,29,18,0,87,9,7.7,3.1
2/19/1993,29.2,16.4,0,82,0,0,0
2/20/1993,22.2,14.7,0,70,18,12.3,9.9
2/21/1993,22.2,9,0,69,16,7.7,5.5
2/22/1993,24.7,14,0,72,5,9.3,4.8
2/23/1993,26.3,17.4,0,68,9,9.3,4.8
2/24/1993,26.5,17.5,0,70,9,9.3,4.3
2/25/1993,27.2,17.5,0,73,7,10.3,3.4
2/26/1993,27.2,18,0,73,9,8.2,0.7
2/27/1993,28.7,18.7,0,73,2,7.7,4.6
2/28/1993,27.5,18,1.2,83,18,13.9,4.5
3/1/1993,24.2,12.6,0,68,16,11.3,6.5
3/2/1993,24.8,10.2,0.9,76,18,14.4,2.9
3/3/1993,23.7,10.2,0,65,18,7.2,1
3/4/1993,23.2,10,0,74,9,9.3,3.8
3/5/1993,23.7,10.5,0,70,7,9.3,3.1
3/6/1993,25.6,15.1,1.5,80,5,7.2,4.1
3/7/1993,28.1,15.4,0,77,9,2.6,0.5
3/8/1993,30.2,15,0,57,36,7.7,0.9
3/9/1993,30.4,16,0,60,5,6.2,0.9
3/10/1993,30.4,16.9,0,64,32,7.2,0.7
3/11/1993,30.3,19.4,0,68,36,8.2,2.2
3/12/1993,27.2,18,0,80,7,3.1,0.3
3/13/1993,29.5,18,0,82,7,6.2,2.1
3/14/1993,29.4,17.2,32.5,82,7,8.2,2.2
3/15/1993,23.5,19.9,4.5,93,2,10.3,3.8
3/16/1993,26.9,17.5,0,82,11,9.3,3.1
3/17/1993,27.1,18.2,0,89,36,3.1,0.9
3/18/1993,30.5,18.7,4.5,89,20,20.1,0.9
3/19/1993,25.2,15,0,67,23,15.4,3.4
3/20/1993,21.7,7.8,0,71,18,5.1,2.6
3/21/1993,23.6,12,0,73,9,9.3,5.1
3/22/1993,28.2,15,0,69,36,6.2,2.4
3/23/1993,28.6,14.5,0,72,5,2.1,0.7
3/24/1993,29.7,16,0,68,36,5.1,1.7
3/25/1993,30.4,17.3,0,78,29,5.1,0.9
3/26/1993,31,19,0,65,36,5.1,1.7
3/27/1993,30.6,20.9,0,71,36,6.2,2.6
3/28/1993,30.4,18.1,0,65,18,11.3,6.7
3/29/1993,24.4,15.7,0,74,18,11.3,7.4
3/30/1993,24.2,9.2,0,78,5,5.1,1.4
3/31/1993,27.7,16,0,78,34,6.2,4.3
4/1/1993,29.2,19.3,0,78,5,10.3,2.1
4/2/1993,30.2,18.1,19,75,14,17.5,4.3
4/3/1993,19.7,14.4,25.5,99,14,10.3,9.6
4/4/1993,20.6,16.5,11,96,14,11.3,7.9
4/5/1993,22.7,17.2,8,88,7,9.8,3.8
4/6/1993,22.5,13.7,3,89,23,13.4,4.8
4/7/1993,22,9.9,0,83,36,2.1,0
4/8/1993,18.6,7.4,0,55,23,15.4,3.9
4/9/1993,23.8,6.3,0,63,29,7.7,4.6
4/10/1993,25.7,10,0,75,32,1,0
4/11/1993,23.7,13,0,75,2,3.1,1
4/12/1993,25.6,12.5,0,78,2,4.1,0
4/13/1993,27.1,14.3,42.5,75,5,9.8,6.3
4/14/1993,25.8,16,0,81,25,5.1,2.2
4/15/1993,19.8,14.2,0,82,14,10.8,6.2
4/16/1993,19.4,13.2,0.5,91,9,10.8,7.9
4/17/1993,25.2,19.1,0,89,5,7.2,4.1
4/18/1993,21.1,14.1,0.5,95,11,6.2,1.7
4/19/1993,21.7,17.7,19,93,11,9.3,4.8
4/20/1993,19,9.5,19.5,97,23,14.9,8.9
4/21/1993,17.2,7,0,80,23,5.1,1.4
4/22/1993,17.7,5.1,0,82,14,5.1,0.7
4/23/1993,17.9,8.6,0,72,2,6.2,2.1
4/24/1993,21.5,13.6,0,84,36,7.7,3.1
4/25/1993,20.7,12.3,0.4,86,27,9.3,0
4/26/1993,19.2,7.4,0,77,0,0,0
4/27/1993,19.2,7.9,0,78,5,5.1,1.7
4/28/1993,25.4,10.2,0,78,0,0,0
4/29/1993,24.1,12.5,0,85,5,5.1,2.2
4/30/1993,23.2,16,1.5,93,5,2.1,0
5/1/1993,23.2,17.1,0,97,9,2.6,0
5/2/1993,19.8,16.3,9.8,99,0,0,0
5/3/1993,20.2,14.6,32.5,94,36,7.2,2.1
5/4/1993,18.9,9.9,0,70,27,15.4,7.5
5/5/1993,15.7,4.5,0,61,27,4.1,1.4
5/6/1993,14.8,7.3,0,65,2,10.3,5.7
5/7/1993,18.1,8.2,0,85,0,0,0
5/8/1993,19,8.4,0,90,14,11.3,6
5/9/1993,20.5,15.8,0,96,9,2.6,1.7
5/10/1993,19.2,17.7,37,97,5,9.3,0
5/11/1993,18.5,12.6,0,93,20,8.7,1.7
5/12/1993,16.7,7.2,0,82,18,7.2,0
5/13/1993,17.5,9.1,0,78,25,7.2,2.4
5/14/1993,14.7,6.1,0,80,25,7.7,3.8
5/15/1993,16.7,6.9,0,69,23,4.1,0.7
5/16/1993,16.6,9.4,0,79,36,8.2,2.1
5/17/1993,16.9,6.6,0,83,36,8.2,1.7
5/18/1993,18.4,3.9,0,86,36,4.1,1
5/19/1993,20,10,0,83,7,6.2,4.5
5/20/1993,23.2,14.2,0,87,7,6.2,1.7
5/21/1993,22.4,14,0,88,9,2.1,1.4
5/22/1993,22.4,14.6,4,85,9,10.3,4.5
5/23/1993,20.9,14.5,11,78,7,6.2,2.1
5/24/1993,20.2,5.1,9.5,86,23,7.7,3.4
5/25/1993,11.2,0.5,0,63,18,4.1,1.7
5/26/1993,9.4,-0.6,0,74,27,9.3,2.1
5/27/1993,10.7,0.2,0,77,25,6.2,0.7
5/28/1993,12,-1.1,0,75,2,9.8,2.1
5/29/1993,12.4,5.6,0,81,7,6.2,0.5
5/30/1993,13.2,3,0,87,23,3.1,0.3
5/31/1993,8.1,3,0,83,27,19,7.7
6/1/1993,10.6,-0.1,0,76,25,5.1,0
6/2/1993,12.2,1.9,0,71,5,9.3,2.2
6/3/1993,13.7,6.8,0,79,5,2.6,1.7
6/4/1993,18.9,9.5,0,83,20,6.2,1.2
6/5/1993,16.2,3,0,90,5,8.2,2.7
6/6/1993,18.8,13.6,3,93,14,5.1,1.7
6/7/1993,15.2,12.2,52,98,11,30.9,8.7
6/8/1993,15.2,7,5,98,25,23.2,12
6/9/1993,12.2,6,0,80,23,11.3,5.8
6/10/1993,11.7,0.8,0,86,18,3.1,0.9
6/11/1993,12.3,2,0,88,9,6.2,2.1
6/12/1993,14.2,8,5,91,9,6.2,1.7
6/13/1993,14.9,12.5,4.5,100,9,5.1,1.4
6/14/1993,16,13.5,56.5,99,18,3.1,1.7
6/15/1993,14.4,9.1,0,80,27,11.3,8.6
6/16/1993,10.5,4,0,82,25,6.2,0.9
6/17/1993,12.1,2.9,0,86,23,8.2,2.4
6/18/1993,12.2,3.2,0,87,23,5.1,2.6
6/19/1993,14.2,0.6,0,83,36,6.2,1
6/20/1993,15.9,9.9,0,78,36,8.2,3.8
6/21/1993,16.7,4,0,90,34,2.1,0
6/22/1993,11.1,4.1,0,98,11,7.2,3.4
6/23/1993,10.4,8.3,0,97,27,7.7,1.7
6/24/1993,15.8,5,0,74,27,4.1,1.2
6/25/1993,15.3,7,0,80,34,15.9,7
6/26/1993,15.7,11,0,94,34,6.2,2.1
6/27/1993,13.9,9.6,0,74,25,6.2,0
6/28/1993,14.4,6.6,0,67,5,2.6,0.9
6/29/1993,16.7,4.5,0,67,25,13.4,5.8
6/30/1993,17.2,6.7,0,72,32,6.2,0
7/1/1993,17.3,5.6,0,77,25,9.3,4.6
7/2/1993,10.3,-0.2,0,82,9,7.2,0
7/3/1993,11.7,5.7,0,85,9,5.1,1.7
7/4/1993,12.4,2,6,91,14,8.2,3.1
7/5/1993,9.8,6.9,10.5,98,18,10.3,7.4
7/6/1993,9.2,1.7,0,84,23,6.2,2.1
7/7/1993,13.4,1.5,0,74,34,9.3,4.6
7/8/1993,13.9,8.5,0,74,36,15.4,6
7/9/1993,11.1,5,0,74,27,2.6,0.5
7/10/1993,11.2,3.2,0,81,23,2.6,0.9
7/11/1993,12,-1.4,0,84,0,0,0
7/12/1993,10,0.9,0,88,23,6.2,3.8
7/13/1993,10.8,3.1,0,85,23,8.2,4.1
7/14/1993,9.6,-1.5,0,84,27,9.3,3.1
7/15/1993,11.5,-0.8,0,79,34,5.1,2.6
7/16/1993,13.1,4.7,0,86,36,5.1,0
7/17/1993,14.9,5.6,0,77,36,6.2,0.9
7/18/1993,17.3,3.9,0,88,36,5.1,1.7
7/19/1993,15.7,9.2,0,100,36,6.2,0.9
7/20/1993,16.2,7.3,0,84,18,7.2,3.1
7/21/1993,14.2,3.5,0,85,11,7.7,2.9
7/22/1993,13.3,4.6,2.2,96,11,10.3,5.1
7/23/1993,15.5,9.7,0,85,23,9.3,6.7
7/24/1993,11.4,1.5,0,85,18,7.7,1.7
7/25/1993,11.2,-2,0,91,5,8.2,1.9
7/26/1993,12.2,6.1,0,80,5,10.8,5
7/27/1993,14.2,9.4,3,90,34,2.6,0
7/28/1993,10.1,5.7,0,85,20,13.9,6.9
7/29/1993,10.2,1,2.8,90,27,14.9,5.3
7/30/1993,11.4,2.5,0,90,23,10.3,8.6
7/31/1993,10.4,4.3,0,77,23,12.3,6.2
8/1/1993,10.2,-2.1,0,80,18,1,0
8/2/1993,12.2,-1.5,0,81,36,2.6,0.9
8/3/1993,15.8,0.2,0,82,5,5.1,1.7
8/4/1993,15.2,5.7,0,72,7,8.2,3.4
8/5/1993,17,9.8,0,86,18,7.2,2.1
8/6/1993,13.4,7.6,0,97,16,8.2,4.1
8/7/1993,11.4,9.2,\N,95,23,7.2,1
8/8/1993,12.2,0.5,0,65,23,9.3,3.1
8/9/1993,14.1,-0.9,0,58,27,9.3,2.7
8/10/1993,16,-0.1,0,48,29,14.4,6.5
8/11/1993,19.6,5.6,0,55,32,5.1,1.4
8/12/1993,20.8,5,0,63,36,7.2,0
8/13/1993,22,6.4,0,76,36,3.6,1.2
8/14/1993,21.6,4.8,0,69,5,5.1,1.4
8/15/1993,17.7,9.8,0,84,36,5.1,2.2
8/16/1993,13.7,7.2,0,83,18,9.8,4.5
8/17/1993,12.7,-1.5,0,71,23,4.1,1.4
8/18/1993,18.1,4.5,0,63,32,13.4,3.8
8/19/1993,18.4,5.5,0,71,36,2.6,0
8/20/1993,15.4,3,0,86,7,7.7,3.4
8/21/1993,17.5,4.5,0,86,5,8.2,2.1
8/22/1993,18.6,4.7,0,84,7,2.6,0.5
8/23/1993,17.2,2.3,0,91,9,5.1,1.7
8/24/1993,21.2,2.7,0,80,36,7.2,0.9
8/25/1993,21.2,11.5,0,83,36,3.1,1
8/26/1993,24.7,8.5,0,82,36,1,0.3
8/27/1993,25,12.2,0,83,5,2.1,0
8/28/1993,21.5,11.6,0,85,16,15.4,9.4
8/29/1993,13.4,7,4,86,14,22.6,11.3
8/30/1993,10.7,5.6,14,98,16,21.6,12.9
8/31/1993,10.4,4.9,3,86,14,10.3,6.2
9/1/1993,10.3,7,13.1,99,16,10.3,6.5
9/2/1993,11.5,6.1,0,88,23,9.3,4.1
9/3/1993,17.6,4.5,0,75,32,7.2,0.9
9/4/1993,20.8,6.4,0,70,29,10.3,4.3
9/5/1993,19.2,6.5,0,71,9,3.1,1
9/6/1993,12.7,7.3,9,90,16,10.8,5.1
9/7/1993,14.3,5.9,0,78,27,13.4,6.2
9/8/1993,17.8,3.6,0,70,27,8.2,2.4
9/9/1993,20.9,4.6,0,59,36,6.2,2.1
9/10/1993,15.9,5.7,0,77,16,9.3,6
9/11/1993,12.7,1.1,0,82,9,9.3,5.1
9/12/1993,17.1,5,0,77,5,8.2,2.4
9/13/1993,20.5,6.6,0,75,2,6.2,2.2
9/14/1993,20.9,5.4,0,72,36,6.2,2.1
9/15/1993,21.7,5.5,0,67,5,3.1,0.7
9/16/1993,21.5,8.5,0,84,14,4.1,2.1
9/17/1993,22.7,11.3,1.5,86,27,13.4,6.3
9/18/1993,16.7,12.4,8.5,98,23,7.2,2.1
9/19/1993,20.8,8.3,0.9,88,7,6.2,3.8
9/20/1993,13.4,6.4,0,78,18,12.3,7.2
9/21/1993,12.4,1.5,0,71,18,9.3,2.1
9/22/1993,12.9,1.3,0,72,9,10.8,7.4
9/23/1993,17,8.3,0,72,9,15.4,9.6
9/24/1993,14.2,9.3,9.5,95,9,9.3,7.4
9/25/1993,17.7,9.5,0,77,9,9.3,9.3
9/26/1993,17.9,11.3,1,88,27,3.1,0
9/27/1993,23.2,7.1,0,68,36,8.2,2.7
9/28/1993,16.8,6.9,1.4,96,14,7.2,2.4
9/29/1993,12.7,7.5,0,77,11,7.7,5.5
9/30/1993,13.4,10.9,1.2,98,14,15.4,11
10/1/1993,14.1,10.6,2,96,14,17,10.5
10/2/1993,15.9,9.7,0,92,18,10.3,6.7
10/3/1993,17.9,3.7,0,77,18,6.2,1
10/4/1993,23,2.5,0,78,16,7.7,4.1
10/5/1993,15.2,3,0,80,14,6.2,1.7
10/6/1993,19.5,2.7,0,72,36,7.7,0.7
10/7/1993,22.8,7.3,0,55,36,8.2,3.8
10/8/1993,25.5,10.5,0,67,36,2.6,1.7
10/9/1993,26.9,11.6,0,64,36,5.1,1.7
10/10/1993,29.1,16.8,0,65,5,6.2,2.1
10/11/1993,30.5,15.6,17,70,5,5.1,0.5
10/12/1993,22.8,17.2,0,88,18,8.2,2.9
10/13/1993,20.3,13.8,0,86,14,11.3,8.9
10/14/1993,20.4,15.2,0,92,20,7.7,4.6
10/15/1993,23.2,15.4,0,90,5,6.2,3.1
10/16/1993,24.7,17,50,84,14,18,6.9
10/17/1993,21.7,13.4,0,76,23,11.3,6.2
10/18/1993,19.9,9,0,72,9,12.9,7.5
10/19/1993,21.8,11.8,25,84,9,13.4,8.7
10/20/1993,23.2,14.8,3.5,87,14,4.1,1
10/21/1993,17.7,12,13,97,11,9.3,5.5
10/22/1993,13.7,11.4,3.2,94,14,13.9,8.1
10/23/1993,17.1,7.6,0,81,18,9.3,4.5
10/24/1993,15.2,7.2,1.1,81,11,5.1,3.6
10/25/1993,18.5,5.2,0,69,18,5.1,0.9
10/26/1993,21.2,7,0,62,27,3.1,1.4
10/27/1993,22,10.9,0,76,9,9.3,6.2
10/28/1993,25.3,14.1,2,75,5,7.2,2.4
10/29/1993,20.3,15.5,56,99,25,20.6,8.2
10/30/1993,22.6,16,7,93,9,10.3,8.1
10/31/1993,21.8,13.7,0,88,32,14.9,6.7
11/1/1993,21.6,11.2,0,66,25,17.5,4.8
11/2/1993,25.2,12.9,0,60,36,10.3,6.2
11/3/1993,29.5,14.9,0,63,27,5.1,3.4
11/4/1993,29.4,16.1,3,68,36,10.3,2.9
11/5/1993,29.7,12.7,32,97,14,11.3,10.5
11/6/1993,17.3,9.5,3.1,85,25,17.5,6.5
11/7/1993,21.6,7.8,0,70,29,8.2,3.4
11/8/1993,26.4,15.1,0,64,34,7.7,4.3
11/9/1993,29.5,19.7,0,67,34,10.3,4.8
11/10/1993,30.5,17,40,69,7,6.2,3.9
11/11/1993,25.5,19.2,6.5,90,34,6.2,2.1
11/12/1993,24.7,13.2,9.5,71,9,9.3,5.1
11/13/1993,18.5,12.5,0,85,14,20.6,9.4
11/14/1993,19.2,10.2,0,76,14,11.3,9.9
11/15/1993,20.7,14.4,0,87,11,9.3,5.8
11/16/1993,23,15.5,10,94,18,14.4,5.5
11/17/1993,16.3,12.3,15,90,20,21.6,12.7
11/18/1993,19.6,11,0,86,25,11.3,5.7
11/19/1993,27.9,7.6,0,65,27,5.1,0
11/20/1993,26.7,15.8,0,61,5,4.1,2.1
11/21/1993,26.2,18.2,0,74,23,8.2,0
11/22/1993,21.3,13.4,0,77,9,9.3,5.1
11/23/1993,21.2,13.5,0,87,7,10.3,6.5
11/24/1993,23.2,14,0,83,14,10.3,4.1
11/25/1993,19.1,15.9,63,92,11,12.9,9.3
11/26/1993,18.8,14,14.5,97,16,20.1,12.7
11/27/1993,19,13.3,0.5,94,20,16.5,9.3
11/28/1993,21.9,13.5,0,76,23,7.7,4.6
11/29/1993,25.1,13.4,23,73,36,9.3,2.1
11/30/1993,21,12.6,0,77,27,12.9,3.1
12/1/1993,21.5,8,0,53,36,9.3,5
12/2/1993,26.8,17.3,0,61,2,11.3,6.5
12/3/1993,27.2,18.7,87.5,81,36,9.3,3.4
12/4/1993,23.2,15.5,0,79,18,10.8,3.1
12/5/1993,21.2,9,0,54,14,2.1,0.3
12/6/1993,24.5,13,0,64,9,4.1,0.7
12/7/1993,27,16.7,0,79,5,5.1,1
12/8/1993,29.4,17.4,0,74,36,4.1,2.2
12/9/1993,30.9,20.1,0,69,16,15.9,6.3
12/10/1993,23,13,0,71,9,10.3,6.2
12/11/1993,27.9,13,0,83,5,7.2,1.7
12/12/1993,31.2,19.4,4,77,34,20.1,4.1
12/13/1993,26.2,18.5,0,85,18,7.7,4.3
12/14/1993,23.7,11.8,21,84,14,10.8,7.4
12/15/1993,20.5,11.8,0,86,14,10.3,6.5
12/16/1993,25.7,12.3,0,71,36,5.1,2.7
12/17/1993,30,17,0,58,29,7.2,5.8
12/18/1993,29.1,20.5,0,51,34,10.3,5.1
12/19/1993,32.5,17.9,0,65,20,14.4,8.6
12/20/1993,21.2,8.6,0,63,18,9.3,3.8
12/21/1993,21.5,9.2,0,69,5,7.2,5.1
12/22/1993,25.9,14.2,0,72,7,9.3,5.3
12/23/1993,30.4,17.6,0,73,9,7.7,5.1
12/24/1993,33.7,19.3,4,67,27,17.5,7.5
12/25/1993,25.5,19.4,23,92,14,7.2,2.9
12/26/1993,26.4,17.3,0,77,11,7.7,6
12/27/1993,26.7,15.7,6,75,5,6.2,1.7
12/28/1993,24.6,16,3,75,18,9.3,7.4
12/29/1993,22.2,11.7,0,65,23,7.7,3.8
12/30/1993,25.7,14.4,0,60,2,7.2,3.4
12/31/1993,27.9,16.5,21,71,23,23.7,6.5
1/1/1994,24.7,14.6,0,74,18,9.3,6.5
1/2/1994,23.2,10,0,70,9,9.3,1.7
1/3/1994,25.6,13.4,0,65,7,7.7,4.6
1/4/1994,28,18.9,0,69,36,6.2,2.4
1/5/1994,29.2,19,0,65,5,6.2,1.7
1/6/1994,30.2,12.7,1,79,5,2.6,0
1/7/1994,30.2,18.2,0,74,7,2.1,1
1/8/1994,23.7,18,0,68,18,11.8,10.1
1/9/1994,24.9,11.2,0,64,18,10.3,5.7
1/10/1994,27.2,11.6,0,64,36,8.2,2.7
1/11/1994,29.7,19,0,48,34,10.3,\N
1/12/1994,29,16.7,0,48,14,10.3,6.5
1/13/1994,26.2,12,0,59,7,7.2,1.4
1/14/1994,31,15.5,0,53,34,9.3,4.1
1/15/1994,24.9,15.9,7,87,18,14.4,5.7
1/16/1994,23,11.9,0,68,9,8.2,5.1
1/17/1994,25.7,12.5,0,64,2,7.7,2.4
1/18/1994,31.7,16.5,0,54,29,8.2,1.7
1/19/1994,32.7,20.1,0,55,2,6.2,1.7
1/20/1994,32.7,19.5,7,75,18,20.1,7.5
1/21/1994,23.7,8.9,3,62,14,11.3,6.2
1/22/1994,21.7,11.2,15,88,5,9.3,1.4
1/23/1994,25.2,16.5,0.5,89,5,9.3,4.5
1/24/1994,24.7,19.5,14,91,11,15.4,5.5
1/25/1994,22.7,18.2,4,90,25,27.8,12.2
1/26/1994,25.2,15,0,74,23,8.2,3.1
1/27/1994,26.7,13.4,0,68,5,4.1,2.2
1/28/1994,29,17,0,67,2,8.2,3.8
1/29/1994,31.7,18.5,0,64,36,2.1,0.7
1/30/1994,31.7,18.7,0.5,74,20,11.3,0.5
1/31/1994,31.2,17.8,0,74,2,5.1,2.2
2/1/1994,32.7,18,2,90,27,20.6,1.7
2/2/1994,29.7,15.7,0,76,5,5.1,1.7
2/3/1994,32.1,20.2,0,74,2,5.1,2.6
2/4/1994,26,16.5,0,50,20,13.9,5.1
2/5/1994,21.8,7.5,0,59,23,10.3,6
2/6/1994,23.9,7.7,0,61,7,8.2,0.7
2/7/1994,26,13.1,0,70,5,8.7,5
2/8/1994,30.8,18,10,78,2,5.1,1.7
2/9/1994,23.9,18,0,84,16,14.4,8.6
2/10/1994,24.7,15,0,73,18,10.3,6.2
2/11/1994,26.4,12.2,0,76,5,7.7,4.6
2/12/1994,26.6,17.9,0,72,5,10.3,5.3
2/13/1994,27.2,18.2,0,73,9,10.3,5.5
2/14/1994,27.2,18.4,0,76,9,7.7,3.8
2/15/1994,28.5,18.3,9,77,5,5.1,1.7
2/16/1994,25.5,15.9,0.8,79,23,11.8,5.1
2/17/1994,25.4,9.5,0,56,25,6.2,2.2
2/18/1994,28.7,17.7,0,55,34,10.3,6
2/19/1994,31.8,19.7,0,65,20,7.2,2.1
2/20/1994,31.2,19.5,0,64,34,5.1,3.1
2/21/1994,32.6,20.1,0,62,34,8.2,1.7
2/22/1994,32.5,17.2,0,69,7,10.3,5.1
2/23/1994,29,18,0,80,9,7.7,4.3
2/24/1994,28.2,16.5,0,75,9,8.2,3.3
2/25/1994,29.2,14.9,0,75,7,9.3,1.7
2/26/1994,27.3,16.1,0,76,9,11.8,0.7
2/27/1994,27.6,19.7,1,79,5,7.2,2.1
2/28/1994,31.5,18.9,7,65,32,5.1,0
3/1/1994,23.2,11.9,0,67,23,10.3,6.5
3/2/1994,23.1,9.8,0,54,5,7.2,2.6
3/3/1994,28.2,18.1,0,56,2,7.2,5.5
3/4/1994,34,17.5,0,64,36,6.2,1.7
3/5/1994,29.7,17.6,0,70,9,9.3,4.8
3/6/1994,26.7,19,0,74,11,10.8,6.2
3/7/1994,29.7,19.2,0,76,5,10.8,5
3/8/1994,29.7,20,0,65,36,10.3,4.6
3/9/1994,28.5,19.3,0,72,2,8.2,1.4
3/10/1994,30.4,17.6,0,69,2,4.1,1.4
3/11/1994,32.2,18.6,0,71,5,3.1,2.1
3/12/1994,32.2,21.3,0,69,36,9.3,3.8
3/13/1994,32.4,21.3,0,75,2,5.1,1.7
3/14/1994,25.7,21,4,92,18,11.3,5.1
3/15/1994,25.2,20.1,17,93,9,8.2,2.1
3/16/1994,27.3,19.3,25,94,14,7.7,4.3
3/17/1994,23.7,16.8,3,85,16,12.3,9.8
3/18/1994,21.4,18.4,42,97,16,11.3,6.5
3/19/1994,25.8,19.4,1.9,91,23,5.1,2.2
3/20/1994,26.2,15.7,5,83,29,12.3,7.2
3/21/1994,22.5,14.8,0,88,25,19,10.6
3/22/1994,23.7,16.3,0,86,18,6.2,2.7
3/23/1994,23.1,12.1,0,87,36,6.2,0.7
3/24/1994,24.7,13.9,16.5,84,27,14.9,1.4
3/25/1994,21.6,9.9,0,76,23,11.3,5.7
3/26/1994,21.9,6.5,0,69,32,3.1,1
3/27/1994,23.4,12,0,68,2,9.3,5.5
3/28/1994,24.2,17.7,5.3,84,29,9.3,2.1
3/29/1994,19.3,7.8,0,71,20,9.3,4.8
3/30/1994,21.2,5.9,0,66,27,6.2,2.9
3/31/1994,21.2,8.3,0,74,34,2.6,0.9
4/1/1994,23.6,13.7,0,77,2,5.1,2.3
4/2/1994,26.8,17.3,0,75,36,7.7,4.1
4/3/1994,20.9,16.5,13.3,96,11,10.3,1.9
4/4/1994,23.4,17.1,47,93,16,10.3,6.7
4/5/1994,19.1,14.2,38.7,98,16,22.1,9.1
4/6/1994,15.6,11.6,2,87,20,21.6,11.8
4/7/1994,19.7,7.9,0,85,20,9.3,4.1
4/8/1994,20.2,8.3,0,88,5,6.2,1.5
4/9/1994,19.8,15.1,0,87,2,6.2,1.9
4/10/1994,15.7,9,2,92,32,11.8,5.7
4/11/1994,20.9,10.5,0,84,32,9.3,0.8
4/12/1994,24.2,9.7,0,78,32,4.1,0
4/13/1994,23.2,12,0,82,36,5.7,1.4
4/14/1994,23.5,15.6,0,79,36,6.2,0.5
4/15/1994,24.9,15.1,0,82,36,7.2,1.8
4/16/1994,26.2,16,0,83,5,4.1,0
4/17/1994,22.2,9,0,74,23,11.3,3.2
4/18/1994,16.7,5.3,0,81,25,6.2,2.6
4/19/1994,16.3,4.2,0,82,25,11.3,0.6
4/20/1994,16.3,5.5,0,74,2,10.3,3.6
4/21/1994,20.2,6.5,0,75,29,10.3,2.8
4/22/1994,19.6,5.4,0,70,18,2.1,0.5
4/23/1994,19.6,3.5,0,82,9,6.2,1.3
4/24/1994,19.7,9.3,5,79,9,10.3,5
4/25/1994,22.4,15.8,0,95,9,9.3,1
4/26/1994,25.6,14.4,4,94,2,8.2,2.1
4/27/1994,23.4,11.1,0,76,20,10.3,5.5
4/28/1994,17.3,6,0,84,11,5.1,1.7
4/29/1994,19.2,10.6,\N,87,9,10.3,4.5
4/30/1994,23.9,16.5,25.5,92,5,7.2,4.1
5/1/1994,22.8,17.5,1,98,16,6.2,2.1
5/2/1994,18.4,15.7,36,98,9,6.2,3.6
5/3/1994,19.6,15.9,8.5,100,20,6.2,0
5/4/1994,19.5,9.9,0,70,29,4.1,1
5/5/1994,25.6,11.5,0,84,29,7.2,0.9
5/6/1994,26.5,16.2,23.5,82,2,17,8.6
5/7/1994,20.7,12.6,35,83,32,2.1,1
5/8/1994,16.6,11.8,0,97,23,10.3,4.1
5/9/1994,14.9,5.8,0,80,18,2.6,0
5/10/1994,16.1,3.1,0,74,14,2.6,0
5/11/1994,17,4.3,0,84,2,9.3,2.7
5/12/1994,17.8,6.7,0,86,9,7.2,1.7
5/13/1994,19.2,9.5,0,83,27,7.7,0.9
5/14/1994,21.2,13.3,0,90,36,7.7,0
5/15/1994,19.7,14.5,0,\N,34,8.2,\N
5/16/1994,19.8,11.2,0,93,36,8.2,2.4
5/17/1994,22.5,12.6,0,92,0,0,0
5/18/1994,19.5,12.5,0,96,0,0,0
5/19/1994,18.2,8.9,19,92,23,24.2,0
5/20/1994,20.8,6.7,0,88,5,8.2,0
5/21/1994,20.2,12,0,88,16,10.8,6.2
5/22/1994,19.8,12.4,0,92,9,9.3,5.1
5/23/1994,21.8,13.5,7.5,97,5,6.2,0
5/24/1994,19.3,8.5,0,93,9,5.1,1.7
5/25/1994,19.6,10.6,0,82,14,9.3,3.1
5/26/1994,13.6,5.6,0,79,0,0,0
5/27/1994,12.7,2.9,0,86,18,7.7,1.7
5/28/1994,12.6,4.5,0,84,20,4.1,1.4
5/29/1994,14.3,4,0,85,34,7.2,2.1
5/30/1994,12.7,5.4,0.9,83,5,6.2,1.7
5/31/1994,16.5,3,0,89,9,2.6,0
6/1/1994,17.4,2.3,0,93,9,5.1,0
6/2/1994,17.8,11.2,0,93,5,1,0.7
6/3/1994,20,11.8,0,90,5,4.1,0
6/4/1994,14.7,5.3,0,98,36,2.1,0.7
6/5/1994,18,12.3,0,89,36,8.2,4.5
6/6/1994,15.8,4.5,0,76,23,11.3,5.5
6/7/1994,10.2,-0.1,0,75,20,2.1,0
6/8/1994,11.7,0.5,0,77,5,2.1,0.3
6/9/1994,15.9,7,0,74,36,9.3,5.5
6/10/1994,19,11.9,0,78,36,11.3,4.8
6/11/1994,17.3,12.4,0,97,0,0,0
6/12/1994,15.4,12,14.5,100,11,3.1,2.1
6/13/1994,15.4,13,0,100,14,9.3,5.1
6/14/1994,19.4,12.4,4,95,11,3.1,0
6/15/1994,19.7,15.4,7,95,5,4.6,2.2
6/16/1994,17,9,0,98,9,6.2,2.7
6/17/1994,19,14.1,0,99,0,0,0
6/18/1994,17,7.4,4,93,23,15.9,3.8
6/19/1994,14.4,5.5,0,72,27,4.1,0.7
6/20/1994,12.2,7,0,94,23,1,0.3
6/21/1994,11.5,3.2,6,88,32,6.2,4.6
6/22/1994,13.9,8.1,0,73,32,10.3,6.3
6/23/1994,14.2,4.2,0,77,23,12.9,3.6
6/24/1994,12.2,5.1,0,75,32,21.6,11.3
6/25/1994,9.2,1.6,0,71,27,13.4,4.8
6/26/1994,12.6,4,0,69,29,12.9,6.9
6/27/1994,9.3,-0.1,0,69,27,7.7,3.8
6/28/1994,13,-0.5,0,80,5,3.1,1.7
6/29/1994,15.5,7.9,10.5,76,7,9.3,4.1
6/30/1994,15.8,9.1,0,86,25,9.3,2.9
7/1/1994,15.5,4.2,0,82,0,0,0
7/2/1994,16.7,2.9,0,78,27,4.1,0
7/3/1994,16.4,3.2,0,85,18,3.1,0
7/4/1994,11,1.6,0,87,16,7.7,1.7
7/5/1994,10.2,2.8,0,81,9,5.1,1.7
7/6/1994,8.1,2.4,0,89,20,9.3,4.3
7/7/1994,7.7,2,0.5,94,23,7.7,2.9
7/8/1994,8.4,-0.3,0.6,88,23,18.5,8.2
7/9/1994,9,-0.4,0,83,25,3.1,1
7/10/1994,12.2,-0.7,0,78,36,3.1,0
7/11/1994,12.3,1.1,0,76,2,9.3,3.1
7/12/1994,15.3,4.9,0,80,36,8.7,2.1
7/13/1994,15.9,6.8,0,88,0,0,0
7/14/1994,20.6,7.1,0,81,23,4.1,0
7/15/1994,20.5,8.5,0,87,36,9.3,0
7/16/1994,21.7,11.2,0,79,34,8.2,3.3
7/17/1994,21.1,11.2,0,69,27,10.3,1.7
7/18/1994,14,7.2,0,83,14,9.3,2.1
7/19/1994,17,11.5,0,83,23,6.2,0
7/20/1994,14.5,10.7,0,90,9,12.9,5.5
7/21/1994,11.5,8.8,4,99,18,8.2,1.7
7/22/1994,9.2,1.6,0,75,23,13.4,3.4
7/23/1994,10,-3.3,0,66,36,9.3,4.5
7/24/1994,14.2,8.6,0,67,32,10.8,6.2
7/25/1994,13,4.3,0,81,27,6.2,1.4
7/26/1994,13.7,2.6,0,82,5,6.2,0.9
7/27/1994,14.2,3.5,0,89,11,10.3,6.2
7/28/1994,11.7,6.2,0,90,18,11.3,7.2
7/29/1994,14.7,4.6,0,88,11,13.9,8.2
7/30/1994,13.2,10.1,24.5,96,9,14.4,11
7/31/1994,15.2,12.2,84.5,100,9,10.3,2.1
8/1/1994,15.4,7.9,0,79,27,10.3,8.2
8/2/1994,10.8,6.1,0,91,27,10.3,5.8
8/3/1994,11.6,3.2,0,85,36,2.1,0
8/4/1994,13.7,4.4,0,77,32,10.3,4.1
8/5/1994,16.2,8.8,0,81,36,6.2,2.7
8/6/1994,18.7,6.9,0,86,5,5.1,1.4
8/7/1994,18.7,10.4,0,86,9,1,0
8/8/1994,15.7,10.3,5,88,5,11.3,7.2
8/9/1994,14,7.7,0,78,25,7.2,2.7
8/10/1994,17.7,2.5,0,68,27,9.8,2.1
8/11/1994,18.5,3.5,0,75,36,6.2,2.1
8/12/1994,18.7,12.5,0,74,36,12.9,3.8
8/13/1994,17.7,7.2,0,70,18,6.2,1.4
8/14/1994,12.7,2.8,0,80,18,8.2,1
8/15/1994,10.8,0.7,0,78,18,9.3,1.4
8/16/1994,11.2,1,0,85,18,5.1,0
8/17/1994,13,1.4,0,83,9,6.2,1.7
8/18/1994,11.4,7.3,0,90,5,5.1,0.5
8/19/1994,15.4,2.6,0,90,20,2.1,0
8/20/1994,15.8,3.7,0,74,14,5.1,1
8/21/1994,13.2,8.2,0,94,14,7.2,2.4
8/22/1994,12.7,4.3,0,70,20,11.3,4.3
8/23/1994,15.8,1.3,0,66,27,7.2,2.4
8/24/1994,16.2,3.3,0,76,5,2.1,0.7
8/25/1994,20.9,9.5,0,64,23,7.2,3.4
8/26/1994,17.2,1.9,0,71,2,3.1,0
8/27/1994,17.5,4.2,0,61,9,10.3,5.1
8/28/1994,19.8,10.2,0,82,5,7.7,4.3
8/29/1994,20.4,9.4,0,81,18,13.4,6.5
8/30/1994,14.4,9.1,0,79,14,14.9,10.3
8/31/1994,12.4,8.8,21.5,90,14,20.6,12.3
9/1/1994,11.4,7.9,6,100,20,17,12.5
9/2/1994,13.8,6.4,0,73,25,14.4,6.9
9/3/1994,18.8,6.6,0,65,32,6.2,1.4
9/4/1994,19.4,9.9,0,72,36,7.7,2.4
9/5/1994,17.3,9.6,0,87,7,9.3,4.1
9/6/1994,19.7,10.2,0,81,18,11.3,5.8
9/7/1994,11.9,4.5,0,78,18,13.9,6.5
9/8/1994,11,0.2,0,79,18,6.2,3.3
9/9/1994,10.1,-0.4,0,81,9,7.2,3.1
9/10/1994,17.2,4.5,0,80,9,14.4,4.8
9/11/1994,19.7,6.1,0,87,18,8.2,1.7
9/12/1994,17.2,7.4,0,96,9,6.2,2.1
9/13/1994,20.7,12.1,0,78,23,15.4,6.2
9/14/1994,15.4,3.9,0,77,14,9.3,4.8
9/15/1994,17.8,4.1,0,78,23,5.1,2.1
9/16/1994,18.8,10.2,0,73,32,4.1,0.7
9/17/1994,18.6,8.6,0,70,2,7.7,4.8
9/18/1994,25.5,12.7,0,83,36,8.2,2.9
9/19/1994,25,18.4,0,86,11,14.9,6.5
9/20/1994,25.6,16.2,7,94,20,9.3,7.2
9/21/1994,18.8,12.8,0,89,9,11.3,4.6
9/22/1994,20.9,9.7,0,91,11,17.5,6.5
9/23/1994,24.8,17.5,1.5,93,14,9.3,3.9
9/24/1994,20.2,13.2,0,77,20,10.8,6.5
9/25/1994,20.2,8.2,0,57,34,9.3,4.1
9/26/1994,16,\N,0,58,16,14.4,7.2
9/27/1994,15.7,\N,0,55,9,10.3,5.3
9/28/1994,21.4,12.4,1,66,5,7.7,4.3
9/29/1994,18.6,11,0,96,16,10.8,6.9
9/30/1994,16.6,10.9,0,91,9,7.2,1.7
10/1/1994,19.2,7.8,0,89,34,2.6,0
10/2/1994,23.7,8.6,17,80,23,19,2.2
10/3/1994,20.4,9.4,5,81,14,13.9,7.4
10/4/1994,15.5,10.3,0,92,11,13.4,3.8
10/5/1994,18.8,8.8,0,86,7,2.6,0
10/6/1994,19.4,10.8,2,89,9,5.1,2.7
10/7/1994,23.5,12.9,7,79,5,10.3,6
10/8/1994,24.9,15.4,4,91,14,7.2,1.7
10/9/1994,19.9,13.6,0,93,16,9.8,5.1
10/10/1994,18.7,10.1,0,77,14,12.9,7.2
10/11/1994,17.1,9.9,8,78,9,15.9,10.6
10/12/1994,18.7,13.5,1,96,7,22.6,5.8
10/13/1994,21.7,11.7,0,77,29,12.3,4.5
10/14/1994,22.7,10.2,0,78,5,10.3,2.6
10/15/1994,26.2,15.8,13,78,5,10.3,5.5
10/16/1994,24.7,16.9,2,87,18,16.5,2.4
10/17/1994,22.4,11.2,0,65,18,6.2,2.9
10/18/1994,21.2,9.8,0,62,9,9.3,2.7
10/19/1994,22.6,12.2,0,77,23,9.3,3.6
10/20/1994,20.7,7.7,0,56,29,14.4,4.8
10/21/1994,22.2,10.9,0,53,27,9.3,2.7
10/22/1994,19.7,7.7,0,68,9,8.2,4.8
10/23/1994,19.7,12.8,2,66,9,10.8,7
10/24/1994,18.7,13.4,0.9,83,9,8.2,4.3
10/25/1994,20.7,9.5,0,80,36,4.1,0
10/26/1994,18.8,9.3,0,80,18,12.9,6.7
10/27/1994,20.7,4.2,0,59,36,5.1,0.7
10/28/1994,14.7,3.9,0,58,23,14.4,5.5
10/29/1994,14.7,1.4,0,65,9,9.3,5.1
10/30/1994,14.6,4.7,11,86,5,9.3,6
10/31/1994,15.1,12.4,36,97,16,10.3,7.2
11/1/1994,24.2,12.2,0,69,23,15.4,5.5
11/2/1994,25.7,10,0,63,36,5.1,1.7
11/3/1994,25.9,14.1,0,64,9,2.1,0.7
11/4/1994,26.5,17.7,0,73,27,6.2,1.7
11/5/1994,23.7,12.6,0,60,20,14.4,5.5
11/6/1994,22.4,8.6,0,56,7,5.1,2.7
11/7/1994,\N,\N,0,70,36,5.1,2.4
11/8/1994,25.4,14.8,15,82,18,11.3,4.3
11/9/1994,22.3,11.5,0,77,20,10.3,5.5
11/10/1994,22.4,\N,0,82,5,9.3,3.4
11/11/1994,24.2,13.8,0,77,9,4.1,2.7
11/12/1994,26.6,17.9,0,74,5,8.7,3.1
11/13/1994,29.7,17,0,69,7,9.3,2.7
11/14/1994,25.7,18.8,0,85,7,7.7,3.4
11/15/1994,29.2,17,0,78,25,9.3,2.7
11/16/1994,24,15.6,0,69,20,15.4,2.7
11/17/1994,22.7,\N,0,56,14,10.3,3.4
11/18/1994,22.8,9.5,0,55,14,5.1,0
11/19/1994,24.8,12,0,72,9,5.1,1.7
11/20/1994,24.2,10,0,54,36,2.6,0.9
11/21/1994,27.1,11.5,0,53,5,7.2,2.6
11/22/1994,26.2,12,0,69,9,6.2,2.2
11/23/1994,29.2,17.3,0,59,36,6.2,2.4
11/24/1994,29.4,17.8,0,58,36,9.3,4.1
11/25/1994,32.4,17.3,0,64,16,15.9,4.5
11/26/1994,22.3,8.7,0,67,16,9.3,7.2
11/27/1994,23.2,8.4,0,65,9,12.9,7
11/28/1994,21,13.9,19.5,83,9,8.2,6.3
11/29/1994,25.2,12.6,0,56,23,25.7,6.5
11/30/1994,28.2,17.7,0,48,27,7.7,3.1
12/1/1994,31.7,17.3,26,57,5,9.3,4.6
12/2/1994,25.2,15.8,20,88,9,10.8,7
12/3/1994,24.9,14.9,0,81,29,19.5,6.9
12/4/1994,21,11.3,0,72,27,9.3,5.3
12/5/1994,24.2,11.6,0,69,5,10.3,4.3
12/6/1994,27.2,16.4,0,53,25,14.4,3.3
12/7/1994,28.7,10.7,0,52,34,9.3,3.8
12/8/1994,30.7,19.8,0,50,36,9.3,5.1
12/9/1994,32.7,21,0,59,36,11.3,3.1
12/10/1994,35.4,20.5,0,57,9,7.7,1.7
12/11/1994,29.5,22.7,0,70,36,15.4,2.6
12/12/1994,34.7,22.9,47,70,11,19.5,8.9
12/13/1994,28,20.6,0,86,9,14.4,1.4
12/14/1994,29.2,18.9,0,77,9,3.1,0.7
12/15/1994,29,16.9,0,66,14,14.4,7.7
12/16/1994,28.7,19.7,12,76,7,11.3,6.2
12/17/1994,24.8,15.3,0,69,18,13.9,5.5
12/18/1994,24.7,11.7,0,73,7,2.1,1.4
12/19/1994,25.7,18.8,0,79,36,5.1,1.2
12/20/1994,27.2,17.2,4,73,11,10.3,5.5
12/21/1994,26.2,16.9,25,75,9,8.7,5
12/22/1994,30.5,18.7,0,75,34,9.3,1.7
12/23/1994,32.7,18.5,0,64,9,3.1,0
12/24/1994,31.5,19.4,0,69,14,8.2,2.6
12/25/1994,29.8,18.7,0,67,14,10.3,6.3
12/26/1994,29,15.6,0,66,5,9.3,4.8
12/27/1994,29.9,21.1,0,77,23,5.1,1.7
12/28/1994,29.4,19.7,0,81,14,8.2,0
12/29/1994,29.5,17.2,0,73,11,10.3,3.3
12/30/1994,30.5,19.9,0,76,7,9.3,4.6
12/31/1994,32.2,22.5,0,76,2,8.2,0.9
1/1/1995,35.5,22.4,0,68,18,20.1,7.5
1/2/1995,27.6,18.6,42,69,14,10.3,5.8
1/3/1995,23.6,20.2,12,95,5,8.7,4.3
1/4/1995,29.1,20.7,8,81,5,7.7,3.1
1/5/1995,32.2,18.7,0,71,20,14.9,5.1
1/6/1995,25.7,12.4,0,65,9,9.3,4.1
1/7/1995,25.8,18.9,0,88,32,13.4,1.7
1/8/1995,30.4,18.9,0,63,25,10.3,3.9
1/9/1995,24.4,11.2,0,51,25,13.4,3.4
1/10/1995,23.1,7,0,48,18,8.2,4.5
1/11/1995,24.6,13.6,0,56,20,9.3,3.1
1/12/1995,27.1,16.2,0,50,5,5.1,1
1/13/1995,28.6,18.8,0,67,5,7.2,3.1
1/14/1995,30.7,19.6,0,68,2,7.7,2.6
1/15/1995,32.4,19.7,0,60,5,3.1,1
1/16/1995,25.2,18,7,84,16,15.4,8.6
1/17/1995,24.5,10.4,0,75,9,9.3,2.4
1/18/1995,26.8,12.8,0,64,7,8.2,4.5
1/19/1995,27.2,19.7,0,67,5,9.3,5.1
1/20/1995,30.2,15,0,77,9,11.3,3.1
1/21/1995,27.4,15.6,0,74,9,8.2,7.5
1/22/1995,30.4,20.6,0,67,5,7.2,3.8
1/23/1995,33.4,21.3,0,51,32,7.7,3.4
1/24/1995,31.7,11.3,0,36,18,15.4,4.8
1/25/1995,28.2,13.1,0,57,23,8.2,4.5
1/26/1995,31,13.5,0,49,36,9.3,3.9
1/27/1995,27.9,20.5,0,45,20,15.4,7.9
1/28/1995,24.5,15.8,0,58,18,8.2,5.5
1/29/1995,25.9,11.2,0,62,9,13.4,4.6
1/30/1995,27.2,12.7,0,66,5,6.2,3.1
1/31/1995,32.5,17.6,17,59,36,6.2,3.1
2/1/1995,25.2,12.7,0,63,20,22.6,6.9
2/2/1995,26.9,12.2,0,54,34,7.2,4.3
2/3/1995,28.5,11.9,0,50,32,8.2,1.7
2/4/1995,25.4,13,9,84,11,22.1,2.6
2/5/1995,25.9,9.3,0,64,5,6.2,3.4
2/6/1995,28.7,10.9,0,66,5,6.2,0.7
2/7/1995,30.2,14.8,0,58,9,10.3,5.8
2/8/1995,29.2,18.8,0,67,5,13.9,7.2
2/9/1995,28.2,20.2,14,69,5,10.3,5.8
2/10/1995,25.4,19.5,1,87,11,8.2,4.5
2/11/1995,25.9,21.4,0,89,11,8.2,5.1
2/12/1995,27.9,21.7,0,87,11,8.7,5.1
2/13/1995,27.7,21.6,0,83,7,6.2,4.8
2/14/1995,27.7,18.7,0,78,9,5.1,3.6
2/15/1995,27.7,17.8,29,86,14,10.3,2.4
2/16/1995,26.6,14,6,73,5,5.1,2.7
2/17/1995,23.6,15,0,70,20,12.9,7.2
2/18/1995,23.8,7.8,0,59,25,6.2,3.1
2/19/1995,26.6,14.4,0,48,34,9.3,5.8
2/20/1995,30.5,20.4,0,54,34,8.2,4.5
2/21/1995,30.4,17.4,4,56,20,17.5,6.9
2/22/1995,23.3,15.7,0,75,16,14.4,6.5
2/23/1995,25.8,11.3,108,76,14,9.3,5.8
2/24/1995,25.4,17.6,0,81,23,9.3,2.7
2/25/1995,25.9,12.9,0,77,20,6.2,2.7
2/26/1995,25.8,14,0,72,9,5.1,3.4
2/27/1995,29,16.8,0,76,18,5.1,2.4
2/28/1995,25.6,15.2,0,84,18,10.3,6
3/1/1995,25.7,15.7,23,83,14,8.2,5.5
3/2/1995,26.5,14.8,6.2,81,20,4.1,2.4
3/3/1995,29.8,16.9,0,70,36,5.1,3.4
3/4/1995,21.7,13.3,0,57,18,9.3,5.1
3/5/1995,23.1,8.9,0,70,14,5.1,2.2
3/6/1995,24.4,16.6,27,68,11,7.2,4.5
3/7/1995,22.9,17.6,12,86,9,10.3,1.7
3/8/1995,21.7,14.4,0,71,20,10.3,3.4
3/9/1995,27,10.9,0,61,32,9.3,3.1
3/10/1995,26.7,16.5,0,61,36,5.1,1
3/11/1995,26.6,17.5,0,61,36,6.2,2.9
3/12/1995,28.6,11.3,0,74,9,5.1,2.7
3/13/1995,23.6,14.4,0,75,14,7.2,5.1
3/14/1995,24.5,16.3,0,74,9,6.2,4.1
3/15/1995,26,17.9,0,67,36,7.2,5.1
3/16/1995,27.4,13.6,0,67,20,12.9,5.7
3/17/1995,23.2,8.1,0,70,36,4.1,3.3
3/18/1995,31.1,19.7,0.8,68,34,8.2,4.5
3/19/1995,26.5,14.2,22,88,20,9.3,3.1
3/20/1995,28.8,18,0,78,36,6.2,1.4
3/21/1995,30.8,18.9,2,68,36,4.1,1.7
3/22/1995,29.1,18.8,0,78,34,8.2,1
3/23/1995,28.9,18.6,0,59,25,5.1,3.6
3/24/1995,26.5,11.2,13,62,29,7.2,1.4
3/25/1995,28,15.2,3,77,32,8.2,2.6
3/26/1995,23.9,13.7,0,83,18,6.2,3.4
3/27/1995,28.4,17.5,0,77,34,3.1,0.9
3/28/1995,26.2,20.3,0.8,81,29,12.9,1.9
3/29/1995,20.9,9.8,0,68,18,9.3,5.7
3/30/1995,18.6,9.8,6,61,14,16.5,8.2
3/31/1995,17.8,14,18,93,18,9.3,4.8
4/1/1995,21.8,13.1,0,79,23,11.3,6.2
4/2/1995,21.9,10.8,0,82,5,3.1,0
4/3/1995,23.3,11.7,0,74,2,7.2,1.7
4/4/1995,25.3,18.3,10,73,36,9.3,4.5
4/5/1995,26.3,19.5,2.8,75,11,5.1,2.6
4/6/1995,22.6,18.6,15,98,9,5.1,1.7
4/7/1995,21.9,18,16.4,94,16,13.4,4.3
4/8/1995,26.4,17,66.2,92,9,16.5,8.2
4/9/1995,20,14.3,18,98,18,12.3,6.5
4/10/1995,14.9,10.3,18.5,93,20,15.4,9.1
4/11/1995,17.5,9.9,0,79,23,13.4,4.8
4/12/1995,19.1,6.2,0,78,20,4.1,0
4/13/1995,19.1,7.5,0,79,36,4.1,1
4/14/1995,20.8,9.8,0,82,36,4.1,0.7
4/15/1995,21.9,13.7,0,78,5,5.1,1.5
4/16/1995,23.6,11.5,0,80,0,0,0
4/17/1995,24.9,11.8,0,77,32,5.1,2.4
4/18/1995,24.5,10.6,0,64,34,7.2,4.1
4/19/1995,21.8,9.1,4.2,69,23,11.3,5.3
4/20/1995,15.9,6.1,0,80,23,9.3,4.3
4/21/1995,16,7.7,0,65,23,13.4,5.7
4/22/1995,19,5.7,0,68,25,8.2,3.4
4/23/1995,22.2,6.3,0,59,23,6.2,3.1
4/24/1995,24.3,8,0,69,23,5.1,1.7
4/25/1995,22.8,8.5,0,74,36,3.1,0.5
4/26/1995,22.8,8.5,0,84,18,5.1,3.1
4/27/1995,20.8,10.5,28.5,80,9,8.2,3.8
4/28/1995,17.1,14.3,42.1,98,20,6.2,4.1
4/29/1995,20.6,9.9,0,82,9,2.1,0.7
4/30/1995,22.1,14,0,89,9,5.1,1.9
5/1/1995,21.1,10.3,0,72,23,8.2,2.1
5/2/1995,19.3,6,0,64,27,7.2,2.1
5/3/1995,23.3,11.5,0,67,32,9.3,3.8
5/4/1995,24.6,15.3,0,82,20,7.2,2.4
5/5/1995,16,7.7,0,81,18,5.1,2.4
5/6/1995,18,6.2,0,66,27,8.2,2.4
5/7/1995,18.7,5,0,72,29,7.2,3.8
5/8/1995,24.4,14,0,63,32,10.8,6.3
5/9/1995,22.5,13.5,0,74,32,9.3,3.4
5/10/1995,18.9,8.2,0,81,5,6.2,2.6
5/11/1995,19.1,7.8,0,88,18,5.1,0
5/12/1995,17.6,8.7,0,96,9,4.6,2.2
5/13/1995,19.9,12.6,3.5,95,9,3.1,1.9
5/14/1995,18.2,15.6,1.5,97,18,9.3,6.3
5/15/1995,18.8,15.8,0.2,98,18,9.3,5.1
5/16/1995,19.5,15.6,4.3,97,20,5.1,2.4
5/17/1995,15.6,7.9,0,77,23,14.4,5.8
5/18/1995,14.4,2.2,0,83,18,4.1,1
5/19/1995,15.5,1.6,0,85,23,2.6,0.7
5/20/1995,16,3.2,0,82,32,3.1,1
5/21/1995,17.8,9.5,0,77,32,6.2,2.2
5/22/1995,15,4.8,0,84,18,5.1,1.7
5/23/1995,15.3,1.9,0,81,0,0,0
5/24/1995,14.8,4.3,0,84,32,4.1,1
5/25/1995,13,1.5,0,81,18,5.1,2.2
5/26/1995,13.1,4.8,0,80,5,5.1,1.4
5/27/1995,17.1,3.2,0,82,36,2.6,0
5/28/1995,17.3,4.2,0,84,20,2.1,0.7
5/29/1995,19,4.6,0,84,27,3.1,0
5/30/1995,16.3,6,0,91,32,4.1,1
5/31/1995,15.2,9.4,0.8,90,32,5.1,2.4
6/1/1995,14.3,11.2,4.7,96,29,4.1,4.1
6/2/1995,17.3,3.1,0,73,27,4.1,2.1
6/3/1995,17.6,6.1,0,76,11,2.1,1
6/4/1995,17.1,7.5,0,68,36,6.2,3.6
6/5/1995,20.5,15.3,9,79,34,11.3,3.1
6/6/1995,18.8,10.1,3,87,23,19.5,3.8
6/7/1995,16,3.2,0,71,27,5.1,1.7
6/8/1995,14.6,-1,0,81,36,4.1,0
6/9/1995,17.5,5.5,0,72,5,10.3,7.9
6/10/1995,16.1,5.1,0,76,23,10.3,1.4
6/11/1995,15,1.1,0,87,9,7.2,1
6/12/1995,16.6,10,0,78,20,6.2,2.1
6/13/1995,10.7,1.7,0,63,23,6.2,3.1
6/14/1995,9.9,-2.6,0,69,23,2.1,0
6/15/1995,10.4,4.2,2.5,69,14,4.1,0.7
6/16/1995,12.2,4.5,0,86,11,9.8,5.7
6/17/1995,10.7,0.8,0,81,18,6.2,2.6
6/18/1995,10.2,5.7,3,90,27,3.1,0.7
6/19/1995,11.6,3.2,0,87,2,3.1,1.4
6/20/1995,12.2,5.3,0,75,34,6.2,2.1
6/21/1995,14.5,7.5,0,76,32,6.2,2.4
6/22/1995,16.6,10.1,0,74,36,5.7,4.5
6/23/1995,19.1,12.8,3.7,84,36,6.2,3.6
6/24/1995,17.9,5.3,0,80,23,16.5,10.6
6/25/1995,9.5,-1.6,0,67,27,4.1,2.2
6/26/1995,10.1,5.1,0,67,32,15.4,6.5
6/27/1995,11,5.8,0,81,20,6.2,1
6/28/1995,9.5,0.2,0,73,23,9.3,3.4
6/29/1995,8.3,-4,0,66,2,3.1,1
6/30/1995,10.6,0.7,0,82,5,7.2,3.1
7/1/1995,13.9,-0.5,0,79,9,5.1,2.4
7/2/1995,13.3,4.1,0,100,23,5.1,2.2
7/3/1995,15.1,2.3,0,74,27,4.1,1.4
7/4/1995,14.5,0.7,0.4,75,2,10.3,4.1
7/5/1995,17.1,9.8,0,81,23,6.2,2.7
7/6/1995,16.9,2.4,0,59,27,15.4,2.7
7/7/1995,16.4,4.7,0,63,36,5.1,3.1
7/8/1995,16,8.6,0,\N,34,7.7,\N
7/9/1995,15.6,9.3,0,76,36,9.3,3.4
7/10/1995,14.6,3,0,83,5,6.2,2.9
7/11/1995,16.1,12,0,96,36,9.3,1.4
7/12/1995,12.2,6.7,7,97,9,12.9,9.4
7/13/1995,9.8,7.9,5,95,18,11.3,7
7/14/1995,9.2,7,7,100,18,13.4,9.3
7/15/1995,8.4,5.5,8.4,95,18,11.3,6.2
7/16/1995,10.4,-1,0,72,27,5.1,1.7
7/17/1995,8.4,-1.5,0,70,20,5.1,1.5
7/18/1995,10.6,-1.4,0,80,9,5.1,0.3
7/19/1995,9.4,0.8,0,79,23,4.1,2.4
7/20/1995,12.3,-2.8,0,60,27,4.1,1.4
7/21/1995,11.3,1.4,0,64,34,9.8,3.9
7/22/1995,14,5.6,0,74,36,8.2,4.5
7/23/1995,17.8,8.2,0,81,2,6.2,3.1
7/24/1995,20.1,11.3,0,78,36,5.1,3.3
7/25/1995,18.3,4,0,76,18,5.1,1.7
7/26/1995,13.8,3.9,6,90,14,9.3,3.1
7/27/1995,17.3,7.1,0,83,18,6.2,3.4
7/28/1995,18.7,1.9,0,87,2,5.1,0
7/29/1995,14.4,4.2,0,59,18,9.3,3.8
7/30/1995,7.9,-1.4,0,64,18,7.7,2.6
7/31/1995,10.7,-3.1,1,74,11,9.3,4.8
8/1/1995,10.6,8,0,92,20,4.1,2.7
8/2/1995,13.1,5.2,0,86,27,4.1,0.7
8/3/1995,10.2,0.9,0,46,27,12.3,4.3
8/4/1995,11.3,-2.3,0,35,25,17.5,5.1
8/5/1995,14.1,-1,0,48,34,5.1,1.7
8/6/1995,14,6.7,0,55,36,10.3,4.1
8/7/1995,17.5,4.3,0,56,20,4.1,1.2
8/8/1995,16.7,-2.2,0,74,5,8.2,1.2
8/9/1995,12.1,-2.5,0,65,18,10.8,5.5
8/10/1995,13.2,-1.6,0,59,36,2.6,0.9
8/11/1995,12.6,4.9,0,70,5,7.2,3.4
8/12/1995,14.3,5.4,0,91,9,4.1,1.7
8/13/1995,18.9,6.5,0,89,5,3.1,1.9
8/14/1995,15.9,8.6,6,99,18,9.3,6.9
8/15/1995,8.9,4.8,0,79,27,11.3,6.2
8/16/1995,8.5,3.7,0.5,85,25,13.4,5.7
8/17/1995,13.9,1.4,7,89,14,13.4,5.1
8/18/1995,13.1,3.7,0,73,23,11.3,4.3
8/19/1995,13.9,-1.3,0,77,5,4.1,0.7
8/20/1995,13.6,1.9,0,75,36,3.1,2.1
8/21/1995,15,0.5,0,86,9,4.1,0.9
8/22/1995,19.5,2.5,0,79,34,5.1,2.9
8/23/1995,24.5,10,0,66,7,6.2,2.2
8/24/1995,22.4,12.6,2,84,14,14.4,8.2
8/25/1995,18,10.2,0,84,11,18.5,10.3
8/26/1995,15.9,12.7,0,96,11,9.3,4.3
8/27/1995,15.2,11,0,99,18,9.3,2.2
8/28/1995,18.5,4.7,0,71,5,5.1,1
8/29/1995,18.5,9.8,0,71,9,6.2,2.7
8/30/1995,14.1,3,0,75,18,6.2,3.1
8/31/1995,18,8,0,78,36,5.1,3.1
9/1/1995,16.9,7.3,0,50,23,18.5,4.8
9/2/1995,13.4,-1.5,0,71,18,5.1,2.6
9/3/1995,14.8,-0.5,0,72,9,6.2,3.4
9/4/1995,19,7.4,0,75,5,5.1,4.5
9/5/1995,27.6,16,0,68,36,9.3,5.1
9/6/1995,29.1,18.3,0,57,34,14.4,5.8
9/7/1995,25.2,13.4,22,67,36,10.3,4.5
9/8/1995,19.5,10,0,80,14,5.1,2.2
9/9/1995,15.3,4.5,0,81,14,5.1,3.1
9/10/1995,19.3,5.5,0,76,5,3.1,1
9/11/1995,20.4,7.7,0,62,18,10.3,4.6
9/12/1995,10.8,-0.3,0,76,14,9.3,3.8
9/13/1995,12.9,3.6,6,80,7,6.2,3.1
9/14/1995,18.3,5.2,0,77,23,6.2,3.1
9/15/1995,21.6,6.1,0,74,34,6.2,2.7
9/16/1995,21.9,12.4,0,61,34,10.3,4.8
9/17/1995,23.1,15.1,0,57,34,12.9,6.5
9/18/1995,19.8,9.3,0,50,20,19.5,6.9
9/19/1995,13.1,1.9,0,63,23,15.4,5.8
9/20/1995,15.3,-0.6,0,63,7,5.1,1.7
9/21/1995,15.8,6.1,0,66,2,7.2,5.8
9/22/1995,16.3,11,0,84,9,6.2,3.1
9/23/1995,21.1,6.6,0,80,25,4.1,0.9
9/24/1995,23.3,9.1,0,60,7,5.1,2.9
9/25/1995,22.9,12,0,51,2,9.3,5.5
9/26/1995,21.7,12,0,59,18,10.3,4.6
9/27/1995,17.1,2,0,71,9,12.3,5.3
9/28/1995,17.3,1.3,0,55,16,10.3,5.8
9/29/1995,17.8,7.4,6,78,9,10.3,6.7
9/30/1995,14.7,11.9,6,93,11,12.3,7.5
10/1/1995,17.4,12,0,90,14,10.8,6.9
10/2/1995,18.1,11.7,0,92,9,12.3,8.6
10/3/1995,16.9,14.2,32,92,11,21.6,8.2
10/4/1995,19.7,13.8,0,85,32,7.2,3.4
10/5/1995,23.1,9.8,0,66,34,9.3,2.4
10/6/1995,22.1,7.6,0,64,7,6.2,4.1
10/7/1995,22.2,12,0,77,23,15.4,7.4
10/8/1995,22.3,7,15,81,20,18,1.7
10/9/1995,16.3,7.7,0,74,23,12.3,4.1
10/10/1995,19.6,5.2,0,71,27,7.7,4.5
10/11/1995,16.7,7.9,0,85,27,4.1,0
10/12/1995,15.6,6.7,22,91,5,7.7,4.5
10/13/1995,13.4,7.4,0,74,25,16.5,8.1
10/14/1995,22.5,5.6,0,43,29,17.5,6.9
10/15/1995,19.6,9,0,54,32,6.2,3.4
10/16/1995,19.9,6.2,0,42,25,13.9,5.1
10/17/1995,19.5,3.3,0,54,18,5.1,0.9
10/18/1995,22.9,9.5,0,52,23,6.2,3.8
10/19/1995,23.8,10.3,0,57,36,6.2,3.1
10/20/1995,23.6,13.6,0,64,32,5.1,1.4
10/21/1995,23.9,8.8,0,65,2,4.1,2.9
10/22/1995,25,16.8,0,57,36,15.4,5.5
10/23/1995,29,12.7,0,43,5,4.1,2.4
10/24/1995,29.3,\N,9,\N,\N,\N,\N
10/25/1995,22.2,14.1,1,72,14,13.4,4.5
10/26/1995,17.9,8.2,0,65,16,12.3,6.5
10/27/1995,16.4,6.7,0,70,16,9.3,4.6
10/28/1995,20.4,2.5,0,65,18,13.4,4.3
10/29/1995,16.9,1.7,0,67,9,6.2,2.7
10/30/1995,19.9,5.7,0,67,36,4.1,2.9
10/31/1995,23.8,12.9,0,70,32,8.2,3.1
11/1/1995,27.3,12.9,0,64,2,7.2,3.8
11/2/1995,31.2,18.3,0,54,34,10.8,7.4
11/3/1995,29.8,19.2,0,60,2,4.1,2.9
11/4/1995,32.4,18.8,0,56,36,6.2,3.6
11/5/1995,33.9,21.6,17,67,36,5.1,2.7
11/6/1995,27.2,17.5,2,85,23,6.2,1.5
11/7/1995,23.6,12.2,26,89,5,3.1,2.2
11/8/1995,22.1,17.3,23,95,5,19.5,8.2
11/9/1995,19,12.9,3,90,14,13.4,6.5
11/10/1995,23.7,7.9,0,71,5,5.1,1.7
11/11/1995,20,11.3,0,69,16,13.4,5.5
11/12/1995,18.1,5.5,0,\N,9,8.2,\N
11/13/1995,21.8,9.5,0,73,7,6.2,4.6
11/14/1995,23.8,13.6,0,\N,7,5.1,\N
11/15/1995,24,14,0,77,11,6.2,3.8
11/16/1995,20.8,14.1,35,\N,16,7.7,\N
11/17/1995,22,13,4,\N,18,11.8,\N
11/18/1995,20.4,8.5,0,\N,9,6.2,\N
11/19/1995,22.1,12.4,0,\N,7,11.3,\N
11/20/1995,24.7,16.5,0.8,\N,5,6.2,\N
11/21/1995,25.9,17,0,84,36,5.1,1.9
11/22/1995,24.7,14,0,55,18,9.3,5.3
11/23/1995,24.1,8.2,0,62,9,4.1,2.1
11/24/1995,25.4,9.1,0,47,2,4.1,3.1
11/25/1995,25.3,14,0,67,36,4.1,2.1
11/26/1995,24.8,14.4,0,66,20,11.3,4.8
11/27/1995,20.9,6.8,0,47,23,12.3,4.8
11/28/1995,27.5,11.3,0,45,36,12.3,3.6
11/29/1995,28.9,18,0,42,32,11.3,4.5
11/30/1995,29.2,18,7,62,23,19.5,6.7
12/1/1995,26.9,16.1,0,69,9,7.2,3.4
12/2/1995,26,10.4,0,73,9,5.1,3.8
12/3/1995,29.6,15.2,0,71,5,6.2,3.8
12/4/1995,32.2,17.1,12,57,27,22.6,5.8
12/5/1995,30.4,15.3,0,52,36,4.1,2.4
12/6/1995,34.3,18.7,0,53,34,7.2,3.6
12/7/1995,29.8,17.4,0,59,23,17.5,5.3
12/8/1995,22,6.6,0,55,20,7.2,3.8
12/9/1995,21.4,10.1,0,\N,36,5.1,\N
12/10/1995,29.1,13.2,0,50,36,7.7,3.8
12/11/1995,26.8,14.1,0,49,18,14.4,7
12/12/1995,28.9,10.6,6,46,2,7.2,3.8
12/13/1995,26.9,16,0,67,9,7.2,5.5
12/14/1995,24.2,8.5,0,62,5,4.1,2.6
12/15/1995,30.8,12,0,53,36,5.1,2.9
12/16/1995,36,19.1,0,42,14,13.9,6.3
12/17/1995,34.6,18.2,0,44,7,11.3,5
12/18/1995,39.9,23.4,0,44,23,14.4,6.2
12/19/1995,26,11.6,0,51,9,9.3,4.5
12/20/1995,32.2,16,7,63,11,12.3,5.5
12/21/1995,31.3,19.4,4,75,9,12.3,6
12/22/1995,23.7,18.2,2,92,11,15.4,10.3
12/23/1995,25.2,20.5,0,84,11,12.3,6.2
12/24/1995,27.9,20.7,0,79,14,11.3,7.2
12/25/1995,26.9,17,0,68,9,11.3,6.2
12/26/1995,25.7,15.9,0,68,11,12.9,6.5
12/27/1995,26.9,14.6,0,65,14,10.3,6.7
12/28/1995,28.9,16.3,0,63,9,9.3,5.1
12/29/1995,30.6,19.4,0,61,9,7.2,5.5
12/30/1995,29.4,19.2,0,61,9,10.3,4.8
12/31/1995,27.7,18.9,0,60,11,8.7,5.3
1/1/1996,28.3,19.5,0,59,5,11.3,5.8
1/2/1996,31.9,19.4,0,66,9,7.2,4.8
1/3/1996,35.9,19.8,61,60,2,15.4,5.8
1/4/1996,27.3,19.6,0.8,79,20,5.1,3.8
1/5/1996,26.9,13.4,0,55,20,9.3,3.3
1/6/1996,27.1,16.2,0,49,9,7.2,5.5
1/7/1996,29,18.7,0,58,36,6.2,4.8
1/8/1996,30.1,19.4,0,61,7,6.2,4.8
1/9/1996,31.8,18.1,0,64,20,4.1,0.7
1/10/1996,33.4,19.6,0,49,34,6.2,4.5
1/11/1996,28.1,17.5,12,92,5,5.1,3.1
1/12/1996,25.5,15.6,7,78,20,8.2,4.8
1/13/1996,24,15.4,0.2,73,16,8.2,5.1
1/14/1996,23.9,9.1,0,53,9,9.3,5.5
1/15/1996,26.4,14.9,0,64,5,6.2,3.8
1/16/1996,26,16.5,0,79,9,5.1,3.1
1/17/1996,26.3,16.9,0,67,14,10.3,5.8
1/18/1996,26.3,14.3,0,68,9,9.3,5.1
1/19/1996,25,18.7,0,62,11,11.3,4.8
1/20/1996,25.9,15.7,0,59,9,7.2,4.3
1/21/1996,28.5,18,0,67,7,7.2,4.1
1/22/1996,29.2,18.5,9,75,20,19.5,6
1/23/1996,26.1,14.6,0,46,7,9.8,5.3
1/24/1996,28.8,14.6,0,58,7,7.2,4.6
1/25/1996,33.3,19.8,0,56,36,6.2,2.7
1/26/1996,32.1,18.3,0,46,29,6.2,2.1
1/27/1996,31.5,14.6,0,47,5,6.2,3.4
1/28/1996,28.7,12.5,0,45,5,4.1,3.8
1/29/1996,33.7,18.9,0,59,2,5.7,4.8
1/30/1996,33.3,18.9,23,75,34,17.5,5.8
1/31/1996,29.3,17.4,0,76,14,13.4,4.8
2/1/1996,24.3,16.4,0,67,11,10.3,6.3
2/2/1996,25.8,14.6,53,75,7,7.2,5.5
2/3/1996,26.1,17,0,80,34,7.2,4.1
2/4/1996,26.7,13.8,0,76,5,6.2,2.1
2/5/1996,25.7,14.4,0,55,23,14.4,6
2/6/1996,26.3,10.6,0,41,34,6.2,4.1
2/7/1996,30.9,19.5,0,53,34,7.7,3.8
2/8/1996,23.9,15.3,0,66,7,6.2,3.6
2/9/1996,26,16.3,6,68,11,11.3,7.5
2/10/1996,21.6,13.3,0,81,20,12.3,5.1
2/11/1996,20.3,8.1,0,58,25,9.3,4.8
2/12/1996,25.1,9.5,0,51,32,6.2,4.6
2/13/1996,27.1,14,0,48,36,5.1,3.1
2/14/1996,27.6,18.6,0,58,36,6.2,3.9
2/15/1996,28.8,18.7,0,73,7,5.1,3.3
2/16/1996,31.4,18,0,59,7,6.2,3.4
2/17/1996,29.9,19.7,0,74,9,9.3,5.8
2/18/1996,29.1,20.7,0,67,7,13.4,6.2
2/19/1996,32.1,22.3,40,71,2,7.2,6.5
2/20/1996,27.7,17.2,0,85,11,18.5,3.8
2/21/1996,28.3,12.8,0,64,36,5.1,2.9
2/22/1996,31.4,21.5,41,69,36,6.2,2.7
2/23/1996,27.6,17.5,9,89,7,20.6,2.4
2/24/1996,22.4,11.5,0,73,11,6.2,3.1
2/25/1996,27.6,13.1,0,74,5,5.1,1
2/26/1996,28.7,18,0,68,32,7.2,3.3
2/27/1996,29.8,20.1,0,78,9,6.2,5.5
2/28/1996,27.4,21.2,1,87,18,13.4,4.1
2/29/1996,23.8,15.3,0,67,18,9.3,6.9
3/1/1996,23.7,9.2,0,70,9,5.1,3.4
3/2/1996,24.9,15.4,0,65,9,7.7,4.5
3/3/1996,24.9,18,0,70,9,10.3,4.5
3/4/1996,25.1,18.3,0,71,7,6.2,3.8
3/5/1996,25.5,17.9,0,70,9,7.7,5
3/6/1996,25.9,17.9,0,74,9,6.2,4.6
3/7/1996,28.1,18.1,0,78,7,5.1,3.6
3/8/1996,29.5,17.9,0,70,36,3.6,1.4
3/9/1996,26.5,16.5,0,74,11,9.3,5.8
3/10/1996,28.1,16.7,0,77,7,7.2,5.1
3/11/1996,23.1,20.5,17,89,5,5.1,2.7
3/12/1996,25.5,18.6,1,88,36,4.1,2.7
3/13/1996,27.8,17,0,75,23,4.1,3.6
3/14/1996,27.2,19.3,0,81,5,6.2,2.1
3/15/1996,26.4,18.3,9,84,18,6.2,5
3/16/1996,28.7,16.7,0,77,23,5.1,2.2
3/17/1996,30.7,17,0,67,2,7.7,0
3/18/1996,29.6,20.3,0,70,34,6.2,3.1
3/19/1996,29.1,19,0,72,11,9.3,3.3
3/20/1996,27.7,20.1,0,77,11,9.3,5.1
3/21/1996,28.3,19.7,0,69,11,8.2,4.8
3/22/1996,25.4,15.9,6,88,18,12.3,7
3/23/1996,22.5,14.1,0,75,18,15.4,8.2
3/24/1996,21.4,8.9,0,71,20,13.4,3.6
3/25/1996,24.5,8,0,67,36,6.2,3.1
3/26/1996,23.7,10.6,0,65,27,5.1,1.7
3/27/1996,26.9,8,0,49,32,5.1,2.1
3/28/1996,28.4,16.7,0,65,34,7.2,2.1
3/29/1996,28.1,17.7,0,71,36,9.3,4.1
3/30/1996,25,18.2,18,77,7,7.2,2.6
3/31/1996,25.7,15,0.5,79,36,6.2,1
4/1/1996,28.4,16.9,4,77,2,10.3,6
4/2/1996,24.2,17.7,0,78,18,14.4,6.9
4/3/1996,19.7,14.5,1,90,11,15.4,6.7
4/4/1996,21.5,14.8,0,84,14,9.3,6.5
4/5/1996,24.7,19.1,4,84,7,10.3,6.2
4/6/1996,24,15.3,0,66,32,15.4,8.2
4/7/1996,19.3,5,0,67,36,5.1,2.1
4/8/1996,24.8,15.1,4,61,32,12.3,3.8
4/9/1996,24.2,13.7,0,77,20,11.3,6.9
4/10/1996,19.8,6.3,0,75,9,6.2,1.7
4/11/1996,22.9,11.1,0,76,2,8.2,3.4
4/12/1996,24.7,16.7,0,79,20,6.2,2.4
4/13/1996,22,15.4,5,84,7,8.2,4.1
4/14/1996,21,17.3,45,97,14,10.3,5.1
4/15/1996,18.7,11.1,17,96,20,19.5,7.2
4/16/1996,16.4,8,0,78,23,9.3,3.8
4/17/1996,16.3,6.1,0,72,23,7.7,4.5
4/18/1996,17.4,3,0,68,36,4.1,1
4/19/1996,17.9,10,0,65,36,8.2,3.9
4/20/1996,20.2,8.6,0,71,36,5.1,0.9
4/21/1996,21.7,12.3,0,82,2,4.1,2.1
4/22/1996,24.2,11.2,0,77,36,4.1,1
4/23/1996,22.6,10,6,87,9,4.1,2.2
4/24/1996,18,14.5,6,99,5,6.2,4.8
4/25/1996,19.1,13.3,5,86,18,11.3,4.5
4/26/1996,17.1,10.1,0,75,7,6.2,3.9
4/27/1996,20.3,9,0,78,5,6.2,3.6
4/28/1996,20.8,12.3,0,84,7,4.1,1.9
4/29/1996,23.5,11.4,0,83,5,4.1,3.1
4/30/1996,21.6,13.1,0,91,9,5.1,2.7
5/1/1996,21.4,15.5,0,92,5,3.1,1
5/2/1996,19.6,14,0,91,5,4.1,1
5/3/1996,21.8,12.3,0,90,5,3.6,2.1
5/4/1996,24.3,15.6,0,84,36,4.1,1.7
5/5/1996,25.3,15,0,85,2,3.1,1.5
5/6/1996,24.6,16.3,0,81,36,6.2,2.1
5/7/1996,23.5,15.1,2.5,82,20,14.4,3.9
5/8/1996,18.3,5.1,0,73,7,4.1,0
5/9/1996,22.4,9,0,78,34,4.1,2.4
5/10/1996,19.3,8.7,0,78,9,5.1,2.2
5/11/1996,20.2,8.5,0,74,36,7.2,4.3
5/12/1996,22.5,15,0,77,32,6.2,2.1
5/13/1996,19.1,12,0,96,20,5.1,2.7
5/14/1996,18.5,10,0,88,14,5.1,1.7
5/15/1996,17.7,4.2,0,85,25,3.1,1.5
5/16/1996,17.6,8.3,24,75,5,10.3,6.2
5/17/1996,18.1,11,0,81,5,8.2,3.9
5/18/1996,19.9,8.5,1,71,36,6.2,3.9
5/19/1996,15.3,6.9,0,75,18,6.2,2.7
5/20/1996,14.5,1.4,0,66,32,6.2,3.1
5/21/1996,18.1,2.9,0,61,32,5.1,3.3
5/22/1996,16.8,3.5,0,72,18,5.1,1.4
5/23/1996,15.4,1.1,0,75,18,4.1,0.7
5/24/1996,14.8,2.8,0,83,5,4.1,1.4
5/25/1996,16.3,2.1,0,86,5,6.2,2.7
5/26/1996,16,2.6,0,92,23,2.6,0.5
5/27/1996,16.3,1.4,0,88,5,4.1,2.1
5/28/1996,16.6,6,0,88,7,5.1,2.9
5/29/1996,14.8,9,0,90,20,4.1,2.7
5/30/1996,12.5,5.5,4,91,20,14.4,5.5
5/31/1996,12.3,0.6,0,79,23,9.3,4.3
6/1/1996,13.5,-0.2,0,74,27,5.1,2.4
6/2/1996,14.8,2.6,0,76,29,5.1,1
6/3/1996,14.9,2.8,0,83,36,5.1,1.7
6/4/1996,13.4,0.3,0,82,36,5.1,1.2
6/5/1996,15.6,5,0,74,36,8.2,1.7
6/6/1996,17.8,1.4,0,84,29,4.1,2.1
6/7/1996,14.9,4,0,85,20,5.1,2.4
6/8/1996,13.4,-1.1,0,82,2,6.2,2.7
6/9/1996,15.5,8.9,0,63,36,6.2,4.8
6/10/1996,20.1,10.7,0,78,36,5.1,2.6
6/11/1996,22,12.5,0,70,36,8.2,5.1
6/12/1996,22.9,17.1,0,65,36,11.3,6
6/13/1996,22.3,17.3,0,70,2,8.2,2.4
6/14/1996,19.8,12.1,3,93,18,8.2,4.5
6/15/1996,12.1,8.6,9,84,18,12.3,7.7
6/16/1996,10.6,6.6,2,92,18,8.2,4.8
6/17/1996,9.6,5.6,3,92,20,5.1,4.5
6/18/1996,9.5,0.3,0,81,29,6.2,4.1
6/19/1996,8.1,-2.5,0,68,25,5.1,2.7
6/20/1996,10.9,-1.4,0,77,32,4.1,2.2
6/21/1996,13.6,3,0,75,32,5.1,2.4
6/22/1996,14.5,4.9,0,67,29,5.1,2.7
6/23/1996,9.6,-1.7,0,76,32,4.1,1.5
6/24/1996,13.5,-2.2,0,66,32,5.1,2.7
6/25/1996,10,-0.7,0,74,20,5.1,2.6
6/26/1996,9.2,0,0,77,18,9.3,5.8
6/27/1996,8.8,1.9,0,67,18,12.3,6.5
6/28/1996,7.3,-4.2,0,74,23,6.2,2.1
6/29/1996,9.3,-2.5,0,67,32,5.1,3.3
6/30/1996,9.5,-0.9,0,71,36,7.7,3.8
7/1/1996,11.4,3.7,0,75,2,4.6,3.8
7/2/1996,16.1,4.9,0,70,25,6.2,3.9
7/3/1996,12.3,1,0,78,27,7.2,4.6
7/4/1996,9.2,-3,0,78,5,3.1,1
7/5/1996,10.6,-2.9,0,82,7,3.6,1.7
7/6/1996,9.4,1.7,0,88,9,8.2,4.5
7/7/1996,13.9,4.8,9,81,14,13.4,9.6
7/8/1996,11.7,10,29,97,11,16.5,11.3
7/9/1996,10.7,8.3,12,98,27,13.4,5.7
7/10/1996,12.5,7,0,90,20,15.4,7.2
7/11/1996,13.8,4.1,0,88,25,5.1,2.4
7/12/1996,12.2,1.8,0,83,23,4.1,1.4
7/13/1996,14.6,0.3,0,80,20,7.2,2.4
7/14/1996,9.5,1.2,0,78,23,10.3,5.8
7/15/1996,10.4,-2.1,0,72,27,2.6,1.5
7/16/1996,10.1,-1.8,0,79,34,5.1,1.4
7/17/1996,14.2,4.2,0,82,18,4.1,0
7/18/1996,14.5,-0.8,0,82,29,4.1,1.4
7/19/1996,17.6,3.5,0,71,32,7.2,4.8
7/20/1996,10.8,3.3,0,67,20,16.5,6.9
7/21/1996,9.7,0,0,76,18,6.7,2.7
7/22/1996,10.4,-2.1,0,78,36,5.1,2.4
7/23/1996,13.3,0,0,84,2,6.2,2.1
7/24/1996,12.7,-0.5,0,85,18,4.6,1.2
7/25/1996,9.2,3.1,0,86,16,5.1,3.1
7/26/1996,11.4,-2.1,0,86,36,5.1,1.7
7/27/1996,16.9,4.5,0,59,27,6.7,3.4
7/28/1996,17.7,3.1,0,64,29,4.1,1.4
7/29/1996,19,9.2,0,66,36,6.2,2.6
7/30/1996,19,8.4,0,55,34,5.1,3.9
7/31/1996,19.9,7.1,0,61,2,7.2,3.8
8/1/1996,22.3,9,0,67,29,4.1,2.4
8/2/1996,11.4,8.4,0,94,9,11.8,5.5
8/3/1996,15.4,5.1,0,86,18,4.1,2.4
8/4/1996,12.3,8.2,1,95,11,15.4,7.2
8/5/1996,13.9,9.6,20,98,9,17.5,7.2
8/6/1996,13.9,7.7,0,90,27,6.2,4.6
8/7/1996,13.7,6.4,0,81,7,8.2,2.1
8/8/1996,11.9,6.7,2,91,5,7.2,2.8
8/9/1996,15.5,7.7,0,77,20,11.3,4.4
8/10/1996,16.8,3.6,0,67,34,6.2,4
8/11/1996,19.8,3.5,0,76,32,5.1,1.3
8/12/1996,17.6,3.6,0,79,5,8.2,4.5
8/13/1996,20.1,11,0,84,23,8.2,4
8/14/1996,20.5,3.3,0,73,32,7.2,3.3
8/15/1996,17.3,2.3,0,66,34,9.3,3
8/16/1996,19.7,8.5,0,57,36,6.2,4.1
8/17/1996,22.4,11.8,0,67,32,6.2,4.1
8/18/1996,24,12.7,0,62,34,7.2,3.9
8/19/1996,25.4,12.7,0,74,2,4.1,3.2
8/20/1996,21.4,12.8,0,80,27,12.3,3.2
8/21/1996,21,5.3,2,82,36,6.2,1.8
8/22/1996,20.7,10.3,1,85,5,8.2,4.5
8/23/1996,27.1,14.9,0,77,2,9.3,5.8
8/24/1996,30.1,16.6,9,68,16,18,8.5
8/25/1996,16.6,5.4,0,91,16,18,6.8
8/26/1996,12.6,1.5,0,78,18,6.2,3.5
8/27/1996,17,1.7,0,67,23,7.2,2.6
8/28/1996,19,6.6,0,60,29,7.2,4
8/29/1996,21.4,8.9,0,54,27,5.1,3.3
8/30/1996,19.1,7.4,0,71,36,7.2,1.5
8/31/1996,20.2,6.3,0,76,18,5.1,0.6
9/1/1996,17.2,2,0,74,27,6.2,2.7
9/2/1996,14.4,4,0,69,27,6.2,1
9/3/1996,14.3,6.3,0,50,23,12.3,4.4
9/4/1996,14.4,3.5,0,58,23,15.4,4.6
9/5/1996,13.1,2.1,0,62,23,12.3,5.4
9/6/1996,15.1,-1.1,0,59,34,17.5,4.9
9/7/1996,12.5,9,13,65,34,9.3,4.6
9/8/1996,12.6,-1.2,0,78,18,15.4,5.3
9/9/1996,15.9,0.9,0,66,25,9.3,3.2
9/10/1996,19.2,8.4,0,52,29,6.2,4.8
9/11/1996,19.1,9.9,0,48,29,7.2,3.1
9/12/1996,21.1,9.2,0,71,36,6.2,4.6
9/13/1996,22,10.5,0,78,36,5.1,3.9
9/14/1996,26.2,12.4,20,79,14,9.3,3.6
9/15/1996,16.5,7.5,3,94,14,10.3,6.4
9/16/1996,14.6,0.7,0,81,2,7.2,3.9
9/17/1996,15.4,1.4,0,81,5,9.3,3.6
9/18/1996,18.6,10.5,24,78,2,10.3,5.9
9/19/1996,20.4,11.3,35,84,18,6.2,3.6
9/20/1996,17.2,12.7,9,94,2,10.3,6.4
9/21/1996,17.4,14.2,0,98,7,9.3,2.2
9/22/1996,17.7,6,0,70,23,13.4,5.7
9/23/1996,18.4,8,0,75,9,5.1,3.5
9/24/1996,16,5.5,0,80,7,11.3,6.4
9/25/1996,15.4,4.6,0,81,5,10.3,6.7
9/26/1996,16.6,8.9,0,81,2,9.8,5.8
9/27/1996,15.7,11.3,28,86,5,9.3,5.4
9/28/1996,17.6,12.3,0.7,94,7,5.1,4.1
9/29/1996,19.4,10.7,0,93,36,5.1,2.2
9/30/1996,22.6,10.3,0,91,2,7.2,2.6
10/1/1996,18.4,14,5,90,2,7.2,3.9
10/2/1996,21.3,14.1,4,88,7,6.2,4.6
10/3/1996,20.1,14,0.8,92,9,7.2,4.8
10/4/1996,21.6,15.2,20,95,20,17.5,3.1
10/5/1996,19,11.5,0,79,20,10.3,3.1
10/6/1996,21.9,9.2,0,65,27,8.2,1.8
10/7/1996,25,9,0,67,36,7.7,2.8
10/8/1996,23.6,17.4,0,67,5,9.3,3.6
10/9/1996,23.7,14.5,4,79,5,6.2,4.4
10/10/1996,21.7,18.3,1,90,5,6.2,2.6
10/11/1996,22,13.7,0,81,36,5.1,1.5
10/12/1996,21.6,11.3,0,84,18,8.2,3.5
10/13/1996,20.7,13,0,91,18,8.2,2.3
10/14/1996,20,12,0,87,20,6.2,2.7
10/15/1996,24.6,8.3,0,81,2,6.2,1.9
10/16/1996,26.1,18.4,6,66,18,9.8,3.3
10/17/1996,20.6,13.5,0,89,20,9.3,4.6
10/18/1996,21.1,9.4,0,86,9,8.2,2.8
10/19/1996,18.1,10.4,0,77,23,11.3,6.4
10/20/1996,14.9,1.5,0,65,14,7.2,5
10/21/1996,12.6,6.3,0,68,16,8.2,5.8
10/22/1996,17.3,8.2,0,77,9,7.2,5.1
10/23/1996,19,9,0,78,9,13.4,7.5
10/24/1996,19.6,13.2,0,83,7,7.7,5.8
10/25/1996,22,9.8,0,86,2,8.2,1
10/26/1996,28.2,15.5,16,75,2,8.2,3.6
10/27/1996,25.3,15.5,15,86,29,9.3,5.9
10/28/1996,22,13.9,0,82,11,6.2,4.6
10/29/1996,20.4,11.6,0,84,23,10.3,5.1
10/30/1996,21.9,12.3,0,71,18,7.2,3.9
10/31/1996,20.1,7.5,1,84,16,10.3,5.8
11/1/1996,21.3,13.7,0,84,9,5.7,3.5
11/2/1996,24.1,13.1,0,75,23,6.2,1.9
11/3/1996,23.1,8.2,0,73,36,5.1,1.8
11/4/1996,21.4,10.5,0,75,18,10.3,4
11/5/1996,26.4,15.9,17.3,71,2,6.2,2.7
11/6/1996,22.4,16.5,69,91,5,12.9,8
11/7/1996,19.1,11.7,0,80,11,7.2,5.1
11/8/1996,19.4,10.5,12,82,14,11.8,5.5
11/9/1996,18.3,13.7,6,97,18,8.2,4.6
11/10/1996,20.8,9.3,0,80,2,6.2,2.6
11/11/1996,23.5,14.2,0,76,34,7.2,2.6
11/12/1996,25.5,14.5,0,72,5,5.1,2.2
11/13/1996,30,18.6,0,75,29,4.1,1.5
11/14/1996,28.9,19.1,0,76,7,8.2,2.3
11/15/1996,26.8,17.5,0,72,7,9.3,4.6
11/16/1996,23.5,11.9,0,84,27,7.2,4.6
11/17/1996,26.1,10.2,0,78,5,3.6,0.9
11/18/1996,29.6,14.8,0,64,36,4.1,1
11/19/1996,30.4,16.6,0,75,14,9.3,3.9
11/20/1996,27.8,18.3,0,79,7,5.1,2.1
11/21/1996,27.7,19.5,0,74,2,9.3,3.6
11/22/1996,26.7,14.1,0,77,23,12.9,6.2
11/23/1996,21.3,6.3,0,70,18,9.3,5.5
11/24/1996,22.9,7.2,0,66,36,6.2,2.4
11/25/1996,24.6,13.9,0,60,36,6.2,3.6
11/26/1996,25.5,16.2,0,67,2,5.1,2.7
11/27/1996,29.5,19,0,75,5,7.2,4.6
11/28/1996,32.5,19.7,0,65,36,6.2,3.2
11/29/1996,28.2,17.7,6,81,18,6.2,2.2
11/30/1996,23.7,10.3,0,67,11,7.7,4.2
12/1/1996,28.9,14.8,0,72,5,4.1,3.1
12/2/1996,32.4,19.3,0,65,2,6.2,3.9
12/3/1996,29.8,20,5,75,9,6.2,0.8
12/4/1996,27.6,19,0,83,16,9.3,4.5
12/5/1996,23.9,18.5,1,81,14,14.4,7.3
12/6/1996,22,15.9,14,90,7,13.9,4.6
12/7/1996,22.9,11.6,0,71,27,15.4,3.7
12/8/1996,25.4,10.7,0,73,20,6.2,2.6
12/9/1996,25.4,15,0,79,14,8.2,1.5
12/10/1996,27.6,19.7,0.3,80,9,6.2,3.7
12/11/1996,29.6,19.7,21,80,23,8.2,3.7
12/12/1996,24.6,17.8,0,82,11,9.3,6.2
12/13/1996,25.2,14.5,0,74,14,5.1,2.1
12/14/1996,29.4,16.2,0,73,5,5.1,2.6
12/15/1996,31.9,21.4,39,57,23,10.3,4.8
12/16/1996,27.3,16.7,0.2,84,14,9.3,3.3
12/17/1996,25.1,15.5,0,79,9,7.2,5.7
12/18/1996,28.8,17.3,16,64,18,13.4,5.7
12/19/1996,25.2,16.4,0,81,14,8.2,3.3
12/20/1996,29.8,15.1,3,69,23,10.3,3.2
12/21/1996,28.1,15.8,0,81,5,6.2,0
12/22/1996,33.7,18.2,0,65,29,4.1,1.3
12/23/1996,32.4,20.7,0,59,2,5.1,2.1
12/24/1996,31.8,22.4,0,66,9,5.1,3.5
12/25/1996,32.2,22,0,75,18,6.2,4.6
12/26/1996,29.5,18.3,0,67,14,8.2,5
12/27/1996,30.4,17.9,5,57,20,7.7,4.4
12/28/1996,27.9,16.6,0,77,5,4.1,1.7
12/29/1996,32.3,19.9,0,70,20,7.7,3.5
12/30/1996,34.6,16.3,3,67,36,6.2,2.6
12/31/1996,26.7,17.7,5,88,18,6.2,3
1/1/1997,25.3,13.2,0,66,9,5.1,3
1/2/1997,29.4,15.7,0,57,36,5.1,2.6
1/3/1997,31.9,18.6,3,61,36,5.1,2.6
1/4/1997,29.7,18.3,0,74,14,9.3,5.1
1/5/1997,32.2,12.7,0,71,9,5.1,2.8
1/6/1997,33.9,19.5,10,77,18,10.3,2.8
1/7/1997,23.5,18.3,57,95,5,6.2,2.3
1/8/1997,29.5,18,0,78,23,6.2,2.2
1/9/1997,28.6,15.9,0,60,9,10.3,5.1
1/10/1997,29.7,19.1,0,62,5,8.2,5.7
1/11/1997,30,21.9,0,67,5,10.3,6.4
1/12/1997,33.2,20.4,4,70,27,14.4,3.9
1/13/1997,29.1,19.9,0,84,9,7.2,3.6
1/14/1997,31.3,18.5,0,81,14,10.3,5.4
1/15/1997,29.2,18.9,0,81,9,11.3,5.7
1/16/1997,31.1,22.7,0,77,9,7.2,4.9
1/17/1997,30.2,23.8,2,75,5,15.4,3.6
1/18/1997,30.4,22.7,0,75,29,9.3,3.9
1/19/1997,30.6,16.3,0,59,25,16.5,3.3
1/20/1997,33,15.9,0,55,36,6.2,1.3
1/21/1997,31.4,20.4,0,66,16,10.3,4.4
1/22/1997,30,17.2,0,77,7,10.3,5.4
1/23/1997,30.4,19,0,65,9,7.7,4.2
1/24/1997,29.7,21.2,0,69,7,10.3,5.7
1/25/1997,31.6,22.1,0,77,7,10.3,4.6
1/26/1997,32,23.7,17,76,7,11.3,5.1
1/27/1997,32.8,19.7,0,90,16,7.2,3.6
1/28/1997,29.7,23.6,21,78,23,12.9,4.8
1/29/1997,30,17.6,0,83,32,10.3,3.3
1/30/1997,29.6,16.7,0,66,36,7.2,0
1/31/1997,32.5,16.5,0,64,32,7.2,2.3
2/1/1997,33.4,20.9,2,57,23,20.6,5.7
2/2/1997,28.7,15,0,63,25,14.4,4.1
2/3/1997,28.2,11.2,0,68,5,7.2,3.6
2/4/1997,25.8,17.2,0,80,23,21.6,6.2
2/5/1997,23.5,10,0,63,14,12.3,7.2
2/6/1997,23.7,10.4,0,72,11,18.5,6.4
2/7/1997,26.6,11.3,0,75,11,9.3,3.9
2/8/1997,24.6,20.7,8,88,7,12.3,5.8
2/9/1997,31.3,20.9,81,83,34,8.2,2.8
2/10/1997,25.4,15.5,0,78,20,23.7,5.7
2/11/1997,22.7,9,0,70,11,12.9,3.3
2/12/1997,23.6,12.8,0,71,5,9.3,5.7
2/13/1997,26.5,18.5,0,78,11,9.3,4.4
2/14/1997,27.4,18.8,0,81,7,7.2,2.6
2/15/1997,29.5,17.8,0,78,7,7.2,2.6
2/16/1997,30.3,18.5,0,80,5,5.1,1.8
2/17/1997,31.1,20.3,0,80,9,7.2,1.8
2/18/1997,27.7,17.8,1,82,5,5.1,2.1
2/19/1997,22.7,16.1,0,71,23,23.7,14.9
2/20/1997,21.4,10.6,0,68,20,10.3,5.4
2/21/1997,24.6,8.8,0,66,2,6.2,1
2/22/1997,31.3,18.3,0,66,16,13.4,0.8
2/23/1997,27.1,13.1,0,74,9,8.2,2.1
2/24/1997,30.2,17.5,0,74,7,6.2,3.2
2/25/1997,29.6,21.9,0,81,36,4.1,1.5
2/26/1997,23.9,18.1,0,89,18,9.3,4.6
2/27/1997,26.2,14.1,0,79,11,17.5,4.6
2/28/1997,26.1,14.9,0,71,11,9.3,3.5
3/1/1997,26.6,13.8,0,82,11,6.2,1.7
3/2/1997,24,12.7,4,81,36,13.4,3.9
3/3/1997,23.2,13.6,10,89,14,8.2,3.6
3/4/1997,24.4,13.5,0,79,7,6.2,2.3
3/5/1997,25.6,12.3,0,83,14,5.1,1
3/6/1997,26.5,14.5,0,82,27,6.2,1.5
3/7/1997,31.4,13.1,0,72,36,7.2,1.3
3/8/1997,25.7,17.6,0,74,20,15.4,4.5
3/9/1997,24.6,16.2,0,84,11,10.3,5.7
3/10/1997,32,21.1,0,81,11,8.2,4.1
3/11/1997,27.1,20.9,2,90,18,9.3,3.3
3/12/1997,24.7,16,0,82,23,8.2,3.1
3/13/1997,24.4,9.5,0,79,11,5.1,3.3
3/14/1997,23.7,13.8,0,80,14,8.2,3.1
3/15/1997,24.6,11.7,0,77,2,5.1,2.8
3/16/1997,23.2,15.4,0,77,9,7.2,4.6
3/17/1997,23.2,13.5,7,82,18,7.2,5.4
3/18/1997,24.6,17,0,85,9,10.3,5.7
3/19/1997,27.6,17.2,0,76,5,13.4,5.4
3/20/1997,30,18.4,22,79,29,8.2,3.9
3/21/1997,23.1,16.5,10,92,20,3.1,0.8
3/22/1997,23.3,18.7,0.7,94,20,7.2,0.8
3/23/1997,22.3,13.8,0,69,25,8.2,3.3
3/24/1997,20.5,5.8,0,70,23,5.1,1.7
3/25/1997,25.8,10.4,0,70,34,5.1,2.4
3/26/1997,30,14.2,0,69,29,5.1,1.9
3/27/1997,31.1,15,0,75,36,4.1,0
3/28/1997,30.1,15.3,0,73,34,7.2,1.5
3/29/1997,29.3,19.7,0,71,34,6.2,2.7
3/30/1997,31.1,19.9,0,64,16,6.2,1.5
3/31/1997,23,11.8,0,71,23,8.2,4.1
4/1/1997,28.4,11.7,0,87,11,4.1,1.5
4/2/1997,32,17.9,0,66,23,13.4,3.3
4/3/1997,20.4,9.2,0,61,25,14.4,4
4/4/1997,19.2,6.7,0,61,25,14.4,6.3
4/5/1997,23.3,5.5,0,60,27,8.2,2.7
4/6/1997,23.5,7.7,0,85,9,7.2,4.9
4/7/1997,25.4,10.1,0,75,36,6.7,4.1
4/8/1997,25.1,12.6,0,74,2,8.2,3.6
4/9/1997,24.4,12.6,9,82,36,5.1,1.3
4/10/1997,23.5,15.9,0,91,18,7.2,2.8
4/11/1997,22.4,15.2,0,86,18,7.2,4.4
4/12/1997,24.4,14.2,0,81,34,11.3,4.6
4/13/1997,31.1,18.4,0,75,32,7.2,4.1
4/14/1997,30.2,17.2,0,83,36,5.1,1.9
4/15/1997,30.1,20.6,0,71,34,7.2,3.5
4/16/1997,28.6,15.7,0,84,18,7.2,2.6
4/17/1997,27.9,14.7,0,86,18,9.8,2.3
4/18/1997,24.4,15.1,35,89,32,20.6,2.1
4/19/1997,23.4,15,0,81,32,20.6,4
4/20/1997,17.8,9,0,79,14,8.2,4.9
4/21/1997,21,11,0,78,5,10.3,4.4
4/22/1997,22.9,12.1,0,82,36,5.1,3.1
4/23/1997,24.6,15.5,17,81,34,8.2,4.1
4/24/1997,21,14.5,2,85,27,20.6,6.2
4/25/1997,18,11.6,0,76,25,13.4,7.1
4/26/1997,20.9,5.1,0,72,32,6.2,3.9
4/27/1997,21.6,12,0,67,32,6.2,4.4
4/28/1997,16.9,7.5,0,83,25,6.2,2.7
4/29/1997,20.4,7.4,0,76,36,9.3,3.3
4/30/1997,23.9,14.6,0,75,36,9.3,3.6
5/1/1997,27.4,13.5,0,67,32,14.4,5.4
5/2/1997,19.5,9.9,0,59,23,9.8,3.1
5/3/1997,16.5,3.7,0,77,5,6.2,3
5/4/1997,17.6,5,0,84,36,6.2,1.7
5/5/1997,23.8,9.4,0,72,34,6.2,3.6
5/6/1997,26.6,14.7,0,71,34,4.1,2.4
5/7/1997,28,16.2,0,79,34,5.1,1.8
5/8/1997,28,15.9,0,73,16,7.2,2.6
5/9/1997,22,15.1,0,91,16,7.2,4.6
5/10/1997,22.4,15.2,0,92,5,6.2,2.8
5/11/1997,25.4,11.5,0,87,34,5.1,1
5/12/1997,27.7,13.3,0,85,5,9.3,0
5/13/1997,25.1,11.5,0,89,5,3.6,0.6
5/14/1997,20.4,14.3,0,89,5,6.2,2.7
5/15/1997,21.1,11.9,0,92,2,5.1,0.8
5/16/1997,23.6,11.1,0,82,5,10.3,3.9
5/17/1997,25.6,17.2,0,75,5,10.3,5.1
5/18/1997,22.5,17.1,21,93,7,10.3,6
5/19/1997,18.9,15.6,3,96,16,19.5,3.7
5/20/1997,17.9,7.7,10,88,9,9.3,6.2
5/21/1997,18.1,10.9,0,94,23,15.4,6.7
5/22/1997,11.9,6.1,0,81,27,12.3,7.6
5/23/1997,11.2,1.9,0,71,25,10.3,5.1
5/24/1997,11.6,0.6,0,76,25,3.1,0.8
5/25/1997,12.3,2,0,80,23,6.2,1.3
5/26/1997,12.4,0.4,0,83,5,7.2,1
5/27/1997,14.8,5.9,0,81,5,3.1,0.5
5/28/1997,14.1,4,0,88,27,6.2,1.8
5/29/1997,14.8,2,0,94,7,5.1,2.7
5/30/1997,17.2,11.1,0,83,5,9.3,6.2
5/31/1997,18.5,10.1,0,85,9,6.2,3
6/1/1997,17.6,8.9,0,93,5,6.2,1.8
6/2/1997,15.1,9.3,6,98,9,5.1,2.3
6/3/1997,16.7,10.9,0,94,7,7.7,4.4
6/4/1997,17.5,12.2,35,94,9,10.3,6.9
6/5/1997,17.6,13.6,0,79,23,9.3,4.2
6/6/1997,13.6,5.9,3,72,25,20.6,6.4
6/7/1997,13.7,6.9,0,86,25,20.6,8.7
6/8/1997,13.3,6.5,0,86,20,7.2,3.9
6/9/1997,14.3,9.3,0,91,32,10.3,4.6
6/10/1997,14.9,7.9,0,90,5,5.1,2.8
6/11/1997,16.6,8,0,93,14,5.1,3.2
6/12/1997,12.5,6.7,0,98,11,8.7,4.1
6/13/1997,15.3,12,20,94,11,10.3,7.1
6/14/1997,12.8,8,0.1,87,29,11.3,8.5
6/15/1997,14.4,8.4,2,90,23,12.3,8.5
6/16/1997,13.7,10,0.2,95,23,9.3,2.8
6/17/1997,16,6.3,0,87,29,6.7,4
6/18/1997,15.2,6.9,0,90,14,5.1,1.3
6/19/1997,18,10.3,0,88,5,5.1,0.5
6/20/1997,13,10.7,0.2,93,5,10.3,3.9
6/21/1997,13,10.3,1,97,23,8.7,4.6
6/22/1997,17.1,5.7,0,81,23,9.3,2.1
6/23/1997,13,10.2,2.5,93,9,7.7,3.2
6/24/1997,16.5,6.7,0,84,23,7.7,4.4
6/25/1997,14.9,6,0,72,23,8.2,3.1
6/26/1997,10.5,3.5,0,64,27,12.3,6.3
6/27/1997,7.3,-1.6,0,68,25,10.3,5.7
6/28/1997,10.7,-1.5,0,66,29,12.3,4.9
6/29/1997,13.5,3.2,0,54,29,9.3,4.1
6/30/1997,16,2.9,0,57,27,10.3,6.7
7/1/1997,15.5,6.7,0,69,36,10.3,5.1
7/2/1997,13,6.4,0,61,20,13.4,6.2
7/3/1997,14.1,3.2,0,53,32,7.2,3.5
7/4/1997,10.8,2.4,0,59,32,7.2,3.3
7/5/1997,10.9,-0.5,0,64,5,9.3,3.1
7/6/1997,14,1.8,0,84,18,9.3,3.9
7/7/1997,12.3,2.5,0,88,9,14.4,5.9
7/8/1997,14.2,8.5,8,97,9,5.1,2.4
7/9/1997,13,11.8,24,100,14,7.2,3.9
7/10/1997,12.7,11.3,0.8,98,18,9.3,5.7
7/11/1997,13.2,4.7,0,93,9,7.2,4.6
7/12/1997,13.2,8.2,24,94,9,10.3,6.4
7/13/1997,14.6,11.1,0.4,95,32,10.3,5.1
7/14/1997,17.8,6.5,0,80,29,7.7,4.6
7/15/1997,15.1,5.2,0,76,23,9.3,4.1
7/16/1997,14.6,2.6,0,64,27,6.2,2.6
7/17/1997,10.8,1.8,0,70,23,9.3,3.9
7/18/1997,10.6,-1.7,0,81,9,6.2,2.6
7/19/1997,12,0.8,0,83,14,14.4,4.8
7/20/1997,13.8,0.5,0,87,14,7.2,3.7
7/21/1997,12,4.4,0,96,7,6.2,4.5
7/22/1997,15.9,7.8,0,95,11,5.1,1.2
7/23/1997,18.2,6,0,85,2,5.1,1.7
7/24/1997,18.2,10.6,0,82,5,6.2,4.6
7/25/1997,21.5,11.8,0,84,36,9.8,5.3
7/26/1997,23.7,14.3,0,74,36,7.2,5.4
7/27/1997,23.8,18.7,0,73,34,9.3,5.8
7/28/1997,25.9,19,0,68,34,11.3,6.2
7/29/1997,26.2,18,0,63,36,15.4,6.8
7/30/1997,24.3,12.9,4,76,18,11.3,5.9
7/31/1997,15.8,9.5,0,79,16,8.2,5.5
8/1/1997,14.3,5.6,0,89,14,8.2,5.1
8/2/1997,14.4,8.4,0,93,16,9.3,3.3
8/3/1997,11.7,5.3,0,80,23,6.2,1.3
8/4/1997,9.6,0.6,0,69,23,7.2,3.1
8/5/1997,9.8,-2.5,0,72,36,6.2,1.2
8/6/1997,11.4,3.8,0,74,14,9.3,3.3
8/7/1997,11.3,1.6,0,80,16,9.3,5.4
8/8/1997,14.3,-0.3,0,85,2,7.2,1.5
8/9/1997,16.3,7.3,0,78,36,10.3,5.1
8/10/1997,18.6,11,0,73,34,9.3,4.1
8/11/1997,22.6,12.6,0,76,34,7.2,2.7
8/12/1997,18.3,6.8,0,85,9,7.7,2.8
8/13/1997,20.6,10.7,0,86,5,5.1,4.1
8/14/1997,24.2,12.4,7,78,18,12.9,3.3
8/15/1997,20.4,8.8,27,95,14,15.4,11.1
8/16/1997,17.1,9,0,96,9,12.3,7.7
8/17/1997,22,16.2,17,92,5,7.2,1.8
8/18/1997,17.1,14,0,98,14,14.4,6.3
8/19/1997,17,10.2,0,80,20,10.3,6.7
8/20/1997,13,2.5,0,73,18,10.3,5.4
8/21/1997,9.4,2.8,0,76,18,6.2,5.1
8/22/1997,11.7,5.8,0.6,92,14,10.3,7.1
8/23/1997,14.3,7.1,0,90,11,5.1,1.4
8/24/1997,15.5,3,0,82,36,9.3,2.6
8/25/1997,23.1,12.6,0,67,32,12.3,4.1
8/26/1997,23.7,11.6,0,74,36,8.2,5.4
8/27/1997,23.7,12.9,0,82,11,5.7,3.1
8/28/1997,26.3,14.1,0,80,5,6.2,1.3
8/29/1997,28,19.8,0,71,32,12.3,5.3
8/30/1997,27.4,15.6,35,74,20,18.5,5.8
8/31/1997,15.6,9.1,18,94,16,11.3,9.8
9/1/1997,12.4,8.5,0,92,18,10.8,8.9
9/2/1997,15.1,5.2,0,89,11,10.3,6.2
9/3/1997,17,11.8,4,94,11,5.1,2.6
9/4/1997,15.8,12.6,0,97,14,5.1,2.6
9/5/1997,19.1,8,0,83,18,8.2,3.6
9/6/1997,18.8,8,0,80,7,10.3,4.8
9/7/1997,17.9,13.9,0,90,16,10.3,6.8
9/8/1997,20.3,10,0,79,18,11.3,4.8
9/9/1997,17.3,6,0,73,23,13.4,4.4
9/10/1997,13,2.3,0,73,20,14.4,4.1
9/11/1997,12.9,-0.5,0,68,34,8.2,2.3
9/12/1997,16.6,8.5,0,69,36,7.2,4.2
9/13/1997,19.1,6,0,67,29,11.3,3.6
9/14/1997,20,4.4,0,57,29,10.3,4.1
9/15/1997,18.2,2.9,0,73,27,6.2,1.5
9/16/1997,22.3,6.6,0,65,18,10.3,3.9
9/17/1997,19.3,4.4,0,73,23,12.3,5.7
9/18/1997,13.9,1.2,0,79,7,9.3,4.2
9/19/1997,14.8,5.2,0,80,5,5.1,2.8
9/20/1997,15.5,7.8,0,83,18,9.3,4.6
9/21/1997,17.3,3.4,0,84,34,4.1,1
9/22/1997,18.6,8.1,0,86,36,4.1,1
9/23/1997,22.6,12.3,0,73,23,9.3,2.6
9/24/1997,17.8,3.7,0,81,18,8.2,3.1
9/25/1997,16.9,6.2,0,75,18,9.3,4.6
9/26/1997,16.6,3.5,0,71,2,7.2,2.3
9/27/1997,16.6,9.9,0,82,7,7.2,2.8
9/28/1997,19.8,8.9,0,89,7,9.3,1.5
9/29/1997,23.6,7,0,81,9,6.2,2.8
9/30/1997,18.6,7.2,0,82,11,10.3,4.8
10/1/1997,18.8,11.1,0,85,14,10.3,6.2
10/2/1997,17,6.2,0,79,5,13.4,7.2
10/3/1997,18,13.6,0,79,5,20.6,5.1
10/4/1997,15,11.6,40,97,11,10.3,3.1
10/5/1997,18.2,8.3,0,67,29,12.3,6.4
10/6/1997,18.1,7.3,0,65,29,7.2,3.6
10/7/1997,21.2,9.5,0,69,9,6.2,3.6
10/8/1997,21,10.5,0,72,14,12.3,4.6
10/9/1997,21.2,13,0,85,9,5.1,2.6
10/10/1997,23.3,12.4,1,86,34,14.4,3.3
10/11/1997,24.6,11.4,11,74,16,9.8,3.5
10/12/1997,20.8,15.3,0,90,16,16.5,8.1
10/13/1997,16.5,13.5,16,93,14,21.6,10.9
10/14/1997,17.8,14.4,9,97,14,11.3,6.7
10/15/1997,18.4,12.4,0,83,29,20.6,8.1
10/16/1997,15.7,5.6,0,78,23,10.3,5.9
10/17/1997,16.4,5.3,0,73,18,6.2,3.9
10/18/1997,19.8,6.8,0,76,2,5.1,2.3
10/19/1997,21.9,9.6,0,74,9,5.1,3.3
10/20/1997,22.6,12.1,0,83,14,8.2,3.3
10/21/1997,23.8,15.4,0,83,9,7.2,3.3
10/22/1997,25.3,13.8,0.1,83,11,5.7,2.4
10/23/1997,23.1,16.4,0,87,23,5.1,2.2
10/24/1997,26,12.2,0,74,32,3.1,0.8
10/25/1997,27.1,13.2,0,69,18,19.5,3.6
10/26/1997,21.6,12.2,0,79,14,10.3,5.4
10/27/1997,22,17.4,5,90,18,15.4,4.6
10/28/1997,20.6,14.2,0,73,18,12.3,8.9
10/29/1997,18.6,8.9,0,68,18,9.3,5.3
10/30/1997,18.9,7.1,0.1,68,18,10.3,6.2
10/31/1997,16.9,9.1,0,74,18,10.3,6.4
11/1/1997,18.5,5.9,18,80,7,13.4,3.1
11/2/1997,17.8,15.2,6,95,7,13.4,2.3
11/3/1997,20.7,11.4,0,85,20,10.3,6.8
11/4/1997,21.2,14.2,0,83,11,9.3,6
11/5/1997,21.7,17,7,86,11,6.2,4.4
11/6/1997,25.1,16.8,0,87,25,7.2,1
11/7/1997,26,17.5,0,77,9,8.2,2.3
11/8/1997,28.7,18,4,77,20,12.9,4.6
11/9/1997,24.7,15.5,8,82,7,14.4,4
11/10/1997,24.8,16,1,86,7,10.3,5.1
11/11/1997,22,16,11,97,16,9.3,0.5
11/12/1997,22.5,13.7,46,87,18,15.4,7.2
11/13/1997,21.6,10.4,0,77,32,10.3,4.6
11/14/1997,24.9,13,0,60,36,11.3,3.1
11/15/1997,26.8,10.5,0,67,36,9.3,4.1
11/16/1997,22.6,12.8,0,71,16,10.3,5.9
11/17/1997,18.5,7.5,0,72,18,9.3,5.8
11/18/1997,20.5,6.4,0,77,16,8.2,2.8
11/19/1997,23,14,0,77,5,8.2,4.8
11/20/1997,24.4,15.8,5,86,29,6.2,1.3
11/21/1997,28,14.4,2,77,27,10.3,4.9
11/22/1997,28.2,13.6,1,80,36,9.3,3.1
11/23/1997,28.9,16.8,0,76,18,10.3,5.7
11/24/1997,20.3,10.4,6,78,14,10.3,7.5
11/25/1997,17.6,13.2,25,92,9,9.3,3.3
11/26/1997,25.3,14.7,0,88,23,19.5,0.5
11/27/1997,23.8,14.4,0,75,18,15.4,3.9
11/28/1997,25.8,13.5,0,73,5,6.2,1.5
11/29/1997,22.9,15.9,7,90,32,4.1,1.9
11/30/1997,23.2,17,0,86,27,7.2,1.3
12/1/1997,24,11.2,0,56,9,6.2,3.1
12/2/1997,25.6,13.6,12,69,25,10.3,4.5
12/3/1997,23.7,10.9,0,49,34,8.2,5.1
12/4/1997,23.3,11.8,0,56,27,12.3,6.5
12/5/1997,25.2,9.9,0,65,11,4.1,1.7
12/6/1997,30.5,13.2,15,61,25,22.6,6.3
12/7/1997,24.3,14.7,0,77,25,6.2,2.6
12/8/1997,28.4,15.2,0,67,36,5.1,3.4
12/9/1997,24.8,16.7,11,82,11,10.3,2.4
12/10/1997,24.5,17.2,0,81,11,17.5,8.2
12/11/1997,30,19.7,0,75,14,5.1,2.1
12/12/1997,23.2,19.8,38,96,16,10.3,7.2
12/13/1997,21.9,18.9,24,98,16,10.3,4.1
12/14/1997,24,18.3,1,81,23,13.4,7.2
12/15/1997,21.9,14,0,64,23,8.2,4.5
12/16/1997,21.9,10,0,59,23,5.1,2.2
12/17/1997,20.5,13.8,0,65,14,7.2,4.8
12/18/1997,20.7,16,24,88,7,8.2,2.4
12/19/1997,25,17.1,1,90,9,9.3,4.1
12/20/1997,28.8,18.2,0,79,32,9.3,4.8
12/21/1997,21,14,22,68,14,12.3,9.6
12/22/1997,18.6,14.6,15,99,16,16.5,8.6
12/23/1997,22.4,12.6,0,79,36,5.1,2.7
12/24/1997,24.5,14.8,0,78,36,5.1,3.8
12/25/1997,29.2,14.7,0,74,5,3.6,1.5
12/26/1997,24.5,20.9,10,\N,36,6.2,\N
12/27/1997,27.3,17.5,0,74,27,8.2,1.8
12/28/1997,25.4,12.9,0,69,9,6.2,3.4
12/29/1997,29,20.2,0,84,23,7.2,1.5
12/30/1997,25.8,15.6,0,60,18,10.3,7
12/31/1997,18.5,10.8,20,82,14,8.7,5.3
1/1/1998,22.3,13,0,85,16,7.2,5.1
1/2/1998,24.2,12.8,0,83,16,7.2,3.1
1/3/1998,26,18.5,0,83,9,4.1,2.7
1/4/1998,28.6,15.4,113,82,5,9.3,3.1
1/5/1998,28.9,17.5,1,90,2,5.1,0.9
1/6/1998,26.4,15.2,0,71,16,13.4,3.6
1/7/1998,24.6,9,0,58,20,5.1,1.7
1/8/1998,26.5,14.4,0,57,34,4.1,1.5
1/9/1998,26.4,17.5,0,64,2,7.2,4.8
1/10/1998,27.8,18.3,0,78,7,6.2,2.7
1/11/1998,30.4,18.2,14,78,11,12.9,1.4
1/12/1998,26.8,14.7,0,76,18,10.3,4.1
1/13/1998,24.2,11.4,11,74,11,5.1,3.9
1/14/1998,25.6,17.3,0,86,20,7.2,3.4
1/15/1998,26,16,0,75,9,7.7,3.9
1/16/1998,25.9,18.2,0,75,7,4.1,2.9
1/17/1998,25.5,17.2,0,57,18,10.8,4.8
1/18/1998,24,9.8,0,63,18,5.1,3.3
1/19/1998,24.6,14.1,4,89,9,3.1,2.7
1/20/1998,26.2,19.6,8,84,11,14.4,8.2
1/21/1998,25,20.1,9,97,23,7.2,4.1
1/22/1998,23.9,13.7,0,63,23,6.2,3.1
1/23/1998,24.8,15,0,65,5,5.1,2.4
1/24/1998,26.6,17.9,0,60,27,9.3,5.1
1/25/1998,26.7,14.6,0,74,14,7.2,4.6
1/26/1998,31.2,18.6,6.5,77,9,6.2,3.8
1/27/1998,26.5,21.8,2,93,5,7.2,2.1
1/28/1998,23.6,13.4,0,62,20,9.8,4.3
1/29/1998,23.6,13.2,0,62,9,5.1,2.4
1/30/1998,26.8,11.8,0,67,5,4.1,1.4
1/31/1998,28.8,15.6,0,67,36,4.1,2.9
2/1/1998,30.7,16.4,2,71,14,12.3,4.3
2/2/1998,19.3,15.3,3.5,85,18,12.3,6.9
2/3/1998,20.1,15.2,34,98,14,14.4,9.3
2/4/1998,21.2,16.9,4,97,11,7.7,4.5
2/5/1998,26,18.5,6,93,9,5.1,3.3
2/6/1998,26.5,20.4,5,88,9,10.3,3.8
2/7/1998,24,15.5,0,71,20,10.3,7.9
2/8/1998,20.5,14.5,0.6,76,2,2.6,1.5
2/9/1998,24.8,15.8,0,83,23,9.3,4.1
2/10/1998,24,10.8,0,65,20,7.7,3.4
2/11/1998,20.9,9,0,71,23,8.2,3.8
2/12/1998,23.2,9.2,0,75,23,4.1,1.4
2/13/1998,24,12.2,0,73,5,5.1,3.4
2/14/1998,27.2,13.1,0,76,7,6.2,3.1
2/15/1998,26.5,16.5,0,81,11,6.2,3.9
2/16/1998,28.5,18.7,0,83,11,10.3,6.9
2/17/1998,28,21.5,0,78,11,7.2,5.8
2/18/1998,28.2,22.3,0.6,80,7,7.7,3.4
2/19/1998,28.5,19.7,0,78,34,4.1,1.4
2/20/1998,23.9,17.2,0,83,27,6.2,2.7
2/21/1998,22.7,13.2,0,81,18,6.2,3.4
2/22/1998,23.5,13,0,72,18,8.2,4.5
2/23/1998,20.6,15.6,0,75,9,6.2,3.1
2/24/1998,27.2,13.7,0,80,18,7.2,3.9
2/25/1998,28.3,14,0,78,27,5.1,1.7
2/26/1998,32.2,18.4,0,61,23,5.1,1.4
2/27/1998,27.2,13.4,0,62,11,7.7,4.3
2/28/1998,27.6,15.5,0,55,9,6.2,3.9
3/1/1998,26.4,14.5,0,61,11,5.7,3.4
3/2/1998,26.6,15.1,0,74,9,5.1,2.2
3/3/1998,29.5,13.9,0,74,5,5.1,2.2
3/4/1998,32.5,20.1,40,61,2,9.3,3.9
3/5/1998,27.4,18.3,61,85,9,7.2,4.5
3/6/1998,26.8,18.5,9,90,14,9.3,1.7
3/7/1998,25.6,20.2,0,86,14,9.3,4.5
3/8/1998,26.2,14.3,0,74,11,7.2,4.1
3/9/1998,25.8,16.3,33,86,7,6.2,2.9
3/10/1998,22.3,12.4,0,62,23,15.4,7.7
3/11/1998,19.5,6.6,2,70,23,6.2,4.8
3/12/1998,21.6,13.6,0,75,11,2.1,0
3/13/1998,22.8,12.5,0,83,9,6.2,3.9
3/14/1998,23.4,12,0,80,9,6.2,3.8
3/15/1998,23.4,12,0,74,11,8.2,4.8
3/16/1998,23.9,14,0,69,9,10.3,4.5
3/17/1998,23.7,18.8,0,72,11,14.4,5.8
3/18/1998,24.4,19.5,0,85,9,10.3,6.9
3/19/1998,26.4,16.5,0,88,9,5.1,1.7
3/20/1998,28,15.5,0,77,36,4.6,0
3/21/1998,25.7,18.4,0,79,9,6.2,5.1
3/22/1998,26,16.2,0,72,7,3.1,1.5
3/23/1998,27.2,16.2,4,80,18,6.2,4.1
3/24/1998,21.5,13.4,0,60,20,7.2,5.8
3/25/1998,17.8,6.7,0,69,23,12.9,6.3
3/26/1998,19.4,5,0,75,16,4.1,0.7
3/27/1998,20.2,13.8,0,73,5,4.1,1.9
3/28/1998,24,9.3,0,73,34,6.2,1.7
3/29/1998,26.5,13.2,0,64,32,4.1,2.7
3/30/1998,25.8,14,0,64,36,5.1,3.1
3/31/1998,21,13.2,0,71,18,12.3,3.1
4/1/1998,21.3,5.8,0,73,9,5.1,1.4
4/2/1998,23.1,6.4,0,73,5,4.1,1.2
4/3/1998,23.8,9.2,0,66,36,6.2,2.7
4/4/1998,22.4,15,0,78,5,10.3,4.5
4/5/1998,24.5,15.4,0,79,2,6.2,3.8
4/6/1998,25.2,14.7,30,75,5,7.2,2.6
4/7/1998,19.4,14.2,4,90,27,17.5,8.1
4/8/1998,20.3,12.4,0,76,25,6.2,3.4
4/9/1998,19.7,6.7,0,82,5,5.1,3.1
4/10/1998,20,15.2,1,82,11,7.2,3.3
4/11/1998,20.3,15.4,0,95,16,7.2,3.6
4/12/1998,20,17.3,3,95,11,9.3,5.1
4/13/1998,22.4,18.3,0,95,11,6.2,3.4
4/14/1998,24,18.9,0,77,32,5.1,1.7
4/15/1998,24.3,15.6,0,84,27,2.1,0.7
4/16/1998,21.6,16.8,10,93,25,5.1,2.9
4/17/1998,18.5,15.3,45,95,18,10.3,5.8
4/18/1998,21,13.5,0.2,84,18,9.3,4.5
4/19/1998,21.8,10.6,0,89,18,5.1,0.7
4/20/1998,20,10.7,0,86,36,2.6,0.7
4/21/1998,23.1,13.4,0,81,5,4.1,1.9
4/22/1998,22,14.6,2,82,14,9.3,6.2
4/23/1998,22.3,17.4,0.7,91,14,4.1,2.2
4/24/1998,21.5,14.9,0,90,23,6.2,2.9
4/25/1998,23,12.3,0,83,23,6.2,1.7
4/26/1998,21,14.2,0,91,11,9.3,4.8
4/27/1998,20.5,14.6,25,93,11,14.4,5.1
4/28/1998,17,12.4,1,89,32,6.2,2.9
4/29/1998,17.5,12.2,0,90,20,21.6,11.1
4/30/1998,19.1,12.8,0,87,23,8.2,4.5
5/1/1998,17.8,8.9,0,85,23,4.1,3.1
5/2/1998,17.5,9.8,0,81,23,2.1,0
5/3/1998,18.7,11.8,0,83,27,4.1,1.4
5/4/1998,19.5,8.8,0,78,23,4.1,1.4
5/5/1998,20.2,7.7,0,82,2,5.1,0.9
5/6/1998,20,9.5,0,77,36,5.1,2.4
5/7/1998,19.7,11.3,0,81,2,5.1,2.4
5/8/1998,22,14.8,0,77,36,6.2,2.4
5/9/1998,22.4,14.5,0,86,16,6.2,2.1
5/10/1998,21.1,15.5,5,89,34,5.1,2.2
5/11/1998,22,16.6,11,91,20,8.2,4.8
5/12/1998,19.2,12.8,0,86,18,9.3,4.8
5/13/1998,16.6,8.1,0,84,16,9.3,7
5/14/1998,17.4,10.6,0,86,18,10.3,7.5
5/15/1998,17,9.3,0,86,18,6.2,3.4
5/16/1998,15.8,5.1,0,74,23,5.1,1.5
5/17/1998,18.4,5.1,0,80,36,4.1,1.4
5/18/1998,17.7,7.4,0,76,36,6.2,3.6
5/19/1998,20,13.8,0,79,36,9.3,3.8
5/20/1998,15.7,8.5,0,90,16,6.2,2.9
5/21/1998,18.4,11.6,0,91,5,5.1,1.9
5/22/1998,20.5,9.5,0,86,36,2.1,0.7
5/23/1998,15.8,11.6,0,97,9,4.1,1.4
5/24/1998,17,14.1,0,96,14,5.1,2.7
5/25/1998,17.4,13.9,50,96,11,14.4,6.2
5/26/1998,15.8,11.4,0.2,94,23,16.5,5.7
5/27/1998,15,8,0,87,23,5.1,4.1
5/28/1998,15.8,7.4,0,81,11,5.1,2.4
5/29/1998,16.2,7.5,0,85,7,4.1,1.4
5/30/1998,17.5,6.4,0,81,27,6.2,2.4
5/31/1998,17.5,6,0,85,36,5.1,0
6/1/1998,15.8,7.2,0,91,29,6.2,2.4
6/2/1998,15.7,4.4,0,68,27,2.1,0.7
6/3/1998,16.4,3.5,0,85,34,3.1,1
6/4/1998,17.4,8.2,0,72,5,7.2,3.4
6/5/1998,19.7,10.3,0,73,5,7.2,5.5
6/6/1998,21.1,14,0,80,36,5.7,1.7
6/7/1998,16.2,9.8,0,90,18,6.2,5.5
6/8/1998,15.5,10,0,90,20,5.7,2.7
6/9/1998,14.4,8.1,0,90,18,7.7,4.3
6/10/1998,11.4,6.1,0,84,16,8.2,5.7
6/11/1998,11.2,4.6,0,75,18,7.2,3.8
6/12/1998,12.5,-1.1,0,79,18,3.1,0
6/13/1998,13.3,2.9,0,85,14,5.7,1.4
6/14/1998,13.8,5.1,2,86,9,6.2,3.6
6/15/1998,14.6,12.9,10,\N,9,6.2,\N
6/16/1998,14.2,10,0,90,23,9.3,5.8
6/17/1998,13.6,7.3,0,87,20,8.2,5
6/18/1998,16.5,5.4,0,71,25,5.1,2.1
6/19/1998,13.4,1.6,0,86,27,2.1,0.3
6/20/1998,16.2,2.1,0,87,27,5.1,1.4
6/21/1998,17.2,0.7,0,84,7,2.1,0.7
6/22/1998,15.5,4.5,0,86,9,2.1,0
6/23/1998,15,5.5,0,82,20,7.2,3.4
6/24/1998,13.6,2.5,0,82,18,4.1,2.1
6/25/1998,14.9,5.5,0,75,34,8.2,5.1
6/26/1998,14.9,8.7,0,81,29,5.1,3.1
6/27/1998,13.5,6.5,0,91,5,4.1,2.4
6/28/1998,15.5,2.3,0,87,36,6.2,2.1
6/29/1998,15.4,6.8,5,90,14,4.1,1.9
6/30/1998,13,10.2,0,98,20,6.2,4.8
7/1/1998,11,1,0,100,27,3.1,1.9
7/2/1998,12.8,-1.1,0,89,36,6.2,3.8
7/3/1998,11.6,8,0,92,36,6.2,3.1
7/4/1998,14,6.5,14,98,14,4.1,2.1
7/5/1998,17,13.2,0,98,5,2.6,0.3
7/6/1998,15.6,12.4,0,98,18,6.2,0
7/7/1998,17.2,9,0,89,23,5.1,1.9
7/8/1998,13.8,2.1,0,78,2,2.6,1.4
7/9/1998,14.6,4.5,0,74,34,8.2,5.8
7/10/1998,14.4,8.6,0,68,36,7.2,5.5
7/11/1998,16,4.3,0,81,32,6.2,2.1
7/12/1998,16.4,6.7,0,85,9,6.2,2.7
7/13/1998,16.3,9,0,91,5,6.2,3.6
7/14/1998,18.4,9.5,0,87,2,5.1,3.1
7/15/1998,17.8,9.5,0,87,36,4.1,2.2
7/16/1998,15.7,8,22,99,11,4.1,2.4
7/17/1998,16,11.6,0,97,9,3.1,0.3
7/18/1998,16.4,5.8,0,78,23,6.2,3.8
7/19/1998,16.8,8.5,0,79,34,7.2,3.8
7/20/1998,14.3,8.7,0,98,32,3.1,0.7
7/21/1998,12.5,7.8,0,95,14,7.2,4.1
7/22/1998,14.8,9.7,0,86,9,13.4,6.5
7/23/1998,16.6,11.6,9,89,11,7.2,4.8
7/24/1998,17.5,14.2,41,99,16,9.3,5.5
7/25/1998,16.9,12.2,2,95,23,15.4,10.3
7/26/1998,15.7,11.4,0,94,20,7.2,3.6
7/27/1998,17.2,10.4,0,84,32,5.1,2.7
7/28/1998,17.8,5.6,0,66,23,5.1,2.1
7/29/1998,17.2,3.4,0,74,29,4.1,1.4
7/30/1998,16.7,4.3,0,72,36,4.1,0.9
7/31/1998,15.8,2.4,0,84,9,3.1,2.4
8/1/1998,16.2,0.8,0,92,9,6.2,2.7
8/2/1998,12.9,9.2,0,97,20,5.1,1.7
8/3/1998,14.8,8.6,0,93,23,3.1,0
8/4/1998,14.6,6.8,0,95,9,5.1,1.9
8/5/1998,15.5,7.2,0,87,18,5.1,3.4
8/6/1998,16,5.9,0,89,23,5.1,1.7
8/7/1998,18.6,6.5,0,90,9,3.1,1
8/8/1998,15.4,9.4,0,92,5,8.2,2.1
8/9/1998,17.2,7.7,0,88,11,7.2,3.1
8/10/1998,14.9,9.8,3,95,18,10.3,6.2
8/11/1998,12.4,2.2,0,79,23,7.2,2.7
8/12/1998,13.6,0,0,83,36,4.1,0.9
8/13/1998,17.8,2.1,0,73,27,4.1,0.7
8/14/1998,17.7,5.4,0,72,34,9.3,2.7
8/15/1998,19.2,7.1,0,76,32,5.1,1.7
8/16/1998,18.6,4,0,82,5,5.1,1
8/17/1998,17,8.6,0,81,23,9.3,4.5
8/18/1998,15.6,0.4,0,81,9,5.1,3.1
8/19/1998,19,4.4,4,92,36,5.1,2.4
8/20/1998,12.4,2,0,71,20,6.2,3.4
8/21/1998,12.5,-1.2,0,71,9,5.1,2.7
8/22/1998,14.5,0.3,0.1,59,5,12.3,8.2
8/23/1998,16,9.9,0,88,18,7.2,3.4
8/24/1998,17,3.6,0,86,11,6.2,3.1
8/25/1998,16.6,1.5,0,80,9,6.7,2.4
8/26/1998,15.6,0.8,0,76,11,5.1,1.4
8/27/1998,19.8,2.9,0,60,27,5.1,0.7
8/28/1998,20,7.9,0,67,34,6.2,3.4
8/29/1998,15.3,3.5,0,67,16,12.3,4.8
8/30/1998,15.2,0.8,0,68,2,6.2,3.8
8/31/1998,17,8.6,0,73,36,9.3,5.5
9/1/1998,21,7.5,2,77,5,4.1,2.7
9/2/1998,14.8,10.8,1,93,18,5.1,3.1
9/3/1998,16.1,7.4,0,78,20,5.7,1.7
9/4/1998,19.2,1.2,0,84,34,4.1,1
9/5/1998,19.8,5.1,0,75,5,4.1,1.5
9/6/1998,18.8,9.2,0,68,36,6.2,3.9
9/7/1998,19.4,6.9,0,76,23,6.2,1.5
9/8/1998,17.2,8.4,0,60,23,14.9,4.5
9/9/1998,16.1,2.3,0,54,2,5.1,2.6
9/10/1998,20.1,8,0,69,36,7.2,2.9
9/11/1998,22,13,4,81,9,6.2,3.4
9/12/1998,20.7,8.5,0,52,23,3.6,2.4
9/13/1998,14.6,3.2,0,67,18,6.2,3.4
9/14/1998,15.4,3.7,0,64,2,5.1,2.2
9/15/1998,17.7,3,0,76,36,4.1,1.4
9/16/1998,19.6,11.2,0,66,20,7.2,3.4
9/17/1998,14.6,8,0,75,16,16.5,7.7
9/18/1998,11.5,1.2,0,65,18,15.4,8.2
9/19/1998,12.6,0.5,0,72,20,11.8,5.8
9/20/1998,14.4,2.7,0,88,20,7.2,4.3
9/21/1998,15.2,2.9,0,83,7,9.3,6.5
9/22/1998,18.6,10.4,0,83,7,14.4,9.4
9/23/1998,18.1,12.2,16,87,7,14.4,5.1
9/24/1998,21.6,12.4,0,76,23,4.6,2.7
9/25/1998,23.2,7.1,0,62,7,8.2,3.8
9/26/1998,16.3,14.1,32,91,7,8.2,4.3
9/27/1998,14.9,9.4,6,92,29,20.6,11
9/28/1998,15,6.7,0,71,27,13.4,6.9
9/29/1998,19,4.2,0,56,32,6.2,2.9
9/30/1998,21.4,10.8,0,57,36,5.1,3.1
10/1/1998,21.2,8.6,0,68,36,4.1,0
10/2/1998,21,5.1,0,69,5,6.2,3.4
10/3/1998,21.5,11,0,85,7,6.2,2.9
10/4/1998,20.5,9.7,20,93,18,6.2,4.1
10/5/1998,18.1,6.5,0,67,\N,\N,3.4
10/6/1998,23.2,8.9,0,59,27,5.1,2.4
10/7/1998,22,7,0,67,5,6.2,1.7
10/8/1998,21.6,12.7,0,69,36,5.1,2.4
10/9/1998,23.7,11,0,77,11,7.7,3.9
10/10/1998,24.5,13.6,6,81,7,10.3,7.9
10/11/1998,21.8,16.2,0,87,9,6.2,3.8
10/12/1998,20.4,11.5,0,84,14,12.3,5.5
10/13/1998,17.7,8.5,0,86,9,8.2,4.5
10/14/1998,23,5.8,0,80,36,5.1,3.1
10/15/1998,25.7,14,8,71,36,7.2,5.5
10/16/1998,22.4,15.7,0,78,9,10.3,5.5
10/17/1998,20.4,12.3,0,71,7,9.3,3.8
10/18/1998,25.3,11.5,0,68,34,5.7,4.3
10/19/1998,25.5,16.9,0,62,36,9.3,3.8
10/20/1998,22.8,13.9,1,87,34,5.1,1.9
10/21/1998,27.5,13.2,0,75,7,5.1,2.7
10/22/1998,27.6,17,25,78,20,8.2,5.8
10/23/1998,17.8,9.8,0,64,18,16.5,7.4
10/24/1998,17.5,5,0,60,7,8.2,3.8
10/25/1998,20,9.2,0,72,5,7.2,3.1
10/26/1998,24.1,9.9,0,80,7,5.1,1.5
10/27/1998,23.4,10.4,0,63,20,8.2,3.8
10/28/1998,18,9.8,9,79,5,8.2,2.4
10/29/1998,18.4,4.9,0,71,9,7.7,4.3
10/30/1998,19.5,7.5,0,63,5,6.2,3.1
10/31/1998,20.8,8,0,68,14,11.3,5.7
11/1/1998,19.6,6.1,0,73,7,7.7,3.4
11/2/1998,21.5,9.2,0,71,11,8.2,4.5
11/3/1998,22.6,13.9,0,74,5,8.2,5.1
11/4/1998,25.3,13.8,0,73,7,5.1,3.3
11/5/1998,18.9,13.2,4,87,18,9.3,5.5
11/6/1998,17.1,12,28,96,9,6.2,4.8
11/7/1998,18.8,13.4,0,93,16,9.3,6.9
11/8/1998,21,12.4,0,81,7,6.2,4.8
11/9/1998,21.6,14.4,0,80,9,6.2,3.1
11/10/1998,23,14.9,0,74,7,9.3,5.5
11/11/1998,23,13.7,0,70,5,9.3,6.5
11/12/1998,27.8,15,0,69,2,5.1,2.7
11/13/1998,28.3,11.6,0,63,5,6.2,3.1
11/14/1998,28.4,18.7,0.2,74,23,6.2,2.7
11/15/1998,21.6,13.6,18,91,14,7.2,4.8
11/16/1998,15.6,12.7,15,96,16,15.4,9.1
11/17/1998,20.8,11.3,0,74,18,12.3,7.7
11/18/1998,21.4,8.1,0,67,2,4.1,1.4
11/19/1998,25,11.2,0,64,34,6.2,2.1
11/20/1998,26.5,13.7,0,66,7,5.1,2.1
11/21/1998,27,15,0,66,5,6.2,5.1
11/22/1998,28,14.8,0,71,5,5.1,4.5
11/23/1998,27.4,19.4,0,77,5,6.2,4.5
11/24/1998,22.6,14.7,0,74,18,15.4,8.9
11/25/1998,23,10.2,0,69,23,8.2,5.5
11/26/1998,28.2,15,0,45,34,13.4,7.5
11/27/1998,28.8,18.3,0,46,34,11.3,5.8
11/28/1998,23.6,15,0,78,9,7.2,2.2
11/29/1998,29.3,8.3,0,55,27,6.2,4.1
11/30/1998,28.8,11.7,0,58,2,4.1,0.9
12/1/1998,30.4,20.3,0,58,34,9.3,5.5
12/2/1998,30.5,15.2,0,56,36,5.1,2.1
12/3/1998,31.8,19,0,62,5,5.7,1.7
12/4/1998,33.6,19.1,0,57,18,23.2,6.3
12/5/1998,21.5,11.3,0,59,18,13.9,8.1
12/6/1998,22.7,6.7,0,67,7,7.2,5.5
12/7/1998,27.9,14.6,0,60,36,12.3,5.5
12/8/1998,30.4,10.6,0,36,34,10.3,4.1
12/9/1998,25.8,13.6,0,57,9,12.3,5.5
12/10/1998,26.8,13.7,0,52,2,5.7,2.4
12/11/1998,30,13.2,0,63,5,6.2,4.8
12/12/1998,29.3,17.1,77,72,14,13.4,6.9
12/13/1998,23.7,16.4,0.8,83,11,16.5,4.8
12/14/1998,26.9,14.5,0,61,20,6.2,2.4
12/15/1998,27,17,11,65,36,9.3,5.8
12/16/1998,21,15.6,21,86,16,17.5,7.9
12/17/1998,24,13.3,0,65,16,12.3,8.2
12/18/1998,25.7,11.9,0,59,20,6.2,2.7
12/19/1998,27,17,0,59,32,6.2,3.1
12/20/1998,24.2,17,6,88,29,11.3,3.1
12/21/1998,20.1,15.1,1,79,18,15.4,6.7
12/22/1998,23,7.6,0,57,18,7.2,2.1
12/23/1998,26,16.3,0,50,36,9.3,6.9
12/24/1998,29.7,17.5,0,53,34,6.2,2.7
12/25/1998,31,21.5,0,54,36,9.3,4.8
12/26/1998,33.1,19.4,0,54,36,9.3,4.6
12/27/1998,33.6,22.4,0,62,25,18.5,3.1
12/28/1998,28.5,20.2,0,76,27,11.3,2.4
12/29/1998,24.6,16.1,0.2,66,20,13.4,5.1
12/30/1998,27.3,12.8,0,57,25,7.2,3.1
12/31/1998,25,14,0,58,18,9.3,5.5
1/1/1999,27.7,14.5,8,\N,32,14.4,7.7
1/2/1999,26.5,18.6,0,62,20,8.2,5.3
1/3/1999,27.5,13,4,60,36,10.3,6.5
1/4/1999,26.6,16.9,3,70,14,12.3,4.8
1/5/1999,23.4,10.2,0,66,11,8.2,5.1
1/6/1999,23.7,9.1,0,67,9,8.2,5.8
1/7/1999,26,16,0,66,7,9.3,6.9
1/8/1999,28.4,19.4,6,74,20,13.4,3.4
1/9/1999,21.7,12.9,0,67,18,13.4,9.6
1/10/1999,21.9,8.3,0,63,20,9.3,6.9
1/11/1999,23,10.9,0,62,11,10.3,5.5
1/12/1999,25.7,15.7,0,65,9,10.3,6.2
1/13/1999,26.7,17.7,0.7,71,16,13.4,6.5
1/14/1999,24.7,8.3,0,64,16,13.4,4.8
1/15/1999,25.2,8,0,66,2,8.2,5.8
1/16/1999,28.1,12.3,0,56,9,7.2,4.8
1/17/1999,29.8,15.8,0,62,5,6.2,5.1
1/18/1999,31,17.8,2,68,2,6.2,4.1
1/19/1999,27.4,19.7,0,73,9,10.3,7.5
1/20/1999,28,20.2,0,76,7,14.4,7
1/21/1999,29.1,15.6,0,73,14,9.3,5.8
1/22/1999,28.3,17.5,0,74,7,11.3,8.2
1/23/1999,28.9,21.7,45,86,7,7.2,5.3
1/24/1999,29,20.6,0.7,75,27,10.3,6.9
1/25/1999,26.5,18,0,64,20,9.3,5.8
1/26/1999,27,14.8,0,75,9,9.3,6.9
1/27/1999,26.8,18.9,14,73,9,12.3,6.9
1/28/1999,25.5,19.5,9,80,11,12.9,6.5
1/29/1999,26.7,19.5,1,72,11,9.3,4.8
1/30/1999,28,18.5,6,76,36,8.2,2.4
1/31/1999,25.2,10.8,0,49,25,11.3,5.5
2/1/1999,19,12.1,56,83,5,18,6.5
2/2/1999,22.4,12.6,0,66,20,6.2,3.1
2/3/1999,23.3,14.5,6,80,36,9.3,4.8
2/4/1999,25.2,12.4,0,60,5,5.1,1.7
2/5/1999,28.3,18,2.5,62,7,9.3,6.5
2/6/1999,24.6,20.8,54,94,18,6.2,3.8
2/7/1999,21.5,13.5,0,69,18,14.4,7.9
2/8/1999,23.5,11,0,59,36,5.1,2.4
2/9/1999,26.8,13.4,0,68,9,6.2,3.8
2/10/1999,29.6,18.4,0,55,25,14.4,7.2
2/11/1999,21.5,9.5,0,67,9,9.3,3.8
2/12/1999,20.3,13.5,5,75,5,6.2,4.1
2/13/1999,28.6,15.9,0,74,9,5.1,2.4
2/14/1999,22.6,17.5,0,85,18,9.3,3.9
2/15/1999,29.1,14.1,0,68,5,3.1,0.7
2/16/1999,31.1,18.2,0,73,5,7.7,4.5
2/17/1999,32,20.2,0,65,27,5.1,1.7
2/18/1999,31.8,20.1,39,75,18,18.5,2.7
2/19/1999,31.3,19.8,0,75,7,7.7,4.1
2/20/1999,32.6,20.5,0,78,14,12.9,3.8
2/21/1999,27.3,21,0,85,14,10.3,6.2
2/22/1999,28.2,22.2,0,73,5,10.3,6.5
2/23/1999,28,20.4,2,78,20,7.2,4.5
2/24/1999,29.7,17.8,0,84,7,7.2,4.1
2/25/1999,27.2,18.7,0,82,11,8.2,5.5
2/26/1999,27.8,17.8,0,80,9,7.2,4.1
2/27/1999,27.2,18.2,0,84,11,5.1,2.4
2/28/1999,26.7,18.5,4,89,20,6.2,4.3
3/1/1999,30.3,17.9,0,77,29,5.7,2.7
3/2/1999,29.2,20,0,82,16,8.2,6.5
3/3/1999,26.9,16.5,0,76,11,12.9,8.9
3/4/1999,30,22.3,0,82,7,11.8,4.8
3/5/1999,28.8,20.5,41,89,9,9.3,6.2
3/6/1999,28.6,21,2,83,5,9.3,8.6
3/7/1999,31.2,23.8,0,83,2,7.7,5.7
3/8/1999,31.1,23.9,4,83,29,8.2,4.3
3/9/1999,25.3,18,0,70,23,9.3,6.9
3/10/1999,23.6,14.4,0,72,20,6.2,5.5
3/11/1999,23.3,13.1,0,77,16,11.3,7.5
3/12/1999,22.8,10.6,0,81,5,6.2,4.1
3/13/1999,24,13,0,73,2,6.2,3.6
3/14/1999,27,16.5,0,74,36,8.2,5.8
3/15/1999,28.7,20.3,0,83,34,5.1,3.4
3/16/1999,26.5,19.9,0,85,27,3.1,1.4
3/17/1999,26,21,0,89,9,7.2,3.6
3/18/1999,23.3,18.6,3,90,16,12.3,8.2
3/19/1999,23.9,16.9,0,87,16,9.3,8.2
3/20/1999,25.1,14.2,0,79,11,6.2,4.3
3/21/1999,26.2,14.5,0,83,5,5.1,3.1
3/22/1999,26.5,17,0,76,5,6.2,4.8
3/23/1999,30,20,26,77,34,7.2,3.8
3/24/1999,24.7,18.9,7,91,14,9.3,5.7
3/25/1999,21.9,13.4,0,76,18,10.3,7.2
3/26/1999,21.9,10.7,0,71,14,6.2,4.1
3/27/1999,22.4,11.4,61,82,9,9.8,7.5
3/28/1999,19.5,13.8,0,92,9,12.9,7.9
3/29/1999,22,11.9,0,77,23,12.9,5.3
3/30/1999,22.7,8.8,0,76,36,6.2,2.4
3/31/1999,23.5,13.6,0,80,27,8.2,4.3
4/1/1999,21.4,11.2,0,81,36,15.4,6.3
4/2/1999,19.6,12.2,0,74,14,10.3,7.9
4/3/1999,20.8,14.9,10,84,11,12.9,8.6
4/4/1999,21.5,16,0,92,32,5.1,2.4
4/5/1999,24.4,14.6,0,71,25,9.8,7.5
4/6/1999,18.6,5.8,0,76,18,6.2,2.4
4/7/1999,19.6,7.7,0,77,5,5.1,1
4/8/1999,20,6.5,0,78,11,6.2,1.7
4/9/1999,19.7,6.2,0,78,7,10.3,4.5
4/10/1999,20.3,8.8,12,84,7,12.3,5.1
4/11/1999,20.4,15.5,2,95,9,6.2,2.1
4/12/1999,20.8,13,0,86,20,7.2,2.7
4/13/1999,22.4,10,0,80,29,5.1,2.4
4/14/1999,22.5,15.4,6,73,34,8.2,5.8
4/15/1999,19.9,9,0,78,20,9.3,4.5
4/16/1999,14.7,6,0,74,20,19.5,7.5
4/17/1999,17.8,4.2,0,63,27,6.2,3.8
4/18/1999,19,8.4,0,81,18,8.2,4.1
4/19/1999,18.8,5.5,0,80,18,5.1,2.1
4/20/1999,21.4,7,0,82,34,5.1,1.7
4/21/1999,22.6,8.8,0,80,36,7.2,3.1
4/22/1999,23.1,10.2,0,80,36,4.1,1.5
4/23/1999,26.7,11.9,0,78,25,4.6,1.7
4/24/1999,17.9,13.2,0,83,14,10.3,8.2
4/25/1999,16.4,13.6,0,82,9,12.9,9.3
4/26/1999,19.3,14.6,3,84,2,11.3,6.9
4/27/1999,17.1,10.4,7,79,34,6.2,4.1
4/28/1999,16.7,12.6,0,91,23,4.1,3.4
4/29/1999,17.4,12.2,0,86,27,6.2,3.1
4/30/1999,19.8,9.5,0,82,27,4.1,2.4
5/1/1999,22,12.8,1,82,34,5.1,3.4
5/2/1999,24.6,16.9,0,83,7,4.1,1
5/3/1999,25.7,17.6,14,83,20,14.4,9.1
5/4/1999,17.8,7.2,0,75,18,4.1,2.1
5/5/1999,19.8,6.1,0,64,27,11.8,5.5
5/6/1999,18.7,11.2,0,74,25,8.2,3.6
5/7/1999,18.6,9.8,0,72,25,9.3,3.8
5/8/1999,22,8.4,0,73,34,3.1,2.4
5/9/1999,21.4,12.8,0,76,32,4.1,2.4
5/10/1999,20,11.7,0,83,2,5.1,2.4
5/11/1999,17.5,8.6,0,91,16,8.2,3.6
5/12/1999,16.2,1.6,0,79,25,7.2,2.1
5/13/1999,15.8,3.2,0,74,5,8.2,2.7
5/14/1999,18.4,6,0,74,36,8.2,4.8
5/15/1999,19.2,9.1,0,84,34,5.1,2.4
5/16/1999,19.5,9,0,83,23,4.1,0.7
5/17/1999,14.7,10.5,0,79,16,9.8,6.5
5/18/1999,14.2,6.9,0,79,18,7.2,4.8
5/19/1999,14.3,1.9,0,81,18,10.3,3.4
5/20/1999,15.4,1.9,0,84,20,5.1,3.1
5/21/1999,15.2,3,0,84,34,4.1,1
5/22/1999,17.2,3.8,0,82,32,4.1,1.4
5/23/1999,16.5,8,0,80,34,5.1,1.4
5/24/1999,15.8,5,0,78,18,4.1,3.4
5/25/1999,16.5,5,0,85,36,5.1,3.4
5/26/1999,18.9,7.4,0,79,20,6.2,2.9
5/27/1999,15,2.9,0,81,9,8.2,6.2
5/28/1999,14.3,9.9,15,90,7,9.3,5.1
5/29/1999,16.1,9.5,0,85,25,7.2,6.2
5/30/1999,14.1,5.2,2,88,25,6.2,3.4
5/31/1999,14.5,9,0,82,32,6.2,2.7
6/1/1999,12.9,3.8,0,75,18,8.2,4.8
6/2/1999,13.2,2.4,5.5,78,5,6.2,2.4
6/3/1999,11.8,4,0,72,23,9.3,4.8
6/4/1999,11.7,-0.7,0,79,25,6.2,2.1
6/5/1999,12.4,0.1,0,74,27,5.1,2.7
6/6/1999,13.2,0.4,0,78,36,5.1,1.7
6/7/1999,13,4.1,0,73,36,6.2,3.6
6/8/1999,12,5.6,5,93,5,6.2,3.8
6/9/1999,13.5,8.2,0,85,20,10.3,6
6/10/1999,13.5,3.6,0,64,27,10.3,8.6
6/11/1999,16,7.4,0,69,34,6.2,5.1
6/12/1999,16,4,0,73,25,7.7,2.9
6/13/1999,15.4,-0.5,0,81,2,6.2,1.9
6/14/1999,15.2,5.9,0,83,7,6.2,4.1
6/15/1999,17.6,13,0,88,9,5.1,1.7
6/16/1999,14.2,6.5,0,80,16,7.2,5.3
6/17/1999,12.1,4,0,85,11,9.3,4.1
6/18/1999,13.4,4.5,0,90,9,4.1,0.7
6/19/1999,12,7.8,0,82,34,9.3,6.3
6/20/1999,15.8,10.2,0,88,29,10.3,7.2
6/21/1999,16.4,9.5,0,85,34,9.3,6
6/22/1999,16,10.9,3,89,34,6.2,2.4
6/23/1999,16.4,10.1,0.6,84,18,5.1,4.5
6/24/1999,13.5,9.2,2,98,9,10.3,6.5
6/25/1999,14.6,8.3,0,87,7,6.2,3.8
6/26/1999,17.6,7.5,3,88,7,5.1,3.4
6/27/1999,17,10.2,0,87,20,8.2,6.5
6/28/1999,12,7.7,3,84,14,18,12
6/29/1999,12.2,5.6,0,79,18,10.3,5.1
6/30/1999,11.3,-1,0,86,5,4.1,2.4
7/1/1999,12.7,1.5,0,84,7,6.2,4.1
7/2/1999,13.3,6.4,0,91,16,7.2,5
7/3/1999,11.3,0.9,0,79,23,12.3,5.5
7/4/1999,11.2,0.3,0,81,29,4.1,1.7
7/5/1999,12.4,2,0,79,34,5.7,1
7/6/1999,13.4,5.9,0,84,34,7.2,3.1
7/7/1999,15.6,-1.2,0,81,29,5.1,1.4
7/8/1999,12.7,0.8,0,88,9,8.2,4.1
7/9/1999,13.7,2.5,0,84,7,6.2,4.6
7/10/1999,15.2,10.8,3,90,5,10.3,6.2
7/11/1999,17.3,11.6,21,95,7,6.2,4.1
7/12/1999,17.9,12.2,50,98,27,13.4,5.8
7/13/1999,12.2,9.6,21,98,18,9.3,7.5
7/14/1999,10.9,9.1,8,98,16,17.5,7.4
7/15/1999,10,7,0,94,25,13.4,6.5
7/16/1999,9,1,0,82,27,8.2,2.4
7/17/1999,11.8,-0.2,0,79,32,5.1,1.7
7/18/1999,11.5,1.4,0,83,7,6.2,3.3
7/19/1999,11.5,2.3,3,90,16,9.3,5.5
7/20/1999,15.5,8.2,1,91,14,9.3,5.5
7/21/1999,13.6,5.3,0,89,20,5.1,2.4
7/22/1999,12.5,0.6,0,70,27,5.1,2.7
7/23/1999,15.8,4,0,74,29,10.3,6.9
7/24/1999,18.9,7.5,0,71,34,8.2,5.7
7/25/1999,18.2,9.6,0,81,27,6.2,3.8
7/26/1999,21.5,9,0,76,16,10.3,5.5
7/27/1999,12.5,2,0,80,9,7.7,3.4
7/28/1999,16.4,4.6,5,82,5,9.8,8.1
7/29/1999,17.7,10.8,1,76,23,20.6,7.2
7/30/1999,14.8,4.7,0,63,25,8.2,3.8
7/31/1999,15,1.6,0,69,34,8.2,4.5
8/1/1999,16.3,9.9,0,73,27,6.2,5.1
8/2/1999,20,4.3,0,75,9,5.1,3.1
8/3/1999,22,10.1,0,71,5,6.2,4.5
8/4/1999,19.4,8,0,82,36,4.1,1
8/5/1999,23.1,8.8,13,77,34,9.3,3.4
8/6/1999,17.9,8.8,13,95,14,9.3,7.2
8/7/1999,11.3,3.2,0,72,23,8.2,5.1
8/8/1999,13.3,0.8,0,66,34,7.2,3.6
8/9/1999,18,10.4,0,60,34,13.4,9.4
8/10/1999,23,12.8,0,65,34,13.4,5.1
8/11/1999,18.5,6.8,0,68,14,9.3,4.1
8/12/1999,16.4,2.3,0,65,27,3.1,2.7
8/13/1999,9.6,-0.2,0,75,25,11.8,6.5
8/14/1999,8.5,-1.4,0,84,18,10.3,5.1
8/15/1999,10,-3,0,74,7,5.1,0.7
8/16/1999,11.3,1.5,0,75,5,6.2,5.1
8/17/1999,15.7,6.9,0,78,2,5.1,3.4
8/18/1999,19.3,5.1,0,72,5,9.3,6.2
8/19/1999,23.4,10.6,0,71,5,9.3,7.5
8/20/1999,25.6,14.1,0,75,2,8.2,3.8
8/21/1999,19.2,10.6,0,81,18,14.9,9.3
8/22/1999,13.1,4,0,78,18,10.3,7.5
8/23/1999,14.7,4.5,28,86,11,15.4,7.5
8/24/1999,13.5,9.5,14.5,96,11,15.4,8.2
8/25/1999,14.3,7.5,0,84,27,15.4,6.3
8/26/1999,19.3,5.4,0,69,27,8.2,5.8
8/27/1999,21.5,8.2,0,73,27,4.1,2.1
8/28/1999,21.2,7.8,0,74,36,3.1,1.7
8/29/1999,18.5,8.3,0,89,9,7.7,5
8/30/1999,17.7,12.4,27,97,5,10.3,5.5
8/31/1999,20,13,0,82,20,9.8,4.5
9/1/1999,17.4,6.6,0,84,7,10.3,6.9
9/2/1999,19.3,9.3,0,83,20,11.8,3.4
9/3/1999,17,8.2,0,87,9,10.3,5.1
9/4/1999,17.7,7.2,8,81,9,10.3,8.6
9/5/1999,15.9,11.8,12,98,11,7.2,3.6
9/6/1999,20,13.6,23,93,11,8.2,5.1
9/7/1999,18.3,12.1,0,78,16,11.8,3.9
9/8/1999,18.8,7,0,62,23,9.3,3.8
9/9/1999,16.5,5.1,0,59,29,12.9,4.5
9/10/1999,13.4,1.6,0.6,68,9,6.2,2.4
9/11/1999,12.8,7.8,0.8,82,5,9.3,7.2
9/12/1999,18.4,8.8,0,77,9,11.8,6.9
9/13/1999,17.4,11.4,2,85,5,11.3,5.8
9/14/1999,17.9,7.1,0,61,25,9.3,5.5
9/15/1999,21.4,5.7,0,55,29,12.9,5.7
9/16/1999,19.2,10.2,0,68,18,8.2,3.4
9/17/1999,21.3,7.2,0,63,2,7.2,4.6
9/18/1999,24.7,14.6,0,68,18,11.3,6.9
9/19/1999,15.6,3.6,0,74,9,9.3,5.5
9/20/1999,23.8,8,0,76,7,4.6,3.9
9/21/1999,20,6.5,0,78,9,9.3,5.5
9/22/1999,19.1,8.2,0,76,5,12.9,6.2
9/23/1999,19.9,11.5,0,68,5,15.4,9.6
9/24/1999,21,11,3,80,7,9.3,7
9/25/1999,16.4,14.3,25,97,9,3.6,2.2
9/26/1999,16.2,8.8,0,91,16,5.1,4.1
9/27/1999,15.9,4.1,0.7,68,5,8.2,4.3
9/28/1999,16.5,9.8,7,90,5,4.1,2.1
9/29/1999,15.9,2.9,0,76,18,6.2,3.4
9/30/1999,22.5,6.3,0,67,34,8.2,3.8
10/1/1999,18.1,9,0,75,18,10.3,9.3
10/2/1999,13.1,1.9,0,70,20,12.9,6
10/3/1999,12.5,-0.8,0,70,20,10.3,5.8
10/4/1999,14.9,0.9,0,73,9,8.2,5.5
10/5/1999,13.4,1.8,0,78,7,8.2,5.5
10/6/1999,17.6,8.1,0,86,9,8.2,6.9
10/7/1999,17.6,12.6,0.3,92,18,5.1,4.1
10/8/1999,17,10.4,0,91,14,7.2,4.8
10/9/1999,17.9,6.4,0,83,9,8.2,5.5
10/10/1999,18.5,10,0,81,11,10.3,5.7
10/11/1999,20.8,12,2,77,9,10.3,8.9
10/12/1999,20.7,14.4,0,89,5,9.3,2.6
10/13/1999,22,12.6,0,64,18,10.3,6.5
10/14/1999,17.5,7,13,76,11,9.3,8.2
10/15/1999,19.8,10.3,0,86,11,8.2,3.9
10/16/1999,22.8,7.7,0,72,14,6.2,2.4
10/17/1999,25.9,11.6,0,66,25,5.1,3.1
10/18/1999,27.2,9,0,64,2,5.1,1.4
10/19/1999,28.4,16.5,0,63,36,8.2,5.8
10/20/1999,27.8,16.4,0,74,2,5.1,4.1
10/21/1999,22.3,14,0,84,14,9.3,3.8
10/22/1999,23.2,11.5,0,85,2,8.2,4.3
10/23/1999,22.4,15,0,81,9,9.3,6.2
10/24/1999,22.6,14.4,0,82,7,9.3,7.2
10/25/1999,24.7,15.2,0,82,2,6.2,4.3
10/26/1999,26.9,16.3,0,80,5,6.2,4.5
10/27/1999,26.5,18,0,79,18,9.3,4.3
10/28/1999,22,16.4,0,94,16,10.3,6.2
10/29/1999,19.1,16,0.3,89,11,20.6,9.9
10/30/1999,18.7,14.9,0,89,11,17.5,9.8
10/31/1999,23,16.2,0,81,7,13.4,11.7
11/1/1999,23.9,17,15,81,7,21.6,12.3
11/2/1999,20.2,14.3,5,90,34,13.4,7.2
11/3/1999,19,10.3,0,78,20,10.3,4.5
11/4/1999,18.2,7,0,76,18,6.2,3.8
11/5/1999,22.8,6.8,0,74,34,3.1,1.9
11/6/1999,26.6,12.9,31,78,16,7.2,3.4
11/7/1999,21.6,13.7,0,64,20,19.5,6.2
11/8/1999,17,7.5,0,78,18,10.3,6.2
11/9/1999,17.4,4.5,0,73,18,11.8,6.7
11/10/1999,19.5,5.8,0,65,5,5.1,2.7
11/11/1999,23.9,13.8,0,62,34,7.7,3.4
11/12/1999,23.6,12.7,0,70,14,9.3,6.2
11/13/1999,22.6,13.4,0,71,11,9.3,7.5
11/14/1999,25.5,15.3,0,76,9,9.3,5.5
11/15/1999,26.6,17,0,74,5,6.2,5.1
11/16/1999,28.4,17.9,0,68,2,7.7,4.6
11/17/1999,27.8,17.2,0,69,5,9.3,6.9
11/18/1999,28.5,17.1,11,69,2,6.2,4.8
11/19/1999,26.3,17.5,15,84,18,10.3,3.3
11/20/1999,23.8,11.5,0,83,9,5.1,4.5
11/21/1999,23.5,9.1,0,76,16,6.2,5.1
11/22/1999,23.8,9,0,72,18,9.3,6.9
11/23/1999,23.8,13.6,5,84,18,11.3,7.5
11/24/1999,21.8,16.5,5,91,16,5.7,3.1
11/25/1999,23.8,13.8,0,89,14,7.2,5.1
11/26/1999,24.4,14,0,86,16,7.2,4.6
11/27/1999,27.6,13.2,0,74,36,6.2,4.1
11/28/1999,32.8,20.6,3,59,18,13.4,4.8
11/29/1999,27.4,17.9,0,82,14,11.3,6.3
11/30/1999,29.8,19.5,0,78,5,12.3,10.3
12/1/1999,29,19.9,5.5,77,5,12.3,4.8
12/2/1999,24.4,17.5,6,80,32,7.2,3.1
12/3/1999,27.4,16.8,3,76,20,13.4,3.4
12/4/1999,31.9,14.8,7,57,25,10.3,4.8
12/5/1999,23.4,10.3,0,60,20,11.8,6.5
12/6/1999,22.6,4.6,0,63,20,7.2,3.1
12/7/1999,24.6,11.4,0,57,34,6.2,3.8
12/8/1999,26.8,12.8,0,63,32,4.1,3.4
12/9/1999,28.6,17.6,0,52,9,10.3,4.3
12/10/1999,29.1,17.6,0,61,2,6.2,4.5
12/11/1999,31.3,17.3,0,50,11,7.2,4.1
12/12/1999,29.4,20,16,69,9,8.2,6.2
12/13/1999,23.7,17.9,6,87,27,5.1,1.7
12/14/1999,27.7,17,0,77,18,9.3,5.1
12/15/1999,32.9,14.6,0,\N,2,5.1,\N
12/16/1999,30.3,15.8,0,62,14,3.1,1.9
12/17/1999,31.6,17.3,0,52,20,14.4,5.1
12/18/1999,29.7,19.3,0,71,5,9.3,5.1
12/19/1999,30.3,15.9,0,57,20,13.4,5.7
12/20/1999,26,19,0,62,36,3.1,1.7
12/21/1999,31.2,18.1,0,48,18,20.6,6.9
12/22/1999,24.5,10,0,58,18,9.8,6.9
12/23/1999,25,9,0,66,5,7.2,3.4
12/24/1999,31,15.9,0,61,5,7.2,5.1
12/25/1999,31.5,15.5,0,62,5,5.1,3.8
12/26/1999,37.7,21.9,0,60,5,7.7,4.3
12/27/1999,30,20.8,3,82,20,9.3,5.5
12/28/1999,26.6,20.2,12,72,7,6.2,4.5
12/29/1999,23.6,16,0,84,2,9.3,3.4
12/30/1999,28.5,14.2,0,65,14,11.8,6.5
12/31/1999,27.8,12.7,0,58,34,6.2,4.8
1/1/2000,30.3,19.2,0,58,34,5.1,3.4
1/2/2000,29,16.9,0,57,9,8.2,5.1
1/3/2000,29.5,18,0,65,11,7.7,4.8
1/4/2000,29,18.2,0,67,9,8.2,5.3
1/5/2000,31.6,18.9,0,64,2,5.1,2.6
1/6/2000,31.2,16.9,0,70,7,8.2,5.5
1/7/2000,33,19.4,1,66,7,9.8,7.5
1/8/2000,28.7,20.2,0,75,16,9.3,4.8
1/9/2000,31,16.9,11,79,9,11.8,5.5
1/10/2000,24.5,19.4,6,90,5,11.3,5.5
1/11/2000,29.9,15.4,0,76,20,5.1,3.8
1/12/2000,33.7,20.5,0,66,18,20.6,7.5
1/13/2000,32.6,18.5,0,69,20,9.3,5.7
1/14/2000,31.7,19,0,72,9,11.3,5.8
1/15/2000,29.9,16.9,0,69,9,9.3,6.9
1/16/2000,34,19.9,60,82,18,8.2,4.8
1/17/2000,27,17.2,0,73,16,9.3,4.3
1/18/2000,28,12.7,0,61,5,7.2,3.8
1/19/2000,33.1,20,0,59,36,5.1,4.1
1/20/2000,34.7,23.4,0,55,36,6.2,4.5
1/21/2000,30.6,22.1,1,85,18,5.1,3.4
1/22/2000,25,14.7,0,65,18,15.4,8.2
1/23/2000,27.3,14.6,0,66,5,7.7,4.6
1/24/2000,26.5,19.4,1,77,5,5.1,4.1
1/25/2000,26.8,14.5,0,75,7,8.2,5.8
1/26/2000,27.5,13,0,71,9,9.3,2.7
1/27/2000,28.8,18,0,67,9,11.8,6
1/28/2000,32.5,19.9,0,\N,34,8.2,4.8
1/29/2000,32.5,21.4,0,63,36,5.7,4.5
1/30/2000,31.8,21.7,0,67,9,8.2,4.8
1/31/2000,31,21,0,78,11,9.3,5.5
2/1/2000,30,20.9,0,71,9,9.3,5.8
2/2/2000,25.3,19.1,7,89,25,8.2,3.3
2/3/2000,28.5,15.2,0,61,18,8.2,5.1
2/4/2000,29.8,15.5,0,58,34,6.2,2.4
2/5/2000,33.5,20.5,0,57,2,8.2,6.2
2/6/2000,30.6,22.8,0,69,9,12.3,7.2
2/7/2000,30.8,19.9,50,70,7,9.3,6.2
2/8/2000,27.7,18.6,3,84,7,5.7,4.5
2/9/2000,29,19.6,0.5,81,29,15.4,5.5
2/10/2000,30,18.5,19,79,36,5.1,2.1
2/11/2000,27.8,18.9,0,86,5,7.2,3.1
2/12/2000,25.3,17.8,1,93,20,15.4,4.1
2/13/2000,25.6,14.5,0,68,18,9.3,6.5
2/14/2000,23.6,12.2,0,68,16,7.7,5
2/15/2000,24.7,10,0,72,9,11.3,7.2
2/16/2000,24.8,11.4,0,69,9,8.2,5.1
2/17/2000,26.2,17.9,0,73,11,10.3,4.5
2/18/2000,28.4,19.4,0,73,7,9.3,7.2
2/19/2000,29.6,19.5,0,73,2,8.2,4.1
2/20/2000,29.5,20.7,4,75,5,5.1,3.8
2/21/2000,28,17.6,0,84,5,6.2,4.1
2/22/2000,28.6,15.5,0,82,9,5.1,3.8
2/23/2000,30.1,20.6,0,78,7,5.1,4.1
2/24/2000,33.2,18.9,0,79,9,9.3,3.4
2/25/2000,30.2,21.7,0.3,81,5,5.1,2.7
2/26/2000,30.2,22.3,0,82,2,7.2,5.5
2/27/2000,26.2,21.2,4,81,25,8.2,5
2/28/2000,24.8,11.5,0,62,23,15.4,3.8
2/29/2000,26.2,9.6,0,70,7,6.2,2.7
3/1/2000,25.6,13.8,0,70,9,12.3,9.9
3/2/2000,25.8,19,0,83,5,8.2,4.5
3/3/2000,27.6,13.3,0,87,7,7.2,2.9
3/4/2000,28.5,16.2,0,87,11,9.3,5.1
3/5/2000,27.7,19,0,83,14,7.2,5.8
3/6/2000,29,15,0,82,14,8.2,4.6
3/7/2000,25.6,11.2,0,80,9,10.3,6
3/8/2000,24.4,13.5,0,74,5,10.3,4.8
3/9/2000,25.2,18.4,0,78,7,7.7,5.1
3/10/2000,27.5,17,0,70,11,9.8,5.8
3/11/2000,27.8,17,0,73,9,9.3,3.1
3/12/2000,26.9,14.7,0,72,5,9.3,7.2
3/13/2000,27.6,19,0,71,9,9.3,5.8
3/14/2000,29.6,19.2,0,67,32,4.1,3.4
3/15/2000,31.5,18.1,0,65,7,7.2,5.5
3/16/2000,26.2,19.2,0,67,27,10.3,5.8
3/17/2000,25.1,12.4,0,52,18,11.8,5.5
3/18/2000,28.5,9.4,0,55,36,6.2,2.6
3/19/2000,28.1,12.8,0,61,36,7.2,2.4
3/20/2000,24.5,14.6,2,75,36,7.2,4.1
3/21/2000,26.5,14.8,0,63,18,12.3,4.8
3/22/2000,24.6,10,0,68,5,10.3,3.6
3/23/2000,26.5,14.2,19.7,83,5,6.2,4.6
3/24/2000,24,13,0,59,25,12.3,6.9
3/25/2000,25,9.1,0,67,36,7.7,4.1
3/26/2000,22,16,14,80,18,8.2,4.5
3/27/2000,20.4,12.6,0,75,18,15.4,5.1
3/28/2000,19.5,6.2,0,65,23,6.2,2.7
3/29/2000,20.8,9,0,61,27,5.1,3.1
3/30/2000,23.5,10,0,68,32,6.2,2.7
3/31/2000,25.2,12.6,0,77,9,6.2,1
4/1/2000,21.8,11.4,0,66,18,6.2,5.8
4/2/2000,21.4,6.5,0,81,9,7.2,3.4
4/3/2000,23,13.6,0,78,9,9.3,5.8
4/4/2000,20.8,15.2,0,89,5,5.1,2.1
4/5/2000,24,14,0,85,25,3.1,1
4/6/2000,23.5,15.5,31,91,14,5.1,3.4
4/7/2000,20.5,19,16,98,7,12.3,4.3
4/8/2000,21.8,14.2,0.8,95,23,5.1,4.1
4/9/2000,21.3,17.8,33,97,9,8.2,3.4
4/10/2000,24.8,15.6,0,85,18,10.3,7.2
4/11/2000,18.2,7.2,0,75,18,7.2,4.8
4/12/2000,20.5,6.4,0,84,18,5.1,3.1
4/13/2000,22.2,11,0,80,2,6.2,2.1
4/14/2000,22.5,12.4,0,83,34,5.1,1.7
4/15/2000,21.6,10.4,0,91,9,5.1,1.4
4/16/2000,22.2,13.4,0,86,11,10.3,8.2
4/17/2000,20.1,14,0.4,86,14,14.4,6.2
4/18/2000,18.2,11.9,4,84,16,9.3,6
4/19/2000,19.7,12.8,0,84,18,13.4,7.5
4/20/2000,20.2,10,0,85,18,7.2,4.1
4/21/2000,23,7,0,79,27,5.1,2.4
4/22/2000,22.2,10.5,0,83,36,8.2,3.1
4/23/2000,25.8,16.4,0,81,32,8.2,3.9
4/24/2000,25.2,15.3,0,89,32,5.1,4.1
4/25/2000,24.5,15.7,0,79,34,8.2,4.8
4/26/2000,21.7,14.4,0.5,83,14,8.2,5.8
4/27/2000,19.2,14,2,97,9,8.2,4.8
4/28/2000,22,12,0,90,18,5.1,2.4
4/29/2000,22.4,11.5,29,93,36,7.2,3.6
4/30/2000,22.1,15.2,13,99,7,10.3,0.3
5/1/2000,18.6,13.5,41,100,14,10.3,4.5
5/2/2000,17.8,9,0.4,74,32,7.2,4.8
5/3/2000,12.9,9,3,94,23,6.2,4.8
5/4/2000,12.4,8.7,11,93,18,12.3,9.6
5/5/2000,10.6,8,74.4,99,20,15.4,11.7
5/6/2000,16.6,4.6,0,79,25,5.1,3.9
5/7/2000,13.8,8.1,0,91,18,9.3,3.8
5/8/2000,16.5,4.1,0,81,36,5.1,2.4
5/9/2000,19.4,8.2,0,86,14,5.1,2.1
5/10/2000,16,6.7,0,86,9,7.2,3.1
5/11/2000,17.4,5.5,0,83,36,7.2,2.1
5/12/2000,20.3,11.1,0,90,5,4.1,0
5/13/2000,17.9,8.3,27,93,11,8.2,3.6
5/14/2000,15.7,14.1,27,99,9,9.3,6.2
5/15/2000,15.3,9.8,41,99,9,15.4,8.4
5/16/2000,15.2,13.2,55,98,14,31.9,21.6
5/17/2000,16.8,13,0,93,14,15.4,9.8
5/18/2000,16.6,9.6,0,89,18,8.2,5.5
5/19/2000,17,8.4,0,\N,9,9.3,4.1
5/20/2000,16.4,7,0,81,5,6.2,4.5
5/21/2000,18.5,9.3,0,82,32,7.2,3.1
5/22/2000,20,11.7,0,87,34,9.3,4.1
5/23/2000,18.6,8.5,0,89,7,7.2,5.5
5/24/2000,19.6,12.8,9,82,2,6.2,5.1
5/25/2000,17.7,13.6,0,97,7,4.6,4.1
5/26/2000,17.6,9,0,72,27,9.3,5.8
5/27/2000,16.6,7,0,77,23,7.2,3.8
5/28/2000,17.2,4,0,86,32,5.1,1.4
5/29/2000,17.7,11.2,0,86,36,7.2,2.7
5/30/2000,15.5,9.6,0,86,23,8.2,6.9
5/31/2000,12.2,5.8,0,82,18,8.2,6.9
6/1/2000,12.3,0.8,0,80,23,5.1,2.2
6/2/2000,14.6,3,0,74,36,10.3,7
6/3/2000,16.4,10.4,0,74,36,8.2,3.8
6/4/2000,20.1,11.7,0,88,36,6.2,3.1
6/5/2000,19,14.8,7,95,34,4.1,1.7
6/6/2000,16.6,10.5,0,80,16,12.3,9.6
6/7/2000,14,9.4,11,97,14,12.3,4.8
6/8/2000,14.2,11.4,0,98,20,5.1,2.9
6/9/2000,15.4,12.4,3,96,9,5.1,2.4
6/10/2000,15.5,13.5,11,95,7,5.1,3.4
6/11/2000,13.7,8.9,0,91,18,5.1,2.4
6/12/2000,17.2,10.1,0,87,2,9.3,4.5
6/13/2000,19.8,15.9,0,94,2,6.2,4.5
6/14/2000,23.4,17,31,91,36,7.2,4.8
6/15/2000,20.5,9.2,11,94,18,20.6,14.7
6/16/2000,10.6,5.7,0,84,23,11.3,5.8
6/17/2000,9.4,1,0,89,18,8.2,3.4
6/18/2000,10.5,4.4,0,87,18,9.3,5.8
6/19/2000,10.7,6.3,0,88,25,9.3,6
6/20/2000,11.2,4.8,0,87,25,11.3,5.5
6/21/2000,11.4,2.3,0,86,27,5.1,1.7
6/22/2000,13.2,3.5,0,82,36,10.3,5.3
6/23/2000,16.4,8.4,0,88,9,6.2,4.1
6/24/2000,15.1,11.7,40,95,25,12.3,5.7
6/25/2000,14.5,7.6,0,89,23,13.4,5.1
6/26/2000,14.6,5.6,0,90,36,5.1,1.7
6/27/2000,13.4,5.1,0,93,7,7.7,4.6
6/28/2000,14,9.6,0,92,20,9.3,3.6
6/29/2000,15.7,3,0,92,23,5.1,2.6
6/30/2000,15.5,3.2,0,81,36,9.3,4.9
7/1/2000,15,10.2,0,91,34,9.3,5.3
7/2/2000,12.6,7.6,0,63,27,13.4,5.7
7/3/2000,15.2,5,0,60,32,12.3,7.3
7/4/2000,16,11.2,0,65,34,15.4,8
7/5/2000,16.1,6.5,0,85,32,7.7,3.7
7/6/2000,20.9,12.8,0,93,36,5.1,3.9
7/7/2000,16.6,9.6,8,96,14,19.5,10.8
7/8/2000,9.6,6.3,1,96,14,23.2,13.9
7/9/2000,8.2,4.8,3,88,18,17.5,12.1
7/10/2000,7.8,5.4,25,94,18,17.5,12.6
7/11/2000,6,4,9,96,20,13.4,8.7
7/12/2000,8.6,4.2,6,92,23,8.2,5.1
7/13/2000,6.5,0,0,88,29,9.3,5.7
7/14/2000,8.7,2.2,0,79,34,10.3,6.8
7/15/2000,7.6,2.6,0,83,23,15.4,6.3
7/16/2000,9.8,2,0,83,23,10.3,5.9
7/17/2000,9.5,-0.6,0,85,34,6.2,2.3
7/18/2000,9.5,3.2,0,70,23,10.3,5.9
7/19/2000,9.1,3.2,0,79,27,10.3,6.9
7/20/2000,13.9,2.7,0,71,34,10.3,5.5
7/21/2000,15.6,6.5,0,84,9,5.1,3.3
7/22/2000,9.6,3.1,0,85,23,10.3,6.7
7/23/2000,11.6,-0.5,0,77,29,9.3,4.9
7/24/2000,14.6,3.8,0,71,32,8.2,5.5
7/25/2000,15.1,3.9,0,67,20,9.3,4.4
7/26/2000,13.3,-0.4,0,76,7,6.2,2.1
7/27/2000,15,3.4,0,85,5,5.1,3.6
7/28/2000,8.8,0.5,0,95,18,6.2,4.4
7/29/2000,10.9,3.4,0,92,16,6.2,4
7/30/2000,13,8.1,0,96,14,6.2,2.4
7/31/2000,12.4,6.2,0,95,36,6.2,3.2
8/1/2000,15.2,9,0,93,2,7.2,4.1
8/2/2000,14.5,7.8,0,84,18,8.2,3.2
8/3/2000,13.2,0,0,71,20,6.2,3.3
8/4/2000,12.7,-1.6,0,69,5,11.3,4.6
8/5/2000,14.3,7.8,0,73,5,6.2,4
8/6/2000,19,7.8,0,84,36,4.1,3.1
8/7/2000,20.4,8.3,0,88,20,6.2,2.3
8/8/2000,17.1,5.7,0,79,18,5.1,2.8
8/9/2000,13,2.2,0,77,18,10.3,5.1
8/10/2000,12.3,-0.7,0,81,23,6.2,4.5
8/11/2000,10.8,-1.6,0,81,18,6.2,3.6
8/12/2000,11.6,1.7,0,81,5,5.1,2.4
8/13/2000,14.2,3,0,90,5,9.3,4.2
8/14/2000,13,8,14,96,14,9.3,4.6
8/15/2000,18.5,6.2,0,79,25,8.2,5.1
8/16/2000,19,6.7,0,69,36,9.3,5
8/17/2000,20.5,9.5,0,76,32,16.5,4.9
8/18/2000,20.5,5,0,78,2,8.2,4.6
8/19/2000,19,9.9,5,84,14,11.8,3.9
8/20/2000,14.7,10.4,4,96,14,11.8,6.9
8/21/2000,14.9,11,49.9,100,16,9.3,6.2
8/22/2000,15.8,12.8,13,98,14,10.3,7.2
8/23/2000,14.8,11.8,0,98,14,12.9,8.5
8/24/2000,12.5,10.8,0,99,14,10.3,9
8/25/2000,13.5,9.2,0.2,91,23,10.3,5.8
8/26/2000,16.2,5.4,0,82,29,5.1,4
8/27/2000,12.4,5.8,5,81,23,15.4,5
8/28/2000,12.8,0.6,0,59,29,16.5,8.2
8/29/2000,14.3,6.6,0,60,25,12.3,7.7
8/30/2000,14.3,2.3,17,78,20,14.4,5.1
8/31/2000,12.4,5.3,0,86,23,16.5,7.5
9/1/2000,15.9,2,0,77,27,5.1,3.1
9/2/2000,17,2.6,0,83,32,6.2,2.1
9/3/2000,16.6,5.1,0,89,14,6.2,3.9
9/4/2000,17.8,6.8,0,71,34,6.2,2.7
9/5/2000,19.6,6.5,0,84,9,9.3,5.1
9/6/2000,20.5,8.6,0,76,36,14.4,6.3
9/7/2000,16.6,12.8,10,85,5,11.3,5.1
9/8/2000,21.2,11,30,96,16,15.4,4.1
9/9/2000,16.3,9.6,9,96,16,12.3,6.9
9/10/2000,18.2,11.2,23,98,23,11.3,4
9/11/2000,17,9,0,72,23,15.4,6.9
9/12/2000,10.4,5.8,0,71,18,9.3,4.1
9/13/2000,11.2,4.6,0.5,76,18,12.9,8.2
9/14/2000,11.6,5.6,0.3,88,14,16.5,8.2
9/15/2000,12.4,7.9,2,92,14,10.3,5.1
9/16/2000,14.7,7.6,0,91,7,6.2,4.2
9/17/2000,17.5,8.6,0.6,89,5,10.3,5.8
9/18/2000,21.6,13.3,0,88,18,5.1,2.1
9/19/2000,18.5,9.6,14,82,9,12.3,6.2
9/20/2000,16.6,12.6,2,91,7,19.5,8.4
9/21/2000,17.8,9,0,77,25,10.3,6.4
9/22/2000,17.4,4.4,0,82,2,6.2,3.9
9/23/2000,16.5,9.7,0,79,23,9.3,5
9/24/2000,11.5,5.5,0,83,23,12.3,5.7
9/25/2000,15.3,0.5,0,75,20,5.7,2.7
9/26/2000,18,9.4,0,67,36,10.3,6.4
9/27/2000,20.2,11.2,0,66,36,9.3,6.8
9/28/2000,23.7,7.5,0,75,2,5.1,4
9/29/2000,24.8,10.2,0,80,9,8.2,4.9
9/30/2000,24.7,12.4,0,78,14,10.3,4.9
10/1/2000,21.1,12.1,0,91,14,10.3,4.9
10/2/2000,13.2,10.1,38,90,14,17.5,10.3
10/3/2000,14,10.2,0.6,91,7,26.8,6.4
10/4/2000,17,9.9,0,85,23,8.2,4.4
10/5/2000,14.2,8.3,0,81,23,8.2,5.3
10/6/2000,18.4,4.9,0,76,29,6.2,2.3
10/7/2000,21.8,10.5,0,79,11,9.8,3.3
10/8/2000,22.6,12.2,2,78,5,12.9,5.4
10/9/2000,21.2,12.2,0,73,23,16.5,7.5
10/10/2000,21.3,8.3,0,75,34,5.7,2.7
10/11/2000,23.2,12.4,0,68,36,7.7,3.6
10/12/2000,23.6,12.1,0,69,18,18,4.9
10/13/2000,18.8,6.7,0,65,9,8.7,3.5
10/14/2000,18.7,5.8,0,63,11,19.5,8.2
10/15/2000,16.9,9.7,13,72,9,14.4,9.8
10/16/2000,17.2,14.1,2,93,2,7.2,1.3
10/17/2000,19.6,14.5,0,92,23,5.1,1.8
10/18/2000,22.8,8.7,0,86,7,5.1,3.1
10/19/2000,25,12.4,21,83,20,20.6,3.1
10/20/2000,26.4,14.9,0,87,5,5.1,3.6
10/21/2000,28.2,15.8,47,82,18,18.5,4.2
10/22/2000,24.2,17.8,0,89,14,15.4,6.4
10/23/2000,18.9,11.8,0,80,16,15.4,10
10/24/2000,17.2,11,1,88,14,12.3,8.5
10/25/2000,20.4,14.2,9,91,7,12.3,8
10/26/2000,21,17.3,32,96,27,9.3,4.5
10/27/2000,19.4,12.9,0,85,23,12.3,5.9
10/28/2000,14.6,7.6,0,80,18,12.9,5.9
10/29/2000,16.6,5.4,0,75,5,5.1,3.3
10/30/2000,25.8,14.1,0,79,14,9.3,4.9
10/31/2000,21.4,12.6,0,82,9,11.3,8.9
11/1/2000,18.6,16.4,2,88,11,7.2,5.1
11/2/2000,23.2,13.7,0,76,23,9.3,5.1
11/3/2000,22.2,8.4,0,70,7,5.1,2.7
11/4/2000,21.3,12.5,0,84,23,5.1,1.3
11/5/2000,23.4,13.1,0,75,14,6.2,4.9
11/6/2000,23.4,12.5,2,84,23,5.1,2.7
11/7/2000,19.7,15.4,7,92,11,5.1,2.1
11/8/2000,26,12.5,0,92,14,6.2,3.7
11/9/2000,22.5,13,0,88,7,5.1,3.6
11/10/2000,20.5,12.1,0,85,9,8.2,4
11/11/2000,23.6,15,14,83,9,12.3,8.1
11/12/2000,22.5,12.6,0,82,20,10.3,3.9
11/13/2000,19.5,8.2,0,62,23,13.4,5.1
11/14/2000,15.3,5.6,0,70,23,12.3,5.3
11/15/2000,19.4,5.2,0,71,\N,\N,3.3
11/16/2000,25.5,\N,0,58,\N,\N,3.4
11/17/2000,27.2,16.6,0,61,34,7.2,4.1
11/18/2000,27.6,18.8,0,64,34,12.3,5.8
11/19/2000,23.6,14.7,0,77,20,9.3,3.5
11/20/2000,20.4,7.1,0,66,\N,\N,3.9
11/21/2000,25.4,14.7,26,66,\N,\N,6.3
11/22/2000,25.7,18.2,0,89,\N,\N,1.5
11/23/2000,27.5,15.4,32,87,\N,\N,3.6
11/24/2000,18,\N,0,67,18,9.3,5.8
11/25/2000,21.8,10.2,0,71,2,8.2,3.9
11/26/2000,26.7,17.5,11,72,18,12.9,5.1
11/27/2000,30.2,18.9,0,76,5,4.1,1.5
11/28/2000,24,15,0,86,\N,\N,7.1
11/29/2000,19.6,7.8,0,74,14,10.3,6.7
11/30/2000,21.7,8.4,0,77,7,7.2,3.1
12/1/2000,25.2,14.7,0,73,36,7.7,4.2
12/2/2000,26.6,15.6,0,71,9,5.1,3.9
12/3/2000,20.5,13.8,0,82,18,10.3,6.2
12/4/2000,20.6,7.8,0,76,14,9.3,4.6
12/5/2000,25.2,9.2,0,73,36,8.2,3.7
12/6/2000,30.5,15,0,63,2,9.3,5.5
12/7/2000,29.1,19.1,0,71,16,9.8,5.4
12/8/2000,28,14.9,0,85,14,6.2,4.1
12/9/2000,30.2,17,0,67,18,8.7,4.8
12/10/2000,22.6,11.2,14,72,18,14.9,6.7
12/11/2000,29.9,15.9,0,75,9,9.3,3.3
12/12/2000,31,15.2,0,80,9,6.2,4.1
12/13/2000,31.4,15.3,0,78,2,4.1,3.1
12/14/2000,31.8,21.4,0,80,16,15.4,2.3
12/15/2000,21.4,12.1,2,80,20,17,6.2
12/16/2000,23.5,7.6,0,68,27,4.1,2.6
12/17/2000,27.8,16,0,57,34,8.2,3.9
12/18/2000,28,15.4,0,66,18,14.4,5.7
12/19/2000,29.2,8.5,0,72,14,9.8,4.2
12/20/2000,22.8,7.5,0,73,7,8.2,3.3
12/21/2000,27.5,13.9,4,76,36,6.2,3.6
12/22/2000,28.7,15.8,0,74,25,13.9,3.6
12/23/2000,22.9,11.9,0,66,20,8.7,5.7
12/24/2000,27,12.5,0,62,36,6.2,4.6
12/25/2000,32.2,15.3,0,74,34,8.2,3.1
12/26/2000,29.3,18,74,81,27,20.6,6.3
12/27/2000,28.3,18,0,85,5,12.9,3.1
12/28/2000,26.8,12.1,0,72,18,6.2,2.6
12/29/2000,29.3,17.3,0,75,25,6.2,3.3
12/30/2000,25.5,12.3,0,78,9,6.2,2.1
12/31/2000,29.7,18.7,0,67,32,4.1,2.8
1/1/2001,31.2,21,0,64,32,7.2,2.8
1/2/2001,32.4,23.8,0,73,36,4.1,3.3
1/3/2001,31.8,23.2,0,70,36,6.2,4.1
1/4/2001,34.6,23.8,0,66,27,5.1,2.6
1/5/2001,35.1,22.9,0,71,36,6.2,2.6
1/6/2001,30.2,21.8,8,82,14,12.3,4.8
1/7/2001,29.8,21.4,0,75,7,14.9,5.3
1/8/2001,29,18,3.8,62,11,14.9,5.7
1/9/2001,28.2,12,62,77,9,10.3,4.6
1/10/2001,26.2,16.5,0,78,14,20.6,6.8
1/11/2001,24,8.7,0,68,25,5.1,2.6
1/12/2001,25.4,14,0,64,34,6.2,2.8
1/13/2001,27,16.7,0,69,5,6.2,4.1
1/14/2001,29.2,16.7,0,81,14,8.7,3.9
1/15/2001,27.8,17.7,0,88,9,7.2,3.9
1/16/2001,30.8,20.9,0,83,9,6.2,3.9
1/17/2001,33.4,22.3,3,79,32,5.1,3.6
1/18/2001,26.8,19.4,2,91,18,10.8,5
1/19/2001,23.3,11.6,0,71,18,8.2,5.4
1/20/2001,25,12.1,0,75,9,7.2,3.6
1/21/2001,26.3,18.6,0,70,36,9.8,5.9
1/22/2001,30.5,19.6,0,70,36,6.2,3.1
1/23/2001,32,18.5,0,73,2,5.1,2.1
1/24/2001,32.3,20.6,16,81,18,5.1,1.8
1/25/2001,31,19,0,87,9,5.1,2.1
1/26/2001,30.2,20.6,31.8,82,2,14.9,2.3
1/27/2001,27.5,18,0.5,91,32,7.2,3.9
1/28/2001,26.1,17.3,0,88,18,8.2,2.6
1/29/2001,26.3,12.6,0,75,18,8.2,4.4
1/30/2001,28.2,15,0,79,9,8.2,3.6
1/31/2001,27,21.3,5,84,5,7.2,5.7
2/1/2001,26,19.2,0,81,32,10.3,7.2
2/2/2001,29.2,17.1,18,80,36,10.3,6.3
2/3/2001,24.5,10.5,0,61,18,5.1,3.6
2/4/2001,28.2,18.5,0,68,32,6.2,2.8
2/5/2001,29.4,19.2,0,70,18,8.2,3.1
2/6/2001,26.8,19.6,9,76,14,10.3,5.4
2/7/2001,30.8,19.5,0,86,16,13.4,2.3
2/8/2001,29.2,20.6,0,86,9,14.9,7.2
2/9/2001,30.6,21.9,23,85,32,9.8,3.6
2/10/2001,29.1,18.8,10,75,32,9.8,6.6
2/11/2001,21.6,16,4,84,18,9.3,4.4
2/12/2001,26.5,13.4,0,77,18,6.2,2.6
2/13/2001,25.6,16.4,0,78,5,6.2,4.1
2/14/2001,26.6,17.2,0,80,9,8.2,3.6
2/15/2001,29.9,16,0,80,18,8.2,3.1
2/16/2001,29.5,14.8,0,73,5,6.2,1.5
2/17/2001,30.2,22.1,0,71,36,6.2,3.6
2/18/2001,30.8,16.6,0,76,5,5.1,1.5
2/19/2001,32.3,18.8,0,81,5,4.1,1.8
2/20/2001,31.6,20.9,0,78,2,7.2,4.1
2/21/2001,32.5,21.4,0,76,18,9.8,5.4
2/22/2001,28.8,16.6,0,83,9,7.2,3.9
2/23/2001,33.2,23.1,2,84,36,9.3,3.1
2/24/2001,29,22.2,0,89,18,9.3,5.9
2/25/2001,28.2,21.5,0,80,11,12.3,6.2
2/26/2001,28.2,21.2,0,77,9,10.3,8
2/27/2001,29.5,23.8,0,85,7,11.3,6.7
2/28/2001,32.8,24.5,46,82,5,8.2,5.1
3/1/2001,28.9,20.5,29,92,20,8.2,4.4
3/2/2001,28.5,21.4,5,95,14,4.1,3.6
3/3/2001,29.2,23.2,0,89,34,4.1,1.5
3/4/2001,33.8,23.8,18,85,20,15.4,2.8
3/5/2001,29,20,0.8,93,23,10.3,1.8
3/6/2001,28,17.6,0,82,16,9.3,3.9
3/7/2001,26,14.4,0,82,9,7.2,3.9
3/8/2001,29.5,19.8,0,78,5,5.1,4.6
3/9/2001,30,20.6,0,79,2,5.1,3.6
3/10/2001,27.2,23.1,0,87,18,13.4,3.6
3/11/2001,24.4,17.6,0,92,18,10.3,6.7
3/12/2001,28.5,20.5,0,86,5,12.3,5.8
3/13/2001,31.5,21,0,78,7,7.2,3.6
3/14/2001,29.5,19.2,0,83,9,7.2,3.9
3/15/2001,31.5,22,0,90,14,13.4,4.1
3/16/2001,26.6,19.8,7,89,27,15.4,5.9
3/17/2001,29.6,17.6,0,86,36,5.1,2.8
3/18/2001,26.4,21,0,83,27,9.3,5.4
3/19/2001,23,8.4,0,76,18,7.2,4.6
3/20/2001,22.5,12,63,83,9,16.5,4.8
3/21/2001,19.6,16.6,31,99,14,14.9,8.4
3/22/2001,21,18.5,18,99,14,13.9,10.9
3/23/2001,22.5,18.8,43,91,16,14.9,9.1
3/24/2001,23.3,18.5,5,95,14,14.9,7.3
3/25/2001,22.1,17,0.5,92,32,5.1,3.3
3/26/2001,21,15,0,91,23,7.2,4.9
3/27/2001,21.7,11.2,0,85,23,6.2,3.6
3/28/2001,22,13,0,97,18,5.1,2.8
3/29/2001,24.8,14.6,0,89,18,6.2,2.3
3/30/2001,24.7,13.2,0,90,9,5.1,1.8
3/31/2001,25,11.8,0,90,9,4.1,1
4/1/2001,27.4,13.2,0,88,36,5.1,0
4/2/2001,28.2,15.6,0,79,18,7.2,3.9
4/3/2001,21,11.8,0,85,18,9.8,6.8
4/4/2001,20.5,9.5,3,79,18,8.2,5.1
4/5/2001,20.5,14.3,0,91,18,8.2,4.4
4/6/2001,21,8,0,81,18,6.2,3.1
4/7/2001,24.9,8.2,0,83,2,4.1,1.5
4/8/2001,24.5,15.4,0,89,9,5.1,2.6
4/9/2001,23,16.2,0,86,9,4.1,2.6
4/10/2001,24.5,10.4,0,88,34,4.1,1.3
4/11/2001,26.3,15.8,0,82,36,5.1,2.8
4/12/2001,26.8,13.9,0,85,36,4.1,0.5
4/13/2001,24.7,17.5,13,88,9,7.2,3.1
4/14/2001,26,18.9,0,85,20,6.2,3.3
4/15/2001,20.2,11.6,0,83,9,8.2,5.4
4/16/2001,23.7,11.4,0,80,9,7.2,4.8
4/17/2001,25,18.2,0,86,5,5.1,3.3
4/18/2001,28.2,18.2,2,85,36,9.8,4.6
4/19/2001,22,13,0,73,32,13.9,6.2
4/20/2001,22,8.2,0,80,27,7.2,1.5
4/21/2001,17.5,9.5,0,68,27,10.8,3.9
4/22/2001,20,7.9,4,70,36,6.2,2.8
4/23/2001,18,10.4,0,83,25,8.2,4.1
4/24/2001,16.8,4.7,0,77,18,7.2,3.9
4/25/2001,18.4,5.3,0,80,36,8.2,2.6
4/26/2001,22,9.3,0,84,29,5.1,1.8
4/27/2001,22,5.2,0,75,18,5.1,1.5
4/28/2001,12.8,9,0,73,18,10.8,6.2
4/29/2001,15.2,1.9,0,76,18,8.2,5.4
4/30/2001,16,4.5,2,92,9,9.8,4.6
5/1/2001,17,11.5,3,98,32,12.9,3.3
5/2/2001,16.3,8.3,0,83,27,10.8,5.7
5/3/2001,12.9,5.1,0,83,20,8.2,3.6
5/4/2001,14.9,3.4,0,82,25,5.1,3.6
5/5/2001,16.8,2.6,0,84,5,4.1,1
5/6/2001,15.6,6,0,89,5,6.2,2.6
5/7/2001,19,10,0,88,9,5.1,4.4
5/8/2001,16.4,12.9,5,95,14,11.3,3.6
5/9/2001,17,10.6,0,89,23,8.2,4.1
5/10/2001,15.8,5.4,0,90,25,4.1,2.3
5/11/2001,14.5,8,4,93,23,8.2,4.1
5/12/2001,13,3.2,0,84,25,6.2,3.6
5/13/2001,13.4,2.6,0,80,23,5.1,2.8
5/14/2001,12.3,1,0,88,18,6.2,3.3
5/15/2001,16,5.6,11,88,14,9.3,3.9
5/16/2001,14.5,8.5,0,92,16,8.7,3.9
5/17/2001,16,6.3,0,96,23,5.1,2.6
5/18/2001,13.6,5.5,0,94,36,8.2,2.6
5/19/2001,17.2,6,0,91,9,5.1,2.6
5/20/2001,18.8,8.9,5,92,9,6.2,3.9
5/21/2001,16.2,12.2,16,98,9,9.8,4.9
5/22/2001,16.6,11.5,0.6,96,23,6.2,2.8
5/23/2001,19.2,6.9,0,95,36,5.1,1.8
5/24/2001,18.3,11.4,0,89,36,7.2,3.9
5/25/2001,22.3,13,0,87,5,6.2,3.1
5/26/2001,20.3,15.5,0,91,36,7.2,4.4
5/27/2001,24.3,15.7,0,91,9,5.1,2.6
5/28/2001,23.5,16.1,0,85,5,7.2,3.9
5/29/2001,21.8,15.5,3,89,32,8.2,4.6
5/30/2001,19.4,16.8,8,96,9,8.2,3.6
5/31/2001,17.8,14.7,4,96,23,8.2,4.9
6/1/2001,17.4,10.1,2,88,20,8.2,4.6
6/2/2001,17.2,6,0,93,9,7.2,2.6
6/3/2001,16,11.8,1,88,16,7.2,3.1
6/4/2001,17,5.3,23,83,11,7.2,4.1
6/5/2001,17.3,10.4,0,88,25,6.2,3.1
6/6/2001,16.6,2.2,0,78,36,5.1,2.6
6/7/2001,18.6,11.4,0,85,34,6.2,4.6
6/8/2001,21.1,12.9,0,89,36,8.2,3.1
6/9/2001,21,14.7,0,89,18,6.2,3.9
6/10/2001,18.3,13.5,0,97,9,6.2,4.4
6/11/2001,21.7,15.8,0,92,7,6.2,3.9
6/12/2001,20,17.6,21,91,14,7.2,3.3
6/13/2001,22.4,14.6,0,91,11,8.2,5.1
6/14/2001,21.2,11.5,22,96,23,6.2,4.4
6/15/2001,12.8,10,1,94,20,6.2,3.9
6/16/2001,11,8.6,3.1,92,23,14.9,5.3
6/17/2001,9.5,3.5,0,81,23,14.9,7.3
6/18/2001,11,1.2,0,85,20,6.2,3.9
6/19/2001,10.8,1.7,0,81,18,5.1,2.8
6/20/2001,12,0,0,81,27,4.1,1.8
6/21/2001,12,1.2,0,85,27,3.1,2.1
6/22/2001,14,1.6,0,84,29,6.2,2.3
6/23/2001,12,0.5,0,88,9,4.1,2.1
6/24/2001,11.1,2.6,0,81,16,7.2,4.4
6/25/2001,12.4,2.5,0,89,18,4.1,2.1
6/26/2001,14.8,1.5,0,89,27,4.1,0.5
6/27/2001,15.8,-1.6,0,83,5,6.2,2.1
6/28/2001,15.5,5.5,0,88,36,6.2,3.6
6/29/2001,15.6,7,0,88,7,6.2,3.9
6/30/2001,17.8,7.4,0,92,5,4.1,2.8
7/1/2001,15.6,7.2,0,88,23,13.4,3.1
7/2/2001,12.9,0.5,0,88,9,6.2,3.9
7/3/2001,16.3,4,0,94,36,6.2,2.6
7/4/2001,16.4,5.4,0,79,20,11.8,3.9
7/5/2001,12.4,0,0,77,23,5.1,3.3
7/6/2001,13.8,3.2,9,80,5,8.7,4.6
7/7/2001,15.3,11.8,0,98,7,4.1,2.1
7/8/2001,24,12.8,0,87,36,6.2,2.8
7/9/2001,20.2,7.4,0,90,27,15.4,4.1
7/10/2001,10.5,0.9,2,88,18,4.1,2.1
7/11/2001,11.8,3.4,0,75,27,8.2,4.4
7/12/2001,10.4,-1.6,0,85,9,4.1,1.3
7/13/2001,12.8,3,0,75,5,8.2,4.6
7/14/2001,15.4,7.8,0,78,36,7.2,3.6
7/15/2001,16.9,0.2,0,87,36,4.1,2.3
7/16/2001,19.1,11,7,87,18,6.2,3.9
7/17/2001,18,9.8,18,97,7,6.2,3.3
7/18/2001,15.8,9.7,0,93,27,6.2,3.6
7/19/2001,12.4,9,24,99,9,8.2,4.1
7/20/2001,14.2,8.5,0,89,23,4.1,3.1
7/21/2001,10.2,3.5,1,90,23,6.2,3.3
7/22/2001,9.9,-0.4,0,85,20,5.1,1.8
7/23/2001,10,-1.6,0,86,18,4.1,1.8
7/24/2001,11.4,3.1,0,80,14,6.2,3.1
7/25/2001,12.5,2,3,90,18,5.1,2.8
7/26/2001,9,2.5,0,88,23,9.8,4.4
7/27/2001,9.5,0.8,0,85,27,5.7,3.1
7/28/2001,10.6,-2.8,0,80,34,8.2,3.6
7/29/2001,14.7,6.2,0,68,9,7.2,5.7
7/30/2001,18.1,10,0,77,5,6.2,3.5
7/31/2001,19.4,10.2,0,90,16,7.2,3.1
8/1/2001,21.4,7.5,0,92,9,5.1,3.1
8/2/2001,27.4,16.5,0,77,32,7.2,4.9
8/3/2001,25,15.8,0,83,36,5.1,2.8
8/4/2001,21.4,11.9,0,99,14,10.8,6.6
8/5/2001,22,13.3,3,88,14,8.2,5.9
8/6/2001,19,7.6,16,93,5,7.2,4.1
8/7/2001,16.5,4.5,0,80,27,7.2,3.9
8/8/2001,18.8,9.4,0,82,36,5.1,2.3
8/9/2001,18.6,3,0,89,9,8.2,2.1
8/10/2001,15.2,9.7,0,92,9,8.2,5.9
8/11/2001,19.2,11.6,0,86,7,8.2,5.1
8/12/2001,22.5,13,8,85,5,9.3,5.1
8/13/2001,19,14.6,3,96,27,3.1,1.5
8/14/2001,19.2,10.5,29,96,18,6.2,1
8/15/2001,15.8,9.8,8,98,23,9.3,7.1
8/16/2001,12,10.4,44,97,18,12.9,6.6
8/17/2001,15.4,10,8,98,18,9.8,6.8
8/18/2001,17.1,11.4,3,98,36,9.8,4.1
8/19/2001,16.5,7.8,0,78,29,13.9,5.7
8/20/2001,17.2,4,0,71,29,5.1,2.6
8/21/2001,18.1,6.1,0,77,36,6.2,2.8
8/22/2001,18,9.2,0,80,5,6.2,4.1
8/23/2001,18,9,0,84,5,6.2,3.1
8/24/2001,16.4,9,0.5,98,9,4.1,2.8
8/25/2001,18.3,11.5,0,95,9,6.2,3.6
8/26/2001,22,12.5,62,94,9,8.7,5.1
8/27/2001,17.4,8.9,3,82,25,10.3,4.1
8/28/2001,16.6,5.5,0,73,9,6.2,3.9
8/29/2001,18.6,9.8,0,84,7,8.2,4.1
8/30/2001,16.1,11.2,3,95,16,12.3,5
8/31/2001,14.2,10.5,0.9,96,16,11.3,7.1
9/1/2001,13.5,11.6,0,97,18,11.8,7.3
9/2/2001,13.6,10.2,0,92,18,9.8,7.8
9/3/2001,15,8.4,0,87,18,12.3,7.6
9/4/2001,15.2,6,0,78,16,8.7,5.7
9/5/2001,14,1.5,0,80,9,8.2,4.6
9/6/2001,17.8,8.4,13,77,9,8.7,5.9
9/7/2001,16.6,11.1,8,93,23,7.2,4.6
9/8/2001,18.2,5.2,0,81,23,4.1,1.3
9/9/2001,17.3,6.7,0,75,20,6.2,2.6
9/10/2001,19,4.2,0,69,27,12.9,3.1
9/11/2001,16.7,5.2,0,74,18,7.2,3.6
9/12/2001,19.7,5.6,0,70,36,5.1,3.9
9/13/2001,20,10.4,0,81,18,8.2,4.6
9/14/2001,13.4,7.6,0,80,18,9.8,4.6
9/15/2001,12.2,5.6,0.3,69,23,20.6,8.7
9/16/2001,12.6,1.7,0,74,23,7.2,3.9
9/17/2001,14.6,2.8,0,76,5,6.2,2.8
9/18/2001,18,7.2,0,78,36,6.2,3.6
9/19/2001,23.5,7.8,0,78,36,5.1,3.6
9/20/2001,25.2,12.1,0,76,36,5.1,3.6
9/21/2001,22.8,11.2,0,85,14,8.2,5.1
9/22/2001,25.2,12.9,0,92,7,5.1,3.1
9/23/2001,24,16,0,86,7,7.2,4.4
9/24/2001,22.5,15.6,0.5,88,23,6.2,4.1
9/25/2001,16.6,10.4,0,84,18,10.8,4.9
9/26/2001,15.9,6.5,0,83,14,10.8,6.2
9/27/2001,17.6,10,0,75,11,12.9,6.2
9/28/2001,19.3,14.5,0,84,9,9.3,7.2
9/29/2001,19.5,15,7,93,9,10.3,8.1
9/30/2001,17.5,15,17,91,9,23.2,9.9
10/1/2001,18.6,14.6,0,94,14,9.8,5.9
10/2/2001,16.8,13.4,1,96,18,13.4,8.4
10/3/2001,17.2,13.5,1,96,20,11.3,7.8
10/4/2001,18.8,14,8,94,18,7.2,4.6
10/5/2001,19.3,11.5,0,89,9,8.2,4.9
10/6/2001,20,13.2,0,87,9,9.8,5.9
10/7/2001,19.5,15.7,27,88,9,13.9,6.4
10/8/2001,19.4,15.7,11,94,14,17.5,9.5
10/9/2001,20.3,14.5,0,91,29,8.7,5.4
10/10/2001,22,12.4,0,84,27,8.7,4.1
10/11/2001,18.2,3.9,0,73,16,5.1,3.1
10/12/2001,19.1,7,0,83,7,5.1,1.5
10/13/2001,22.2,8.3,0,80,9,5.1,2.1
10/14/2001,19.5,12.8,4,88,7,5.1,3.9
10/15/2001,18.6,15.5,10,93,9,13.9,8
10/16/2001,16.8,13.8,7,88,11,13.4,9.4
10/17/2001,18.6,14.2,0.6,96,11,8.7,5.8
10/18/2001,23,16.6,0,93,9,5.1,3.9
10/19/2001,23,16,0,93,9,4.1,1.8
10/20/2001,25,14.8,7,97,23,13.4,1.5
10/21/2001,16.8,9.5,2.5,81,25,17,5.5
10/22/2001,21.1,5.9,0,76,25,5.1,2.1
10/23/2001,25,11.3,0,69,36,7.2,3.1
10/24/2001,27,16.8,0,71,34,5.1,3.3
10/25/2001,23.5,17.5,36,88,20,20.6,4.9
10/26/2001,24.2,16.1,20,95,20,20.6,8
10/27/2001,21.7,18,28,97,9,6.2,3.6
10/28/2001,19.4,17.8,12,99,14,20.6,6.2
10/29/2001,22.4,16.4,0,93,11,7.2,4.9
10/30/2001,18.6,13.6,1,91,23,11.8,5
10/31/2001,22.9,9.4,0,84,23,7.2,2.8
11/1/2001,22.9,13.8,0,86,9,6.2,3.9
11/2/2001,21.7,9,0,83,9,7.2,4.4
11/3/2001,22.1,14.8,0,79,9,7.2,4.6
11/4/2001,21.8,14.6,0,84,9,4.1,2.1
11/5/2001,24.6,14.8,22,85,5,6.2,3.9
11/6/2001,21.7,17.1,2,88,7,6.2,2.3
11/7/2001,18.4,11.2,0,80,18,8.7,5.9
11/8/2001,19.5,8,0,80,14,6.2,4.1
11/9/2001,23.2,12.6,26,79,11,9.8,6.7
11/10/2001,21.7,17.4,4,91,7,14.9,7.1
11/11/2001,24.2,12.8,0,69,27,8.7,3.6
11/12/2001,21.6,12.6,3,64,23,5.1,3.6
11/13/2001,21.4,14.4,5,83,9,7.2,4.4
11/14/2001,23.5,14.4,0,80,23,8.2,3.3
11/15/2001,23.6,12.3,0,76,29,17,3.1
11/16/2001,20.1,6.6,0,66,23,4.1,2.1
11/17/2001,23.4,11.8,0,62,36,10.3,5.1
11/18/2001,28,19,0,64,29,10.8,3.3
11/19/2001,29.8,19.4,0,76,9,6.2,2.3
11/20/2001,28.7,18,10,78,16,13.9,3.3
11/21/2001,26.8,17.2,0,84,20,6.2,4.9
11/22/2001,25.6,13.8,7,83,9,8.2,3.9
11/23/2001,23.4,19.8,33,96,23,18,3.9
11/24/2001,21.8,12.8,0,72,18,11.8,7.5
11/25/2001,19,9.3,0,75,9,7.2,4.4
11/26/2001,25.4,11.5,0,77,5,8.2,3.6
11/27/2001,24,11.8,0,71,18,7.2,4.6
11/28/2001,22.5,12.2,0.9,71,9,6.2,3.1
11/29/2001,21,14,4,85,18,12.3,6.4
11/30/2001,20,11.2,0,86,18,8.7,6
12/1/2001,24,9.8,0,80,27,4.1,1.8
12/2/2001,17,11.2,0,73,18,9.8,5.7
12/3/2001,18.9,9.6,0,79,9,9.3,4.5
12/4/2001,22,14.6,0,81,5,6.2,4.4
12/5/2001,26.3,12.4,0,87,9,6.2,2.8
12/6/2001,25,14,0,84,5,5.1,2.8
12/7/2001,28,16.6,30,82,32,17.5,4.4
12/8/2001,18.8,7,0,71,18,14.9,5.7
12/9/2001,21.5,7,0,71,9,6.2,3.3
12/10/2001,24,13.5,0,72,9,7.2,4.6
12/11/2001,29.6,16.7,0,75,5,5.1,2.3
12/12/2001,27.3,19.7,0,83,14,8.2,4.4
12/13/2001,23.6,18.4,2,93,9,5.1,3.3
12/14/2001,25.2,18.8,0,83,9,9.3,4.9
12/15/2001,24.4,13.5,0,84,16,7.2,3.6
12/16/2001,26.1,11.5,0,82,11,5.1,2.8
12/17/2001,27.3,15.8,0,83,18,9.8,4.5
12/18/2001,25.5,10.8,0,76,29,5.1,2.8
12/19/2001,32.4,18.5,0,72,27,9.8,5.4
12/20/2001,29.4,14,0,69,9,8.2,6.2
12/21/2001,27,19.1,0,74,23,8.2,4.8
12/22/2001,25.4,10.6,0,62,18,8.2,4.8
12/23/2001,31.5,17,0,61,27,5.1,3.1
12/24/2001,31.3,16.7,0,62,9,4.1,3.4
12/25/2001,28.5,21,0,62,36,5.1,4.5
12/26/2001,31.6,19,0,68,32,8.2,4.5
12/27/2001,32.8,22.4,2,66,9,5.1,1.7
12/28/2001,30.8,20.5,0,76,11,6.2,4.5
12/29/2001,28.6,20.8,0,76,9,12.9,5.3
12/30/2001,29.8,22,39,76,36,6.2,4.8
12/31/2001,26,19.3,28,90,7,6.2,1.4
1/1/2002,28.7,18,0,78,23,7.2,5.8
1/2/2002,28.6,17,0,82,16,6.2,2.4
1/3/2002,29,16.2,14,82,18,6.2,2.1
1/4/2002,23.8,17.5,50,80,9,9.3,6.9
1/5/2002,20.1,16.4,37,96,9,5.1,4.5
1/6/2002,25.1,16.2,0.4,83,18,6.2,4.1
1/7/2002,27.5,13.6,0,70,5,7.2,2.7
1/8/2002,29,17.3,0,67,2,4.1,1.4
1/9/2002,29,18.7,0,69,14,8.7,5.7
1/10/2002,27.6,19.5,0,80,7,7.2,5.8
1/11/2002,30,21,0,79,9,7.2,3.8
1/12/2002,31.7,22.6,0,73,9,7.2,4.8
1/13/2002,29.4,21.3,3,80,18,12.9,4.1
1/14/2002,23.2,14.7,0,64,20,15.4,6.7
1/15/2002,26.1,10.1,0,61,32,3.1,0
1/16/2002,25,14.5,0,67,9,7.2,4.1
1/17/2002,25.1,12.5,0,76,9,6.2,2.7
1/18/2002,26.3,17.4,0,67,9,9.8,6.2
1/19/2002,27.4,18.6,0,69,36,6.2,3.8
1/20/2002,29.2,19.5,8.5,80,18,6.2,1.7
1/21/2002,25.9,12.4,0,69,9,7.2,4.8
1/22/2002,30,13.2,0,64,7,5.1,2.1
1/23/2002,33.6,18.6,0,67,36,5.1,2.4
1/24/2002,33.5,19.1,0,63,7,17,3.4
1/25/2002,31,18,30,73,11,6.2,3.8
1/26/2002,27.6,18.5,97,73,9,7.2,3.8
1/27/2002,28.7,17.3,13,83,14,6.2,2.4
1/28/2002,34,20.6,0,57,32,4.1,2.1
1/29/2002,27,18,0,79,20,6.2,4.8
1/30/2002,28.6,15.8,7,75,5,7.2,5.5
1/31/2002,30.3,19.7,0,73,27,6.2,1.7
2/1/2002,24,13.6,0,65,23,14.9,7
2/2/2002,23.8,9.6,0,74,20,5.1,2.7
2/3/2002,25.7,12,0,73,5,6.2,3.8
2/4/2002,25,17.4,8,81,18,9.8,5
2/5/2002,23.5,13.9,0,78,16,12.9,5.1
2/6/2002,24.5,13.8,3,76,16,9.3,6.9
2/7/2002,26,18.2,0,80,11,8.2,6.5
2/8/2002,25.3,17.4,7,82,9,8.2,4.5
2/9/2002,21.9,18.2,23,98,18,8.2,4.8
2/10/2002,28.2,17.8,0,87,23,3.1,2.7
2/11/2002,28.2,16.3,12,82,34,4.1,2.7
2/12/2002,28,16.5,0,84,9,3.1,1.4
2/13/2002,29,17.6,0,78,9,3.1,3.1
2/14/2002,30.5,18,0,71,16,8.2,4.5
2/15/2002,24.9,16.2,0,73,18,8.2,5.8
2/16/2002,23.6,10.5,0,73,14,9.8,5.8
2/17/2002,24.2,14.5,0,77,9,7.2,3.8
2/18/2002,25,16.6,0,75,9,6.2,4.1
2/19/2002,26.5,17.5,0,78,11,8.2,4.5
2/20/2002,25.7,18.5,9,84,9,18.5,6
2/21/2002,26,17.2,0,83,18,9.8,5.7
2/22/2002,29,14.5,0,74,25,5.1,2.7
2/23/2002,24,15.3,0,65,18,13.9,5.8
2/24/2002,23.5,8.2,0,59,5,4.1,0.7
2/25/2002,29.6,15,0,62,36,8.2,5.8
2/26/2002,32.2,22.5,0,66,32,9.8,5.1
2/27/2002,33.7,23.6,6,69,36,7.2,3.8
2/28/2002,29.5,18.6,12,82,18,9.8,4.8
3/1/2002,23.6,8.6,0,67,18,4.1,2.1
3/2/2002,24.8,12.6,0,72,9,7.2,5.5
3/3/2002,27.6,18.6,42,78,9,7.2,5.1
3/4/2002,25.5,20.4,24,94,18,8.2,3.8
3/5/2002,23.7,12.5,0,80,14,6.2,4.5
3/6/2002,27,14.6,0,81,36,7.2,2.7
3/7/2002,32.2,21.2,0,83,36,6.2,3.8
3/8/2002,27.6,21,1,89,5,5.1,4.1
3/9/2002,26.2,20.8,25,94,20,8.2,5.5
3/10/2002,25,18.5,40,98,18,20.6,5.7
3/11/2002,24.7,18.3,0,84,14,8.2,5.5
3/12/2002,25.2,14.4,0.5,86,9,8.2,5.8
3/13/2002,31.7,21,13,92,5,5.1,2.7
3/14/2002,31.7,21,3,83,9,6.2,3.8
3/15/2002,28,18.2,95,85,18,24.2,8.7
3/16/2002,27.7,18,26,96,18,9.8,6.5
3/17/2002,24.9,20.3,8,87,16,7.2,4.8
3/18/2002,20.6,16.2,36,86,11,14.9,8.1
3/19/2002,22,15.1,0.6,94,14,12.3,6.5
3/20/2002,22,14.1,0,84,18,9.8,6.2
3/21/2002,24,14,0,85,9,8.2,4.5
3/22/2002,25.4,19,0,86,36,6.2,2.7
3/23/2002,25.8,16,0,84,7,7.2,3.4
3/24/2002,25,18.5,2,90,23,11.8,3.1
3/25/2002,23,13.8,0,91,14,5.1,2.7
3/26/2002,25.1,12.7,0,78,14,8.2,6.2
3/27/2002,20.2,13.6,0,74,11,10.8,7.7
3/28/2002,20.8,14.3,21,90,9,9.8,5.8
3/29/2002,22.4,20,15,99,7,6.2,3.1
3/30/2002,22.2,15.6,6,87,23,7.2,5.1
3/31/2002,16.8,11.3,0,80,23,8.2,5.8
4/1/2002,18,8.2,0,79,23,9.3,4.1
4/2/2002,21.6,6.7,0,75,29,5.1,2.4
4/3/2002,25.4,14.8,0,73,32,6.2,4.1
4/4/2002,24,14,0,76,5,6.2,4.5
4/5/2002,25,17.8,0,86,9,7.2,4.1
4/6/2002,27.4,18.9,6,86,7,6.2,3.4
4/7/2002,23,19.3,0,93,9,8.7,4.8
4/8/2002,25.4,19.8,5,92,18,5.1,2.9
4/9/2002,20.7,18.6,0,96,18,6.2,4.1
4/10/2002,19.5,14.4,0,91,18,6.2,3.8
4/11/2002,19.5,14.4,14,86,14,8.7,6.9
4/12/2002,16.8,12,0,79,18,8.2,5.5
4/13/2002,16.6,11.5,0,77,20,7.2,4.8
4/14/2002,19.3,10.5,0,82,9,7.2,3.4
4/15/2002,22.2,11.2,12,88,9,4.1,3.4
4/16/2002,20,16.6,82,98,11,7.2,5.1
4/17/2002,21.4,14.9,0,81,27,12.3,4.1
4/18/2002,19,8,0,82,5,5.1,2.4
4/19/2002,22.5,11.8,0,83,36,5.1,3.1
4/20/2002,18.7,6,0,68,27,9.8,4.8
4/21/2002,17.2,4.2,0,73,9,4.1,2.7
4/22/2002,15.2,10.1,7,90,9,8.2,4.1
4/23/2002,16,11.8,0,94,25,7.2,3.8
4/24/2002,18.3,5.6,0,93,9,5.1,1.4
4/25/2002,20.6,6.2,0,86,36,4.1,1.7
4/26/2002,18.2,9.1,0,73,25,7.2,4.1
4/27/2002,18.2,5.6,0,69,32,5.1,4.5
4/28/2002,19.8,8.9,0,79,36,5.1,1.7
4/29/2002,21.2,12.6,0,86,36,4.1,2.4
4/30/2002,19.2,10.4,0,91,25,4.1,2.1
5/1/2002,21,9.5,0,75,34,6.2,4.5
5/2/2002,22.5,12.8,0,82,32,8.2,5.8
5/3/2002,21.4,12.1,0,80,32,7.2,3.4
5/4/2002,23.8,7.6,0,76,34,5.1,3.1
5/5/2002,22,9,0,85,9,6.2,1.7
5/6/2002,22,9.9,0,80,36,5.1,2.1
5/7/2002,23,11.5,0,85,32,6.2,2.7
5/8/2002,19.3,10.8,0,83,18,8.2,4.8
5/9/2002,17.9,4.6,0,84,5,6.2,3.1
5/10/2002,20.6,14,0,87,36,5.1,4.5
5/11/2002,23.7,11,10,90,36,5.1,2.1
5/12/2002,22.7,16.7,34,96,14,8.2,5.1
5/13/2002,21,15,8.1,93,5,11.8,7
5/14/2002,26,18.8,53,88,36,13.4,4.8
5/15/2002,18.8,13.7,2,94,20,14.9,7.5
5/16/2002,16,13,6,94,14,9.8,6.5
5/17/2002,17,14.8,12.5,97,14,8.7,6
5/18/2002,17.5,12.6,0,97,23,7.2,3.8
5/19/2002,13.6,9.2,0,88,25,6.2,2.4
5/20/2002,14.7,8.4,0,86,23,5.1,3.1
5/21/2002,16.4,5.2,0,85,27,5.1,0.3
5/22/2002,17,6.4,0,77,36,7.2,3.4
5/23/2002,18.4,11.5,0,88,5,5.1,4.1
5/24/2002,21.4,13.8,0,86,5,4.1,2.1
5/25/2002,21.8,14.6,0,81,36,8.2,4.5
5/26/2002,19.3,17,2.5,84,5,6.2,4.8
5/27/2002,22.8,16.4,8.6,94,16,7.2,3.1
5/28/2002,15.5,10.4,3.5,87,16,8.2,4.8
5/29/2002,15.2,8.6,0,86,18,7.2,5.5
5/30/2002,13.3,4.4,0,79,18,5.1,2.4
5/31/2002,13.6,2.1,0,78,9,5.1,3.1
6/1/2002,16.3,11.3,12,96,2,5.1,3.8
6/2/2002,15.5,12.4,3,94,14,9.8,6.9
6/3/2002,18.6,13.8,2,100,16,6.2,2.1
6/4/2002,18,14.9,14,98,14,6.2,4.8
6/5/2002,15.5,7.6,2,90,23,8.2,4.8
6/6/2002,17.9,5.6,0,73,29,4.1,2.4
6/7/2002,17.4,7.5,0,77,2,5.1,3.4
6/8/2002,17.3,5,0,81,36,6.2,2.4
6/9/2002,16,7.4,0,74,27,15.4,7.2
6/10/2002,8.6,1.2,0,77,29,5.1,2.2
6/11/2002,9.5,0.8,0,72,25,6.2,3.1
6/12/2002,11,-1,0,78,27,5.1,2.1
6/13/2002,14,1.8,0,68,34,6.2,4.1
6/14/2002,12.3,0.4,0,80,25,4.1,2.7
6/15/2002,15.1,-0.6,0,83,5,7.2,2.7
6/16/2002,15.1,1.3,0,87,9,4.1,1
6/17/2002,12.2,3.6,0.3,99,27,3.1,0.7
6/18/2002,15.4,4.8,0,80,34,5.1,3.8
6/19/2002,18,7,0,72,32,6.2,3.8
6/20/2002,18.2,9.4,0,77,36,6.2,5.1
6/21/2002,11,-0.4,0,79,23,7.2,3.8
6/22/2002,9,-2,0,83,27,5.1,3.4
6/23/2002,9.2,-2.7,0,86,27,5.1,1.7
6/24/2002,10.5,-0.4,0,85,18,6.2,1.7
6/25/2002,10,-2.5,0,90,5,5.1,2.7
6/26/2002,13.2,1.7,0,80,5,8.2,4.5
6/27/2002,16.8,8.4,0,86,5,5.1,3.4
6/28/2002,14.4,6,0,93,14,6.2,4.8
6/29/2002,11.6,10.1,0,97,23,7.2,4.8
6/30/2002,10.5,3.2,0,86,23,5.1,2.7
7/1/2002,11,1.8,0,87,14,8.2,4.5
7/2/2002,12.9,7.3,48,98,14,7.2,3.8
7/3/2002,12.4,9.2,16,97,18,7.2,4.5
7/4/2002,11,8.2,5,93,16,6.2,4.5
7/5/2002,11,7.8,3,98,14,4.1,1.7
7/6/2002,10.1,4.4,0,92,18,7.2,3.8
7/7/2002,12.8,1.8,0,85,27,6.2,2.4
7/8/2002,10.2,2.8,0,84,20,6.2,3.4
7/9/2002,9.2,-0.6,0,84,25,4.1,2.1
7/10/2002,10.1,-3.2,1,81,9,3.1,1
7/11/2002,11.6,5.9,2,80,36,6.2,3.8
7/12/2002,17,7.6,0,86,32,5.1,3.4
7/13/2002,17,3.5,0,74,36,5.1,4.1
7/14/2002,20.5,10.3,0,78,32,4.1,2.1
7/15/2002,17.4,8,0,78,36,5.1,3.8
7/16/2002,14.2,8,0,83,23,9.8,5.8
7/17/2002,10.3,2.2,0,86,16,7.2,3.8
7/18/2002,16.4,5.5,0,84,5,5.1,4.5
7/19/2002,19.3,6.8,0,86,5,4.1,3.1
7/20/2002,19.3,9.7,2,81,9,6.2,2.4
7/21/2002,17.1,13.8,12,96,23,11.8,6.3
7/22/2002,15,6.8,0,76,18,8.7,4.3
7/23/2002,12.6,1,2,90,9,7.2,4.1
7/24/2002,13.7,6.5,3,88,20,8.2,3.1
7/25/2002,15.8,3.2,0,68,32,5.1,2.7
7/26/2002,14.2,2,0,81,7,4.1,0.7
7/27/2002,13.2,3.3,0,75,27,8.7,5.5
7/28/2002,13.2,1.6,0,68,36,6.2,3.8
7/29/2002,16.9,8.4,0,62,2,7.2,4.8
7/30/2002,16,10.9,0,91,7,5.1,2.4
7/31/2002,9.9,5.9,0,71,20,9.3,5.8
8/1/2002,9.2,5.6,0,78,23,6.2,3.8
8/2/2002,11.4,2,0,81,36,5.1,0.7
8/3/2002,14.8,1.5,0,79,36,4.1,3.4
8/4/2002,17,6.6,0,81,32,5.1,2.7
8/5/2002,11.8,1.8,0,72,20,5.1,3.1
8/6/2002,12.7,2,0,77,9,6.2,3.4
8/7/2002,12.6,2.2,0,84,9,9.3,5.5
8/8/2002,17.6,10.6,0,83,27,8.2,4.5
8/9/2002,17,6.5,0,68,27,10.8,7.4
8/10/2002,21.6,8,0,47,32,5.1,4.8
8/11/2002,17.4,6,0,78,18,8.2,5.5
8/12/2002,16.8,0,0,76,5,5.1,2.1
8/13/2002,16.9,5.2,0,65,25,13.4,4.1
8/14/2002,12.4,0,0,72,23,6.2,3.4
8/15/2002,12.7,1.5,0,78,9,7.2,4.5
8/16/2002,15.5,9.5,3,85,11,6.2,5.1
8/17/2002,20.5,13.9,10,93,7,6.2,3.4
8/18/2002,19.4,16.6,55,95,9,8.2,4.1
8/19/2002,18,12,0,89,36,8.7,7
8/20/2002,15.5,6.6,0,76,32,6.2,2.4
8/21/2002,17.4,5.9,0,70,32,4.1,1.4
8/22/2002,18,5,0,70,9,6.2,4.1
8/23/2002,17.6,11,0,89,9,5.1,4.8
8/24/2002,25.2,14,0,80,5,7.2,5.5
8/25/2002,28.8,16.8,0,82,16,9.8,4.8
8/26/2002,27.4,14.5,0,77,14,6.2,2.7
8/27/2002,30,18.8,0,66,2,6.2,3.8
8/28/2002,22.5,15.6,8,87,34,7.2,5.5
8/29/2002,15.6,9.4,0,78,27,13.4,8.1
8/30/2002,12.2,6,0,68,27,15.4,4.8
8/31/2002,10.6,4.5,1,78,27,12.3,4.5
9/1/2002,11,3,0,78,23,8.2,4.8
9/2/2002,14.4,0,0,74,32,9.8,4.1
9/3/2002,15.6,3.8,0,65,27,4.1,3.8
9/4/2002,19.6,8,0,69,2,6.2,3.1
9/5/2002,19.5,8.7,2,84,18,15.4,5.8
9/6/2002,15.6,6.6,0,76,20,6.2,4.5
9/7/2002,12.4,3,0,83,18,5.1,3.4
9/8/2002,14.2,1.3,0,71,5,7.2,4.5
9/9/2002,16.3,5.2,0,74,5,6.2,3.4
9/10/2002,16.5,11.4,0,84,9,8.7,6.3
9/11/2002,17,12,40,95,23,8.2,4.8
9/12/2002,15.4,7.2,0,84,27,8.2,5.1
9/13/2002,14.4,4.8,0,80,27,5.1,3.1
9/14/2002,15.1,4,0,78,18,6.2,4.1
9/15/2002,12.2,4.8,0,85,9,6.2,4.5
9/16/2002,17.8,10.4,0,80,9,12.9,5.8
9/17/2002,20.8,13.6,0,90,7,5.1,3.4
9/18/2002,23,12.8,42,88,14,8.2,3.8
9/19/2002,18,9.9,0,78,23,15.4,5.7
9/20/2002,16.5,5.2,0,65,27,4.1,2.4
9/21/2002,19.8,7.3,2,61,29,5.1,2.4
9/22/2002,18.4,8,0,72,25,5.1,4.8
9/23/2002,17,6,0,76,9,4.1,3.1
9/24/2002,21.8,10.4,0,59,36,14.4,7.4
9/25/2002,24,14.2,0,64,36,5.1,3.8
9/26/2002,19.5,8.2,0,78,11,8.2,4.8
9/27/2002,23,11.5,0.5,71,7,6.2,5.1
9/28/2002,21.5,15.1,5,88,18,8.7,2.7
9/29/2002,15.8,9.9,0,94,14,7.2,5.8
9/30/2002,20,13,0,91,18,4.1,1.4
10/1/2002,23,9.1,0,80,5,5.1,3.4
10/2/2002,20,14.6,7,89,18,20.6,9.6
10/3/2002,20.1,7.2,0,82,11,8.2,4.5
10/4/2002,18.8,12.9,5,96,5,6.2,3.1
10/5/2002,22.2,11.2,0,74,9,8.2,7.2
10/6/2002,28,15.9,0,75,20,14.9,6.5
10/7/2002,20.6,11.2,0,61,14,9.8,5.1
10/8/2002,22,9.2,0,81,9,14.9,8.4
10/9/2002,26.5,17.6,7,90,36,5.1,3.1
10/10/2002,23.9,11.5,0.6,75,5,6.2,5.1
10/11/2002,27.4,17.5,0,90,36,4.1,1.7
10/12/2002,27,16,0,84,36,6.2,4.5
10/13/2002,31,20.4,0,73,36,9.8,5.8
10/14/2002,26.1,19.8,9,92,9,8.2,3.1
10/15/2002,21.7,12.7,4,92,23,15.4,8.4
10/16/2002,20.6,9.3,0,69,25,8.2,4.8
10/17/2002,20.2,9,0,59,5,7.2,4.5
10/18/2002,23.7,15.4,0,74,7,8.2,4.5
10/19/2002,20.2,14,7,73,14,15.4,8.1
10/20/2002,19.5,12.6,14,98,9,8.2,7.2
10/21/2002,15.4,5.5,0,70,25,14.9,4.8
10/22/2002,21.4,7.4,0,60,29,6.2,3.8
10/23/2002,22,14.6,0,65,36,8.7,3.1
10/24/2002,27,15.2,0,73,9,3.1,1.7
10/25/2002,25.5,10.7,0,68,9,5.1,4.5
10/26/2002,26,16.6,0,88,5,4.1,3.8
10/27/2002,22.4,16,0.5,88,14,9.8,7
10/28/2002,19.4,13.6,0,91,18,10.8,6.5
10/29/2002,19.1,8,0,70,16,7.2,2.7
10/30/2002,21.8,6.4,0,57,5,5.1,1.7
10/31/2002,23.1,13.4,0,69,36,6.2,3.1
11/1/2002,25.2,15.2,0,70,36,6.2,4.8
11/2/2002,26,18,0.7,79,36,6.2,4.5
11/3/2002,22.8,15.2,0.8,79,18,15.4,4.8
11/4/2002,17.5,6.9,0,69,23,8.2,4.5
11/5/2002,18.8,4.7,0,70,9,8.2,5.1
11/6/2002,21.5,8.5,0,60,9,8.2,5.5
11/7/2002,25,16.2,5,73,7,13.9,5.8
11/8/2002,23,16.3,44,96,16,7.2,4.1
11/9/2002,22.6,14,1,83,32,8.2,4.1
11/10/2002,14,10,3,85,32,15.4,10.8
11/11/2002,19,10.4,0,82,27,14.9,4.8
11/12/2002,26.2,9,0,61,36,8.2,6.2
11/13/2002,28.6,14.3,0,58,36,8.7,3.8
11/14/2002,30.1,19.3,0.5,66,18,7.2,4.1
11/15/2002,27.8,15.2,0,80,9,8.2,5.1
11/16/2002,30.8,19,0,78,36,8.2,4.8
11/17/2002,28,18,5,82,14,10.8,5.7
11/18/2002,28.1,15.9,0,73,25,4.1,1.7
11/19/2002,27.4,17.3,19,73,9,6.2,3.8
11/20/2002,26.6,15.3,0,77,20,7.2,3.8
11/21/2002,22,11.8,0,58,25,8.2,4.8
11/22/2002,25.7,11.5,0,54,36,5.1,3.4
11/23/2002,30,19.4,0,63,36,6.2,4.1
11/24/2002,28.4,17.5,0,84,9,5.1,3.1
11/25/2002,23.8,19,0.9,90,16,12.9,4.8
11/26/2002,27.8,13.6,7,74,5,5.1,3.4
11/27/2002,22.4,15,0,80,18,7.2,5.5
11/28/2002,23.8,9.4,0,61,9,7.2,5.1
11/29/2002,24.9,13.2,12,81,5,7.2,5.1
11/30/2002,24.6,17.7,0,84,18,7.2,5.8
12/1/2002,20.8,13.6,0,73,16,11.8,7
12/2/2002,22.8,8.8,0,62,5,5.1,2.4
12/3/2002,26.7,13.8,0,68,9,6.2,3.4
12/4/2002,24.2,18.5,0,74,9,5.1,3.8
12/5/2002,27.9,20.5,0,82,5,4.1,0
12/6/2002,31,20,0,80,23,5.1,3.1
12/7/2002,23.6,15,0,64,18,8.7,7.7
12/8/2002,23.2,13.3,0,74,11,6.2,4.1
12/9/2002,23,15,0,74,5,6.2,5.1
12/10/2002,23.9,15.8,0,82,9,6.2,3.8
12/11/2002,26,14.8,2,85,9,6.2,4.1
12/12/2002,26.6,13.8,0,72,18,8.2,5.1
12/13/2002,26.5,14.6,0,75,18,9.8,5.1
12/14/2002,26.6,16.5,0,77,14,5.1,3.4
12/15/2002,31.6,14.5,0.8,72,7,4.1,2.4
12/16/2002,30.6,19,0,62,27,7.2,4.8
12/17/2002,24.2,13,0,70,9,8.2,5.1
12/18/2002,28,14.5,22,52,2,8.2,6.5
12/19/2002,26.6,18,0,72,5,9.8,3.4
12/20/2002,26.5,11.7,0,61,2,5.1,2.4
12/21/2002,27.2,16,4,61,9,7.2,4.5
12/22/2002,23.2,18.6,27,96,9,8.2,5.8
12/23/2002,23.4,13,0,64,18,9.8,7
12/24/2002,25.2,10,0,58,36,5.1,4.1
12/25/2002,28.5,16.5,0,54,34,9.8,5.1
12/26/2002,30.7,21,0,56,36,7.2,4.8
12/27/2002,32,19,4,64,34,5.1,1.7
12/28/2002,26.7,22.2,0,83,9,6.2,2.7
12/29/2002,25,18.9,10,95,16,8.7,5.5
12/30/2002,23.6,16.2,2,77,11,14.9,7.2
12/31/2002,23.4,17,11,87,11,8.2,5.1
1/1/2003,24.7,17,0,80,18,5.1,3.4
1/2/2003,24.5,13,0,73,9,7.2,4.1
1/3/2003,27.2,16.5,0,79,7,4.1,3.1
1/4/2003,30.5,16.8,0,76,11,7.2,3.4
1/5/2003,31.7,18.9,0,60,36,8.2,5.5
1/6/2003,30.7,11.6,0,54,32,7.2,3.4
1/7/2003,25.7,12.1,0,62,9,6.2,4.5
1/8/2003,29.9,17,0,78,18,9.8,7
1/9/2003,32.2,17.7,0,67,5,5.1,3.1
1/10/2003,33.5,18.5,5,61,36,7.2,3.4
1/11/2003,28,18,0,59,14,8.7,6.2
1/12/2003,27.2,17.1,0,61,7,6.2,3.8
1/13/2003,31.3,18,0,65,2,7.2,3.4
1/14/2003,33.8,24,0,63,36,6.2,4.1
1/15/2003,32.8,23.3,0,65,7,5.1,3.4
1/16/2003,34.2,20.6,0.3,71,7,8.2,3.8
1/17/2003,32.7,22.8,3,66,23,8.2,5.5
1/18/2003,24.8,12.2,2,63,11,9.8,5.8
1/19/2003,21.4,17.4,15,93,5,7.2,4.1
1/20/2003,31.2,18,0,70,27,5.1,2.4
1/21/2003,31.4,16.4,3,66,9,4.1,2.4
1/22/2003,23,18.8,2,90,16,7.2,3.1
1/23/2003,24,13.8,0,60,18,8.7,5.7
1/24/2003,27.6,11.7,0,53,34,8.7,5.8
1/25/2003,31,20.6,0,60,36,6.2,4.1
1/26/2003,32.4,18.6,0,60,36,5.1,4.1
1/27/2003,31.9,22,0,64,36,4.1,2.4
1/28/2003,30,20,0,68,11,9.8,6.9
1/29/2003,33.5,20.8,0,70,36,8.7,4.8
1/30/2003,35.4,26.4,0,61,36,11.8,4.8
1/31/2003,37,27.4,14,61,36,7.2,3.8
2/1/2003,31.5,19,15,66,32,10.3,3.4
2/2/2003,25.6,18.4,52,95,18,22.1,7
2/3/2003,30.3,18.5,0,84,2,4.1,1
2/4/2003,28.7,23.8,0,87,36,5.1,1.7
2/5/2003,29.6,21.4,0,77,5,5.1,2.1
2/6/2003,31.1,20.6,0,76,36,5.1,0.7
2/7/2003,27.2,18.6,1,77,14,9.8,7.2
2/8/2003,27.5,14.4,0,81,9,7.2,5.1
2/9/2003,31.6,22.5,11,78,11,5.1,3.8
2/10/2003,26.2,19.6,19,89,16,8.2,5.5
2/11/2003,25.5,20.6,10,92,14,9.8,4.8
2/12/2003,27.8,20,0,84,23,5.1,3.8
2/13/2003,26.6,17.2,0,80,18,6.2,3.1
2/14/2003,27.5,16.7,0,79,9,5.1,4.1
2/15/2003,23.2,18.2,12,93,25,5.1,3.1
2/16/2003,20.5,9.6,0,70,27,8.7,3.8
2/17/2003,29.2,15.6,0,73,29,14.9,4.5
2/18/2003,29.2,11.9,0,68,36,5.1,2.4
2/19/2003,26,14.2,1,84,23,13.4,6.3
2/20/2003,21.2,8,0,62,25,15.4,5.8
2/21/2003,26.3,8.9,0,61,29,5.1,2.7
2/22/2003,25.6,13,0,66,36,5.1,2.4
2/23/2003,26.3,17.2,4,79,9,8.2,2.7
2/24/2003,25.7,17.5,0.5,90,25,5.1,2.1
2/25/2003,29.6,17.6,0,77,36,5.1,3.8
2/26/2003,33.2,20,28,76,36,6.2,3.8
2/27/2003,27.3,19.5,20,88,11,6.2,4.8
2/28/2003,25.8,17.4,0,89,9,5.1,2.7
3/1/2003,30,18.8,0,80,5,5.1,2.1
3/2/2003,27,19.6,0,90,14,5.1,3.8
3/3/2003,30.2,15.8,0,82,36,5.1,2.7
3/4/2003,30.2,21,0,70,32,5.1,3.8
3/5/2003,29.4,19.4,0,84,9,4.1,3.1
3/6/2003,31.7,20.2,0,85,18,6.2,3.4
3/7/2003,29.2,17.6,0,89,11,5.1,4.5
3/8/2003,30,22.6,0,87,9,8.2,6.9
3/9/2003,30,23,15,86,9,17.5,5.5
3/10/2003,26.8,23.2,9,93,5,5.1,3.1
3/11/2003,23.2,16.9,0,87,18,10.8,8.1
3/12/2003,17.6,10.3,0,74,20,7.2,4.1
3/13/2003,24.2,8.5,0,67,9,6.2,3.8
3/14/2003,24,12.9,0,76,5,6.2,2.7
3/15/2003,26,15.7,0,86,11,7.2,3.4
3/16/2003,27.4,14.4,0,78,2,5.1,1.4
3/17/2003,28,15.1,0,65,34,5.1,4.1
3/18/2003,28.3,19.5,0,69,34,8.2,4.5
3/19/2003,28.4,19.5,0,65,36,8.2,5.1
3/20/2003,25.2,13,0,66,23,10.8,6.9
3/21/2003,21.5,6.6,0,68,11,5.1,1
3/22/2003,23.2,9.8,0,69,32,6.2,3.4
3/23/2003,24.5,11,0,75,9,6.2,3.1
3/24/2003,24.7,16,0,78,11,9.8,4.8
3/25/2003,23.6,17.3,0,78,11,7.2,4.5
3/26/2003,25.2,16.2,0,83,9,8.2,4.8
3/27/2003,27.1,18.8,0,83,7,7.2,3.8
3/28/2003,27.6,17.6,8,92,5,7.2,3.4
3/29/2003,20.2,16.8,33,97,18,8.7,5.7
3/30/2003,20.5,12,0,80,18,8.2,3.4
3/31/2003,21.1,8.7,0.5,83,18,5.1,3.1
4/1/2003,19.8,11,0,80,18,6.2,4.5
4/2/2003,19.8,6.6,0,76,9,6.2,3.8
4/3/2003,19.8,10,4,84,9,6.2,3.4
4/4/2003,20.6,14.8,0,79,18,8.2,4.8
4/5/2003,21.7,12,9,92,18,6.2,3.1
4/6/2003,22,7.4,0,88,2,4.1,1.4
4/7/2003,25.2,14.8,0,75,36,5.1,3.1
4/8/2003,25.1,14.1,3,75,36,5.1,3.8
4/9/2003,21.4,11.1,0,74,25,6.2,3.8
4/10/2003,18.4,5,0,68,27,11.8,5
4/11/2003,16.7,7.4,0,78,23,7.2,4.5
4/12/2003,18.9,4,0,78,25,4.1,2.1
4/13/2003,21,6.3,0,78,36,6.2,2.4
4/14/2003,22,9.5,0,79,36,7.2,3.4
4/15/2003,26.4,11.1,0,71,29,5.1,2.1
4/16/2003,24.2,9.5,0,82,9,5.1,3.4
4/17/2003,22,10.2,2,89,16,7.2,4.8
4/18/2003,19.6,16.4,7,96,9,8.7,4.8
4/19/2003,18.7,10.9,0,75,27,9.8,4.5
4/20/2003,22.5,9,0,68,27,8.2,5.8
4/21/2003,23.4,15,0,75,34,7.2,3.8
4/22/2003,24.2,10.7,0,78,9,5.1,2.7
4/23/2003,21.8,15,0,94,18,8.2,5.8
4/24/2003,20,16.7,2,94,9,4.1,2.4
4/25/2003,18,13.9,7.5,83,20,6.2,4.5
4/26/2003,20,12.2,0,87,18,5.1,3.8
4/27/2003,20,9,0,87,20,5.1,3.1
4/28/2003,21.6,5.5,0,88,36,4.1,1
4/29/2003,14.8,8,6,89,14,6.2,3.8
4/30/2003,17,9.2,5.5,96,11,6.2,3.8
5/1/2003,19.4,8.2,0,82,27,5.1,2.4
5/2/2003,18.5,5.5,0,74,25,6.2,3.8
5/3/2003,19.8,6.2,0,76,32,4.1,2.7
5/4/2003,19.8,8,0,82,34,5.1,1.4
5/5/2003,15.3,8.6,0.1,87,32,8.2,5.1
5/6/2003,16.6,4,0,78,23,6.2,3.1
5/7/2003,19.2,1.5,0,79,23,3.6,1
5/8/2003,18.8,2.9,0,77,7,2.6,1.2
5/9/2003,19,5.2,0,82,2,4.1,2.3
5/10/2003,19,10.9,0,81,34,7.7,2.7
5/11/2003,22.6,10,0,80,9,3.1,1.5
5/12/2003,23.4,13,0,82,9,3.6,2.1
5/13/2003,17.5,13.6,0,92,9,9.8,3.5
5/14/2003,23.4,15.9,0.6,84,5,5.7,3.7
5/15/2003,19,13.4,9.8,97,16,7.2,3.9
5/16/2003,16.7,12.4,14,98,16,8.2,4.6
5/17/2003,13.8,9.2,8,92,18,10.8,5.8
5/18/2003,17,4.1,0,85,14,6.2,4.6
5/19/2003,15.2,8.1,5,93,14,8.7,5.5
5/20/2003,17,14.8,0,98,11,6.7,4.4
5/21/2003,19.3,15.2,21,97,9,5.7,4
5/22/2003,17.7,13.2,0,95,20,5.1,2.4
5/23/2003,17,8.6,0,81,25,6.2,3.1
5/24/2003,15,9.7,0,75,25,16.5,5
5/25/2003,15,4.5,0,84,34,3.6,2.7
5/26/2003,16.5,8.5,0,66,27,5.1,3.6
5/27/2003,18.6,5,0,64,32,5.7,3.2
5/28/2003,17.6,4.4,0,81,25,2.6,1.5
5/29/2003,22,9.5,0,79,14,3.6,2.2
5/30/2003,20.7,13.7,0,79,36,4.1,3.1
5/31/2003,18.5,8.4,0,92,20,5.1,1.4
6/1/2003,21,5,0,93,5,3.1,0.9
6/2/2003,17,7.5,0,73,16,9.8,5.8
6/3/2003,13.5,0,0,79,2,3.6,1.3
6/4/2003,14,1.5,0,78,36,6.7,3.1
6/5/2003,15.9,9.2,0,82,2,4.6,3.1
6/6/2003,13.4,5.2,0,84,20,6.7,2.8
6/7/2003,12.4,0.3,0,63,25,4.1,1.8
6/8/2003,14,-0.9,0,72,5,2.6,0.8
6/9/2003,12.4,3.6,0,82,5,5.1,2.4
6/10/2003,15.3,5.5,3,91,5,3.6,0.9
6/11/2003,16.7,8.6,0,87,23,4.6,1.3
6/12/2003,14.6,4.4,0,92,7,3.6,1.8
6/13/2003,18.4,4,0,91,23,3.6,1.3
6/14/2003,16.2,4.4,0.7,85,5,6.2,3
6/15/2003,19,9.6,0,75,2,7.2,3.9
6/16/2003,17.9,6,0,75,5,4.6,1.3
6/17/2003,17,4.9,0,82,11,5.1,1.9
6/18/2003,14,6.5,0,93,9,6.2,3
6/19/2003,15.2,12.8,0,96,36,4.6,2.2
6/20/2003,17.8,13.2,0,91,2,6.7,4.5
6/21/2003,17,7,0,81,20,8.2,3.5
6/22/2003,15.8,8.3,2,92,36,4.1,1.7
6/23/2003,19.3,9.7,0,88,23,4.1,2.1
6/24/2003,18.4,3.7,0,82,14,5.1,1.5
6/25/2003,14.2,8.5,0,77,14,12.9,5.7
6/26/2003,13.5,11.6,22,84,11,14.4,6.7
6/27/2003,14,11.7,27,97,9,7.2,4.6
6/28/2003,14.2,12,0,96,20,5.1,2.2
6/29/2003,13,4.8,0,92,5,8.2,2.6
6/30/2003,16.4,11.6,0,89,2,3.6,3
7/1/2003,17.2,7.9,0,90,18,8.7,3.3
7/2/2003,12.5,2.9,0,84,9,5.1,2.3
7/3/2003,17.2,4.5,23,87,14,3.1,0.6
7/4/2003,13,10.8,2,95,20,5.1,1.9
7/5/2003,15.4,7,0,86,27,3.1,1.9
7/6/2003,16.3,1.3,0,88,5,2.1,0.6
7/7/2003,16,2.5,2,83,36,4.6,2.6
7/8/2003,14.5,6.8,2,88,25,20.1,3.3
7/9/2003,9.9,1.1,0,60,27,5.7,4.5
7/10/2003,10.3,2.5,0,62,27,6.2,4
7/11/2003,11,-1.4,0,85,23,3.6,1.7
7/12/2003,11.6,-1.8,0,80,2,3.1,1.2
7/13/2003,12,1.6,0,81,2,5.1,3
7/14/2003,13.8,8,0,84,5,5.7,3.6
7/15/2003,15,6.7,0,75,27,6.2,2.8
7/16/2003,12.4,3.4,0,73,27,5.7,3.5
7/17/2003,14.6,3.2,0,69,32,5.1,2.3
7/18/2003,12.9,9.4,0,78,34,3.6,2.7
7/19/2003,20.8,10.2,0,68,5,4.1,2.8
7/20/2003,17.4,11.8,0,70,25,5.1,3.3
7/21/2003,13,1.5,0,68,23,5.1,2.4
7/22/2003,11.4,-1.1,0,80,9,4.1,1.5
7/23/2003,13.7,0.6,0,80,23,3.6,1.8
7/24/2003,16.1,1.7,0,75,27,2.6,1.2
7/25/2003,14,0.2,0,85,18,3.6,2.7
7/26/2003,14.1,-0.4,4,83,7,4.6,2.1
7/27/2003,11.8,8,3.5,92,11,5.7,4.4
7/28/2003,17.6,11.8,13,98,5,5.1,3
7/29/2003,15.4,8.4,0,86,29,5.7,4.2
7/30/2003,17.5,5,0,83,29,2.6,1.4
7/31/2003,16.4,0.5,0,86,9,4.6,1.7
8/1/2003,18.4,8.5,7,81,7,5.7,3.3
8/2/2003,16.8,6.6,0,88,25,4.6,2.4
8/3/2003,12.8,5.6,11,96,11,5.1,3.5
8/4/2003,14.6,12.4,0.3,99,14,3.1,1
8/5/2003,13,9.3,5,93,29,15.9,4.1
8/6/2003,11,6.9,0.5,85,27,17,5.9
8/7/2003,17,4,2,76,29,15.4,4.1
8/8/2003,13,7.8,3,80,23,6.2,2.8
8/9/2003,13.3,3.4,0,82,23,5.7,2.8
8/10/2003,13.2,0.1,0,83,2,2.6,1.4
8/11/2003,15.1,3.8,0,84,2,4.1,2.4
8/12/2003,17,8,0.5,83,9,3.6,1.9
8/13/2003,19.4,5,0,88,9,2.6,0.8
8/14/2003,14.2,6,0,85,18,7.2,3.9
8/15/2003,13.2,4.4,0,78,18,3.1,1.7
8/16/2003,16.6,-0.5,0,76,27,4.1,1.3
8/17/2003,16.8,7.4,0,67,36,7.2,4
8/18/2003,19.7,11.6,0,58,2,14.4,6
8/19/2003,18.6,11.6,0,69,36,5.7,3.7
8/20/2003,20.1,9.5,0,82,11,4.6,2.8
8/21/2003,17.7,10.9,0.5,77,18,13.4,3.9
8/22/2003,12.9,5.6,0,73,18,12.3,5.1
8/23/2003,12,2.8,0,77,16,6.7,3.7
8/24/2003,15.2,0,0,69,29,5.1,1.7
8/25/2003,11.6,1,0,72,18,12.3,2.6
8/26/2003,10.5,4.5,4,86,23,12.3,3.6
8/27/2003,11.1,2.6,3,89,16,15.4,5.5
8/28/2003,12.4,1,0,82,18,7.7,3.2
8/29/2003,13,-1.5,0,83,9,3.6,2.1
8/30/2003,13.5,3,0,85,9,5.1,2.4
8/31/2003,14.9,2,0,88,7,3.6,2.4
9/1/2003,18.1,4.6,0,85,36,3.6,1.3
9/2/2003,19.9,4.5,0,82,2,4.1,2.2
9/3/2003,23.4,8.6,29,73,5,4.1,2.6
9/4/2003,19.8,15,10,93,34,8.7,6.6
9/5/2003,25.4,14,1,79,9,6.7,5.5
9/6/2003,22,12.2,26,75,18,15.9,5.7
9/7/2003,12.5,9.1,0.3,91,16,7.7,5.9
9/8/2003,13,7.9,0,83,18,7.7,4.8
9/9/2003,14.8,0.6,0,75,23,5.7,2.4
9/10/2003,16.5,-0.4,0,75,27,3.1,1.8
9/11/2003,19.5,10.2,0,62,34,8.7,4.1
9/12/2003,18.6,9.6,0,78,18,7.2,2.8
9/13/2003,12.4,2.3,0,76,20,6.2,3
9/14/2003,12.1,0.5,0,81,11,4.6,2.2
9/15/2003,11.5,5.4,0,84,9,5.7,3.3
9/16/2003,12.5,2,0,80,11,6.2,3.1
9/17/2003,12.5,0.8,0,81,9,6.7,2.2
9/18/2003,19.2,7.6,0,73,9,6.2,4.9
9/19/2003,18.4,11.6,5.5,76,23,15.9,3.1
9/20/2003,19,3.5,0,67,5,3.1,1.7
9/21/2003,17.4,9.3,0,72,11,6.7,4.5
9/22/2003,25.4,13.7,5,89,5,5.1,3.2
9/23/2003,18.8,13.6,2,97,20,6.7,3.9
9/24/2003,19.8,7.3,0,80,9,6.2,3.6
9/25/2003,16.9,3.9,3,85,9,6.7,4.1
9/26/2003,19.4,8.8,0,87,7,3.6,1.5
9/27/2003,20.5,10.5,5,87,23,14.9,3
9/28/2003,17.5,2.8,0,75,20,5.1,2.7
9/29/2003,16.8,9,0,63,36,4.6,3.5
9/30/2003,20.6,10.2,0,79,5,5.1,3.2
10/1/2003,22.5,13.5,0,85,5,5.1,2.7
10/2/2003,20,8.6,0,77,18,7.2,3.7
10/3/2003,16.3,8.8,0,84,11,6.7,4.5
10/4/2003,22,11.2,0,90,5,4.1,2.4
10/5/2003,25.7,12,0,85,2,3.1,1.2
10/6/2003,22,14.4,0,75,9,5.7,4.5
10/7/2003,23.5,14,19,71,18,14.4,6.3
10/8/2003,22,16.7,5,84,18,14.4,4
10/9/2003,21.5,7.8,0,71,27,13.4,2.6
10/10/2003,13.6,3,0,74,23,7.2,3.7
10/11/2003,15.6,1.5,0,68,5,4.1,1.5
10/12/2003,16.4,5,0,60,5,5.1,3.3
10/13/2003,19.5,7.7,0,72,5,5.1,3
10/14/2003,24,11.6,0,67,2,5.1,4
10/15/2003,29,15.3,0,60,2,6.2,4.4
10/16/2003,28.9,16.4,8,71,16,10.3,4.2
10/17/2003,23.3,16.3,6.6,82,11,9.8,5.9
10/18/2003,23.9,17,21,86,36,6.2,3.2
10/19/2003,19.5,9.5,0,81,23,5.1,2.4
10/20/2003,20.5,7.6,0,81,7,5.1,2.8
10/21/2003,20.5,8.3,0,70,25,7.2,2.6
10/22/2003,26,8.6,0,73,29,16.5,3.1
10/23/2003,28.5,8.8,0.3,67,36,4.6,2.3
10/24/2003,26,16.8,3,79,5,5.1,1.9
10/25/2003,23.8,13.4,0,94,9,8.7,2.6
10/26/2003,21.1,13.5,0,73,23,12.3,4.5
10/27/2003,20.5,5.4,0,64,7,4.6,1.8
10/28/2003,22.8,11.4,0,70,5,5.1,3.3
10/29/2003,25.4,15.9,0,67,2,4.6,3.2
10/30/2003,30,15,9,71,18,20.6,3.5
10/31/2003,18.4,8.4,0,76,18,14.4,3.9
11/1/2003,17.9,4.5,0,69,18,6.7,4
11/2/2003,20,4.5,0,70,32,3.1,1.3
11/3/2003,23.5,7.2,0,73,7,4.6,1.9
11/4/2003,22.4,10,0,79,7,4.1,2.2
11/5/2003,23.8,14.5,0,71,9,4.6,3
11/6/2003,25.2,13.8,0,82,5,4.6,2.6
11/7/2003,28.5,16,0,73,36,4.6,2.8
11/8/2003,24,18,4,81,18,7.2,2.6
11/9/2003,26.6,13.3,0,88,18,4.1,2.1
11/10/2003,26.5,14.6,85,79,9,8.2,5.8
11/11/2003,22.9,16.5,28,92,7,20.1,5.8
11/12/2003,21.2,12.6,12.5,93,20,17.5,6.4
11/13/2003,17.8,7.3,0,79,18,5.7,3.2
11/14/2003,22.8,10.9,0,74,5,5.1,3
11/15/2003,23.6,17.4,4,75,23,18,4.9
11/16/2003,21.7,12.2,0,90,7,4.6,2.7
11/17/2003,20.1,15.4,22,90,14,6.2,4.5
11/18/2003,19.1,12.8,5,95,23,16.5,4.9
11/19/2003,25.2,10.8,0,75,18,12.9,5.7
11/20/2003,18.8,5.2,0,74,20,4.6,2.7
11/21/2003,25.6,13.8,0,67,2,5.7,3.9
11/22/2003,29.5,19.4,5,72,36,4.6,3.1
11/23/2003,24.9,18.2,0,84,14,13.9,3.9
11/24/2003,21.4,11.6,0,71,9,6.7,4.2
11/25/2003,26.5,16,0,74,34,5.1,3.2
11/26/2003,28.4,20.3,0,80,32,4.6,2.7
11/27/2003,29,12.8,0,69,18,5.7,3.2
11/28/2003,24.5,9.8,0,76,16,6.7,3.7
11/29/2003,22.9,13.6,12,65,11,7.2,5.4
11/30/2003,23.1,14.4,0,81,20,5.7,4
12/1/2003,27,11.9,1,82,5,3.6,1.9
12/2/2003,26.5,18.7,0,85,36,3.6,1.2
12/3/2003,24.6,14.5,22,78,9,6.2,3.5
12/4/2003,18,12.2,19,87,7,7.2,3.9
12/5/2003,21.6,11.8,0,76,25,14.9,3.2
12/6/2003,28,10.2,0,68,34,5.7,3.5
12/7/2003,24.8,12.5,0,83,16,4.6,1.3
12/8/2003,20,13.4,8,90,23,20.1,3.5
12/9/2003,22.4,8.9,0,70,36,5.1,3.6
12/10/2003,26.5,19,7,70,36,6.2,5.1
12/11/2003,23.1,14.9,0,67,23,13.9,4.8
12/12/2003,24.9,8.8,0,62,32,4.6,2.7
12/13/2003,27,13.4,0,66,5,6.2,3.2
12/14/2003,27.7,18,4,78,36,4.6,2.1
12/15/2003,25,13.2,3,81,20,16.5,4.2
12/16/2003,22.4,9.3,0,73,20,7.7,3.3
12/17/2003,25,12.6,0,63,36,5.1,3
12/18/2003,27,18.5,0,60,36,5.1,4.2
12/19/2003,30.5,19.1,0,74,2,4.6,3.2
12/20/2003,30.8,21.9,0,77,36,4.1,3.3
12/21/2003,30,22,2,81,32,18,3.3
12/22/2003,26.2,14.3,0,56,18,6.7,5.3
12/23/2003,24.6,8.9,0,66,36,4.1,1.7
12/24/2003,24.7,16.4,0,66,5,5.7,2.4
12/25/2003,29.4,17.3,0,76,11,6.2,4.2
12/26/2003,29.5,20.7,0,74,11,13.4,4.4
12/27/2003,25,21.1,6,85,5,7.2,3.3
12/28/2003,22.5,12.8,0,72,32,12.9,5.5
12/29/2003,25.6,11,0,59,29,4.6,2.8
12/30/2003,28.9,18,3,68,18,17,5.8
12/31/2003,22.7,9.4,0,72,23,12.9,4.1
1/1/2004,25.4,9.5,0,76,18,4.6,2.1
1/2/2004,28.9,16.7,0,64,36,4.6,2.4
1/3/2004,30,17.4,0,67,5,7.7,3.2
1/4/2004,30,22,0,72,36,6.2,3.5
1/5/2004,32,18.6,0.4,79,5,4.1,1.9
1/6/2004,30.5,21.4,2,86,9,6.7,2.7
1/7/2004,29.7,19.1,2,90,16,8.2,3.2
1/8/2004,28.6,20,0,87,11,8.2,4.2
1/9/2004,30,20.4,2,85,7,4.6,3.1
1/10/2004,24.2,15.1,3,91,20,14.4,4.1
1/11/2004,28.8,12.2,0,82,20,5.7,3.1
1/12/2004,26.9,13.5,0,79,9,6.7,2.8
1/13/2004,28.5,17,0,73,9,4.6,2.6
1/14/2004,35,13.8,4,63,18,10.3,2.1
1/15/2004,29.3,12.9,0,69,18,12.9,5.9
1/16/2004,25,13.6,0,75,7,5.1,3.1
1/17/2004,27.5,17.3,0,72,9,7.2,3.9
1/18/2004,28.4,20.2,0,78,11,6.7,3.5
1/19/2004,28.1,20.6,0,79,11,7.7,4.9
1/20/2004,29.5,21.2,0,76,7,5.7,4.6
1/21/2004,29.4,19.3,27,90,23,14.4,3.5
1/22/2004,28.3,14.3,0,76,18,5.1,3.9
1/23/2004,27.6,15.3,0,85,7,6.2,3.6
1/24/2004,28.8,17.5,0,81,20,4.6,1.9
1/25/2004,34.8,16.5,0,74,23,4.6,1.9
1/26/2004,36.7,20,0,61,25,4.6,2.6
1/27/2004,34.1,20.7,0,67,7,6.2,2.3
1/28/2004,32.5,18.2,0,79,16,6.2,2.6
1/29/2004,33,18.6,0,77,23,4.1,1.5
1/30/2004,34.6,21.4,30,78,18,15.9,3.7
1/31/2004,23.7,19.6,22,92,5,13.9,6.4
2/1/2004,27,19.5,3,90,14,6.7,4.9
2/2/2004,26.9,19,10,83,11,7.7,4.6
2/3/2004,30,20.8,0,81,9,6.2,2.4
2/4/2004,27,16.6,0,77,23,5.7,3.2
2/5/2004,26,15,0,77,18,7.2,4.2
2/6/2004,27.5,12.7,0,73,11,6.2,3.6
2/7/2004,26,14.6,0,83,11,6.7,3.5
2/8/2004,27,19.4,0,75,7,15.4,6.6
2/9/2004,29.2,21,0,72,7,7.2,4.6
2/10/2004,31.5,21,0,71,36,4.6,3.7
2/11/2004,32.2,21.5,0,72,9,4.6,3.1
2/12/2004,33,23.2,11,69,2,5.1,2.3
2/13/2004,27.5,18.4,0.5,92,18,8.7,3.6
2/14/2004,25,11,0,71,18,6.7,5
2/15/2004,27,13.5,0,77,18,4.1,2.7
2/16/2004,28,14.4,0.4,86,36,4.1,1.2
2/17/2004,25,14.7,0,69,27,14.4,3.7
2/18/2004,26.3,10.9,0,77,23,4.6,2.2
2/19/2004,25.5,15,0,67,20,7.2,3.5
2/20/2004,24,10.8,0,78,18,13.4,3.7
2/21/2004,24,12,0,78,20,6.2,3.3
2/22/2004,23.8,11,0,82,20,4.6,2.6
2/23/2004,25,11,0,84,9,4.6,1.9
2/24/2004,26.2,11.2,0,83,7,3.6,2.1
2/25/2004,28.9,18.4,0,76,36,4.1,3.1
2/26/2004,30.2,16.8,0,75,36,4.1,2.2
2/27/2004,27.8,17.8,0,80,18,8.2,4.5
2/28/2004,25.4,10.4,0,80,14,6.2,3.5
2/29/2004,25.8,14.6,0,72,7,4.6,4.1
3/1/2004,27.7,17.8,17,77,9,6.7,3.9
3/2/2004,25.8,16.8,0,73,27,13.9,3.6
3/3/2004,29.6,12.4,0,61,27,3.6,1.5
3/4/2004,29,13.2,0,73,36,4.1,1.7
3/5/2004,28.2,17.5,0,75,5,5.7,3.3
3/6/2004,32.5,18.2,0.5,74,23,6.2,3.7
3/7/2004,25.2,16.5,0,87,16,5.7,2.7
3/8/2004,26.2,12.8,0,79,18,4.1,2.4
3/9/2004,28,10.4,0,82,5,4.1,1
3/10/2004,27.6,14.2,0,73,14,6.7,3.9
3/11/2004,23.2,8.3,0,76,11,6.2,3.3
3/12/2004,24.6,15.8,0,73,11,7.2,4.2
3/13/2004,27,16.6,0,75,11,7.7,4.2
3/14/2004,27,14,0,81,11,6.2,4.1
3/15/2004,26.6,16.1,0,84,9,6.2,3.1
3/16/2004,27.2,17.5,0,85,9,6.2,3.9
3/17/2004,27.9,19.8,3,78,11,5.7,4.2
3/18/2004,23.7,19.6,0,88,5,3.6,2.2
3/19/2004,27,15.2,0,86,7,4.6,2.8
3/20/2004,25.2,14,0,86,7,4.6,1.5
3/21/2004,26.2,10,0,79,5,4.6,1.5
3/22/2004,28,14,0,74,2,4.1,2.3
3/23/2004,29.8,13.6,0,78,36,4.1,1.4
3/24/2004,31.6,14.8,0,75,36,4.6,2.3
3/25/2004,32.4,17.1,0,71,5,3.6,1.7
3/26/2004,32.8,18,0,71,34,4.1,2.4
3/27/2004,30.4,17,0,75,5,4.6,2.1
3/28/2004,29.5,16.4,0,79,5,4.6,2.8
3/29/2004,31.3,19.7,0,79,5,5.7,3.3
3/30/2004,28.3,20.4,0,85,5,12.3,4
3/31/2004,28.5,20.6,0,76,5,12.3,5.1
4/1/2004,28.5,17.3,0,81,18,5.1,2.3
4/2/2004,31.6,17,0,85,9,4.6,2.2
4/3/2004,32.8,20.3,0,82,36,3.6,1
4/4/2004,33.6,20.4,0,82,11,7.7,2.7
4/5/2004,29.9,22.2,29,79,20,13.9,5.8
4/6/2004,26.6,18.4,3,86,20,13.9,2.7
4/7/2004,28.3,16.3,0,84,9,4.6,2.1
4/8/2004,28,16,2,91,18,14.9,4.8
4/9/2004,21.9,12.8,0,81,14,13.9,5.1
4/10/2004,20.6,14.5,0.5,77,7,5.7,3.3
4/11/2004,25,14.2,0,86,5,4.1,1.7
4/12/2004,28.1,17.6,0,81,7,4.6,2.6
4/13/2004,32.7,21.8,0.4,76,20,12.9,4.2
4/14/2004,22.1,13.8,37.5,96,20,12.9,5.4
4/15/2004,22.3,12.6,21,86,14,5.7,4.1
4/16/2004,19.9,16.7,40,97,16,7.7,3.5
4/17/2004,23,10.5,0,83,25,2.6,1.2
4/18/2004,24.8,11.7,0,80,23,3.6,1.5
4/19/2004,18.2,7.3,0,68,27,6.2,3.3
4/20/2004,19.2,5,0,78,2,3.1,1.4
4/21/2004,21.3,11.8,49,71,7,7.2,5.7
4/22/2004,24,17.4,0,89,11,18,2.7
4/23/2004,18.1,12.2,0,92,18,8.2,2.7
4/24/2004,15,7.4,0,87,23,3.6,1.7
4/25/2004,18.3,6.9,0,81,29,3.6,1
4/26/2004,21.5,9.5,0,79,36,3.6,2.6
4/27/2004,21.1,11.8,0,75,36,4.6,2.3
4/28/2004,26.6,11.6,25,84,5,3.6,1.4
4/29/2004,18,15.2,19,97,23,5.1,2.4
4/30/2004,16.6,6.6,0,78,20,4.1,1.7
5/1/2004,17.5,5,0,79,5,5.7,1.8
5/2/2004,18.4,9.7,0,89,18,8.7,3.1
5/3/2004,16,8,0,83,18,15.4,6
5/4/2004,17.5,9.2,3,87,14,7.7,4.2
5/5/2004,17.3,8.2,8,94,11,5.1,2.7
5/6/2004,19,8,0,88,11,4.6,2.1
5/7/2004,20.7,7.3,0,92,23,2.1,0
5/8/2004,20.3,9.5,0,92,36,3.6,1.3
5/9/2004,21.4,13.6,0,85,34,3.6,2.1
5/10/2004,21.8,9.6,0,89,23,3.6,0.8
5/11/2004,19.7,10,0,92,11,4.6,2.7
5/12/2004,18,11.4,0,85,16,12.3,5.4
5/13/2004,18.8,9.2,0,83,16,9.3,7.1
5/14/2004,14,1,0,83,20,5.7,2.8
5/15/2004,15.1,1.4,0,86,25,3.1,0.5
5/16/2004,15,4,0,84,29,3.1,1.3
5/17/2004,13,5.7,0,83,20,5.7,1.9
5/18/2004,13,1.6,0,83,18,3.6,1.9
5/19/2004,13.5,1.7,0,78,14,3.1,1.5
5/20/2004,14,1.5,0,85,11,5.7,2.8
5/21/2004,16.5,5.7,0,89,18,12.3,3.9
5/22/2004,17.5,11,0,91,11,8.2,5.5
5/23/2004,16,13.4,20,95,16,12.9,6.3
5/24/2004,15.3,12.5,4,92,16,12.9,7.6
5/25/2004,15.8,13.8,6,97,18,7.2,2.8
5/26/2004,15,7.4,0,82,20,7.7,3.9
5/27/2004,14.2,2.8,0,81,23,4.1,1.7
5/28/2004,13.6,1.7,0,84,36,5.7,2.1
5/29/2004,14.6,7.8,0,87,34,3.1,1.4
5/30/2004,14.8,1.2,0,93,14,3.6,1.9
5/31/2004,15,8.2,0,87,18,4.1,2.4
6/1/2004,14.1,5.5,0,94,7,2.6,0.5
6/2/2004,14.5,6,0,97,9,2.6,0.8
6/3/2004,15,8,0,93,7,4.1,1.8
6/4/2004,14.5,6.3,0,94,2,4.6,2.6
6/5/2004,17.6,11.5,0,90,34,4.6,1.8
6/6/2004,15.4,3.2,0,78,25,3.6,1.9
6/7/2004,14,1.4,0,69,34,5.1,2.6
6/8/2004,17,10.5,0,78,34,6.7,3.3
6/9/2004,18.5,10.4,0.5,90,36,5.1,3.9
6/10/2004,16.6,8.6,0,81,23,7.2,4.1
6/11/2004,11.5,3.7,0,81,23,5.1,3.1
6/12/2004,13.4,2.6,0,73,29,5.7,3.1
6/13/2004,14.4,4.4,0,66,32,4.1,2.7
6/14/2004,13.8,6.4,0,82,36,5.1,2.8
6/15/2004,15,5.5,0,81,34,4.1,2.6
6/16/2004,17.5,7.4,0,88,23,3.6,1.7
6/17/2004,15.8,6.6,0,81,20,5.1,2.2
6/18/2004,14.8,1,0,81,5,5.1,2.8
6/19/2004,20.9,12,0,86,36,4.1,2.4
6/20/2004,22.4,15.6,40,86,36,6.2,3.5
6/21/2004,17.8,7.2,0,89,20,5.7,1.4
6/22/2004,11,2,6,95,5,5.1,2.4
6/23/2004,14,7.6,0,92,23,5.1,2.4
6/24/2004,16.3,1.5,0,89,5,4.1,1.4
6/25/2004,13.8,7.6,0,96,7,4.6,1.5
6/26/2004,14.2,11.6,0,98,29,2.6,0.8
6/27/2004,15.3,10,0,92,34,4.6,3.2
6/28/2004,13.7,12,0,97,36,5.1,3.7
6/29/2004,18.2,13.7,0.3,94,16,7.2,2.6
6/30/2004,15.6,9.4,0.6,89,18,6.2,4.2
7/1/2004,13.6,2.3,0,95,36,6.2,2.4
7/2/2004,16.5,13.2,0,85,20,7.2,4
7/3/2004,14.9,4.4,0,68,29,16.5,2.4
7/4/2004,15.3,4,0,75,34,4.1,2.1
7/5/2004,13.9,6.8,0,81,32,4.1,1.5
7/6/2004,20.5,7,0,75,32,6.2,3.6
7/7/2004,15,4.4,0,79,23,5.1,2.3
7/8/2004,11.6,-1,0,65,27,4.6,2.7
7/9/2004,9.7,5.4,5,74,32,5.1,2.7
7/10/2004,9.5,0.1,0,71,23,12.3,3.2
7/11/2004,11,-1.8,0,73,36,5.1,2.7
7/12/2004,19.9,6.2,0,72,36,6.2,3.9
7/13/2004,15.5,3.5,0,89,9,3.6,1.4
7/14/2004,17.5,4.4,0,84,20,5.7,1.7
7/15/2004,10.6,0.6,0,84,20,6.7,2.3
7/16/2004,10.7,-0.2,0,84,20,5.1,2.2
7/17/2004,8.4,-2.3,0,85,18,4.6,1.9
7/18/2004,9.8,0.1,0,83,9,5.7,2.2
7/19/2004,14.4,2,0,83,9,8.2,4.9
7/20/2004,17,9.7,0,84,9,7.2,5.9
7/21/2004,17.8,9.9,0,81,7,15.4,5.7
7/22/2004,16,12.7,3,81,7,7.2,4.1
7/23/2004,19.4,11.9,16,83,36,12.9,4.4
7/24/2004,18.5,11.4,1,89,2,15.4,2.2
7/25/2004,19.1,13.4,0.8,82,2,15.4,4.2
7/26/2004,20.4,14,0,80,7,4.1,3.2
7/27/2004,19.5,9.7,2,80,9,8.7,4.5
7/28/2004,17.2,11.8,7,94,5,4.6,3.5
7/29/2004,14.4,5.6,0,81,23,9.8,3.6
7/30/2004,13.5,1.6,0,84,18,3.6,1.7
7/31/2004,15.7,3,0,88,9,3.6,1.4
8/1/2004,14.8,5,0,96,9,3.6,2.2
8/2/2004,18,11.8,0,87,9,7.7,5.3
8/3/2004,23,14.3,0,84,9,5.7,3
8/4/2004,19,12.6,17,96,18,8.2,3.7
8/5/2004,13,7.2,0,91,20,15.4,6.3
8/6/2004,9.5,3.2,0,92,23,4.1,2.3
8/7/2004,10.2,3,0,86,23,5.7,2.7
8/8/2004,11,-1.6,0,85,9,4.6,1.2
8/9/2004,13.4,3.3,0,78,36,5.1,2.2
8/10/2004,17.8,2.7,0,87,11,3.1,0.8
8/11/2004,16,5,0,86,7,5.7,3
8/12/2004,18.9,10.7,0,87,7,5.7,3.5
8/13/2004,22.5,10.6,0,85,7,5.1,3.5
8/14/2004,23.2,14.7,0,71,2,6.2,3.7
8/15/2004,21.9,15.8,3,70,36,7.7,4.2
8/16/2004,18.8,11.9,22,99,14,7.2,3.7
8/17/2004,12.6,9.8,0.3,98,18,12.3,6.3
8/18/2004,10.6,7.9,0,92,18,7.7,6.2
8/19/2004,11.2,7.6,12,92,14,7.2,5.5
8/20/2004,13.2,9.4,4,98,14,6.7,4.8
8/21/2004,10.3,4.8,0,90,25,6.2,4.4
8/22/2004,10,5.8,0,88,20,3.1,1.3
8/23/2004,15.6,3.4,0,77,34,5.7,2.7
8/24/2004,19.4,10.3,0,68,34,6.2,3.3
8/25/2004,17.3,5.7,0,84,23,4.6,1.4
8/26/2004,15.6,1.5,0,82,5,4.6,1.7
8/27/2004,18,10.4,0,79,34,5.1,2.7
8/28/2004,20.6,8.1,0,78,25,3.6,1.5
8/29/2004,24.7,12.5,0,68,29,6.7,4.1
8/30/2004,15.6,5.5,0,80,9,5.7,2.6
8/31/2004,15.7,9.4,7,81,9,8.2,5.8
9/1/2004,15.4,12.8,14,91,23,13.9,4.4
9/2/2004,19.2,9,0,92,14,5.1,2.6
9/3/2004,17,8.5,0,86,9,8.7,5.4
9/4/2004,26.4,14.5,5,77,27,18,6
9/5/2004,27.6,13,0.6,79,14,8.2,4.2
9/6/2004,20,12.4,0.8,89,20,8.7,4.5
9/7/2004,18,9.2,0,75,20,8.2,5
9/8/2004,13.7,5.8,0,74,16,6.7,4
9/9/2004,16,0.3,0,76,18,4.1,2.1
9/10/2004,16.4,1.8,0,74,18,7.7,0.6
9/11/2004,13,3,0,78,18,8.7,4
9/12/2004,14.2,0.2,0,83,5,3.1,1.4
9/13/2004,16.8,5.6,0,79,2,6.2,2.4
9/14/2004,18.6,13.4,0,88,34,4.1,1.7
9/15/2004,15.5,5.5,0,78,20,6.2,3.7
9/16/2004,19.5,4.6,0,65,36,5.7,2.8
9/17/2004,21.6,11.6,0,66,34,6.2,3.9
9/18/2004,25.5,13,0,81,2,5.1,3
9/19/2004,19.2,9.1,0.8,84,18,13.4,4.2
9/20/2004,15.6,3.7,0,74,9,5.7,3.6
9/21/2004,15.6,6.3,0,88,14,5.7,3.6
9/22/2004,23,6.2,0,68,27,5.1,2.1
9/23/2004,22.8,6.8,0,50,34,4.6,2.6
9/24/2004,23.4,11.8,0,64,20,5.7,3.7
9/25/2004,22,5.5,0,80,5,5.1,3
9/26/2004,26.5,15,0,78,11,7.7,3.9
9/27/2004,21.3,14,0.7,85,7,8.7,5.7
9/28/2004,21.5,12.4,0,74,20,5.7,3.1
9/29/2004,16.3,4.8,0,71,23,5.7,3.9
9/30/2004,16.1,5.2,0,77,2,5.1,3.1
10/1/2004,25.2,10,0,64,16,6.7,4.1
10/2/2004,18.2,6,0,81,18,4.6,2.4
10/3/2004,16.8,3.9,0,85,11,4.1,2.3
10/4/2004,18.5,7.3,0,84,7,7.2,3.7
10/5/2004,18.3,8,0,75,9,6.2,4.4
10/6/2004,19.3,10.7,0,72,9,7.7,5.1
10/7/2004,20.3,12.3,0,74,5,13.9,6.8
10/8/2004,16.8,12.8,11,86,9,8.7,3.7
10/9/2004,19,13.6,2,93,16,4.6,2.2
10/10/2004,16.6,10.9,0,89,20,5.1,3.1
10/11/2004,17.6,7,0,88,9,9.8,5.7
10/12/2004,15.8,14.2,7,88,9,18,6.3
10/13/2004,17,8.6,0,84,23,12.9,4.1
10/14/2004,21.3,8.3,0,74,5,4.6,3
10/15/2004,24.4,12.6,6,75,7,5.1,3.5
10/16/2004,23.4,14.7,0,80,23,12.9,5.3
10/17/2004,23.6,9.8,5,65,20,5.7,2.4
10/18/2004,20.8,12,0,69,27,6.2,3.3
10/19/2004,20.6,5.4,0,62,18,4.1,1.7
10/20/2004,22,11.7,0,67,34,4.6,2.4
10/21/2004,23.5,13,0,66,5,6.2,3.7
10/22/2004,25,15.9,14,73,20,12.9,4.4
10/23/2004,21.7,12.9,0,72,36,6.7,3.3
10/24/2004,20.8,3.8,0,59,29,4.6,1.7
10/25/2004,22.9,12.9,0,61,32,6.7,3.5
10/26/2004,18.4,9,0,72,20,14.4,3.2
10/27/2004,20.3,3.7,0,65,34,6.2,3.9
10/28/2004,25.2,15,3,58,34,5.7,3.6
10/29/2004,19.6,15.6,3,74,9,6.2,2.8
10/30/2004,21.2,12,0,88,11,5.1,3.3
10/31/2004,25.3,9.8,0,81,5,4.1,2.1
11/1/2004,28.8,17.6,0,66,36,6.2,3.7
11/2/2004,29.5,18.6,18,61,20,12.9,3.5
11/3/2004,22.8,15,0,83,18,12.9,5.5
11/4/2004,18.3,11.8,36,91,23,17,5.9
11/5/2004,17,8.3,0,83,18,15.9,7.2
11/6/2004,17.6,5.3,0,75,20,5.1,3.1
11/7/2004,20.6,6,0,76,9,5.1,2.8
11/8/2004,22.7,12.4,18,77,5,7.2,4.8
11/9/2004,21,17.2,17,95,14,6.2,4.2
11/10/2004,19.1,14.4,3,89,18,11.3,7.2
11/11/2004,17.5,13.1,3,90,18,12.3,7.7
11/12/2004,18.6,9.5,0,78,18,5.7,3.7
11/13/2004,19,8.5,2,76,7,7.2,4.6
11/14/2004,18.5,15,0.5,87,5,6.2,4.2
11/15/2004,20.7,12.2,21,91,9,3.6,1.8
11/16/2004,23.6,13.3,0,78,27,5.1,2.6
11/17/2004,19.2,10.5,0,77,25,5.7,3.3
11/18/2004,19.6,8.8,0,81,23,4.6,2.6
11/19/2004,19.6,8.7,0,84,9,5.1,2.7
11/20/2004,20.5,7.8,0,78,9,5.1,2.4
11/21/2004,23.5,12,0,77,5,5.1,2.8
11/22/2004,27.4,15,0,70,36,4.1,2.2
11/23/2004,26.4,16,0.7,84,14,6.2,3.3
11/24/2004,23.6,17.5,12,91,11,4.6,3.1
11/25/2004,24.8,18.8,0,90,18,3.6,2.3
11/26/2004,24.8,17.5,0,86,9,4.6,2.2
11/27/2004,24.5,18,0.5,87,9,4.6,1.7
11/28/2004,25.7,13.2,0,84,9,5.7,2.6
11/29/2004,28,14,0.7,80,9,4.6,1.5
11/30/2004,29.1,14.9,0,80,9,6.2,2.2
12/1/2004,27.4,19,0,77,7,6.2,4.2
12/2/2004,30,20.8,0,78,5,5.7,3.9
12/3/2004,28.6,18.3,0.3,80,5,6.2,4.9
12/4/2004,28.8,15.3,0,68,16,4.1,2.1
12/5/2004,28.1,16.9,0,61,36,4.1,1.4
12/6/2004,27.6,15.8,0,81,9,6.7,4.4
12/7/2004,27.4,17,5,81,9,5.7,3.6
12/8/2004,24.1,18.1,63,87,11,6.2,4
12/9/2004,25,17.2,7,91,9,6.7,4.9
12/10/2004,24.9,17.6,0,70,7,6.2,5.3
12/11/2004,25,16.6,0,73,11,6.7,4.2
12/12/2004,27.5,18.2,0,68,5,5.1,3.1
12/13/2004,27.6,17,5,84,9,5.7,2.6
12/14/2004,29,16.5,0,78,7,7.7,5.1
12/15/2004,27,18.9,13,85,27,12.9,3.5
12/16/2004,26.6,13.3,0,70,20,5.7,3
12/17/2004,28,16.3,0,58,34,5.1,3.2
12/18/2004,27,19.6,3,69,36,14.4,3.2
12/19/2004,29.6,17.2,0,81,14,14.9,2.3
12/20/2004,23.9,10.5,0,66,9,5.7,3.2
12/21/2004,26,15.5,0,59,2,5.1,3.1
12/22/2004,27.3,18,0,59,36,5.1,4.1
12/23/2004,27.2,17.7,0,67,9,6.7,4.1
12/24/2004,27.6,17.6,0,75,32,16.5,3.3
12/25/2004,19.4,15.5,5,89,29,12.9,4.1
12/26/2004,26.7,13.6,0,76,20,6.2,3.6
12/27/2004,25.5,13.5,0,81,5,6.7,2.7
12/28/2004,27.3,17.8,0,73,11,9.3,3.9
12/29/2004,25,19.1,0.9,85,2,3.1,1.9
12/30/2004,30,16.5,0,67,36,3.6,1.9
12/31/2004,33.4,20.5,0,59,34,3.6,2.7
1/1/2005,34.3,23,0,51,9,5.7,3.8
1/2/2005,31.6,23,0,64,9,7.7,3.4
1/3/2005,33.7,23,2,75,11,14.4,1.4
1/4/2005,30.8,19,0,82,11,8.2,3.3
1/5/2005,34.2,20.8,0,71,9,5.1,2.9
1/6/2005,34.6,23.2,10,71,18,12.9,1.9
1/7/2005,37.2,22.5,10,75,20,20.6,5.5
1/8/2005,28.8,23.1,0,86,2,8.7,3.6
1/9/2005,31.5,21,0,72,14,12.9,3.6
1/10/2005,26.7,13,0,66,14,8.7,3.1
1/11/2005,32,19.8,0,68,36,8.2,2.9
1/12/2005,34.5,19,0,54,36,5.1,2.9
1/13/2005,29,15.6,0,55,14,7.7,4.3
1/14/2005,32.2,17.5,15,77,18,14.9,2.1
1/15/2005,27.7,18,0,66,20,12.3,4.3
1/16/2005,32.2,18.9,0,54,36,5.1,2.2
1/17/2005,32,15.4,0,60,36,5.1,3.1
1/18/2005,27,13.6,0,59,11,7.7,3.8
1/19/2005,31.6,15,0,54,20,13.4,4.8
1/20/2005,25.3,10.5,0,58,20,6.7,3.1
1/21/2005,29,9.5,0,54,36,4.6,2.6
1/22/2005,28.8,16.5,0,65,27,5.1,2.2
1/23/2005,32,12.5,0,56,14,7.2,0.9
1/24/2005,30.3,18.7,0,51,23,13.9,5.1
1/25/2005,26.2,6.6,0,37,27,11.3,2.6
1/26/2005,26.5,8.9,0,56,9,9.8,2.7
1/27/2005,29,15.8,0,61,18,9.3,3.6
1/28/2005,32.6,17.6,0,52,34,8.7,3.9
1/29/2005,28.4,21,33,68,36,14.4,2.4
1/30/2005,24.2,17.4,68,96,18,19.5,5.7
1/31/2005,17.4,13.1,11,86,20,23.7,10.3
2/1/2005,20.7,7.4,0,77,20,7.2,2.1
2/2/2005,22.8,8.8,0,70,9,5.1,3.3
2/3/2005,25.2,10.3,0,69,9,4.1,2.2
2/4/2005,26.4,16.6,0,67,9,5.1,2.1
2/5/2005,27.6,17,0,78,9,6.7,5.7
2/6/2005,27,21,0,79,7,5.1,4.6
2/7/2005,26.3,21.2,26,93,9,5.7,2.1
2/8/2005,27.5,21.5,5,92,5,5.7,4.1
2/9/2005,31.6,21,6,92,32,19,1.7
2/10/2005,25,17.9,0.5,87,23,13.9,2.2
2/11/2005,25,17.5,0,88,20,13.9,5
2/12/2005,25.4,17.6,0,82,11,13.9,6.3
2/13/2005,27,20.2,0,83,9,6.2,2.4
2/14/2005,27,20,0,79,11,7.7,3.4
2/15/2005,24.8,18.6,0,73,11,5.1,3.1
2/16/2005,26.8,17.6,0,71,9,4.6,1.4
2/17/2005,27,15.5,0,79,9,4.1,2.6
2/18/2005,26.6,16.2,0,76,9,4.6,2.9
2/19/2005,29.4,18.5,0,75,9,4.1,1.5
2/20/2005,28.4,19.5,0,84,7,4.6,2.2
2/21/2005,30.3,20.8,4,78,20,14.9,2.4
2/22/2005,28.5,19.4,2,84,7,4.1,3.1
2/23/2005,33,20.2,0,76,20,5.7,2.4
2/24/2005,32.8,21.8,7,88,36,17.5,1.2
2/25/2005,29.5,19.8,0,85,20,3.6,0.9
2/26/2005,27.6,18.5,0,78,18,5.1,3.3
2/27/2005,29.6,14.2,0,63,2,3.6,1.9
2/28/2005,22.8,15.1,0,72,18,12.9,6.7
3/1/2005,22.6,7.5,0,72,9,4.6,3.1
3/2/2005,21.6,9.5,0,73,7,4.1,3.3
3/3/2005,25.2,12,0,72,9,5.1,3.4
3/4/2005,28,19,0,72,2,4.6,3.4
3/5/2005,29.6,17,0,79,9,2.6,1.9
3/6/2005,31.8,18.3,0,78,7,3.1,2.9
3/7/2005,24.4,17.5,57,90,23,6.7,4.5
3/8/2005,22,13.7,0,90,20,14.4,4.3
3/9/2005,22.5,7.5,0,60,34,3.1,2.2
3/10/2005,29.3,15.1,0,60,32,6.7,3.9
3/11/2005,30.2,19.5,0,63,27,5.1,2.7
3/12/2005,23.9,17.3,0,83,7,4.1,2.1
3/13/2005,23.5,15.6,0,90,9,3.6,1
3/14/2005,25.8,11.6,0,82,9,5.1,2.2
3/15/2005,25.6,12.3,0,88,7,4.1,1.7
3/16/2005,26.4,13.8,0,89,7,4.1,1.4
3/17/2005,29.2,16.8,5,88,2,3.1,0.9
3/18/2005,24.6,15.7,0,78,23,6.2,2.6
3/19/2005,23.5,9.4,0.8,72,5,3.1,1.9
3/20/2005,20,16.6,3,90,36,5.1,2.7
3/21/2005,21.8,14.8,0,70,23,6.2,3.1
3/22/2005,21.8,6.8,0,78,18,3.6,1.5
3/23/2005,21.6,10.1,0,86,5,3.1,1.4
3/24/2005,23.4,11,0,84,2,3.6,2.4
3/25/2005,25.2,13.6,0,77,9,4.1,2.4
3/26/2005,25.8,13.6,0,81,9,5.7,3.1
3/27/2005,26.9,17.3,0,86,5,2.1,1
3/28/2005,24.3,15.4,51,94,11,7.2,2.7
3/29/2005,23.4,15.4,0,81,20,6.7,5.3
3/30/2005,19,8,0.3,73,16,5.1,4.1
3/31/2005,20.9,12,0,79,7,5.1,3.1
4/1/2005,23.3,13.5,12,91,16,4.6,2.1
4/2/2005,19.5,12.2,0,82,20,7.2,4.4
4/3/2005,19.5,7.8,0,81,27,11.3,2.2
4/4/2005,21.6,6.8,0,78,2,3.6,1.4
4/5/2005,22.4,13.5,0,70,2,5.1,3.3
4/6/2005,25.7,10.5,26,86,9,4.6,1.8
4/7/2005,25.8,12.3,0.5,83,27,17,2.7
4/8/2005,21.8,6.1,0,68,36,3.6,1
4/9/2005,23.4,8.9,0,86,36,4.1,0.9
4/10/2005,22.9,12.8,2,95,5,4.1,2.1
4/11/2005,23,15.2,0,84,23,5.7,1.8
4/12/2005,23.4,9.2,0,81,18,7.2,4.2
4/13/2005,18.5,6,10,82,9,6.2,3.9
4/14/2005,18,14.9,7,98,14,13.9,6.2
4/15/2005,21.8,13.8,0,89,20,6.2,2.8
4/16/2005,24.5,9,0,80,36,3.1,0.9
4/17/2005,23.5,11.8,0,83,32,4.1,2.1
4/18/2005,24.9,17.2,0,82,32,3.6,2.3
4/19/2005,27.2,13.1,0,77,18,14.4,3.2
4/20/2005,17.6,7.1,0,77,20,5.1,2.7
4/21/2005,19.6,4.9,0,84,2,2.6,1
4/22/2005,22.5,10,0,87,36,4.6,1.4
4/23/2005,24.6,13.8,0.4,87,29,4.1,1.4
4/24/2005,16.4,7.4,0.9,76,20,18,9
4/25/2005,14.2,2,0,75,20,5.7,3.7
4/26/2005,16.8,3.2,0,78,27,2.6,1
4/27/2005,17.8,3,0,85,32,2.6,0.6
4/28/2005,19.7,3,0,87,34,3.1,0.5
4/29/2005,21,6.9,0,85,29,3.1,1.4
4/30/2005,20.4,9.2,0,83,36,4.1,1.8
5/1/2005,22.2,14.4,0,86,36,4.6,2.3
5/2/2005,22.8,14,0,79,36,4.1,2.4
5/3/2005,24.8,14.7,0,80,5,5.1,3.1
5/4/2005,24.9,16.6,2,82,36,5.1,2.3
5/5/2005,20.3,9.4,0,88,20,7.2,5.1
5/6/2005,15,8,0,86,18,5.7,3.6
5/7/2005,16.5,4.8,0,79,18,4.6,2.6
5/8/2005,16.6,3.9,1,89,9,5.1,1.7
5/9/2005,20.9,12,0,94,7,4.1,0.8
5/10/2005,19.6,9.8,2,95,23,12.9,1.3
5/11/2005,18.4,8.2,0,78,25,11.8,1.8
5/12/2005,17.8,6.6,0,90,5,5.1,1.3
5/13/2005,18.4,10,10,94,11,8.7,4.8
5/14/2005,16,10.2,0,86,20,13.9,6.2
5/15/2005,14.1,6.8,5,86,20,6.2,3.6
5/16/2005,16,6,0,80,20,5.1,2.6
5/17/2005,15.5,2,0.9,89,5,5.7,2.1
5/18/2005,16.8,12.4,0,94,7,3.6,0.9
5/19/2005,19.5,8.8,0,75,18,5.1,2.2
5/20/2005,10.9,2.2,0,77,25,2.6,1.2
5/21/2005,12.6,2.2,0,54,29,14.4,4.5
5/22/2005,18,1.8,0,67,32,4.1,2.1
5/23/2005,14.9,10.8,0,73,36,6.2,3.5
5/24/2005,19.4,5.2,0,81,20,5.1,2.3
5/25/2005,13.5,2.1,0,84,20,5.7,1.7
5/26/2005,16.6,4.8,0,85,36,4.6,1.8
5/27/2005,18.8,13.2,0,80,36,6.2,2.7
5/28/2005,21.8,11.1,0,82,7,6.2,4
5/29/2005,20.2,14,2,87,23,8.7,3
5/30/2005,16.6,1.5,0,73,23,5.1,3
5/31/2005,16.1,6.1,0,93,2,4.6,1.9
6/1/2005,20.6,11.5,0.3,97,5,4.6,2.8
6/2/2005,25.5,18.8,4,89,36,8.7,4.5
6/3/2005,19.8,12,9,87,20,9.3,4.1
6/4/2005,18.6,10.5,2,94,14,10.3,4.4
6/5/2005,20,12.7,0,89,16,7.2,2.6
6/6/2005,18.4,12.3,5,99,7,6.7,3.9
6/7/2005,24.4,18,16,89,36,8.2,4.1
6/8/2005,22.2,8.2,0,86,18,8.7,5.1
6/9/2005,15.7,5,0.5,88,5,8.2,3.5
6/10/2005,21.6,15,3,94,36,7.2,3.9
6/11/2005,15,8.4,0,85,18,4.6,2.1
6/12/2005,16.3,1.5,0.5,85,18,10.3,2.2
6/13/2005,12.1,7.8,0.4,87,18,10.3,5
6/14/2005,12.2,-0.8,11,78,11,6.2,3.1
6/15/2005,12.8,6.8,12,96,11,14.4,7.6
6/16/2005,15.4,12.4,0.3,98,14,5.7,3.2
6/17/2005,17,11.8,2,95,9,3.6,2.1
6/18/2005,12.5,7,0,90,23,3.6,1.9
6/19/2005,10.2,5,0,86,23,5.1,2.6
6/20/2005,10.6,0.5,0,85,23,6.7,3.2
6/21/2005,10.6,-0.4,0,84,9,3.6,1.4
6/22/2005,12.8,3.8,0,84,34,3.6,1
6/23/2005,15.1,3.2,0,89,9,3.1,0.3
6/24/2005,15.7,6,0,89,36,4.6,1.2
6/25/2005,18.2,4.2,0,92,9,4.6,1.2
6/26/2005,19,6.5,0,93,18,3.6,0.9
6/27/2005,18,10.1,0,92,27,5.1,3.2
6/28/2005,16,10,0,81,27,4.6,1.3
6/29/2005,16.2,8.9,0.5,90,7,4.6,1.9
6/30/2005,14.7,6.8,0,93,5,4.1,3.1
7/1/2005,18.7,13,41,98,11,4.1,1.5
7/2/2005,22.4,15.6,0,96,34,5.1,1.9
7/3/2005,17.1,9,0,88,18,5.1,1.4
7/4/2005,12.4,4.6,0,85,20,7.7,4.4
7/5/2005,11.5,-1,0,83,25,5.7,2.1
7/6/2005,11,-0.6,0,85,18,5.7,1.3
7/7/2005,14,-0.3,0,83,5,7.2,3.6
7/8/2005,16.5,9.9,0,79,5,7.7,4.5
7/9/2005,17.5,5.5,0,87,5,3.6,1.5
7/10/2005,17.6,9.6,0,87,36,5.1,1.7
7/11/2005,16.7,7.9,0,88,9,5.7,2.8
7/12/2005,17.4,7,0,88,5,7.2,4.5
7/13/2005,20.4,12.6,0,88,5,4.6,3.1
7/14/2005,17.2,14,23,95,18,6.7,1.5
7/15/2005,15,6.6,39,97,18,16.5,10.2
7/16/2005,9.6,5.3,0,88,18,9.3,5.1
7/17/2005,10.9,2.2,0,84,25,5.1,2.4
7/18/2005,11.2,2.9,0,80,23,5.7,2.1
7/19/2005,12.5,1.2,0,78,32,5.1,1.8
7/20/2005,11.9,3,0,82,36,5.1,2.6
7/21/2005,11.4,-0.5,0,91,11,5.7,2.1
7/22/2005,12.7,6.2,1,91,29,7.2,4.1
7/23/2005,8.8,7.2,1,95,36,7.7,3.3
7/24/2005,9.8,7,0.2,93,5,3.6,1.8
7/25/2005,13.2,7,0,92,23,7.2,4.1
7/26/2005,11,6.4,0,87,23,2.6,1.5
7/27/2005,14.5,5,0,87,36,5.7,3.2
7/28/2005,17.1,9.2,0,89,34,4.1,1.7
7/29/2005,17.6,7,0,93,5,5.7,2.7
7/30/2005,23,15.5,0,91,36,5.1,2.1
7/31/2005,19.3,11.3,0,89,18,7.7,3.1
8/1/2005,16.4,9.1,0,85,11,10.3,5.3
8/2/2005,18.7,11.7,0,87,18,10.3,5
8/3/2005,23,11.1,0,82,9,6.7,2.3
8/4/2005,19.3,12,0,76,14,13.4,5.4
8/5/2005,16.4,6.7,1,92,23,13.9,5.3
8/6/2005,14.3,1.1,0,74,27,6.2,2.7
8/7/2005,10.7,1.4,0,72,23,7.7,3.3
8/8/2005,13.2,1,0,84,18,8.7,3.9
8/9/2005,14.1,1.1,0,86,9,5.7,2.1
8/10/2005,15.1,5.5,0,83,5,6.7,3.3
8/11/2005,17,5,0,88,2,5.1,2.2
8/12/2005,17.8,7.3,0,81,36,5.1,2.6
8/13/2005,19,6.5,0,87,36,3.6,1.7
8/14/2005,20,9.2,0,83,20,10.3,1.8
8/15/2005,11.5,2.5,8,85,11,12.9,4.2
8/16/2005,18,8.2,12,88,9,10.3,4.1
8/17/2005,16,7,0,86,18,5.1,4.8
8/18/2005,14.2,2.9,0,90,5,5.1,2.3
8/19/2005,14.7,5,0,93,9,5.1,2.4
8/20/2005,17.2,6.4,0.5,94,11,10.3,5.5
8/21/2005,20,12.9,17,91,9,8.2,4.1
8/22/2005,21,12.6,45,91,16,10.3,2.7
8/23/2005,15.6,7.2,26,96,23,20.6,9.9
8/24/2005,11,6.8,0,82,25,7.2,4.8
8/25/2005,16,1.7,0,83,32,4.6,1.4
8/26/2005,16.1,10.8,0,83,34,5.1,3.7
8/27/2005,15.9,10.8,0,84,18,5.7,2.4
8/28/2005,12.7,8.9,0.9,79,27,5.1,2.3
8/29/2005,13.4,7.9,0,83,27,4.1,2.3
8/30/2005,12.2,4,0,78,18,8.2,5.1
8/31/2005,9.6,1,0,80,18,7.7,3.2
9/1/2005,11.5,5.9,2,93,18,8.2,5.5
9/2/2005,15,7.5,0,87,18,8.2,5.1
9/3/2005,13.8,1.4,0,89,9,5.1,1.8
9/4/2005,15.5,6.5,5,94,16,3.6,1.8
9/5/2005,14.5,3,1,89,27,3.6,1.3
9/6/2005,16.5,2,0,91,9,3.6,1.8
9/7/2005,20.3,9,0,73,36,7.2,3.5
9/8/2005,21.5,12,0,71,36,5.7,4.4
9/9/2005,20,7.5,1,89,18,10.3,2.7
9/10/2005,15.6,9,0,88,20,14.4,7.2
9/11/2005,12.1,1,0,76,23,13.9,3.2
9/12/2005,12.6,-0.1,0,76,23,6.2,1.7
9/13/2005,13.5,-0.2,0,85,5,4.6,1.4
9/14/2005,11.3,3.2,2,84,7,4.6,1.5
9/15/2005,13,5,0.2,83,20,7.2,2.4
9/16/2005,15.9,3.4,0,83,18,5.1,2.3
9/17/2005,15,1.7,0,87,9,5.1,3.1
9/18/2005,17.4,6.4,0,85,11,7.2,3
9/19/2005,18,11.6,0,92,9,5.7,3.1
9/20/2005,18.6,10.6,0,91,7,6.2,3.3
9/21/2005,20.4,11,0,87,7,7.2,4.2
9/22/2005,21.2,12.8,0,89,9,5.1,3
9/23/2005,22.8,13.4,57,95,18,12.9,2.8
9/24/2005,21.7,13,0,82,27,7.2,5.7
9/25/2005,16.5,8.2,0,73,20,7.2,3.1
9/26/2005,19.2,4.2,0,81,7,4.1,0.8
9/27/2005,18.4,7.4,0,73,2,6.7,3.7
9/28/2005,22,12.6,0,75,5,7.2,6
9/29/2005,20.8,14.5,12,85,5,13.4,3.6
9/30/2005,18,9.6,0,72,32,9.3,5
10/1/2005,22,8,0,61,32,7.7,3.3
10/2/2005,21.1,7,8,78,14,8.2,5.3
10/3/2005,19.8,11.8,1,90,18,10.3,7.1
10/4/2005,12.3,7.4,0,82,18,11.3,6.4
10/5/2005,18.8,3.8,0,66,29,14.9,5.7
10/6/2005,16.9,1.3,0,72,36,2.6,0.8
10/7/2005,18.8,5.5,0,79,9,6.2,3
10/8/2005,21.4,6.8,0,86,9,6.2,2.1
10/9/2005,20.4,3.8,0,84,5,4.1,2.6
10/10/2005,22.7,13.6,0,74,36,6.7,2.6
10/11/2005,25,13.9,0,72,36,6.2,3.2
10/12/2005,22.7,14.5,0,75,18,8.2,2.7
10/13/2005,23.9,9,0,78,18,6.2,0.4
10/14/2005,19.5,5.4,0,64,18,8.2,2.7
10/15/2005,20,7,0,64,5,3.6,2.2
10/16/2005,17.4,7.8,0,78,9,8.2,3.7
10/17/2005,20.5,8,0,77,5,4.1,1.3
10/18/2005,26.7,8.2,0,61,32,7.2,1.8
10/19/2005,28,9.7,0,63,36,4.6,2.4
10/20/2005,28.6,19.7,0,56,34,6.7,3.1
10/21/2005,30,14,3,59,36,4.1,2.6
10/22/2005,22.2,11.8,0,80,23,9.3,3.7
10/23/2005,18.2,6,0,73,9,6.2,3.6
10/24/2005,13.6,10.6,27,84,9,7.7,4.4
10/25/2005,21,11.5,0,84,20,7.7,3.5
10/26/2005,21.9,9.3,0,81,36,3.1,1.7
10/27/2005,22.9,11,0,89,23,6.2,1.7
10/28/2005,17.1,6.2,0,73,18,7.7,5.1
10/29/2005,16.2,3.4,0,78,23,7.2,2.7
10/30/2005,15.8,6.4,0,71,20,7.7,2.7
10/31/2005,19.9,3.4,0,64,36,5.1,2.2
11/1/2005,26,15,15,61,36,6.2,3.3
11/2/2005,27,14,0,68,36,7.7,3
11/3/2005,27,18.2,2,60,5,7.7,4
11/4/2005,21,13.2,0,72,32,12.3,4.4
11/5/2005,22.3,5.7,0,63,16,7.2,2.2
11/6/2005,19.7,6.1,0,67,11,6.7,3.2
11/7/2005,17.7,5.2,0,68,5,5.1,1.8
11/8/2005,20,7.5,0,56,9,6.2,3
11/9/2005,21.5,12.1,0,66,11,9.8,5.1
11/10/2005,21.8,13.9,0,65,5,7.2,4.2
11/11/2005,24.2,14.8,0,73,9,6.2,4
11/12/2005,26.7,15.2,0,65,5,5.1,3.6
11/13/2005,27,14,0,76,7,6.2,3.1
11/14/2005,25,15.5,16,84,9,7.7,5
11/15/2005,28,17.5,0,75,27,9.3,2.6
11/16/2005,28.8,13.4,0,67,32,3.1,2.3
11/17/2005,28.6,18.1,3,61,36,6.2,2.2
11/18/2005,28.2,16,0,74,20,9.3,0.6
11/19/2005,31.7,13.4,6,71,23,13.9,2.4
11/20/2005,31.2,16.3,0,63,7,6.7,4.9
11/21/2005,31,19.8,0,64,32,4.1,1.5
11/22/2005,33.4,16.5,13,63,9,5.1,1.8
11/23/2005,27.7,19.3,5,78,32,16.5,1.5
11/24/2005,23.7,10.6,0,48,32,10.3,3.3
11/25/2005,30.6,13.7,0,47,36,10.3,5
11/26/2005,31.2,17.5,0,62,36,6.2,2.4
11/27/2005,33.4,23.5,0,56,36,6.2,2.4
11/28/2005,31.4,20,0,56,23,9.8,5
11/29/2005,24.6,17,0,68,18,14.9,6.6
11/30/2005,24.3,12,0,71,18,10.3,5.8
12/1/2005,22.2,7,0,66,9,8.2,4.6
12/2/2005,22.5,8,0,64,9,5.7,3.7
12/3/2005,21,14.3,16,75,5,12.3,5.8
12/4/2005,25,11.6,0,91,9,5.7,4.1
12/5/2005,24.9,15.4,0,62,23,7.2,4
12/6/2005,20.7,6.4,0,56,20,8.2,3.2
12/7/2005,23.5,3.2,7,57,5,6.7,2.3
12/8/2005,26.8,14.4,0,69,36,8.7,3.7
12/9/2005,29.9,11,0,60,18,22.1,3.9
12/10/2005,21.6,7.5,0,67,18,7.7,3.7
12/11/2005,22.6,9,0,55,7,7.2,3.1
12/12/2005,25.2,13.5,0,63,14,8.2,3.7
12/13/2005,26.1,17.2,0,72,14,12.3,5.7
12/14/2005,27.1,18.2,0,73,9,8.2,4.5
12/15/2005,28.2,19,11,70,9,6.2,3.6
12/16/2005,27,19.1,12,92,32,4.1,2.4
12/17/2005,24.2,12.5,2,79,9,8.7,3.5
12/18/2005,31.7,15.7,0,63,23,15.9,6.4
12/19/2005,23,8.8,3,66,18,5.7,1.7
12/20/2005,23.9,14.2,0,72,9,6.2,4
12/21/2005,32,17.2,5,57,27,23.7,4.1
12/22/2005,28.5,18.3,11,77,23,13.9,3.5
12/23/2005,25.3,15.2,0,80,18,10.3,5.1
12/24/2005,24,10.5,0,70,23,6.2,2.7
12/25/2005,29.8,13,0,58,9,7.7,3.6
12/26/2005,29.9,15.2,0,56,36,4.1,2.8
12/27/2005,31.2,17.9,0,54,14,7.7,2.8
12/28/2005,30.2,19.3,0,69,5,6.2,3.6
12/29/2005,35,18.2,0,58,18,8.2,1.2
12/30/2005,31.5,15.6,0,76,9,7.7,3.3
12/31/2005,30.4,16,0,69,11,5.7,3.6
1/1/2006,30.8,17.8,21,79,18,6.2,1
1/2/2006,33.1,19.2,0,66,29,5.7,2.3
1/3/2006,26.5,17,0,74,18,6.7,3.6
1/4/2006,27.2,12.2,0,80,36,5.1,2.6
1/5/2006,27.1,17.5,0,56,11,4.6,3
1/6/2006,34.4,22.7,14,58,14,11.3,1.7
1/7/2006,32.3,20.8,31,82,18,16.5,4.5
1/8/2006,24.6,19,4,91,14,15.4,3.1
1/9/2006,34.4,20.4,26,70,5,7.7,5.3
1/10/2006,30.8,16.9,7,80,18,15.4,3.6
1/11/2006,23.4,15.2,0,86,9,7.7,5.4
1/12/2006,25.5,19.6,17,92,23,16.5,4.5
1/13/2006,23,17.6,13,72,9,7.7,4.5
1/14/2006,25.2,18.6,75,89,9,8.2,4.6
1/15/2006,25.7,19,5.8,93,23,20.1,2.1
1/16/2006,24.8,18.2,0,75,20,6.2,4.5
1/17/2006,24.6,12.2,0,69,18,6.7,1.3
1/18/2006,22.4,12.6,0,76,9,8.2,3.1
1/19/2006,27.7,18.6,0,74,9,7.7,3.1
1/20/2006,29,20.8,0,83,5,5.1,3
1/21/2006,23.6,18.3,0,83,18,7.7,5.5
1/22/2006,23.5,12,0,75,9,5.1,3.6
1/23/2006,27.5,15.4,0,80,9,5.1,2.7
1/24/2006,29,20.2,11,78,5,5.1,3
1/25/2006,27.4,18.2,0,82,23,7.7,4.4
1/26/2006,25.4,13,0,70,16,4.1,2.8
1/27/2006,30.4,20,0,59,36,5.1,1.9
1/28/2006,32.7,20,0,72,2,4.1,1.7
1/29/2006,34.2,24.2,4,64,14,7.2,4.9
1/30/2006,25,15.9,0,80,14,7.7,4.2
1/31/2006,24,11.7,6,74,7,6.2,2.8
2/1/2006,24,16.8,19,91,14,5.1,2.2
2/2/2006,27.5,17.2,0,84,9,9.3,4.4
2/3/2006,28.1,19.6,0.8,86,7,6.7,4
2/4/2006,27.2,22,0.8,88,9,6.7,4
2/5/2006,31.4,21.5,0,73,32,11.3,4.5
2/6/2006,27,12.5,0,65,27,7.2,2.3
2/7/2006,24,11.9,0,75,18,5.1,2.8
2/8/2006,23.4,12.8,0,75,9,6.7,2.8
2/9/2006,24.1,13.1,0,71,23,5.1,1.8
2/10/2006,25,13.6,0,77,11,6.7,3.1
2/11/2006,25.6,12.8,0,78,9,5.7,1.5
2/12/2006,26.2,15.5,0,75,11,5.1,1.4
2/13/2006,30.2,17,0,68,23,4.1,1.4
2/14/2006,32.5,17.6,0,70,27,4.1,2.1
2/15/2006,31.5,20,0,73,9,5.7,2.4
2/16/2006,32.7,22.4,0,70,7,5.1,1.5
2/17/2006,30.2,19.5,0,80,14,6.2,2.8
2/18/2006,29,14,0,85,9,6.2,3.2
2/19/2006,31.5,20.4,0,73,9,8.2,3.9
2/20/2006,30.8,22,0,77,9,5.7,4.8
2/21/2006,31.8,22.7,2,76,36,5.1,2.3
2/22/2006,29,19.4,21,75,23,12.9,3
2/23/2006,24.8,20,117,89,16,18.5,4.1
2/24/2006,20,16.2,3,93,16,18.5,10
2/25/2006,23,14.8,0,82,20,7.7,5
2/26/2006,25.6,14,0,81,36,5.1,2.6
2/27/2006,23.4,15.4,0,77,23,13.4,1.5
2/28/2006,23.5,11.6,0,88,36,3.1,0.5
3/1/2006,26,12.3,0,80,5,4.6,1
3/2/2006,27,14.5,0,74,14,6.2,2.3
3/3/2006,22,15.8,33,84,18,13.9,2.8
3/4/2006,23.5,13,0,80,18,7.7,4
3/5/2006,25.2,13.4,0,83,16,4.1,2.2
3/6/2006,26.6,13.9,0,80,36,3.6,1.8
3/7/2006,28,17.8,3,72,36,3.6,2.3
3/8/2006,27.6,18,0,84,18,7.2,2.1
3/9/2006,24.8,14.8,0,71,23,6.7,3.5
3/10/2006,21.6,7.7,0,69,9,5.7,3.1
3/11/2006,19.9,11.5,0,80,9,7.2,4.5
3/12/2006,25.6,16.1,0,80,9,5.1,3.6
3/13/2006,29.4,15.2,8,81,9,3.1,1.7
3/14/2006,22.5,18.8,26,93,23,8.2,3
3/15/2006,23.5,16.5,6,90,9,4.1,2.4
3/16/2006,19.8,16.6,25,95,18,5.7,2.6
3/17/2006,18,13.8,20,97,18,6.2,1.3
3/18/2006,22.6,11.6,0,78,18,6.2,3.5
3/19/2006,25.3,12.6,0,80,5,4.6,2.3
3/20/2006,26,14,0,83,14,10.3,2.6
3/21/2006,22.9,12.1,0,82,9,7.7,4.4
3/22/2006,25.6,18.1,0,79,7,6.2,3.9
3/23/2006,26.5,18.5,0,90,9,5.7,2.3
3/24/2006,26.4,16.4,0,83,18,15.9,3.5
3/25/2006,21.4,7.4,0,68,25,5.1,1.9
3/26/2006,21,8,7,77,5,4.6,0.8
3/27/2006,23.5,15,4,84,36,5.1,2.3
3/28/2006,19.4,10.6,0,78,18,8.2,4.8
3/29/2006,21.4,6.1,0,75,20,3.1,0.8
3/30/2006,22.5,9.9,0,74,36,4.1,0.8
3/31/2006,25.6,10.2,0,86,5,2.6,0.6
4/1/2006,24.4,14,0,88,9,6.2,2.3
4/2/2006,24,13.4,0,87,9,6.2,3
4/3/2006,23.3,17.5,21,84,7,6.7,3.7
4/4/2006,27.4,19.4,0,86,7,5.1,1.7
4/5/2006,22.8,16.2,0,90,18,5.7,3.5
4/6/2006,22.9,13.4,0,90,7,5.1,1.7
4/7/2006,21,12.2,0,91,9,5.1,2.2
4/8/2006,23.6,14.3,0,90,11,5.1,3.1
4/9/2006,24,16.5,0,92,9,5.1,1.4
4/10/2006,24.4,10,0,89,9,4.1,0.9
4/11/2006,24.5,11,0,90,18,3.6,1.2
4/12/2006,26.7,13,0,88,5,4.1,1.2
4/13/2006,26,12.9,9,86,23,16.5,4
4/14/2006,19.1,12.8,0,87,23,6.7,3.2
4/15/2006,16.6,6,0,76,23,7.7,3.2
4/16/2006,17,4.2,0,74,23,5.1,2.3
4/17/2006,18.3,3.2,0,80,36,2.6,0.9
4/18/2006,20.1,8.5,0,71,7,5.7,3
4/19/2006,23.7,16.2,0,69,5,9.3,5.5
4/20/2006,20.9,13.2,21,82,23,7.7,3
4/21/2006,18,7,0,70,27,6.7,2.1
4/22/2006,19.6,7,0,67,32,4.6,3
4/23/2006,21.2,6.5,0,73,27,3.1,1.7
4/24/2006,25.2,14.2,0,71,36,4.6,3.1
4/25/2006,20.5,12,0,79,18,10.8,4.1
4/26/2006,19.2,6,0,83,5,4.1,1.4
4/27/2006,25.2,11,0,84,27,3.6,2.1
4/28/2006,24.9,14,9,87,36,5.7,3
4/29/2006,21.5,13.4,0,77,20,7.2,2.6
4/30/2006,16.7,4.3,0,69,27,8.2,3
5/1/2006,17.2,7,0,79,18,14.9,6
5/2/2006,18,7,0,84,23,5.1,2.7
5/3/2006,18.6,6,0,90,5,3.1,1.4
5/4/2006,18.4,5,0,88,5,2.6,0.6
5/5/2006,18.8,7.4,0,90,36,2.6,0.9
5/6/2006,16.6,8.4,0,90,18,6.7,2.8
5/7/2006,18.2,11.1,4,87,14,8.7,4.5
5/8/2006,19.2,9.9,0,89,9,6.2,2.6
5/9/2006,19.5,6.5,0,86,5,3.6,0.8
5/10/2006,20.1,6.4,0,86,36,4.6,1.4
5/11/2006,18.8,7.5,0,89,18,6.2,2.2
5/12/2006,17.6,4.5,0,79,16,4.1,1.5
5/13/2006,18.5,4.9,0,87,36,5.1,1.7
5/14/2006,19.5,7.9,0,81,36,4.6,1.7
5/15/2006,20,7.8,0,75,5,5.1,3.1
5/16/2006,23,13,0,73,36,5.7,2.8
5/17/2006,20,8.6,0,79,14,5.1,2.7
5/18/2006,15,8.2,2,95,20,8.2,3.3
5/19/2006,11.5,0.5,0,75,23,5.1,2.6
5/20/2006,14.5,-0.5,0,76,23,2.6,1.2
5/21/2006,14.6,0.5,0,58,27,4.1,2.2
5/22/2006,15,0.8,0,69,23,3.6,1.2
5/23/2006,13.5,1,0,86,5,5.7,2.6
5/24/2006,14.6,3.6,0,88,9,7.2,2.4
5/25/2006,17.2,9.6,0,78,9,8.7,4.9
5/26/2006,18.9,12.7,0,85,5,5.1,3.3
5/27/2006,19.4,10.6,0,69,23,6.2,3.2
5/28/2006,14.3,1.8,0,83,18,4.1,1.7
5/29/2006,14,5.5,0,85,9,7.7,3.2
5/30/2006,15.5,3,2,91,18,5.1,0.9
5/31/2006,16.5,4.8,0,88,9,3.6,1.8
6/1/2006,15.5,6.2,0,86,9,8.7,3.9
6/2/2006,15.2,11.8,5,83,9,13.4,5.7
6/3/2006,15,13.2,3.7,95,23,8.2,3.6
6/4/2006,16.5,3.5,0,77,27,8.7,3.3
6/5/2006,16.2,2.7,0,83,36,4.1,1
6/6/2006,16.3,8.3,0,86,34,5.1,2.1
6/7/2006,20.3,5.7,0,92,9,7.7,2.8
6/8/2006,23.8,15.6,19,85,18,12.3,4.5
6/9/2006,15.6,10.2,0,82,18,8.7,4.5
6/10/2006,12.2,1.8,0,80,23,3.6,1.3
6/11/2006,14.7,0,0,77,27,5.7,2.1
6/12/2006,14,4.7,0.9,69,36,7.2,4.4
6/13/2006,13.5,11.6,4,90,36,6.2,1.5
6/14/2006,17.8,6.6,0,88,20,2.6,0.5
6/15/2006,15,6,0,76,18,6.7,1.9
6/16/2006,12.2,1.4,0,86,9,7.2,2.2
6/17/2006,11.7,2.4,7,78,9,8.2,4.4
6/18/2006,13.5,9.6,0,94,7,5.1,1.7
6/19/2006,18.6,12.3,3,93,36,7.7,3.1
6/20/2006,17.8,9.7,0,68,32,5.1,1.9
6/21/2006,16,6,0,58,27,4.1,1.8
6/22/2006,18.7,4.6,0,71,36,7.7,2.1
6/23/2006,12.8,2.6,0.6,88,9,6.7,3.1
6/24/2006,15,10.2,19,94,9,7.7,3.3
6/25/2006,15.3,10.4,10,96,23,14.4,5
6/26/2006,13.3,9,0,85,23,12.3,5
6/27/2006,11.9,2.8,0,87,18,5.7,2.3
6/28/2006,12.6,3.3,0,91,9,3.1,1.7
6/29/2006,14,7.1,0,86,5,6.2,2.4
6/30/2006,13.9,9.4,0,91,5,5.1,2.4
7/1/2006,19,8,0,92,5,3.1,1.2
7/2/2006,18.2,7,0,92,36,6.2,2.1
7/3/2006,16.6,13.4,0,98,36,4.1,2.2
7/4/2006,20,14.7,0,97,36,5.1,1.2
7/5/2006,14.9,7.5,1,97,11,5.7,2.6
7/6/2006,20.4,12.5,0.2,92,9,5.1,2.8
7/7/2006,23,16,0,75,36,7.2,3.9
7/8/2006,21.3,9.5,14,86,18,13.4,4.2
7/9/2006,14.5,6,0,79,29,6.2,3.9
7/10/2006,15.3,6.6,0,66,36,6.2,3.6
7/11/2006,17.7,10.6,0,69,36,9.3,3.9
7/12/2006,23.4,12,0,89,36,6.2,3.2
7/13/2006,12,8.5,0,84,20,5.1,2.1
7/14/2006,13.3,4,0,81,14,7.7,5
7/15/2006,14.1,2,0,79,7,9.3,4.5
7/16/2006,15.3,11.4,6,97,5,5.1,3.5
7/17/2006,17.4,12,0,96,36,4.6,2.1
7/18/2006,20.2,11.2,0,93,32,5.1,2.2
7/19/2006,18,7,0,69,27,4.6,1.9
7/20/2006,22,5.6,0,81,36,6.7,1.8
7/21/2006,17.2,12.4,0,63,14,5.7,4
7/22/2006,20.9,10.6,0,81,27,10.3,4.2
7/23/2006,11.8,4.8,0,72,27,2.6,0.8
7/24/2006,15,2,0,83,5,6.2,1.9
7/25/2006,16.1,10.9,5,96,11,6.2,1.7
7/26/2006,18.2,13.6,39,97,9,8.7,5.4
7/27/2006,16.5,10.2,0.3,92,27,8.7,4.9
7/28/2006,10.6,6.6,2,72,32,14.4,8.7
7/29/2006,9.5,2.3,0,83,23,7.7,4.1
7/30/2006,10.4,-0.2,0,82,27,4.1,2.2
7/31/2006,8.8,-1.4,0,83,18,3.6,1.3
8/1/2006,11.1,-2,0,85,18,3.1,0.6
8/2/2006,10.7,-1.8,0,90,11,3.6,1.7
8/3/2006,11.4,0.4,0,89,18,6.2,3.2
8/4/2006,10.6,3.4,0,99,14,4.6,1.8
8/5/2006,14.5,7,0,92,18,6.2,2.6
8/6/2006,14.2,3.2,0,90,9,7.7,3.1
8/7/2006,13.2,10.8,6,93,9,3.6,2.2
8/8/2006,12.2,4.4,0,88,14,8.2,4.2
8/9/2006,13.2,9.7,0,93,14,6.7,3.9
8/10/2006,14.8,3,0,65,36,5.1,2.7
8/11/2006,13.5,7.4,0,81,5,4.1,2.1
8/12/2006,17,2,0,91,18,6.2,2.7
8/13/2006,14.5,4.8,0,85,14,16.5,6.7
8/14/2006,15,8.7,0,93,23,9.3,4.2
8/15/2006,14,4.8,0,64,27,5.7,2.8
8/16/2006,11.5,3.2,2,90,23,5.1,2.8
8/17/2006,12.6,5.6,7,95,20,4.6,1.9
8/18/2006,15,4,0,82,29,4.1,1.9
8/19/2006,19.2,5.8,0,67,23,9.3,4.5
8/20/2006,12.9,2.8,0,77,23,7.7,4.2
8/21/2006,12.2,-1.6,0,75,36,4.6,2.4
8/22/2006,21.3,9,0,56,36,7.7,3.6
8/23/2006,24.3,8.6,0,66,18,5.1,3
8/24/2006,22.1,10.3,0,70,32,5.7,3.1
8/25/2006,22.8,9.2,0,76,7,3.6,1.9
8/26/2006,17.7,11.4,0,83,23,13.4,3.6
8/27/2006,14,2.4,0,72,23,5.7,3.3
8/28/2006,16,6.2,0,65,27,5.1,1.8
8/29/2006,15.8,2.6,0,81,5,4.1,1.5
8/30/2006,14.7,8.5,0.8,71,5,7.7,3.7
8/31/2006,20,9,0,80,36,3.6,2.6
9/1/2006,17,7,17,87,23,14.9,4.4
9/2/2006,11,5.4,0,86,23,15.9,6.9
9/3/2006,13,2.3,0,76,23,9.3,4.1
9/4/2006,12,0.8,0,82,23,7.2,3.3
9/5/2006,15.5,0.6,0,71,2,6.2,1.2
9/6/2006,15.2,2,0,68,2,7.7,3.2
9/7/2006,17.7,8.8,0,73,5,5.7,3.5
9/8/2006,21,8.9,0,85,14,4.1,1.7
9/9/2006,20,6,0,81,5,5.7,3.2
9/10/2006,24.2,10,0,59,36,13.4,5.4
9/11/2006,21.7,13,0,62,20,5.1,3.6
9/12/2006,20.1,6,0,64,18,8.7,3.6
9/13/2006,14.4,1.8,0,76,9,5.1,2.2
9/14/2006,20,2,0,73,2,4.1,1.7
9/15/2006,21.3,6,0,63,32,7.2,2.1
9/16/2006,21.1,4.6,0,61,34,7.7,2.6
9/17/2006,22.6,12.5,0,54,36,6.7,3.2
9/18/2006,24.2,8.6,0,66,32,6.2,1.8
9/19/2006,23.8,8.4,0,70,9,15.4,2.7
9/20/2006,21,7.9,0,74,18,8.7,4.6
9/21/2006,19,4.5,0,81,11,6.2,2.6
9/22/2006,20.6,11.4,10,85,14,6.2,3.2
9/23/2006,15.4,7.2,0,82,23,12.3,5.5
9/24/2006,16,1.3,0,76,36,4.1,1
9/25/2006,22,7.6,0,70,36,8.2,3.3
9/26/2006,23.5,12.6,0,62,5,8.7,5.9
9/27/2006,20.3,12.5,0,80,16,6.2,1.7
9/28/2006,15.7,7.5,0,83,18,6.2,4.2
9/29/2006,17,3,0,81,9,5.1,2.6
9/30/2006,20.6,9,0,78,5,7.2,4.6
10/1/2006,26,12.4,0,79,7,5.7,3.3
10/2/2006,18.6,13.4,21,98,16,6.7,4
10/3/2006,16.7,13.8,0,98,14,13.4,4.8
10/4/2006,26.9,14.5,4,87,9,7.7,5
10/5/2006,19,9.5,0,72,23,8.2,3.6
10/6/2006,20.3,6,0,72,36,7.2,3
10/7/2006,24,9.4,0,68,5,3.6,0.6
10/8/2006,23.7,7.5,0,69,36,7.2,2.8
10/9/2006,25,16.4,0,64,36,7.7,3.3
10/10/2006,24,12.1,0,85,20,17,2.8
10/11/2006,24.2,12.7,0,81,9,5.7,2.4
10/12/2006,20.7,14.5,4,83,5,8.7,4.6
10/13/2006,23.4,17.4,10,88,9,8.7,4.9
10/14/2006,22,16.6,3,83,7,7.2,3.7
10/15/2006,21.7,8.2,0,64,27,8.7,4.1
10/16/2006,19.6,4.8,0,67,5,5.7,2.4
10/17/2006,21.4,10.7,0,76,11,6.2,2.3
10/18/2006,21,11.8,0,78,14,8.2,4.8
10/19/2006,19.9,9.7,0,83,9,5.7,2.7
10/20/2006,21.6,8.4,0,79,5,5.1,2.7
10/21/2006,28.8,14.2,0,66,14,9.8,4.1
10/22/2006,29.4,16.7,0,72,36,4.1,2.8
10/23/2006,29.5,18.5,0,68,36,5.7,2.4
10/24/2006,31.9,19.6,7,64,36,7.7,3.7
10/25/2006,27.8,12.1,15,86,18,10.3,6.9
10/26/2006,18.6,6.6,0,76,18,9.3,4.6
10/27/2006,17,11.6,15,85,7,9.3,3.7
10/28/2006,21.6,9.8,17,84,9,8.2,3.9
10/29/2006,23.3,17.2,3,89,18,13.9,3.3
10/30/2006,21.3,11.1,0,85,14,6.2,4
10/31/2006,22.5,13,0,84,14,8.2,4
11/1/2006,22.2,9.9,0,76,9,5.1,2.3
11/2/2006,24.7,12,0,70,5,3.6,2.6
11/3/2006,21.7,11.9,0,71,18,9.8,7.1
11/4/2006,20.1,5.5,0,73,5,6.7,4.4
11/5/2006,20.2,14.8,11,87,7,7.7,5.5
11/6/2006,22.2,13.5,0,68,25,15.4,5.3
11/7/2006,19.1,5.7,0,69,20,8.2,3.6
11/8/2006,20.7,4,0,63,5,4.1,0.8
11/9/2006,25.5,9,0,61,18,7.2,2.1
11/10/2006,20.9,11.2,0,76,18,7.2,4.2
11/11/2006,21.4,7.4,0,77,9,6.2,3.1
11/12/2006,26.2,15.2,0,67,5,9.3,7.2
11/13/2006,31,17.3,0,69,36,7.7,3.9
11/14/2006,31,20.7,0,59,36,9.3,4.9
11/15/2006,27,16,26,75,18,12.3,4
11/16/2006,24.6,16,0,85,14,12.9,4.5
11/17/2006,18.2,11.3,0,71,14,8.7,5.3
11/18/2006,21,7,0,73,14,4.6,2.6
11/19/2006,23.2,9.4,0,67,5,4.1,0.5
11/20/2006,24.2,13.5,0,65,36,7.2,3
11/21/2006,27.6,16.9,0,63,36,5.7,2.4
11/22/2006,25.7,11,0,70,5,5.1,1.7
11/23/2006,30,15.8,0,71,23,8.7,3
11/24/2006,30,15,6,73,14,6.2,2.8
11/25/2006,25.3,16.6,0,80,14,8.7,4.6
11/26/2006,21.7,14.3,3,72,14,8.7,6.3
11/27/2006,19.4,13.2,0,76,11,7.7,5
11/28/2006,23.4,10.6,0,73,5,5.1,2.4
11/29/2006,27,12.7,3,71,36,6.2,3.1
11/30/2006,28.2,18.5,0,65,36,6.7,3.2
12/1/2006,29.2,20,14,71,5,8.2,4.1
12/2/2006,29.3,18.3,0,79,9,13.4,2.7
12/3/2006,24,13.6,0,62,27,14.9,4.9
12/4/2006,25,10,0,78,9,6.2,3.9
12/5/2006,23.2,12.6,0,83,9,6.7,3.1
12/6/2006,25.7,14.5,0,76,9,6.2,2.7
12/7/2006,27.6,14,0,66,9,6.2,3.9
12/8/2006,28.5,18.7,0,63,5,6.2,3.7
12/9/2006,31.1,15.4,0,61,7,6.7,2.2
12/10/2006,32.8,19.4,0,51,32,5.1,2.3
12/11/2006,33.7,22.7,0,49,18,13.4,2.7
12/12/2006,31.7,19.6,6,72,5,5.7,3.3
12/13/2006,29,19.3,20,81,11,19.5,2.6
12/14/2006,27.3,18.8,0,84,27,6.2,3.3
12/15/2006,28.7,15.3,0,81,9,8.7,4.1
12/16/2006,32.2,20.2,55,78,9,18.5,4
12/17/2006,30.6,19,0,88,9,18.5,2.4
12/18/2006,28.8,15.8,0,80,23,4.1,1.5
12/19/2006,29.2,19,17,83,5,3.6,1.7
12/20/2006,25.6,16.5,0,80,20,9.3,3.9
12/21/2006,28.5,17.3,0,71,36,7.7,2.7
12/22/2006,29.5,17.5,0,66,36,7.2,1.8
12/23/2006,29,17.8,16,77,27,17.5,1.8
12/24/2006,30.2,20.2,0,78,23,5.1,3
12/25/2006,26.2,19.5,0,74,23,15.9,3
12/26/2006,27,12,0,73,5,4.1,1
12/27/2006,30,18.2,0,66,14,12.9,4.4
12/28/2006,27.7,13.3,0,74,9,7.7,3.9
12/29/2006,32,21.2,32,68,36,7.2,4.9
12/30/2006,29,19.1,0,82,14,8.2,4.1
12/31/2006,31,21,0,71,2,5.1,3.6
1/1/2007,33.8,24.4,0,65,36,6.2,2.4
1/2/2007,29.7,21.5,20,77,11,8.2,5.5
1/3/2007,27.1,21.1,0,85,14,6.2,4.1
1/4/2007,28.5,21,0,83,18,5.1,3.4
1/5/2007,25.5,17,0,72,18,9.8,5.5
1/6/2007,25.7,12,0,72,9,5.1,3.1
1/7/2007,24.5,17,0,68,9,5.1,3.1
1/8/2007,28,18,0,70,9,5.1,3.3
1/9/2007,30,20.7,0,72,5,6.2,3.9
1/10/2007,30.1,21.5,0.6,71,25,5.1,3.1
1/11/2007,29,20,0,82,18,7.2,4.1
1/12/2007,32.5,17.8,0,65,32,5.7,1.9
1/13/2007,33,17.8,0,48,23,14.4,6.7
1/14/2007,23,8.2,0,56,16,5.1,2.4
1/15/2007,28.3,10.4,0,52,9,6.2,3.4
1/16/2007,29.2,12.8,0,54,32,5.1,1.9
1/17/2007,31.8,18.2,0,55,36,6.7,4.1
1/18/2007,30,18.3,0.5,73,14,10.8,3.6
1/19/2007,26,12.7,0,59,11,7.2,4.6
1/20/2007,27.5,15.6,0,63,9,6.2,3.8
1/21/2007,29.4,19.3,0,61,9,6.7,4.6
1/22/2007,28.6,17.5,0,69,5,6.2,3.9
1/23/2007,27.5,18,2,80,23,5.1,2.1
1/24/2007,29.5,16.9,0,79,9,3.6,1.5
1/25/2007,26.5,18.9,1,89,20,7.2,3.1
1/26/2007,28,22,7,90,9,6.2,3.6
1/27/2007,30.3,19.5,0,75,18,8.7,2.9
1/28/2007,26.6,16.7,0,60,11,6.7,4.5
1/29/2007,25.5,14.5,0,61,11,6.2,3.9
1/30/2007,30,13,0,64,9,6.7,3.3
1/31/2007,30,16.1,0,66,7,4.1,2.7
2/1/2007,34.5,18,0,53,36,5.1,2.9
2/2/2007,34.6,20.3,0,51,36,5.7,2.9
2/3/2007,36.2,18.6,0,49,36,5.7,1.5
2/4/2007,30.5,21,8,71,14,13.9,3.1
2/5/2007,30,20,0,76,9,7.7,5.7
2/6/2007,34.6,18.5,0,69,25,8.2,5.5
2/7/2007,29.5,10,0,55,36,6.7,3.3
2/8/2007,26.3,14.5,0,62,14,9.3,6.2
2/9/2007,28.2,19,0,65,14,5.1,3.6
2/10/2007,32,18.5,0,69,16,6.7,4.5
2/11/2007,27.5,13.5,0,72,9,7.2,3.9
2/12/2007,26.6,18.2,0,67,9,6.2,4.1
2/13/2007,29.2,18,0,62,9,7.2,4.8
2/14/2007,32.3,20,0,70,9,5.7,3.8
2/15/2007,33,22.2,14,70,36,7.2,3.1
2/16/2007,26.2,19.4,3,92,27,8.2,1.9
2/17/2007,21,15.2,0,85,27,9.3,5.3
2/18/2007,27,8.5,0,55,27,4.6,2.1
2/19/2007,27.6,14.6,0,54,36,6.2,3.1
2/20/2007,27.5,13.9,0,69,9,8.2,4.6
2/21/2007,28.4,18,4,65,14,8.2,4.3
2/22/2007,32.8,21,0,71,27,4.1,1.5
2/23/2007,30.5,18.5,3,72,9,7.7,2.9
2/24/2007,32.2,19,0,73,27,5.1,1.5
2/25/2007,35,20,25,68,36,5.1,1.9
2/26/2007,29.8,20,21,81,32,5.7,1.9
2/27/2007,25.1,18,10,94,20,7.2,3.3
2/28/2007,25.2,14,11,83,14,5.1,3.4
3/1/2007,22,16,79,93,20,18,3.4
3/2/2007,24.5,9.8,0,54,9,5.7,2.1
3/3/2007,23,12.4,10,66,11,13.4,6.3
3/4/2007,23.2,16.6,0,87,9,13.4,6
3/5/2007,26.4,14.4,0,81,36,5.1,3.1
3/6/2007,28.4,15.5,0,77,7,4.6,2.1
3/7/2007,26,21.2,8,90,9,8.7,5.8
3/8/2007,23.5,18.8,29,96,18,4.6,1.4
3/9/2007,25.5,15.5,0,64,29,7.2,3.3
3/10/2007,22.9,13.6,0,78,27,8.2,3.1
3/11/2007,25.4,11.5,0,67,34,7.2,3.6
3/12/2007,29.2,19.2,0,65,36,5.1,2.2
3/13/2007,26.5,18.5,0,84,9,7.2,5
3/14/2007,24.6,17.7,1,90,36,4.6,2.4
3/15/2007,24.7,16.1,0,89,18,8.7,4.8
3/16/2007,22.4,13.5,7,85,18,6.2,4.3
3/17/2007,23.8,14.6,0,84,16,4.6,1.5
3/18/2007,25.5,13.9,0,78,9,4.1,2.2
3/19/2007,26,13,0,79,5,3.6,2.2
3/20/2007,27.4,18.2,0,81,36,5.1,3.1
3/21/2007,27.5,15.6,0,75,2,5.1,2.9
3/22/2007,28.4,15.6,8,78,9,5.7,2.9
3/23/2007,23.4,17,0,83,27,6.2,1.9
3/24/2007,24,10.8,0,70,9,6.2,2.2
3/25/2007,25.6,14.6,40,83,7,4.6,1.9
3/26/2007,27,15.8,7,84,9,5.1,3.4
3/27/2007,22.7,20,15,96,18,8.2,3.1
3/28/2007,23.2,19.5,0,95,9,4.1,2.1
3/29/2007,23,18.4,17,95,9,7.7,4.8
3/30/2007,23,19.8,33,97,9,15.4,5.7
3/31/2007,21.7,17.4,0,88,18,9.8,5.3
4/1/2007,23.3,16.3,17,86,9,8.7,5.5
4/2/2007,27.5,19.5,0,87,25,3.1,2.1
4/3/2007,26.6,13,0,80,23,3.1,1.5
4/4/2007,25.8,13.6,0,79,7,4.1,1.9
4/5/2007,24.4,13.2,0,80,9,5.1,2.1
4/6/2007,23.5,13,0,85,7,5.1,2.2
4/7/2007,24.8,16.6,0,83,9,5.1,2.7
4/8/2007,20.8,11.9,0,68,18,12.3,6.5
4/9/2007,20.8,6.5,0,76,7,5.1,3.8
4/10/2007,20.6,14.4,1,87,2,4.1,0.7
4/11/2007,20.8,10,23,91,23,16.5,3.8
4/12/2007,20.5,8.2,0,62,27,7.2,2.2
4/13/2007,22.9,9.5,0,61,36,8.7,3.6
4/14/2007,20.2,14,45,90,18,8.2,5.3
4/15/2007,21.5,15.3,0,90,14,5.7,3.9
4/16/2007,22.4,16.8,0,90,11,6.2,5.1
4/17/2007,25.2,19.5,6,89,36,6.2,1.9
4/18/2007,28.2,19.8,0,87,9,5.7,2.2
4/19/2007,30.2,20.2,0,73,36,5.1,2.9
4/20/2007,26.4,14.6,7,87,18,8.2,5.7
4/21/2007,17,12.6,19,92,14,5.1,2.4
4/22/2007,19.5,13.8,7,97,9,5.1,1.9
4/23/2007,18.5,12.7,0,92,18,6.2,2.7
4/24/2007,20.5,10.1,0,76,23,5.1,3.6
4/25/2007,13.5,5.5,0,77,18,3.1,0.9
4/26/2007,17.5,6.8,0,72,23,7.2,3.6
4/27/2007,16.6,3.5,0,81,27,4.1,0.9
4/28/2007,18.5,5.8,0,77,36,5.1,1.4
4/29/2007,19.5,7.7,0,79,36,3.6,0.9
4/30/2007,22.9,9,0,82,36,5.1,2.1
5/1/2007,22.8,14.5,0,91,18,5.1,2.9
5/2/2007,20,12.6,0,88,18,4.1,3.4
5/3/2007,20.6,11,72,84,9,7.2,4.8
5/4/2007,20,17,0,98,5,7.2,2.9
5/5/2007,19.5,15,0,91,18,8.2,4.6
5/6/2007,17.6,11.5,0,70,23,12.9,6.2
5/7/2007,15.2,3,0,54,23,8.2,3.8
5/8/2007,13.8,3.2,0,70,25,9.3,5.7
5/9/2007,13.5,0.4,0,76,9,4.1,1.4
5/10/2007,15.5,2.7,0,68,36,9.3,2.6
5/11/2007,18.1,4.8,0,78,29,3.1,0.9
5/12/2007,14,3,0,80,23,6.2,2.6
5/13/2007,14.7,4.9,0,85,16,3.6,0.9
5/14/2007,15.8,2.6,0,87,36,5.1,1.4
5/15/2007,18.3,8,0,85,36,4.6,1.4
5/16/2007,16,9.4,0,66,25,6.2,2.6
5/17/2007,16.5,1.6,0,67,36,3.6,2.2
5/18/2007,19,7.5,0,68,29,5.1,2.9
5/19/2007,20.4,8,0,70,32,4.1,2.2
5/20/2007,18.2,7.2,0,74,36,4.6,1.7
5/21/2007,18,2.7,0,86,23,3.1,1.4
5/22/2007,15.8,5.2,0,74,23,5.1,2.6
5/23/2007,12.1,3.5,0,77,23,7.7,4.3
5/24/2007,15.5,1.5,0,79,27,3.6,1
5/25/2007,14.7,4.6,0,76,36,5.7,2.7
5/26/2007,15.6,7.3,0,85,29,4.6,1.5
5/27/2007,12,2.6,0,75,23,8.7,1.9
5/28/2007,6.3,-0.4,0,83,25,7.2,4.8
5/29/2007,10.5,-0.4,0,77,23,6.7,4.3
5/30/2007,11.3,-3.4,0,74,5,3.6,1.4
5/31/2007,12.4,0.9,0,88,36,4.1,0.9
6/1/2007,14.3,6.5,0,67,23,7.7,4.5
6/2/2007,16.6,3.2,0,55,29,13.4,5.7
6/3/2007,18.8,5.5,0,54,29,8.7,3.8
6/4/2007,19,3.4,0,58,36,4.1,2.6
6/5/2007,18.4,8,0,72,32,4.1,1.2
6/6/2007,17.9,1.4,0,88,9,4.1,1.4
6/7/2007,15.7,2.8,0,87,5,3.1,0
6/8/2007,13.3,2,0,90,9,4.1,1.9
6/9/2007,10.7,5.2,0,98,18,3.6,2.2
6/10/2007,17,0.5,0,84,23,4.1,2.4
6/11/2007,15,1,0,86,9,4.1,2.2
6/12/2007,11.7,4.4,0,98,9,5.1,1.5
6/13/2007,14,8.7,0,80,18,6.7,4.8
6/14/2007,12,6.3,16,81,14,7.2,5.5
6/15/2007,10.3,2.6,0,84,20,9.3,4.5
6/16/2007,11.6,-0.5,0,83,36,4.6,1.9
6/17/2007,13.6,1.8,0,80,29,6.7,2.9
6/18/2007,10.5,-2.5,0,71,14,2.6,0.7
6/19/2007,11,-0.5,0,88,9,5.1,2.7
6/20/2007,14.8,6.6,20,97,18,2.6,1.2
6/21/2007,15.2,5.6,2,76,16,6.2,3.4
6/22/2007,14.6,6,1,96,14,6.2,3.9
6/23/2007,12.4,6,0,56,27,6.2,3.6
6/24/2007,10.6,-1,0,53,29,8.2,4.1
6/25/2007,14.6,2.9,0,63,36,3.6,2.1
6/26/2007,14.2,3.8,0,77,34,7.2,1.4
6/27/2007,15.4,3.4,0,78,29,4.6,2.2
6/28/2007,13.7,4,0,87,36,5.1,3.1
6/29/2007,16.1,6.5,0,83,32,5.1,3.4
6/30/2007,12.6,0.5,0,83,25,2.1,1
7/1/2007,12.4,0.5,0,88,36,3.1,1
7/2/2007,12.6,-2,0,81,11,4.1,2.9
7/3/2007,12.2,1.8,0,84,36,4.1,2.6
7/4/2007,16.8,3,0,86,32,2.6,1.5
7/5/2007,19.3,5.3,0,88,36,4.1,2.2
7/6/2007,14.6,6,0,56,23,4.1,2.1
7/7/2007,8,1.8,0,74,18,3.1,1.2
7/8/2007,8,0.5,0,70,18,6.7,2.1
7/9/2007,4.8,0,5,93,20,6.2,3.3
7/10/2007,6.6,-0.8,0,67,27,5.1,2.7
7/11/2007,11,-1,0,66,32,4.6,2.1
7/12/2007,10.6,-2.6,0,71,36,4.1,1.5
7/13/2007,9.6,0.7,6,82,14,6.2,3.8
7/14/2007,12.2,4.5,0,76,23,7.7,3.6
7/15/2007,12.2,-1.5,0,68,32,4.1,2.6
7/16/2007,16.5,5,0,64,32,4.6,1.7
7/17/2007,14.7,5.9,0,70,5,4.1,1.7
7/18/2007,17.2,6.5,0,65,29,5.1,3.8
7/19/2007,16.5,8.5,0,56,36,7.2,3.9
7/20/2007,16.8,8,0,43,27,6.7,3.8
7/21/2007,12,5.5,0,68,9,6.2,2.2
7/22/2007,11.5,4.4,8,95,27,9.3,5.3
7/23/2007,11.8,1.6,0,58,27,8.2,4.1
7/24/2007,10.5,3,0,65,27,4.6,2.2
7/25/2007,8.8,0.4,0,75,27,6.7,4.1
7/26/2007,19.7,1,0,59,32,10.8,5.7
7/27/2007,10,1.4,0,59,20,7.7,3.8
7/28/2007,10.2,-3.4,0,75,36,3.1,1
7/29/2007,11,-3,0,71,36,5.7,1.7
7/30/2007,12.5,-0.5,0,82,2,3.6,1.2
7/31/2007,15.5,0.1,0,82,9,4.1,1.4
8/1/2007,8.5,3.2,3,91,18,7.7,4.5
8/2/2007,8.5,1.4,0.8,78,16,6.2,3.9
8/3/2007,9,4.5,6,95,18,6.2,3.4
8/4/2007,9.5,3.3,0,86,25,5.7,2.9
8/5/2007,7.8,0.2,0.9,81,2,4.6,3.4
8/6/2007,10,5.4,0,83,25,4.1,1.5
8/7/2007,17.5,2.6,0,61,29,7.2,3.4
8/8/2007,17.3,6.3,0,68,5,6.7,3.3
8/9/2007,15.5,3.5,0,82,9,6.2,3.6
8/10/2007,10.2,5.5,0,66,27,15.4,5.7
8/11/2007,15.5,1.6,0,46,29,6.7,3.6
8/12/2007,11.4,4.6,5,69,7,7.2,5
8/13/2007,18.2,8.5,0,91,11,3.1,1.5
8/14/2007,25.3,9.3,15,82,25,9.3,5.1
8/15/2007,16.3,7.7,0,70,18,6.2,3.6
8/16/2007,11.7,1.4,0,76,14,7.7,5.1
8/17/2007,9.2,0.2,0,78,16,6.7,4.6
8/18/2007,11.8,2.8,0,77,14,7.7,5.1
8/19/2007,11,4.4,4,86,18,5.1,3.3
8/20/2007,13,0.7,0,80,23,3.6,0.9
8/21/2007,14.6,0.8,0,80,36,5.7,3.3
8/22/2007,11.9,1.9,0,85,9,5.1,2.4
8/23/2007,15.7,1.3,0,86,18,5.1,1.4
8/24/2007,15,4.6,0,67,14,14.4,8.2
8/25/2007,13.4,5.4,8,85,16,6.2,3.9
8/26/2007,9.1,6.5,11,94,25,7.2,3.1
8/27/2007,14.6,2.3,0,63,36,6.2,3.1
8/28/2007,17.2,7,0,49,23,7.7,3.9
8/29/2007,12,0.5,0,79,14,6.7,3.1
8/30/2007,12.7,2,0,81,9,5.7,1.7
8/31/2007,17.6,2.2,0,88,7,5.7,1.9
9/1/2007,15.6,3.4,0,92,7,4.1,2.1
9/2/2007,17.3,6.8,0,89,5,5.7,3.4
9/3/2007,21.4,12.3,0,85,9,9.3,4.8
9/4/2007,26.8,14.6,0,71,18,7.7,4.5
9/5/2007,16.8,10.4,0,79,11,8.2,3.9
9/6/2007,22.6,9.4,0,86,11,2.6,1.9
9/7/2007,25.7,12.5,3,82,36,4.1,1.7
9/8/2007,25.7,17,0,80,9,7.2,4.6
9/9/2007,27.8,18,0,71,5,6.7,3.9
9/10/2007,25.5,18.4,8,74,36,5.7,2.7
9/11/2007,19.5,14.5,8,94,18,8.2,4.1
9/12/2007,15.2,12,18,96,14,15.4,6.5
9/13/2007,18.1,13.8,5,95,9,4.6,3.6
9/14/2007,19.2,15.6,6,96,9,8.2,2.7
9/15/2007,16,11.8,12,98,14,9.3,6.7
9/16/2007,15.2,10.8,0,86,14,12.9,6.7
9/17/2007,14.7,10.7,32,84,9,16.5,8.2
9/18/2007,15.9,11.6,2,89,9,9.3,5.8
9/19/2007,15.6,9,0,81,27,6.2,4.1
9/20/2007,17.7,5.2,0,79,18,5.1,3.3
9/21/2007,17.5,7.3,0,81,14,5.1,2.4
9/22/2007,19.3,4.7,0,76,9,8.2,3.4
9/23/2007,14.7,8,0,68,23,9.3,4.3
9/24/2007,15.3,4.5,0,67,23,10.3,3.8
9/25/2007,16.2,2,0,68,9,5.1,2.1
9/26/2007,15.8,4.5,0,72,14,6.2,4.1
9/27/2007,20.7,11,0,76,27,4.1,1.2
9/28/2007,24.8,8.4,0,61,27,5.1,2.1
9/29/2007,24.3,13,0,61,5,5.1,3.6
9/30/2007,25.5,13.2,0,53,7,8.7,6.3
10/1/2007,19.2,14,46,85,7,7.7,2.9
10/2/2007,23,15.8,0.5,85,36,5.1,1.7
10/3/2007,22.5,12,4,86,11,5.7,4.1
10/4/2007,22.7,16.5,65,86,18,4.6,0.9
10/5/2007,18.5,15.5,20,98,20,13.4,6.3
10/6/2007,21.6,13.5,0,68,23,16.5,5.5
10/7/2007,17.7,4.7,0,63,14,6.2,4.8
10/8/2007,17.2,10,48,70,9,14.9,9.4
10/9/2007,17,12,18,91,9,7.7,5.1
10/10/2007,17.7,11.6,0,82,23,8.2,4.5
10/11/2007,14.4,9.9,12,91,14,7.7,3.9
10/12/2007,13.6,11.6,16,95,16,7.2,5.7
10/13/2007,18,7.5,0,85,18,3.6,1
10/14/2007,18.7,7.5,0,71,9,6.2,3.1
10/15/2007,19.3,9.3,3,83,9,7.2,3.8
10/16/2007,23.7,13.7,0,79,36,4.6,1.7
10/17/2007,26,14.3,0,62,36,4.1,2.6
10/18/2007,25,14,0,71,14,7.7,3.9
10/19/2007,26.7,11.5,0.6,77,36,6.7,3.1
10/20/2007,24.7,14.5,0,65,25,10.3,3.9
10/21/2007,25.5,8.5,0,55,29,3.1,1.2
10/22/2007,25.5,11,0,59,34,5.1,1.9
10/23/2007,26.3,12.2,0,63,5,5.7,2.9
10/24/2007,26,15.5,0,61,5,7.7,3.9
10/25/2007,27,13,11,90,20,11.8,6.7
10/26/2007,27,9,0,71,27,5.1,3.8
10/27/2007,23.7,14,0,55,23,6.2,3.4
10/28/2007,25,13.1,0,65,36,8.7,3.4
10/29/2007,27.7,12.6,0,63,9,5.1,3.6
10/30/2007,24,14.7,0.3,82,9,9.3,4.6
10/31/2007,21.9,14.8,5,88,20,7.7,5
11/1/2007,22.7,5.8,0,53,32,6.7,3.6
11/2/2007,25,10.5,0,57,7,4.1,2.2
11/3/2007,26.3,11.3,0,52,23,18.5,6.7
11/4/2007,16.9,3,0,50,27,8.2,2.7
11/5/2007,24,6.4,0,52,36,9.3,4.8
11/6/2007,26.7,10.2,0,53,5,6.2,4.1
11/7/2007,27,17.2,8,73,36,8.2,5.8
11/8/2007,21.3,12,1,78,9,7.7,4.5
11/9/2007,21.4,13.9,0,89,20,13.4,4.6
11/10/2007,18.2,9,6,72,23,13.9,3.6
11/11/2007,15.8,5.3,0,66,23,5.7,3.3
11/12/2007,22,4.9,22,59,34,10.8,4.1
11/13/2007,17.3,11,9,94,5,5.1,2.7
11/14/2007,15.2,6.5,0,64,23,13.4,5
11/15/2007,16.6,4.4,0,61,5,4.6,2.1
11/16/2007,23.2,10.6,0,64,5,10.3,5.3
11/17/2007,27.9,16.7,5,82,36,5.1,2.6
11/18/2007,24.6,16,0,84,18,6.2,3.3
11/19/2007,30.3,10.9,0,53,18,6.7,5.1
11/20/2007,24.6,8.6,0,60,9,4.1,2.4
11/21/2007,24.9,11.4,0,52,9,6.2,3.6
11/22/2007,28.6,16.3,15,69,5,10.3,4.3
11/23/2007,22.8,12.2,0,71,23,9.3,7.2
11/24/2007,17.6,4.6,0,65,20,4.1,2.7
11/25/2007,23.2,7.7,0,56,2,5.1,3.4
11/26/2007,24,11.6,0,74,9,8.2,3.9
11/27/2007,24.5,13.6,0,55,7,5.1,3.8
11/28/2007,27.2,10.2,0,60,9,7.7,2.1
11/29/2007,28.8,13.6,0,60,7,6.2,3.9
11/30/2007,29.3,15.6,0,57,9,5.7,3.9
12/1/2007,27,17.3,0,71,5,7.7,6
12/2/2007,28,16.3,0,70,14,5.1,2.7
12/3/2007,31,16.6,0,67,5,3.1,1.4
12/4/2007,25.2,15.2,0,83,23,12.9,5.5
12/5/2007,23.8,8,0,44,14,10.3,3.1
12/6/2007,27.4,14,0,42,36,5.1,3.6
12/7/2007,29.8,15.5,0,50,2,5.1,3.1
12/8/2007,28.2,17.8,0,48,27,10.3,3.4
12/9/2007,28.6,11.3,18,50,32,9.3,5.1
12/10/2007,25,15.5,0,65,27,7.7,3.4
12/11/2007,23.4,8.6,0,48,5,6.2,3.3
12/12/2007,28.6,16.1,0,54,29,5.1,2.6
12/13/2007,30.3,14.3,0,53,2,7.7,4.5
12/14/2007,26.8,17.5,0,70,27,4.1,1.7
12/15/2007,24.3,10.8,0,61,23,7.7,5.1
12/16/2007,21.6,7,0,63,9,7.2,3.6
12/17/2007,26.8,9.5,0,62,5,7.7,2.7
12/18/2007,29.8,14,0,58,14,10.3,4.8
12/19/2007,25.2,10.5,0,70,9,6.2,2.7
12/20/2007,32.3,12,0,51,2,6.2,1.9
12/21/2007,33.6,17.5,0,53,18,16.5,5.1
12/22/2007,24.5,10.6,0,52,9,9.3,6
12/23/2007,22.3,12.1,0,79,7,6.7,3.8
12/24/2007,28.5,14,0,67,18,15.4,10.3
12/25/2007,26.7,16.5,0,70,11,15.9,10.5
12/26/2007,29,15.7,0,63,14,9.8,7.7
12/27/2007,25.2,16.5,0,71,14,8.2,7.2
12/28/2007,27.8,20,2,78,5,6.7,5.8
12/29/2007,27.1,18.5,8,84,9,7.7,4.8
12/30/2007,35.3,17.9,0,66,27,6.2,2.1
12/31/2007,37.8,19,0,47,32,3.6,2.2
1/1/2008,31.6,19,0,63,18,12.9,4.8
1/2/2008,35.3,21.8,25,65,23,13.4,6.3
1/3/2008,34,19.7,0,59,23,14.4,4.6
1/4/2008,23.4,12,0,62,14,8.2,5.5
1/5/2008,25.5,11.9,0,69,11,5.1,2.7
1/6/2008,31.5,14.5,0,65,36,5.1,2.2
1/7/2008,34.1,20.2,0,57,36,7.2,3.8
1/8/2008,37,21.5,0,49,36,5.1,1.7
1/9/2008,33.4,22.9,6,54,5,5.1,3.8
1/10/2008,28.2,21,0,61,23,8.2,3.8
1/11/2008,26.2,13.3,0,41,23,5.1,2.4
1/12/2008,28.5,10.3,0,50,9,6.7,3.6
1/13/2008,28.5,19.2,0,59,9,7.7,4.3
1/14/2008,31.2,21.1,0,64,9,6.2,4.3
1/15/2008,35.7,23.2,8,65,36,14.9,3.3
1/16/2008,26.1,17.5,0,51,23,9.8,6.7
1/17/2008,26.2,12,0,51,9,4.1,1.9
1/18/2008,30.7,16.3,0,57,14,13.4,3.9
1/19/2008,25.6,9.5,0,58,9,7.2,5.5
1/20/2008,28.8,14.5,0,43,36,5.7,3.6
1/21/2008,30.4,16,0,46,32,7.2,2.4
1/22/2008,26.5,19.6,0,55,9,8.7,4.5
1/23/2008,28.2,20,0,65,14,8.2,5.8
1/24/2008,29.3,20.6,0,62,9,8.7,5
1/25/2008,28.8,21.4,0,64,14,9.3,7.7
1/26/2008,28.4,19.3,0,64,9,9.8,7.5
1/27/2008,27.4,21.2,5,71,9,8.2,6.2
1/28/2008,26.6,20.4,4,83,18,4.6,2.9
1/29/2008,30.1,18.4,0,77,18,15.9,4.8
1/30/2008,29.6,19,0,71,14,15.4,5.5
1/31/2008,29,18.8,0,67,9,7.2,4.1
2/1/2008,29.3,20,0,53,5,5.1,3.1
2/2/2008,31.3,17,0,59,23,10.3,4.8
2/3/2008,28.2,9.6,0,47,23,6.2,3.4
2/4/2008,34.7,13.6,0,44,32,7.2,2.7
2/5/2008,28.2,14.6,0,74,9,6.2,3.4
2/6/2008,35.5,20.6,0,52,34,8.2,2.9
2/7/2008,28.4,20.6,8,67,14,15.4,9.6
2/8/2008,25.3,19.2,8,83,9,8.2,4.6
2/9/2008,26.5,20,5,85,18,7.2,4.6
2/10/2008,23.2,16.8,0,69,18,8.2,4.8
2/11/2008,24.6,10.1,5,62,20,7.2,4.8
2/12/2008,25.8,14,0,78,9,6.2,2.4
2/13/2008,26.9,16.5,0,73,5,5.1,3.9
2/14/2008,31.4,17.6,0,59,2,6.2,3.8
2/15/2008,32.6,19,0,62,18,8.2,3.9
2/16/2008,30.7,19.1,0,68,11,7.2,4.3
2/17/2008,30.4,16,0,72,9,6.2,4.6
2/18/2008,29.4,21,0,66,11,6.7,5.5
2/19/2008,29.2,21.3,0,72,9,7.2,4.8
2/20/2008,34.5,17,0,64,27,5.1,1.9
2/21/2008,35.3,21.4,0,60,18,14.9,2.7
2/22/2008,26.6,19.5,11,88,11,4.1,1.9
2/23/2008,27.8,18.5,8,73,9,6.2,4.1
2/24/2008,28.6,20.2,0,69,11,12.3,4.5
2/25/2008,27.8,21.2,0,77,11,8.7,4.8
2/26/2008,29.2,20.8,0,76,14,7.7,3.9
2/27/2008,29.4,21.6,24,75,9,6.2,3.8
2/28/2008,24.4,21.4,55,91,14,12.9,5.5
2/29/2008,25.9,20.4,16,86,9,8.2,3.4
3/1/2008,26,19,6,88,14,8.7,5.5
3/2/2008,26.9,19.9,18,84,11,7.2,3.8
3/3/2008,22.3,18.8,24,97,20,6.2,3.6
3/4/2008,25,19.4,0.7,87,25,9.3,6.2
3/5/2008,23,18.2,7,96,29,9.3,6.5
3/6/2008,23.4,17,1,87,27,6.2,4.1
3/7/2008,23.6,17.4,0,86,29,4.6,0.9
3/8/2008,28.4,16,0.2,69,36,4.1,1.2
3/9/2008,27,16,0,72,23,3.1,0
3/10/2008,22.5,12.7,0,68,18,8.2,3.9
3/11/2008,22.1,8.6,0,71,9,5.1,2.4
3/12/2008,23.4,10.4,0,74,9,3.6,1.2
3/13/2008,25.9,10.5,0,72,18,4.6,1
3/14/2008,24.5,14.8,0,75,9,6.2,2.7
3/15/2008,25.4,16.9,0,67,7,6.2,3.8
3/16/2008,27.9,17.5,0,75,5,4.6,3.3
3/17/2008,29.6,18.5,0,71,36,5.1,2.4
3/18/2008,26.4,17,0,80,9,9.3,6.5
3/19/2008,28.2,20.9,8,76,2,6.7,3.1
3/20/2008,27.7,15.6,0,77,32,4.6,1.9
3/21/2008,28.4,13.4,46,81,20,7.7,1.5
3/22/2008,21.2,12.4,0,73,20,8.7,4.1
3/23/2008,22.6,9.5,0,65,9,3.1,1.9
3/24/2008,25,12.3,0,74,11,4.1,1.9
3/25/2008,26.7,17.7,4,70,5,6.7,3.9
3/26/2008,27.6,16.1,4,78,29,4.1,1.9
3/27/2008,23.9,16.5,0,81,18,7.7,3.6
3/28/2008,23.7,14,0,81,14,8.2,5
3/29/2008,23.7,11.9,0,74,14,6.7,2.6
3/30/2008,23.2,16.2,0,70,9,5.7,3.6
3/31/2008,23.6,16.8,0,78,7,5.7,2.2
4/1/2008,24.2,14.5,31,82,27,6.7,1
4/2/2008,20.5,14,0,81,20,7.2,4.1
4/3/2008,23.7,8.6,0,75,29,4.1,0.9
4/4/2008,26.5,13.8,0,64,27,5.7,2.2
4/5/2008,27.1,13,0,66,36,4.1,2.4
4/6/2008,27.7,18.3,0,66,36,5.1,4.3
4/7/2008,26,13,0,70,23,6.2,1.2
4/8/2008,26,11.6,0,66,27,3.1,1.9
4/9/2008,26.7,13.5,0,73,34,5.1,1.4
4/10/2008,26.4,15.5,0,72,36,7.2,3.6
4/11/2008,20.4,13.6,8,91,20,6.2,4.1
4/12/2008,13.6,6.2,0,69,23,3.1,1.9
4/13/2008,15,3.3,0.7,69,23,7.7,2.1
4/14/2008,14.6,2.8,0,64,27,6.2,2.6
4/15/2008,17.1,2.7,0,60,34,7.2,2.4
4/16/2008,20.2,7,0,49,36,6.2,3.6
4/17/2008,25.7,11.2,0,58,29,4.6,1.7
4/18/2008,25.6,11.1,0,69,36,3.6,2.2
4/19/2008,27,10.9,0,70,36,2.1,0.5
4/20/2008,26.9,12.1,0,72,7,4.1,3.3
4/21/2008,23.7,16.2,0,80,5,5.1,3.1
4/22/2008,25,12.5,0,84,36,6.2,1.4
4/23/2008,25.5,14.2,0,78,32,4.1,2.4
4/24/2008,27.1,11.6,0,72,27,8.2,3.3
4/25/2008,20.3,6.7,0,76,5,4.1,1.4
4/26/2008,19.9,8.5,0,79,9,6.2,4.3
4/27/2008,22.7,9.2,3,89,34,3.1,1.5
4/28/2008,18,10.5,0,79,23,5.7,2.1
4/29/2008,14.8,3.5,0,66,23,6.7,3.6
4/30/2008,16.6,2,0,70,20,3.1,1.4
5/1/2008,17.5,2.5,0,77,5,3.6,2.4
5/2/2008,18,4.3,0,72,14,7.7,3.8
5/3/2008,19.7,5.3,0,82,9,10.3,4.3
5/4/2008,19.5,5.3,0,84,9,5.1,1.7
5/5/2008,19.5,2.5,0,78,27,3.1,1
5/6/2008,21.2,6.5,0,73,34,5.1,2.9
5/7/2008,18,7.8,0,71,20,5.1,2.2
5/8/2008,17.5,2.5,0,66,27,4.1,1
5/9/2008,19.8,5.9,0,67,32,3.6,0.3
5/10/2008,20.3,2.5,0,76,32,2.1,0.3
5/11/2008,20,3.5,0,74,36,2.6,0.9
5/12/2008,20.6,5.7,0,81,9,2.6,0.5
5/13/2008,21.3,5.3,0,70,5,3.6,1.7
5/14/2008,21.5,7.7,0,66,36,6.2,2.4
5/15/2008,25.6,14.3,0,61,36,7.2,4.8
5/16/2008,25.4,11.2,0,78,9,9.8,4.5
5/17/2008,23.1,14.9,0,62,36,6.2,3.8
5/18/2008,22.8,14.2,0,80,36,7.2,1.9
5/19/2008,27.4,15.7,0.2,83,36,5.7,1.5
5/20/2008,22,14.5,0,89,14,10.3,7
5/21/2008,20.6,14.5,24,95,16,6.2,3.4
5/22/2008,20,11.3,0,78,14,8.2,5.8
5/23/2008,20.6,14.6,2,94,23,12.9,3.6
5/24/2008,17.1,10,0,81,23,8.2,5.1
5/25/2008,14.8,9.5,0,92,32,3.6,1.2
5/26/2008,16,7,0.3,88,5,2.6,1.2
5/27/2008,18.2,10.1,0,84,34,2.6,1.4
5/28/2008,12,8.3,0,66,23,8.7,5.8
5/29/2008,9.2,-0.6,0,67,25,7.7,3.8
5/30/2008,11.6,-2.2,0,72,27,4.6,2.1
5/31/2008,12.5,-2.5,0,75,27,2.1,0.5
6/1/2008,13.2,-2.7,0,78,32,2.6,2.1
6/2/2008,13.3,-0.3,0,84,7,5.1,2.2
6/3/2008,15.2,-0.1,0,86,9,5.1,2.7
6/4/2008,15.8,6,0,88,5,5.1,2.1
6/5/2008,19.2,11.6,0,79,29,5.1,2.7
6/6/2008,18,7.4,0,60,27,5.1,1.7
6/7/2008,18,1,0,74,36,4.1,0.5
6/8/2008,17.6,2.8,0,80,11,5.1,1.7
6/9/2008,10.4,6.5,8,88,20,7.2,3.6
6/10/2008,14,0,0,65,32,5.1,2.4
6/11/2008,17.4,3.8,0,55,36,7.7,3.6
6/12/2008,15,1.5,0,62,34,4.6,2.6
6/13/2008,18.5,5.2,0,50,34,4.6,2.4
6/14/2008,14.8,6.5,0,43,25,13.9,7
6/15/2008,12,4.8,0,69,25,9.8,3.9
6/16/2008,14,1.5,0,51,34,6.2,3.1
6/17/2008,15.1,7.4,0,57,34,6.2,1.9
6/18/2008,14.3,-1,0,77,14,10.3,4.5
6/19/2008,11.6,5,50,91,18,13.4,7
6/20/2008,10.3,6.9,6,94,20,14.9,9.9
6/21/2008,12.7,6,0,88,23,5.1,2.9
6/22/2008,12,2.6,0,92,23,5.1,2.1
6/23/2008,11.8,-0.8,0,91,9,4.1,1
6/24/2008,12.4,2.5,0,91,9,4.1,2.1
6/25/2008,15,7.5,0,88,9,5.7,3.9
6/26/2008,15.9,8.3,0,93,23,3.1,0
6/27/2008,14.8,6.4,0,89,5,3.1,1
6/28/2008,15.6,4.5,0,96,36,4.1,1.9
6/29/2008,14.2,7.5,0,95,36,2.6,1.2
6/30/2008,17.7,8.3,0,81,36,7.2,3.6
7/1/2008,14.5,7,0,81,16,5.7,3.3
7/2/2008,12.2,4.4,0,83,11,5.1,3.3
7/3/2008,12.8,4.6,0,86,5,5.1,2.4
7/4/2008,13.5,5.4,0,97,5,4.1,2.6
7/5/2008,24.3,9.8,0,84,36,7.2,2.1
7/6/2008,17.8,12,10,91,14,16.5,7.2
7/7/2008,16.5,11.6,0,93,32,6.7,2.9
7/8/2008,19.5,7.6,0,83,32,4.1,2.2
7/9/2008,16.7,4.8,0,89,9,6.2,3.3
7/10/2008,15.6,10.5,0,93,9,5.7,3.9
7/11/2008,18,10,0,93,5,5.1,4.5
7/12/2008,22.3,13.9,0,74,5,7.2,4.1
7/13/2008,19.4,9.4,0,70,25,6.2,2.1
7/14/2008,18.8,4.4,0,87,7,6.2,1.9
7/15/2008,25.7,13.4,0,67,36,7.7,3.9
7/16/2008,25,13.6,0,69,36,7.7,3.4
7/17/2008,23.4,11.8,0,68,23,14.4,3.6
7/18/2008,16.4,6.4,0,54,23,5.1,2.2
7/19/2008,14.5,6.2,0,57,27,7.7,1.5
7/20/2008,13.5,2.5,0,72,7,9.3,4.3
7/21/2008,11.5,7.5,25,93,14,13.4,7.4
7/22/2008,14,6,0,84,20,11.8,5.3
7/23/2008,11.8,1.5,5,85,18,3.6,2.6
7/24/2008,11.3,5.8,0,90,23,4.1,1.4
7/25/2008,12.8,-0.5,0,89,9,4.1,0.9
7/26/2008,14.5,1.9,0,85,11,3.1,1.4
7/27/2008,13.5,4.9,0,93,14,5.7,4.1
7/28/2008,15.1,6.4,0,93,14,5.7,3.4
7/29/2008,14.8,6.6,0,95,9,3.6,1.7
7/30/2008,13.5,8.9,0,92,2,4.1,1.2
7/31/2008,13.3,7.2,0,91,18,4.1,0.5
8/1/2008,13.1,4.5,0,93,9,4.1,2.2
8/2/2008,12.6,6.9,0.4,87,20,8.7,5
8/3/2008,9.6,-2.5,0,58,36,5.1,2.7
8/4/2008,11.5,6.6,5,84,36,4.6,1.9
8/5/2008,14.2,2.5,0,70,29,10.3,2.7
8/6/2008,15.7,2.3,0,69,36,6.7,2.6
8/7/2008,16.2,0,0,61,23,13.9,3.8
8/8/2008,14.2,-0.6,0,60,32,5.1,2.7
8/9/2008,15.2,2.4,0,59,36,4.6,3.1
8/10/2008,21,8.6,0,61,2,7.2,3.6
8/11/2008,18.2,10,11,91,20,6.2,5
8/12/2008,12.5,3,0,63,27,6.7,1.5
8/13/2008,14.7,-0.5,0,72,36,6.2,3.1
8/14/2008,15.7,4,0,81,5,4.1,2.9
8/15/2008,18.5,5.6,0,91,5,6.7,2.4
8/16/2008,17.5,11.2,0,88,23,7.7,1.9
8/17/2008,13.2,3.3,0,77,20,9.3,3.3
8/18/2008,13.2,-0.2,0,81,14,4.1,1.7
8/19/2008,15.7,3,3,76,11,12.9,8.1
8/20/2008,15.3,10.3,0.2,97,11,4.1,1.9
8/21/2008,14,5.5,0,93,23,7.2,3.4
8/22/2008,17.6,2.5,0,73,32,5.1,1.7
8/23/2008,17.9,2.4,0,55,36,4.1,2.4
8/24/2008,16.8,6.5,0,73,20,4.1,1.4
8/25/2008,16.1,1.4,0,91,5,5.1,2.1
8/26/2008,20.7,8.5,0,70,7,8.7,6.7
8/27/2008,20,10.4,7,89,20,13.4,3.8
8/28/2008,13.6,7,0,80,23,7.7,4.3
8/29/2008,18,2.8,0,67,27,5.1,3.1
8/30/2008,20.6,2.4,0,53,34,11.8,6
8/31/2008,21.7,12.5,0,52,36,10.3,6.9
9/1/2008,22,11.7,0,71,36,6.7,3.6
9/2/2008,21.6,12.2,0,70,18,11.3,7.2
9/3/2008,14,3.7,0,63,20,8.7,5.1
9/4/2008,12.8,2,0,65,23,7.7,4.3
9/5/2008,10.2,1.2,3,69,18,7.7,5
9/6/2008,8.7,2.4,9,96,20,7.2,3.8
9/7/2008,13.5,6.5,0,89,20,3.1,1.5
9/8/2008,16.1,2.5,0,88,5,5.1,2.1
9/9/2008,17.2,8.7,0,78,7,6.2,3.6
9/10/2008,17.5,6.9,0.9,89,14,6.2,4.1
9/11/2008,16.8,11,0.5,87,20,8.7,7.2
9/12/2008,15,2.3,0,60,23,9.3,2.6
9/13/2008,15.5,1.5,0,63,23,13.9,4.3
9/14/2008,14.6,1.8,0,73,18,5.1,2.2
9/15/2008,14.5,5.5,0,79,9,4.1,1.9
9/16/2008,14,0.1,0,92,9,5.1,2.4
9/17/2008,16.7,8.5,0,71,5,6.7,3.8
9/18/2008,17.5,8.5,0,77,11,9.3,6
9/19/2008,17.2,8,0,81,11,7.2,4.8
9/20/2008,15.5,8.5,0.3,82,23,7.2,4.8
9/21/2008,18.3,6.2,0,92,23,7.7,4.8
9/22/2008,18.6,9,0,85,11,5.7,4.3
9/23/2008,19.7,9.4,0,77,5,6.2,4.3
9/24/2008,19.3,10.2,0,78,14,5.1,4.3
9/25/2008,20,8.6,0,78,11,6.7,3.6
9/26/2008,20.2,8.6,0,84,11,8.7,4.8
9/27/2008,22.7,14,4,76,5,13.4,6.5
9/28/2008,17.8,14.2,8,91,7,5.1,2.1
9/29/2008,18.2,12,0.5,93,18,5.7,2.6
9/30/2008,17.2,9.5,0,87,9,5.1,2.6
10/1/2008,16.8,8.6,0.8,87,9,5.1,2.4
10/2/2008,23.4,11.2,0,64,29,8.7,3.8
10/3/2008,19.3,6.5,0,75,18,7.7,3.1
10/4/2008,18.6,6.1,0,63,16,4.1,1.9
10/5/2008,20,2.7,0,52,32,4.6,1.5
10/6/2008,26.4,10.5,0,37,27,9.3,5.1
10/7/2008,16,6,0,55,18,9.3,5.8
10/8/2008,14.7,1.4,0,66,9,8.2,3.4
10/9/2008,20.5,10,0,70,7,8.2,5.7
10/10/2008,24.2,11.6,0,66,9,5.1,4.3
10/11/2008,27.8,12.8,20,74,18,12.9,3.6
10/12/2008,22.4,10,5,84,9,6.7,4.1
10/13/2008,16.6,13,8,95,18,8.7,6.3
10/14/2008,17.7,12,0.8,86,14,8.2,6.9
10/15/2008,18.5,11.5,0,88,11,6.7,4.8
10/16/2008,20.4,4.6,0,71,11,6.2,2.9
10/17/2008,19.8,5.6,0,66,5,3.6,2.7
10/18/2008,22.2,9.2,0,64,36,4.1,3.4
10/19/2008,23.8,13.2,0,68,5,5.1,4.1
10/20/2008,26.6,14.2,13,72,5,5.1,2.4
10/21/2008,22.1,13.6,23,96,27,9.3,3.4
10/22/2008,22,7.1,0,41,5,4.1,1.7
10/23/2008,24.5,9.8,0,59,32,5.1,1.9
10/24/2008,28.5,11.2,0,64,34,6.2,2.1
10/25/2008,22.1,13.7,0,86,14,8.2,6
10/26/2008,25.5,15.6,0,72,11,9.3,2.9
10/27/2008,18.8,7.4,0,69,9,8.7,5.5
10/28/2008,21.4,10.5,0,69,14,12.9,6.2
10/29/2008,23.7,12.8,0,52,23,12.9,4.5
10/30/2008,22.4,5.9,0,62,18,6.2,4.3
10/31/2008,23.4,10,0,57,7,5.1,1.9
11/1/2008,27,12.6,0,57,36,6.7,3.3
11/2/2008,21.5,12.5,0,70,14,9.3,4.6
11/3/2008,28.4,14.6,0,64,34,7.7,5.1
11/4/2008,30.1,18.2,0,58,36,8.2,4.8
11/5/2008,34.2,22.2,0,51,34,7.2,1.9
11/6/2008,29.6,14.4,0,47,16,10.3,4.5
11/7/2008,27.6,11.7,0,67,5,5.7,4.3
11/8/2008,31,19.5,0,63,18,6.2,3.4
11/9/2008,29.1,14.2,1,65,9,6.7,3.6
11/10/2008,26.6,18.8,0,72,18,5.7,1.7
11/11/2008,28.4,18.5,0,60,7,6.2,4.3
11/12/2008,30,18.6,0,52,36,5.1,4.5
11/13/2008,29.5,19.6,0,53,36,4.1,3.1
11/14/2008,30.6,19.6,4,56,36,7.2,4.1
11/15/2008,22.5,11.5,0,50,20,18.5,9.8
11/16/2008,20.6,4.8,0,52,7,6.7,3.9
11/17/2008,26.3,11,0,52,32,6.2,2.2
11/18/2008,24.3,14.9,0,62,14,10.8,6.2
11/19/2008,24.6,15,0,60,11,9.3,6.7
11/20/2008,25.5,15.9,0,61,11,9.8,6
11/21/2008,26.3,16,0,63,14,8.7,5.1
11/22/2008,29.4,18,0,62,36,9.8,7.2
11/23/2008,30.7,19,0,59,5,9.8,3.3
11/24/2008,33.2,20,0,56,9,6.2,3.1
11/25/2008,35.2,21.1,0,56,11,9.8,4.3
11/26/2008,32.2,21.1,0,65,14,9.8,5.5
11/27/2008,34.2,20.5,0,62,9,7.2,5.3
11/28/2008,27.8,20.2,0,81,9,5.1,2.2
11/29/2008,29.8,20,6,78,16,10.3,5.5
11/30/2008,25.3,17,4,88,18,17,8.7
12/1/2008,18.6,14.8,3,89,18,15.9,9.6
12/2/2008,22.8,10,0,61,18,11.3,7
12/3/2008,25.3,6.4,0,57,20,9.8,5.1
12/4/2008,22.8,9,0,61,9,6.2,5
12/5/2008,26.7,15,0,54,5,6.2,3.3
12/6/2008,30.6,13.5,0,47,36,5.1,2.2
12/7/2008,31.5,18.3,0,51,34,6.7,3.8
12/8/2008,36.2,19.5,0,56,27,8.2,4.6
12/9/2008,30.7,19,0,72,5,6.7,3.6
12/10/2008,28.2,16.9,0,66,16,14.4,9.8
12/11/2008,25.6,18.8,0,65,11,14.4,8.6
12/12/2008,26.3,16.5,0,56,7,8.2,6.3
12/13/2008,27.9,17.5,0,61,11,8.2,2.1
12/14/2008,29.4,19,0,66,11,10.3,5.1
12/15/2008,29.3,16,0,61,9,6.7,3.1
12/16/2008,32.2,21,0,61,11,6.7,3.8
12/17/2008,32,20.8,0,64,9,6.7,4.1
12/18/2008,30.7,17,0,64,9,6.2,4.1
12/19/2008,29.4,20.1,0,64,11,8.2,5.7
12/20/2008,33.8,21.3,0,64,9,9.3,5.5
12/21/2008,29,17.6,6,75,29,5.7,7.5
12/22/2008,25,11,0,67,9,9.3,5.7
12/23/2008,27.3,15.7,0,81,7,6.2,3.6
12/24/2008,31.4,13.2,1,66,5,5.7,1.9
12/25/2008,30.5,17.5,0,63,14,10.3,5.1
12/26/2008,28.6,16.5,0,55,7,6.7,4.8
12/27/2008,33.1,17.3,0,63,36,9.8,3.9
12/28/2008,35.8,21.8,0,51,29,7.7,4.5
12/29/2008,25.2,13,0,50,16,13.9,4.3
12/30/2008,28,14.6,0,54,2,6.7,4.1
12/31/2008,26.6,13.7,0,69,16,10.3,5.3
1/1/2009,24.4,9.5,0,59,14,10.3,6.2
1/2/2009,25.5,11,0,60,9,7.2,6
1/3/2009,26.6,10.6,0,62,36,5.1,2.2
1/4/2009,32.4,15.5,0,50,5,5.1,2.6
1/5/2009,34.5,20,0,38,36,8.2,5.3
1/6/2009,35.2,21.6,2,37,36,6.2,3.6
1/7/2009,31.5,16.3,0,71,18,6.7,3.3
1/8/2009,31.4,18.5,0,60,5,7.2,2.6
1/9/2009,33.2,17.2,0,61,36,7.7,5.3
1/10/2009,30.4,20.6,0,59,11,10.8,7.4
1/11/2009,29,17.8,0,71,9,7.7,4.3
1/12/2009,28.8,18,0,64,9,10.3,6.3
1/13/2009,28.3,21,4,72,9,9.8,5
1/14/2009,28.9,20,0,70,5,6.2,4.1
1/15/2009,33.7,18.2,0,62,7,7.2,4.5
1/16/2009,34,16,0,50,36,8.2,4.5
1/17/2009,37.3,20.2,0.5,49,23,13.9,7.4
1/18/2009,24.9,13.6,0,45,18,13.9,8.4
1/19/2009,28.2,9,0,43,18,9.3,4.3
1/20/2009,34,15.4,0,32,27,6.2,2.7
1/21/2009,34.7,17,0,40,7,6.2,2.4
1/22/2009,33,21.5,0,51,9,6.2,3.9
1/23/2009,33.6,21.2,0,58,5,7.2,5.5
1/24/2009,33.7,22.2,0,60,5,7.2,6
1/25/2009,31.4,21.6,0,47,16,11.8,8.4
1/26/2009,28.5,13,0,62,14,9.8,6.7
1/27/2009,29.5,19.2,0,65,14,10.3,5.5
1/28/2009,28.6,22,0,70,11,13.4,7.7
1/29/2009,27.7,20.5,5,71,14,13.4,7.9
1/30/2009,25.7,19.2,3,91,18,14.4,7.4
1/31/2009,28.6,16.2,0,48,23,13.4,8.1
2/1/2009,27.4,9.3,0,47,36,6.7,4.1
2/2/2009,31.1,16.3,14,55,36,7.2,6
2/3/2009,30.2,18,0,74,29,6.2,3.4
2/4/2009,31,19.9,0,70,11,10.3,3.9
2/5/2009,24.9,19,0,75,36,8.7,4.6
2/6/2009,29.5,17.4,0,33,27,8.2,4.1
2/7/2009,26.8,13.8,0,59,23,5.7,3.6
2/8/2009,30.6,16.7,0,46,36,6.7,5.1
2/9/2009,33.2,16.5,0,68,9,10.3,4.1
2/10/2009,30.8,18.8,71,71,11,10.3,2.7
2/11/2009,27.8,16.9,0,52,18,11.3,6.2
2/12/2009,28.6,12.5,0,58,36,6.2,3.1
2/13/2009,30,18.3,0,54,36,6.7,5
2/14/2009,33.4,20.7,0,55,36,5.7,3.8
2/15/2009,29.8,20.4,0,71,9,7.7,4.6
2/16/2009,29.7,20.9,10,85,7,6.7,1.7
2/17/2009,29.2,15.9,0,75,5,5.1,2.6
2/18/2009,31.2,19,0,65,9,6.2,2.6
2/19/2009,34,20.5,0,69,9,6.2,2.7
2/20/2009,28.8,21.5,9,85,29,12.3,2.4
2/21/2009,25,14.4,21,74,16,10.8,5.5
2/22/2009,20.8,16.4,5,92,14,8.2,5.3
2/23/2009,26.3,13.3,0,73,20,5.1,2.7
2/24/2009,28,16,0,70,9,6.7,3.1
2/25/2009,27.7,15.2,0,69,34,5.1,3.8
2/26/2009,26.7,16.2,0,65,11,7.2,3.6
2/27/2009,27,15.2,0,77,9,6.2,3.3
2/28/2009,27.7,20.2,26,72,5,6.7,3.8
3/1/2009,29.3,18.7,20,83,29,17,4.1
3/2/2009,29.2,18.5,0,86,9,10.3,4.5
3/3/2009,25.4,20.1,28,89,9,6.7,3.6
3/4/2009,22.3,19.4,27,97,7,5.1,2.2
3/5/2009,25.7,17.7,0,85,9,3.6,2.1
3/6/2009,27.8,16.1,0,77,9,5.1,1.5
3/7/2009,27.5,18.3,7,83,14,9.3,1
3/8/2009,25.5,15.8,0,77,16,6.2,5
3/9/2009,25.7,14.7,0,81,11,7.7,4.3
3/10/2009,26,19.8,0.3,77,9,9.3,5.8
3/11/2009,24.3,20,17,85,9,8.7,5.1
3/12/2009,25.4,19.2,0,86,20,7.2,2.9
3/13/2009,29.1,15.6,0,81,23,4.1,2.6
3/14/2009,33.1,19.7,0,66,23,16.5,6.2
3/15/2009,21,10.6,0,57,20,7.7,4.3
3/16/2009,21.8,9.6,0,55,34,12.3,4.3
3/17/2009,25.7,10.3,0,60,29,4.1,1.2
3/18/2009,26.8,14.3,0,63,32,5.1,1.7
3/19/2009,26,18.4,0,63,36,5.7,4.3
3/20/2009,26.5,14.2,0,81,7,3.1,2.4
3/21/2009,28.7,16,0,81,36,3.6,2.6
3/22/2009,27.3,18.4,0,77,5,3.6,1.4
3/23/2009,27.7,17,0,89,9,5.1,2.9
3/24/2009,25.6,15.5,0,91,7,6.7,2.7
3/25/2009,24.6,17.2,0,73,9,6.2,3.4
3/26/2009,25.5,17.3,0,83,5,3.6,2.4
3/27/2009,27.4,13.9,0,82,18,3.1,0.5
3/28/2009,30.2,17.3,0,65,36,6.2,3.8
3/29/2009,30.9,22,0,66,34,6.2,3.4
3/30/2009,25.4,16.4,7,61,14,13.4,5.7
3/31/2009,22.2,11.2,0,63,18,4.6,2.7
4/1/2009,20.3,7.8,0,63,20,6.7,2.9
4/2/2009,19.2,10.3,7,77,36,6.2,3.4
4/3/2009,25,12.5,8,80,5,4.1,2.1
4/4/2009,21.4,12.5,0,84,23,6.7,3.1
4/5/2009,23.4,7,0,64,36,7.7,2.4
4/6/2009,25.5,15.6,0,74,29,4.1,2.7
4/7/2009,28.4,12.5,0,70,18,14.9,5.5
4/8/2009,20.2,7.6,0,74,20,4.6,2.7
4/9/2009,22,8.4,0,73,23,5.1,2.4
4/10/2009,26.6,6,0,60,27,5.7,3.3
4/11/2009,29.2,17,0,71,32,3.6,2.4
4/12/2009,28,14.8,0,74,36,6.2,2.6
4/13/2009,27.3,15.4,0,63,16,13.9,6.2
4/14/2009,19.4,6.7,0,71,7,6.2,3.4
4/15/2009,19.7,5.5,0,69,5,6.7,3.8
4/16/2009,24.8,13.9,0,66,36,7.7,5
4/17/2009,26.5,16.5,11,65,2,6.7,3.1
4/18/2009,21.5,13,0,90,27,5.7,1.5
4/19/2009,18.2,8.5,0,67,23,9.8,5.1
4/20/2009,17.7,1.4,0,75,7,4.6,3.1
4/21/2009,21,8.2,0.6,77,2,6.2,2.4
4/22/2009,22.2,10,0,83,5,3.1,1.2
4/23/2009,24.4,12.5,0,80,36,5.1,2.2
4/24/2009,20.2,6.3,0,76,11,6.2,4.5
4/25/2009,21.2,6.5,0,91,5,3.1,0.3
4/26/2009,21.1,10.6,0,75,16,7.2,3.4
4/27/2009,27,9,0,71,32,5.1,2.7
4/28/2009,27.4,12.2,0,64,34,5.1,1.7
4/29/2009,26.2,14.6,0,67,11,6.2,2.9
4/30/2009,19,9.1,0,80,11,5.7,3.6
5/1/2009,21.4,12,0,76,2,6.2,3.1
5/2/2009,24.2,10.2,0,72,36,4.1,0.5
5/3/2009,23.7,9,0,80,36,5.1,2.1
5/4/2009,23.9,9.5,0,72,23,8.7,1.7
5/5/2009,17.2,7.8,0,74,27,3.6,1.5
5/6/2009,21.8,5.8,0,65,32,3.6,1.4
5/7/2009,21.4,5.8,0,67,36,6.2,3.4
5/8/2009,22.8,7.4,0,71,11,3.6,0.9
5/9/2009,22.7,7.8,0,71,36,5.1,2.2
5/10/2009,23.2,10,0,75,36,2.1,3.9
5/11/2009,20.4,12.8,2,89,16,8.2,5.8
5/12/2009,18,8.8,17,75,16,6.7,4.8
5/13/2009,14.5,10.5,4,96,18,12.9,8.1
5/14/2009,14.9,5.6,0,79,20,9.3,4.6
5/15/2009,15,1.6,0,76,32,2.6,1.4
5/16/2009,16.2,7.5,0,68,36,13.4,6.3
5/17/2009,18.1,12.6,0,74,36,6.7,2.6
5/18/2009,17.7,9.1,0,87,23,5.7,0.9
5/19/2009,15.6,2.7,0,87,5,5.7,2.9
5/20/2009,21.2,11,7,87,36,4.6,1.2
5/21/2009,25.7,17.1,0,85,36,4.1,1.9
5/22/2009,25.7,16.5,0,74,36,7.2,3.9
5/23/2009,27.4,17.5,0,79,36,5.7,3.4
5/24/2009,23,14.5,0,88,14,7.2,3.3
5/25/2009,21.8,13.1,0.8,92,18,7.7,2.4
5/26/2009,16.2,6.6,0,80,25,12.3,3.8
5/27/2009,14.8,1.5,0,69,27,4.1,1.9
5/28/2009,16.2,1.5,0,71,23,5.1,2.1
5/29/2009,16.9,0.1,0,65,20,4.1,1.2
5/30/2009,9.3,5.5,7,91,18,3.1,1.2
5/31/2009,15.4,6.7,0,81,32,7.7,3.9
6/1/2009,14.2,6,0,71,25,9.8,6.9
6/2/2009,12.3,3.7,0,78,20,9.3,2.2
6/3/2009,13.4,2.9,0,69,36,13.4,6.5
6/4/2009,16.6,11.2,0,69,34,7.2,4.6
6/5/2009,17.3,6.1,0,66,23,7.7,3.6
6/6/2009,11.8,6.9,0,78,18,6.7,2.7
6/7/2009,11.2,3.6,0,77,7,5.7,3.4
6/8/2009,14.3,1,0,88,18,4.6,1.4
6/9/2009,15.6,-1,0,88,36,3.6,0.7
6/10/2009,16.1,5.5,0,79,29,6.2,3.9
6/11/2009,13.2,-0.6,0,81,18,3.6,1.2
6/12/2009,13.2,-1.6,0,88,36,3.6,1.4
6/13/2009,16.4,1.9,0,77,36,6.7,3.3
6/14/2009,16.4,7.1,0,83,5,5.1,2.6
6/15/2009,18.6,4.2,0,82,18,3.6,2.2
6/16/2009,16.1,2,0,75,25,2.6,0.5
6/17/2009,15.7,2.3,0,82,36,6.7,2.4
6/18/2009,16.5,5.5,0,84,2,5.1,2.1
6/19/2009,18.7,10.3,0,74,2,5.7,4.3
6/20/2009,18.6,13.6,0,81,14,7.7,2.9
6/21/2009,14.6,6,0,79,20,7.7,4.5
6/22/2009,14.4,1.6,0,76,23,3.1,0.9
6/23/2009,13.5,2.2,0,52,23,7.2,3.4
6/24/2009,11,-4.3,0,56,32,4.1,0.7
6/25/2009,15.3,2.9,0,67,29,4.1,1.5
6/26/2009,12.7,0.3,0,86,9,7.7,2.6
6/27/2009,14.2,0,0,79,5,5.1,2.7
6/28/2009,12,6.6,19,89,9,8.2,5.7
6/29/2009,13.4,10.5,3,94,25,12.3,4.5
6/30/2009,13.5,7.8,0,84,27,10.3,6.7
7/1/2009,16.6,1.5,0,71,36,3.6,1.5
7/2/2009,16.2,1.2,0,57,32,3.6,2.2
7/3/2009,18.8,7.3,0,61,32,5.1,2.4
7/4/2009,17.8,5.5,0,71,2,5.1,3.1
7/5/2009,19,10.5,5,76,5,6.2,2.4
7/6/2009,16.6,11.4,31,97,2,8.2,1.7
7/7/2009,19.4,8.4,0,73,23,10.3,4.8
7/8/2009,11.7,1.2,0,67,23,7.2,3.4
7/9/2009,12.4,1.8,0,58,34,6.7,3.1
7/10/2009,12.6,3.6,0,73,20,10.3,5
7/11/2009,11.7,-1,0,66,36,6.7,2.9
7/12/2009,14.6,7.1,0,64,36,7.7,4.8
7/13/2009,15.2,5.8,0,68,20,10.8,6.3
7/14/2009,13.4,-0.5,0,83,32,4.1,1.5
7/15/2009,12.4,1.6,0.5,82,7,4.1,1.2
7/16/2009,14.2,5,0,80,20,6.2,1.7
7/17/2009,16.5,4.5,0,71,23,4.6,3.1
7/18/2009,15,4.6,0,98,14,6.7,3.6
7/19/2009,15.8,12,0,83,11,8.2,6.5
7/20/2009,15.5,8.4,12,77,9,13.4,5.5
7/21/2009,13.2,10.6,65,98,18,18.5,5.7
7/22/2009,11.2,2.2,0.8,81,29,21.6,10.8
7/23/2009,7.2,0.4,0,76,27,13.4,6.7
7/24/2009,10.2,0.4,0,71,32,6.7,4.6
7/25/2009,12.8,5,0,66,34,10.3,3.4
7/26/2009,11.6,0.3,0,65,27,6.7,2.6
7/27/2009,15.7,4.8,0,61,32,6.2,3.8
7/28/2009,11.5,1,0,68,18,3.6,2.1
7/29/2009,13.1,0.9,0,55,27,7.7,3.6
7/30/2009,10.7,-2.7,0,74,20,4.1,1.4
7/31/2009,9.2,-2.4,0,79,7,6.2,3.3
8/1/2009,12.4,-0.3,0,83,11,6.2,3.3
8/2/2009,14.4,2.2,0,84,9,7.2,2.4
8/3/2009,15.7,0.8,0,83,34,4.6,2.7
8/4/2009,16.6,8.6,0,81,2,6.2,4.8
8/5/2009,19.3,9.9,0,65,20,14.4,4.3
8/6/2009,13.7,5.4,0,72,23,6.2,2.7
8/7/2009,10.3,3.3,0,87,14,4.1,1.5
8/8/2009,15.2,1.3,0,81,23,3.6,0.9
8/9/2009,14.6,1.4,0,77,2,2.6,0.5
8/10/2009,20.5,5.7,0,52,36,5.1,3.8
8/11/2009,18.6,10.4,0,56,34,7.2,3.4
8/12/2009,21.2,11.2,0,65,36,11.3,6
8/13/2009,18.3,10,0,67,16,8.7,3.9
8/14/2009,25.3,9,0,68,36,12.3,7.5
8/15/2009,28.5,16.1,3,60,20,13.4,6.9
8/16/2009,16.3,7.2,4,85,18,18,6.3
8/17/2009,17.6,0.5,0,55,29,5.1,1.7
8/18/2009,15.6,3.2,0,64,9,3.1,2.4
8/19/2009,12.9,7.8,0,69,14,8.2,4.5
8/20/2009,12.8,2,0,81,14,6.7,3.6
8/21/2009,13.8,-0.1,0,78,34,6.7,2.6
8/22/2009,16.7,9.7,0,71,36,7.2,2.9
8/23/2009,18.4,3,0,80,18,6.2,1.5
8/24/2009,17.2,5.5,0,85,11,6.2,3.6
8/25/2009,23.4,11.1,0,75,36,7.2,4.1
8/26/2009,25.2,16,0,71,36,7.7,4.3
8/27/2009,28,16,0,65,14,6.7,3.8
8/28/2009,26.4,12.9,0,73,36,6.2,3.4
8/29/2009,29.2,17.2,0,61,34,12.3,5.8
8/30/2009,29.4,17.3,1,64,32,11.8,4.5
8/31/2009,17.3,11.5,15,93,18,7.7,5.3
9/1/2009,16.8,10.9,0,84,14,12.3,6.5
9/2/2009,14.8,11.5,16,92,14,14.9,7.2
9/3/2009,16.6,11.9,9,83,14,13.4,6.2
9/4/2009,13.4,9.5,38,96,14,7.2,3.8
9/5/2009,17.1,11,0,88,2,5.7,1.7
9/6/2009,19.3,12.4,10,86,7,4.1,3.1
9/7/2009,16.5,11.4,5,90,18,11.3,3.9
9/8/2009,11.4,6.8,0,76,23,11.3,5
9/9/2009,12.7,0.7,0,70,29,5.7,1.9
9/10/2009,16.4,4.4,0,59,32,4.1,2.1
9/11/2009,15.2,5.2,0,69,5,5.7,3.1
9/12/2009,16.6,5.2,0,74,9,5.7,2.2
9/13/2009,18.6,5.2,0,73,36,5.1,3.8
9/14/2009,19.2,11.5,0,85,5,6.2,4.5
9/15/2009,21.2,10.3,0,84,5,4.6,3.3
9/16/2009,19.3,9.3,0,84,20,8.2,4.6
9/17/2009,14.7,5.5,32,88,14,7.7,5.1
9/18/2009,13.2,9.8,4,97,32,19,9.6
9/19/2009,15.3,8.4,0,83,25,9.3,4.8
9/20/2009,20,4.7,0,66,27,5.1,2.4
9/21/2009,21.6,8.4,0,69,36,8.7,3.6
9/22/2009,15.7,8,4,91,18,16.5,10.6
9/23/2009,13.4,1.8,0,72,20,8.2,4.8
9/24/2009,15.4,2.4,0,75,5,6.2,2.2
9/25/2009,17.3,9.8,0,71,5,8.7,4.1
9/26/2009,20.9,8.3,0,77,11,6.2,3.9
9/27/2009,13.6,6.4,3,89,20,18,11.5
9/28/2009,13.4,0.5,0,66,23,10.3,5.3
9/29/2009,14.4,0.6,0,72,16,7.2,3.9
9/30/2009,14.9,3,0,59,9,5.7,3.1
10/1/2009,16.4,7.6,0,85,9,5.7,2.4
10/2/2009,20.2,2.4,0,71,36,3.6,2.6
10/3/2009,20.8,7.6,0,71,5,5.1,3.3
10/4/2009,21.5,10.6,5,79,5,8.2,5
10/5/2009,24.3,15.3,0,82,20,5.7,3.4
10/6/2009,17.9,7.2,0,64,23,7.7,4.5
10/7/2009,16.6,2.1,0,59,23,7.2,2.2
10/8/2009,17.2,6,0,77,9,5.7,2.7
10/9/2009,18.8,6.9,0,70,7,8.2,4.6
10/10/2009,22.3,13.2,72,82,23,18,7.2
10/11/2009,19.1,12.7,0,69,25,8.2,3.6
10/12/2009,19,9.5,0,56,23,4.1,2.6
10/13/2009,24.3,13.2,8,60,18,8.7,6.7
10/14/2009,13.4,7.3,0,79,14,7.2,3.4
10/15/2009,16.2,3,0,55,5,5.1,2.6
10/16/2009,19.1,8.5,0,57,36,5.7,3.3
10/17/2009,19.6,12.7,0,58,2,4.6,3.3
10/18/2009,20.7,10.8,0,68,5,5.1,2.9
10/19/2009,20.4,13.9,0.7,82,5,4.1,3.1
10/20/2009,24,10.1,6,57,20,13.4,2.7
10/21/2009,16.7,12.4,12,94,14,4.1,2.9
10/22/2009,20.4,9,0,75,5,5.7,2.7
10/23/2009,28.4,12.1,42,69,18,18,7.5
10/24/2009,18.7,8.8,0,54,23,7.2,2.1
10/25/2009,19.7,8.3,0,55,36,8.7,5.3
10/26/2009,17.2,7,0,69,9,8.2,5
10/27/2009,21.3,9,0,61,5,7.7,4.5
10/28/2009,26,10.5,0,72,5,5.7,2.1
10/29/2009,30.7,12.4,0,70,2,8.2,4.5
10/30/2009,30.6,17,0,71,14,11.3,4.8
10/31/2009,20,13.4,9,85,14,15.4,3.3
11/1/2009,22.6,16.8,20,92,11,12.3,4.1
11/2/2009,24.4,17.4,2,89,14,14.4,7.7
11/3/2009,21.8,11.9,0,61,18,5.1,2.6
11/4/2009,19.7,11.6,0,65,5,7.7,4.5
11/5/2009,25.7,9.8,0,77,7,5.1,1.4
11/6/2009,23.5,16.4,5,92,18,5.7,3.4
11/7/2009,18.9,10.9,0,55,18,9.3,3.6
11/8/2009,22.6,10.8,0,54,36,10.3,5.8
11/9/2009,21.2,12.6,0.8,63,36,6.2,2.6
11/10/2009,21.8,6.4,0,52,7,5.1,2.7
11/11/2009,25.6,11,0,45,34,7.2,2.7
11/12/2009,28.7,14.6,0,57,36,5.1,3.4
11/13/2009,27.3,18.5,7,78,9,6.7,1.9
11/14/2009,23.8,14.6,0,73,14,9.8,5.1
11/15/2009,25,13.3,0,77,9,3.6,1.7
11/16/2009,26.6,12.2,0,61,5,9.3,4.1
11/17/2009,26.8,19,2,78,14,9.3,5.3
11/18/2009,23.5,15.5,31,79,11,14.4,7.7
11/19/2009,23.9,15,0,77,23,8.7,3.8
11/20/2009,25,14.5,4,60,9,6.7,5.1
11/21/2009,22.2,15.6,21,94,9,8.2,4.3
11/22/2009,24,18.8,0.5,89,18,6.2,2.2
11/23/2009,24.9,16.5,3,93,7,8.7,3.6
11/24/2009,26.7,17.5,5,87,14,10.3,4.1
11/25/2009,27.7,19.8,5,83,14,6.2,4.6
11/26/2009,26.2,14.4,0,65,9,5.1,1.9
11/27/2009,21,16,11,79,5,5.1,2.7
11/28/2009,23.9,14.4,0,78,11,6.2,3.8
11/29/2009,23.2,15.6,39,97,25,18.5,5.7
11/30/2009,25.5,12,0,65,27,4.6,1.5
12/1/2009,26.9,13.9,0,51,2,9.3,4.8
12/2/2009,27.8,17.8,0,66,32,5.7,1.2
12/3/2009,21.8,11,0,63,18,8.2,4.8
12/4/2009,21.4,7.2,0,53,5,5.1,2.7
12/5/2009,17.4,12.6,5,82,16,4.1,1.9
12/6/2009,20.5,10,0,74,14,7.7,4.3
12/7/2009,21.2,7.9,0,69,11,6.7,3.8
12/8/2009,24.2,12.6,0,66,11,6.2,3.6
12/9/2009,26.3,16.7,0,73,14,7.7,3.3
12/10/2009,29.2,18.4,0,71,2,7.2,3.6
12/11/2009,23.8,17.5,0,78,18,10.3,6.2
12/12/2009,22.9,13.5,0,70,16,9.3,6.7
12/13/2009,24.3,10.7,0,61,2,6.7,4.8
12/14/2009,28,18.6,0,69,36,6.2,1.4
12/15/2009,26.5,13.5,0,74,9,8.2,3.8
12/16/2009,22.3,16.6,0,87,7,8.2,4.5
12/17/2009,26.1,17.4,0,72,9,8.2,5.3
12/18/2009,28.7,19,0,70,9,6.7,4.1
12/19/2009,29.1,21.4,23,93,5,7.2,2.9
12/20/2009,25.6,19.6,0,79,18,6.2,4.3
12/21/2009,25.8,13.5,0,75,9,6.2,3.4
12/22/2009,27.8,18.4,6,81,11,8.2,5
12/23/2009,27.3,22,16,88,5,6.7,1
12/24/2009,27.2,19.6,9,85,20,10.3,5.7
12/25/2009,25,14.3,23,86,11,6.7,3.9
12/26/2009,27.2,20.2,17,84,5,7.7,3.8
12/27/2009,27.9,19.3,0,85,11,6.7,3.4
12/28/2009,24.5,21.5,1,88,14,5.1,2.4
12/29/2009,28.8,17.2,4,78,16,15.4,3.9
12/30/2009,26.6,13.7,0,47,27,9.8,4.3
12/31/2009,25.5,13,0,56,9,8.7,5.7
1/1/2010,26.5,18.2,0,75,36,4.1,1.9
1/2/2010,30.2,16.2,0,67,5,3.6,0.7
1/3/2010,30.5,21,24,64,9,5.1,3.3
1/4/2010,27.2,18.1,5,90,9,5.1,2.4
1/5/2010,30.1,18.2,0.7,72,9,5.7,2.4
1/6/2010,24.8,17.5,0,59,18,11.3,5.7
1/7/2010,24.8,13.2,0,55,5,4.1,1.7
1/8/2010,27.5,17.5,0,68,5,3.1,1.5
1/9/2010,30.5,18,0,74,5,2.6,1.4
1/10/2010,32.4,20,1,66,14,16.5,1.4
1/11/2010,29.8,15.5,27,71,9,6.7,5
1/12/2010,27,18,0,61,23,13.4,5.1
1/13/2010,27.6,12.4,0,46,27,12.9,3.1
1/14/2010,29.5,12.5,0,54,36,5.7,2.6
1/15/2010,30.5,19,2,65,36,6.7,3.4
1/16/2010,26.6,19.9,0.8,85,18,6.7,0.9
1/17/2010,31.7,17.2,0,62,32,6.7,2.6
1/18/2010,30.3,21,12,72,9,7.2,0
1/19/2010,25.4,18.4,9,92,18,16.5,5.8
1/20/2010,27.6,14.3,0,62,5,4.6,1.4
1/21/2010,31.6,19.5,0,63,36,5.1,1.9
1/22/2010,31.1,17,11,85,9,6.2,4.5
1/23/2010,30.6,17.2,0,81,9,7.7,1
1/24/2010,30,17.4,0,71,36,5.1,0.9
1/25/2010,31,19.2,0,69,14,5.1,2.9
1/26/2010,29.4,22.3,0,73,9,6.2,4.3
1/27/2010,31,20.7,0,72,9,6.2,2.9
1/28/2010,30.6,23,0,72,36,5.1,4.5
1/29/2010,32.5,23.5,12,65,36,5.1,2.2
1/30/2010,30.1,19.2,15,74,16,6.7,4.6
1/31/2010,26.2,21.6,0,89,36,5.1,2.4
2/1/2010,31.8,20.6,0,78,5,5.1,2.4
2/2/2010,28.7,25.2,13,86,2,10.3,4.1
2/3/2010,28.2,20.4,47,96,34,6.2,2.9
2/4/2010,27.2,20,0,88,9,6.2,3.3
2/5/2010,24.9,20.7,48,91,5,7.7,3.4
2/6/2010,27.1,21.6,0,89,7,4.6,1.7
2/7/2010,26.3,21.4,13,89,9,6.2,2.6
2/8/2010,27.9,19.2,0,58,29,9.3,3.8
2/9/2010,30.1,18.1,0,59,36,6.2,3.1
2/10/2010,29.2,21,0,72,16,6.7,3.8
2/11/2010,30.6,20.4,0,77,9,5.7,3.4
2/12/2010,29.6,21,2,82,11,6.2,4.5
2/13/2010,31.1,22.2,0,77,36,7.7,4.5
2/14/2010,24.7,14.7,0,71,14,8.7,6
2/15/2010,26.6,16.2,19,80,14,7.7,5.1
2/16/2010,22.2,16.9,3,79,14,12.3,8.1
2/17/2010,24.9,12.9,0,73,11,9.3,5.3
2/18/2010,28.2,20.5,0,73,5,8.7,5.8
2/19/2010,28.9,22.2,57,85,27,14.4,4.3
2/20/2010,27.5,21.7,0,92,18,8.7,5.5
2/21/2010,24.5,21.5,0,91,14,7.7,6.5
2/22/2010,23.2,21,60,95,9,6.7,3.8
2/23/2010,23.8,16.5,0,74,23,9.3,3.9
2/24/2010,23,12.4,0,61,23,7.2,4.1
2/25/2010,22.2,8.7,0,70,23,4.1,2.2
2/26/2010,23.5,11.4,0,66,7,4.1,0.7
2/27/2010,26.6,15.1,0,74,23,3.1,1.5
2/28/2010,25.2,15.6,0,74,9,6.2,4.3
3/1/2010,27,15.1,0,71,11,4.6,1.4
3/2/2010,29.1,20,20,78,11,7.2,4.1
3/3/2010,25.6,19.5,2,94,9,6.2,2.7
3/4/2010,30.2,19.6,0,77,29,3.1,1
3/5/2010,27.5,17.5,0,77,32,7.2,1.7
3/6/2010,27,16.9,0,78,20,3.1,1.9
3/7/2010,27,16,0,80,9,5.7,2.9
3/8/2010,26.5,17,0,79,14,5.7,3.3
3/9/2010,27.9,22,0,83,9,8.2,4
3/10/2010,27.4,19.5,0.9,82,5,5.1,2.4
3/11/2010,24.3,16,0,83,23,7.2,2.8
3/12/2010,23.2,9.4,0,71,18,4.1,2.4
3/13/2010,27,12.1,0,80,34,11.3,5.4
3/14/2010,24.1,14.2,0,63,27,8.7,3.1
3/15/2010,22.2,6.6,0,64,20,5.1,1.7
3/16/2010,21.7,7.6,0,75,5,5.1,2.6
3/17/2010,26.3,14.4,19,75,14,14.9,4.8
3/18/2010,26.6,16.2,0,92,14,3.6,1.9
3/19/2010,28.2,18.3,0,92,7,5.7,1.2
3/20/2010,23.7,16.3,0,88,11,5.7,2.2
3/21/2010,22.1,15.6,29,92,11,13.4,2.4
3/22/2010,25.2,13.1,0,77,27,6.7,2.7
3/23/2010,26.8,9.5,0,68,36,6.2,3.1
3/24/2010,24.1,12.7,0,80,14,9.8,5.4
3/25/2010,22.8,13,0,75,7,8.2,3.9
3/26/2010,23.7,14.5,0,84,5,6.2,3.3
3/27/2010,26.3,15.5,0,91,9,5.7,1.9
3/28/2010,27.2,18.3,0,82,7,5.7,2.8
3/29/2010,27.2,15.1,0,90,36,4.1,1.5
3/30/2010,24.3,16,2,98,14,3.6,1.2
3/31/2010,29.2,19.9,0,82,34,5.1,3.3
4/1/2010,26.5,17,0,76,18,6.2,1.9
4/2/2010,21.1,12,0,87,23,4.6,1
4/3/2010,22.7,10.8,0,74,20,7.2,3.5
4/4/2010,18.4,6,0,72,18,8.2,4.9
4/5/2010,20.1,5.6,0,72,18,6.2,3.9
4/6/2010,20.6,7.5,0,80,2,6.2,2.1
4/7/2010,22,10.4,0,76,9,5.7,1.7
4/8/2010,21.2,8.6,0,85,11,3.6,1.3
4/9/2010,23.2,13.6,0,75,5,4.6,3.3
4/10/2010,24.4,14,0,78,5,5.7,3.7
4/11/2010,25.8,13.4,0,68,36,6.2,1.5
4/12/2010,27.5,15.3,0,75,36,5.1,2.3
4/13/2010,19.7,15.5,36,95,23,6.2,2.6
4/14/2010,16,12.4,23,99,29,3.6,2.2
4/15/2010,16,11.8,3,89,27,13.9,4.5
4/16/2010,22.1,8.4,0,78,36,4.1,1.7
4/17/2010,20.6,10,0.6,83,9,3.1,1.4
4/18/2010,25,14.5,0,91,11,5.7,1.7
4/19/2010,24.3,15,0,90,23,3.1,0.6
4/20/2010,22.5,9.3,0,86,20,3.1,0.5
4/21/2010,22,9.5,0,85,2,3.6,0.9
4/22/2010,18.6,6.5,0,73,18,6.7,3
4/23/2010,16.6,2.4,0,80,23,3.1,1.8
4/24/2010,16.6,5.8,0,68,7,5.7,2.7
4/25/2010,19.1,10.2,0,89,14,4.6,2.3
4/26/2010,19.2,7.2,0,83,20,4.6,1.9
4/27/2010,22.1,7.7,0,79,36,5.1,2.3
4/28/2010,22.9,12,0,73,32,4.1,2.3
4/29/2010,21.6,5.4,0,76,23,3.1,1.3
4/30/2010,24.3,8.2,0,72,34,10.8,3.6
5/1/2010,26.2,14.9,0,69,36,3.6,2.4
5/2/2010,25,16,0,74,36,5.1,3.1
5/3/2010,22.2,13.6,0,83,20,4.1,1.9
5/4/2010,16.2,10,0,96,20,6.2,2.6
5/5/2010,19.2,5,2,94,5,6.7,2.2
5/6/2010,17.8,8.4,0,72,36,7.2,3.9
5/7/2010,16,2.2,0,70,23,4.1,1.5
5/8/2010,18.8,1.3,0,70,23,3.1,0
5/9/2010,20,2.7,0,74,23,4.1,0.6
5/10/2010,17.9,4,0,84,20,4.1,1.3
5/11/2010,18.4,3.4,0,88,11,5.1,0.9
5/12/2010,19.9,8.4,0,88,5,3.6,1.7
5/13/2010,20.2,7,0,88,5,5.1,2.1
5/14/2010,21.9,13.3,0,78,36,6.7,4.6
5/15/2010,15.2,9.6,0,90,18,12.9,3.6
5/16/2010,13.1,2.2,0,80,18,10.3,3
5/17/2010,15.3,3.8,0,84,14,4.1,2.4
5/18/2010,19.5,4.3,0,90,9,7.7,3.1
5/19/2010,21.1,8.5,0,92,14,5.1,2.3
5/20/2010,19.1,14.5,0,97,9,4.6,2.8
5/21/2010,19.4,14.5,0,97,9,6.2,2.3
5/22/2010,20,16.9,0,92,9,7.7,3.9
5/23/2010,20.3,16,61,90,5,7.7,4.5
5/24/2010,19.6,14.7,2,95,9,3.1,1
5/25/2010,19.5,11.3,0,84,27,4.1,1.3
5/26/2010,18.5,7.9,0,90,11,10.3,2.3
5/27/2010,18.2,10,0,87,11,10.3,5.1
5/28/2010,18.7,15,4,85,18,9.3,4.5
5/29/2010,17.2,14.2,49,99,18,4.1,1.8
5/30/2010,15,8.7,0,84,23,11.3,5.9
5/31/2010,12.7,2.3,0,79,18,7.7,3.3
6/1/2010,14.4,2.8,0,78,5,6.2,1.8
6/2/2010,16.4,9.1,0,82,9,5.1,3.3
6/3/2010,18.5,8,0.5,90,2,4.1,1.5
6/4/2010,14.6,8.8,0,92,23,6.2,2.3
6/5/2010,20.6,5.8,0,75,29,7.2,3.3
6/6/2010,21.2,10.4,0,68,32,7.2,3.3
6/7/2010,16.8,6.3,0,76,14,6.2,1.7
6/8/2010,13.7,3.9,0,80,20,6.7,2.7
6/9/2010,12.2,1.7,0,83,14,6.2,3.6
6/10/2010,15.4,1.4,0,88,11,8.2,3.3
6/11/2010,16.8,9,0,77,7,10.8,5.9
6/12/2010,14.5,12.1,19,94,7,5.1,3.7
6/13/2010,15.2,12.4,3,97,11,6.7,2.1
6/14/2010,15.6,13.6,20,96,9,7.2,5.1
6/15/2010,17.8,6,0,91,27,2.6,1.4
6/16/2010,15.6,5.5,0,86,11,9.3,4.2
6/17/2010,15.4,3.6,0,88,11,5.7,1.7
6/18/2010,12.9,6.2,0,96,9,8.7,2.7
6/19/2010,12.4,7.8,0,87,25,7.7,4.1
6/20/2010,15.3,5.4,0,65,29,15.4,4.6
6/21/2010,9.4,-0.4,0,81,27,4.1,1.3
6/22/2010,16.9,3.6,0,71,32,6.7,3.7
6/23/2010,20.3,11.2,2,58,36,8.2,5.7
6/24/2010,17.2,7.5,0,68,23,8.7,1.7
6/25/2010,17.2,0.6,0,62,23,6.2,1.3
6/26/2010,13.5,5.9,7,84,18,14.4,4.6
6/27/2010,12.4,8,0,99,18,10.3,3.1
6/28/2010,16.6,3.2,0,71,34,5.1,2.8
6/29/2010,14.6,7.9,0,71,36,6.2,4.1
6/30/2010,18.2,6.7,0,84,34,3.6,0.8
7/1/2010,16.3,8.6,0,95,36,4.1,2.1
7/2/2010,18.2,10.7,0,97,11,6.2,2.3
7/3/2010,22.5,10.3,0,90,5,4.1,1.3
7/4/2010,23.9,17.1,0,70,5,6.2,3.5
7/5/2010,20.4,13.4,0,79,36,8.2,5
7/6/2010,14.4,11,11,93,16,11.3,9.5
7/7/2010,12.8,7.4,0,89,27,9.3,3.7
7/8/2010,17,3.5,0,64,32,5.1,2.3
7/9/2010,14,5.4,0,76,18,6.2,3.1
7/10/2010,15,0.5,0,87,5,6.2,1.3
7/11/2010,14.5,10.3,0.7,86,5,6.2,5.3
7/12/2010,11.5,3,0,71,23,7.7,5.3
7/13/2010,9.7,1.1,0,67,32,7.7,5.8
7/14/2010,9.5,2.9,0,85,18,5.1,2.1
7/15/2010,8.4,-0.6,0,82,23,6.2,2.1
7/16/2010,8.2,-3,0,86,23,3.1,0.9
7/17/2010,9.3,-5.4,4,81,14,4.1,0
7/18/2010,10.3,3.7,39,97,14,17.5,9.1
7/19/2010,11.7,7,6,99,32,9.3,3.1
7/20/2010,14.6,5.3,0,75,27,6.2,3.1
7/21/2010,14.2,1.7,0,82,20,4.1,0.9
7/22/2010,12.4,0,0,78,34,7.7,0.8
7/23/2010,12.8,1.4,0,72,34,3.6,1.2
7/24/2010,11.5,4,0,81,9,9.3,4.8
7/25/2010,11.6,9.3,4,97,23,12.9,5.8
7/26/2010,15.5,4.6,0,68,27,5.1,3.2
7/27/2010,16.3,5.8,0,70,36,7.2,3.1
7/28/2010,16.9,9,0,70,5,5.1,3.6
7/29/2010,13,1,14.5,93,14,7.7,3.7
7/30/2010,12.2,9,19,97,23,9.3,4.8
7/31/2010,12.1,5,0,81,23,7.7,4.5
8/1/2010,8.9,0.9,0,78,25,10.3,3.9
8/2/2010,9.9,-1.5,0,86,27,4.1,1.7
8/3/2010,9.5,-1.6,0,87,20,10.3,3.7
8/4/2010,11.2,0.2,2,83,18,6.2,2.8
8/5/2010,11.2,1.9,0.2,92,9,7.7,2.7
8/6/2010,13.6,5,0,86,36,4.1,2.2
8/7/2010,15.1,0.4,0,88,23,3.1,0.6
8/8/2010,15.6,-0.1,0,82,27,6.2,1.3
8/9/2010,18.4,1.6,0,72,36,4.1,1.3
8/10/2010,18.5,1.4,0,78,2,4.1,1
8/11/2010,14.3,4.5,0,76,9,6.2,2.4
8/12/2010,12.4,8.4,0,92,20,20.6,8.2
8/13/2010,10.1,3.4,0,81,18,12.9,7.2
8/14/2010,10.6,0.5,0,83,18,7.7,3.7
8/15/2010,10.6,3.4,0,84,7,7.7,3.7
8/16/2010,15.8,7.4,0,83,5,5.1,3
8/17/2010,18.3,4.6,0,87,5,5.1,2.2
8/18/2010,20.2,9.4,0,86,5,3.1,1.2
8/19/2010,19,6,0,70,23,7.7,3.5
8/20/2010,18.4,2,0,64,36,4.1,1.5
8/21/2010,22.2,11.1,0,65,32,4.1,2.8
8/22/2010,20.7,10.7,0,85,9,4.1,1.9
8/23/2010,18.5,10.2,0,86,18,8.2,3.5
8/24/2010,18.2,5,0,69,20,10.3,3.6
8/25/2010,18,3.1,0,83,9,4.1,1
8/26/2010,16.2,2.3,0,96,9,6.2,1.9
8/27/2010,17.2,6.7,0,98,9,4.1,1.3
8/28/2010,20.2,7.4,0,94,9,3.1,1.3
8/29/2010,15.9,6.2,0,66,18,13.4,7.3
8/30/2010,14.6,3.2,0.4,67,9,15.4,5.5
8/31/2010,14.4,12.4,7,98,9,6.2,2.2
9/1/2010,14.1,8.3,0,91,18,20.6,15.2
9/2/2010,11.2,8.1,34,91,14,15.4,7.6
9/3/2010,14.5,10.8,8,97,14,18,6.7
9/4/2010,15.8,7.1,1,89,23,10.3,3.1
9/5/2010,16.2,7.8,0,68,14,7.2,2.8
9/6/2010,21.7,8.9,0,71,36,7.7,4.5
9/7/2010,22.7,8.1,0,85,9,9.3,2.1
9/8/2010,20.8,7.8,0,84,9,6.2,1.4
9/9/2010,21.1,11.4,0,83,9,7.7,4.9
9/10/2010,24.2,13.7,11,85,23,12.3,4.1
9/11/2010,17.7,9.5,0,87,23,10.3,4.9
9/12/2010,15.3,4,0,89,\N,\N,\N
9/13/2010,15.2,10,25,90,\N,\N,\N
9/14/2010,17.4,8.7,0,80,23,9.3,5.8
9/15/2010,20.8,8.8,0,63,23,6.2,2.4
9/16/2010,16,9.5,0,75,34,6.2,1.9
9/17/2010,14.3,3.4,0,72,18,8.2,4.1
9/18/2010,16.6,1.6,0,72,9,6.2,3.3
9/19/2010,20.2,11.7,0,72,5,7.7,4.5
9/20/2010,22.6,9.8,4,82,18,8.2,3.9
9/21/2010,20,11,0,87,18,9.3,4.8
9/22/2010,21,6,0,90,18,5.7,2.2
9/23/2010,16.6,5.2,0,76,18,8.2,4.8
9/24/2010,17.1,2.3,0,87,9,6.2,3.2
9/25/2010,20.7,6.4,0,86,9,4.1,2.1
9/26/2010,21.7,6.7,0,83,36,5.1,3
9/27/2010,20.6,10.6,3,80,9,13.4,6
9/28/2010,16.6,14.3,7,88,7,12.3,6.3
9/29/2010,17.3,12.4,4,91,27,8.2,4.9
9/30/2010,16.1,9.3,0,81,27,10.3,5.4
10/1/2010,14.9,5,0,81,23,5.1,2.1
10/2/2010,19.3,2.6,0,69,27,5.1,1.9
10/3/2010,20.2,7.6,0,53,36,9.3,2.8
10/4/2010,22.1,8.5,0,63,32,5.7,1.7
10/5/2010,23.6,7.8,0,67,9,5.1,2.3
10/6/2010,23.4,11.1,4,81,5,3.6,2.3
10/7/2010,18.7,12.4,5,89,9,9.3,3.5
10/8/2010,19,8.2,0,87,9,6.2,2.4
10/9/2010,19.2,5.7,0,86,9,6.2,2.6
10/10/2010,19.4,7.8,0,83,7,6.7,3.9
10/11/2010,20.5,11.5,0,78,5,6.2,4
10/12/2010,22,12.4,0,76,9,7.7,3.9
10/13/2010,22.6,13.7,3,77,20,9.3,3.9
10/14/2010,19.7,13,5,97,18,6.2,3.3
10/15/2010,16.1,10.7,0,94,20,6.7,4
10/16/2010,18.5,7.6,0,78,23,8.7,4.4
10/17/2010,17.7,6.5,0,76,23,8.7,3.3
10/18/2010,19.6,5.3,0,84,5,4.6,2.2
10/19/2010,24.3,8.5,0,68,36,5.1,2.7
10/20/2010,25.8,12,0,74,5,5.1,3.2
10/21/2010,25.1,14.5,0,74,5,5.1,2.7
10/22/2010,19.5,10.2,0,74,18,10.8,6
10/23/2010,19.3,3.4,0,69,14,8.2,5.1
10/24/2010,17.1,7.2,0,73,14,4.1,1.7
10/25/2010,21.8,8.5,0,77,14,9.3,0.6
10/26/2010,22.3,6.5,0,81,9,4.6,1.5
10/27/2010,19.3,5.5,0,84,11,7.2,3.2
10/28/2010,21.3,11.8,0,75,9,8.7,5.1
10/29/2010,18.5,14.7,16,81,7,13.9,7.1
10/30/2010,18.3,9,0,61,29,15.9,6.2
10/31/2010,19.8,11.3,0,68,23,15.9,7.3
11/1/2010,24,8.4,0,78,18,5.7,1.8
11/2/2010,22.4,11,0,82,7,4.6,1.9
11/3/2010,28.8,14.5,4,70,23,15.9,3.9
11/4/2010,22.9,12.6,0,79,18,4.1,2.2
11/5/2010,23.3,13.2,0,73,23,6.7,1.5
11/6/2010,26.2,11.4,0,73,32,5.1,1
11/7/2010,29.6,13.4,0,52,9,6.2,3.3
11/8/2010,26.6,11.4,10,85,18,15.4,7.7
11/9/2010,18.3,9.2,0,69,18,9.3,3.6
11/10/2010,17.3,6,0,68,23,7.2,3.5
11/11/2010,20,5,0,77,5,6.2,2.7
11/12/2010,21.2,7.4,0,77,2,5.1,3
11/13/2010,22.6,12.9,0,71,5,6.7,3
11/14/2010,22.6,11.7,0,75,9,6.7,2.7
11/15/2010,21.8,9.6,15,76,9,6.7,3.6
11/16/2010,21.2,9.9,2,85,14,7.7,3.5
11/17/2010,23.2,10.3,0,84,16,7.7,4
11/18/2010,25.6,8.9,0,79,27,3.1,1.7
11/19/2010,27.4,13,0,66,5,3.6,1.7
11/20/2010,27.8,14.8,0,77,7,6.7,2.4
11/21/2010,29.2,14,0,78,9,7.7,1.2
11/22/2010,25,15.2,0,86,7,8.7,3.6
11/23/2010,23.6,13,0,81,5,5.1,3.5
11/24/2010,27.1,13.2,0,75,5,5.1,2.2
11/25/2010,28.9,12.4,0,81,14,5.7,1.8
11/26/2010,30,17.8,3,70,18,13.9,4.2
11/27/2010,25,17.7,0,79,18,7.7,3.5
11/28/2010,22,10,0,68,18,7.2,4.2
11/29/2010,24.3,8.5,0,69,36,5.7,1.9
11/30/2010,29.8,16.5,0,60,9,10.8,3
12/1/2010,31.5,15,0,60,32,7.7,2.8
12/2/2010,28.4,18.5,0,65,23,6.2,3.1
12/3/2010,25,11.5,0,63,5,6.7,4.4
12/4/2010,25.5,15.6,0,59,23,7.7,3.5
12/5/2010,25,11.4,0,61,9,7.7,5.8
12/6/2010,30.8,15.5,0,49,2,7.2,3.7
12/7/2010,32.2,17.2,0,55,27,6.7,3.9
12/8/2010,26.5,13.2,0,47,20,7.7,3.9
12/9/2010,26,13.7,0,65,32,8.2,3.1
12/10/2010,26,16.5,7,72,36,8.2,3.9
12/11/2010,28.5,14.3,46,80,18,16.5,2.7
12/12/2010,19.2,10.5,0,70,18,10.8,5
12/13/2010,27,8.6,0,47,23,4.6,2.7
12/14/2010,29,18.5,0,47,32,5.7,3.3
12/15/2010,31.5,19.5,0,53,32,6.2,2.3
12/16/2010,29.7,19.2,0,66,5,7.2,5
12/17/2010,34,20,1,64,18,12.3,6.6
12/18/2010,22.4,15.8,0,75,18,8.2,5
12/19/2010,25.7,11.5,0,80,5,7.2,4.2
12/20/2010,31.7,16.6,0,71,36,4.1,1.9
12/21/2010,33.2,15.5,0,57,2,7.7,2.6
12/22/2010,34.3,19.6,0,57,36,6.2,3.1
12/23/2010,33.4,21.3,0,61,23,7.7,3.9
12/24/2010,33.4,18.5,0,69,14,6.2,1.8
12/25/2010,36,16.5,0,43,18,12.3,3.3
12/26/2010,31.5,13.6,0,73,7,7.2,2.7
12/27/2010,34.8,15.8,0,72,9,5.1,2.6
12/28/2010,32.5,22,0,51,9,7.7,3.3
12/29/2010,29.4,15.8,0,75,11,9.8,4.6
12/30/2010,29,19.2,0,72,7,7.7,5.3
12/31/2010,29.2,20.5,0,72,7,10.3,6
1/1/2011,28.5,20.9,0,72,9,10.8,5.3
1/2/2011,30.3,20,0,69,11,12.9,6.2
1/3/2011,28.6,21.5,0,69,11,11.3,8.1
1/4/2011,27.2,21.2,0.4,78,9,7.2,4.1
1/5/2011,29.2,21.5,0,72,5,5.1,3.9
1/6/2011,30.5,17.4,0,53,36,6.2,4.6
1/7/2011,32.2,18.8,19,59,29,7.2,4.6
1/8/2011,30,19,7,78,36,4.6,2.1
1/9/2011,28.1,19.5,0,62,14,7.7,2.9
1/10/2011,28.6,17,3,70,11,8.2,5.5
1/11/2011,26.5,18,37,79,7,5.7,2.9
1/12/2011,27.5,19.3,0,73,9,6.2,4.5
1/13/2011,29.6,17.4,0,65,2,5.1,3.8
1/14/2011,31,19,0,64,14,9.8,4.3
1/15/2011,29.3,15.6,0,75,7,6.2,5.7
1/16/2011,33,18.4,25,91,23,23.2,4.3
1/17/2011,27.4,13.4,0,54,5,5.1,1.7
1/18/2011,29.1,13.6,0.3,57,9,7.2,2.4
1/19/2011,25.2,17.5,55,91,25,12.9,2.6
1/20/2011,26.3,13,0,54,9,4.1,2.4
1/21/2011,27.8,17,0,55,9,6.2,3.8
1/22/2011,30.5,16.9,0,64,9,5.7,2.9
1/23/2011,31.8,19.2,0,69,11,6.2,3.8
1/24/2011,33,21.8,0,66,7,5.7,3.8
1/25/2011,33.5,22,6,74,5,5.1,3.4
1/26/2011,31.4,20.6,0,75,27,6.2,2.4
1/27/2011,29.2,19.3,0,74,16,3.1,1.5
1/28/2011,31.9,20.3,0,65,14,8.2,4.3
1/29/2011,27,13.6,0,57,11,6.2,3.9
1/30/2011,32,19.6,6,70,9,6.2,3.6
1/31/2011,28.8,22.5,4,77,23,8.2,4.3
2/1/2011,24.4,11.6,0,61,20,8.2,3.9
2/2/2011,27.8,13.3,0,59,5,6.2,2.9
2/3/2011,31.9,16.2,0,61,36,5.7,3.6
2/4/2011,28.2,14.7,0,63,18,4.6,2.4
2/5/2011,31.8,13.6,0,55,23,10.3,5.1
2/6/2011,23.8,9,0,60,9,7.2,5.1
2/7/2011,25,16.4,4,73,5,7.7,6.2
2/8/2011,24.3,17.7,0,78,14,12.3,5.3
2/9/2011,26,17.5,0,74,14,10.3,6.7
2/10/2011,27.7,14,0,69,11,8.7,4.1
2/11/2011,26.4,13.3,0,75,9,6.2,2.9
2/12/2011,27.2,15,0.8,72,9,7.2,4.6
2/13/2011,31,19.5,0,61,23,7.7,3.9
2/14/2011,27.2,11,0,49,5,6.7,3.6
2/15/2011,30,16.5,0,50,36,5.7,3.6
2/16/2011,30.1,17,0,68,9,6.2,3.6
2/17/2011,32.5,21.2,0,70,5,8.2,4.5
2/18/2011,24.7,21.2,5,89,23,5.1,3.3
2/19/2011,25.5,20,18,92,14,5.7,3.8
2/20/2011,27,19.5,0,81,9,8.7,5.8
2/21/2011,27.4,18.2,0,75,9,7.7,5.3
2/22/2011,28.1,20.6,0,73,9,8.7,5.7
2/23/2011,24,21.2,0,85,9,6.7,5
2/24/2011,27.4,16.5,5,74,14,8.2,4.3
2/25/2011,27,15.7,0,65,23,7.2,4.5
2/26/2011,29.4,11.7,0,63,18,3.6,1.7
2/27/2011,31.5,17,0,66,23,4.6,2.4
2/28/2011,28.2,15,0,78,9,6.7,3.8
3/1/2011,26.6,17.5,0,70,9,8.7,4.1
3/2/2011,27.8,18.2,0,67,5,8.7,3.4
3/3/2011,28.7,18.9,0,65,5,5.7,4.5
3/4/2011,29.2,14.1,0,70,9,6.7,4.6
3/5/2011,28.2,19.2,0,66,9,7.7,5.5
3/6/2011,29.3,19.8,0,68,11,8.7,4.3
3/7/2011,30.7,21,0,69,9,5.7,2.9
3/8/2011,30.8,20.9,11,85,14,7.7,2.4
3/9/2011,31.5,19,0,71,9,5.7,2.9
3/10/2011,29.9,20.3,0,77,5,5.7,4.8
3/11/2011,32.5,17.5,0,70,36,5.1,3.6
3/12/2011,29.5,20,8,87,36,7.2,2.1
3/13/2011,22.7,10.1,0,59,23,8.7,4.6
3/14/2011,22.7,7.5,0,63,14,5.1,2.6
3/15/2011,22.3,9.3,2,68,9,7.7,4.5
3/16/2011,25.4,15,0,74,36,5.1,1.7
3/17/2011,27.7,16.2,0,70,32,6.2,2.2
3/18/2011,26.6,8.7,0,48,32,5.7,2.7
3/19/2011,24.5,7.5,0,58,36,6.2,3.4
3/20/2011,28.4,10,0,57,36,5.7,4.3
3/21/2011,30.2,13.5,0,71,36,4.6,4.1
3/22/2011,30.6,16.7,0.8,67,36,6.2,2.7
3/23/2011,24.8,14.5,7,95,18,7.2,3.3
3/24/2011,24.5,8.7,0,67,14,7.7,3.4
3/25/2011,21.5,13.3,0,72,7,7.7,4.1
3/26/2011,24.5,15,0,67,23,8.2,2.6
3/27/2011,22.1,7.4,0,59,18,5.1,2.7
3/28/2011,24.6,6.2,0,67,20,6.2,1.2
3/29/2011,24,10.3,0,56,5,5.7,2.7
3/30/2011,25.9,12,0,70,36,5.1,3.8
3/31/2011,28.6,11.4,0,73,5,4.6,2.4
4/1/2011,30.3,13,0,83,7,5.1,1.4
4/2/2011,25.2,13.5,0,79,7,7.2,4.6
4/3/2011,24.6,17.3,17,86,32,4.1,2.7
4/4/2011,21.7,9,0,66,18,4.1,1.9
4/5/2011,25.5,7.5,0,60,25,7.7,2.7
4/6/2011,22.5,8.8,0,80,5,5.1,3.1
4/7/2011,24.9,12,5,87,36,4.6,2.7
4/8/2011,22.8,11.5,0,67,14,9.3,4.8
4/9/2011,22.5,5.5,0,70,9,3.6,1.7
4/10/2011,22.5,12.6,0,81,2,5.1,3.8
4/11/2011,26.3,12.1,0,79,36,5.1,3.1
4/12/2011,27.4,14.7,0,75,34,6.2,2.4
4/13/2011,28,16,6,64,32,9.3,5.1
4/14/2011,24.8,13.5,0,62,27,4.1,1.9
4/15/2011,20.1,10,0,55,18,4.6,3.4
4/16/2011,20.2,6.5,22,76,5,7.2,3.3
4/17/2011,20,11.5,6,67,25,12.3,3.8
4/18/2011,22.4,6,0,52,27,4.6,2.1
4/19/2011,22.8,8.6,5,73,36,4.1,2.1
4/20/2011,17,11.5,0.5,93,2,4.1,2.4
4/21/2011,16.5,10.8,0,92,23,3.1,1.9
4/22/2011,21.7,14.6,3,87,36,7.2,3.6
4/23/2011,19,6.5,0,52,23,7.2,3.1
4/24/2011,22.8,7.6,0,46,36,7.2,3.6
4/25/2011,21.2,8.5,0,85,18,3.6,2.2
4/26/2011,24.3,7.5,0,73,36,5.1,1.2
4/27/2011,25.5,14.8,0,67,34,6.7,3.4
4/28/2011,25.6,13.2,0,81,14,4.6,2.4
4/29/2011,19.3,12,15,94,11,7.7,5.5
4/30/2011,21.6,16.5,1,85,9,5.1,3.1
5/1/2011,17.8,8.7,0.8,81,18,15.9,6.2
5/2/2011,15.4,2.5,0,70,20,6.7,1.5
5/3/2011,16.9,2,0,73,36,5.7,1.4
5/4/2011,20,10.5,0,65,34,8.7,5.8
5/5/2011,20.8,9.4,0,63,27,4.6,2.1
5/6/2011,19.5,2.5,0,76,36,3.1,1.4
5/7/2011,20.6,8.6,0,66,36,10.3,6
5/8/2011,17,6.8,0,67,18,8.2,2.6
5/9/2011,15.6,2.6,0,71,2,3.6,2.1
5/10/2011,21,4.5,0,81,36,5.1,2.9
5/11/2011,24.7,6.5,0,76,27,2.6,1.2
5/12/2011,20.7,7.4,0,86,9,4.1,2.4
5/13/2011,15.7,10.7,3,94,5,4.6,1.7
5/14/2011,18.2,11.1,0,80,7,6.7,3.4
5/15/2011,17.6,5.9,0,87,9,5.1,2.6
5/16/2011,17,7.4,0,83,7,4.6,3.3
5/17/2011,17.7,5.8,0,88,5,4.6,2.4
5/18/2011,19.5,10.5,0,82,36,5.1,2.1
5/19/2011,20,8.6,0,79,5,6.2,2.1
5/20/2011,20.2,13.8,0,84,36,6.2,2.6
5/21/2011,23,10.3,2,79,36,5.1,2.2
5/22/2011,18.2,9.4,5,89,18,6.7,1.5
5/23/2011,13.4,1,0,73,14,2.1,0.5
5/24/2011,16.1,4.8,18,92,7,4.6,1.9
5/25/2011,16.7,10.3,1,88,18,9.8,3.6
5/26/2011,12,6,0,93,23,4.6,2.1
5/27/2011,15.3,4.4,0,79,9,5.7,1.9
5/28/2011,15.9,5.7,0,75,5,7.2,2.4
5/29/2011,14.7,6,0,85,5,5.1,2.2
5/30/2011,14.8,6.5,0,81,5,5.1,1.9
5/31/2011,17.2,7,0,82,18,5.1,1.7
6/1/2011,17.1,3,0,86,32,2.6,0.9
6/2/2011,17,5,0,83,32,4.6,2.2
6/3/2011,14.3,6,0,68,18,9.3,3.4
6/4/2011,11.2,-0.6,0,81,23,3.1,0.5
6/5/2011,12.3,1.5,0,74,36,5.7,2.2
6/6/2011,11.2,8,0.6,97,16,4.1,1.2
6/7/2011,13,1.7,0,87,23,2.6,0.5
6/8/2011,15.6,6.8,0,81,34,5.7,2.2
6/9/2011,17.3,6.4,0,67,27,10.8,5.7
6/10/2011,16,4.3,0,77,36,5.1,3.3
6/11/2011,18.6,12,0,76,36,7.2,3.9
6/12/2011,19,10.3,0,77,36,5.1,2.9
6/13/2011,14.7,5.4,0,71,23,5.1,2.7
6/14/2011,14.5,-0.2,2,72,5,9.3,3.3
6/15/2011,14.5,11.7,32,98,36,4.6,1.5
6/16/2011,18.8,13,8,92,36,6.7,2.2
6/17/2011,16.6,9.6,0,92,18,5.7,3.8
6/18/2011,15.3,5.9,42,91,5,14.4,8.4
6/19/2011,20.4,14,3,90,18,5.1,3.4
6/20/2011,15.6,9.2,0,86,18,5.7,3.6
6/21/2011,13.8,3.8,0,93,11,6.2,2.7
6/22/2011,14,6.6,42,85,14,6.7,4.8
6/23/2011,12.9,7,0,94,25,6.2,3.6
6/24/2011,15.6,5.6,0,72,32,5.1,2.6
6/25/2011,10.1,2.3,0,80,18,9.8,5.3
6/26/2011,10.2,0.6,0,74,23,11.3,4.6
6/27/2011,13.8,-0.7,0,60,27,5.1,3.6
6/28/2011,12.7,2.5,0,74,36,3.6,1.4
6/29/2011,12.8,6.9,0,66,32,5.1,3.4
6/30/2011,11.6,3.7,0,58,25,7.7,3.9
7/1/2011,10,-0.2,0,58,23,4.6,2.1
7/2/2011,10.2,-3.8,0,67,27,6.2,2.6
7/3/2011,9.3,-1,0,69,23,7.2,4.1
7/4/2011,11.6,-1.6,0,66,29,5.1,2.9
7/5/2011,11.8,-0.2,0,76,20,4.6,1.2
7/6/2011,12,-1.4,0,82,27,4.1,1.7
7/7/2011,15.4,1.8,0,68,32,3.1,1.9
7/8/2011,16.1,4.4,0,62,36,5.1,2.4
7/9/2011,17.8,9,0,70,36,8.2,4.3
7/10/2011,18.5,6.7,0,77,7,3.6,1.5
7/11/2011,16.8,5.8,0,81,7,6.2,4.5
7/12/2011,20,7.5,0,87,20,5.1,2.2
7/13/2011,16.2,1.2,0,78,5,4.6,2.6
7/14/2011,14.7,5.6,0.7,89,5,7.2,6
7/15/2011,17.2,12.1,0,89,20,13.9,3.4
7/16/2011,16,5.6,0,64,18,8.7,4.3
7/17/2011,15,-0.2,0,71,14,9.3,4.6
7/18/2011,12.4,8,66,85,11,12.9,7.4
7/19/2011,12.2,7,0,87,32,6.2,4.5
7/20/2011,9.4,6.5,0,90,18,5.1,2.1
7/21/2011,12.3,5.9,0,85,27,4.6,1.2
7/22/2011,14.5,5,0,76,34,4.6,3.6
7/23/2011,15.2,7.5,0,80,36,7.2,4.5
7/24/2011,15.3,5.3,0,87,5,9.3,3.9
7/25/2011,22.4,12.8,23,85,23,19.5,5.8
7/26/2011,15.6,6.5,0,70,23,4.6,2.6
7/27/2011,14,3,0,84,5,4.1,2.4
7/28/2011,15.3,9.8,0,88,18,5.1,1.9
7/29/2011,12.8,4.5,0,75,18,10.3,6.5
7/30/2011,9.2,-1.2,0,74,18,9.3,3.8
7/31/2011,8.3,-1,0,74,14,5.1,2.4
8/1/2011,8.4,-2,0,85,16,5.1,2.2
8/2/2011,13.1,-1,0,70,27,6.2,3.8
8/3/2011,14.1,5.8,0,72,23,10.3,4.6
8/4/2011,11,-0.3,0,84,34,3.1,2.2
8/5/2011,15.3,4.1,0,62,36,8.2,5
8/6/2011,17.7,3,0,74,7,5.7,2.1
8/7/2011,16.5,7,0,77,9,9.8,5.3
8/8/2011,14,11,0,87,9,15.4,6.5
8/9/2011,15,11.5,0,89,9,9.8,6.5
8/10/2011,17,10.7,0,93,5,7.7,2.6
8/11/2011,20.5,11,6,88,34,5.1,2.6
8/12/2011,18,10.5,16,91,14,15.4,5.7
8/13/2011,15.6,6.2,0,70,14,4.1,1.2
8/14/2011,14.3,2.5,0,82,5,7.2,2.7
8/15/2011,13.5,8.8,0,87,9,8.7,4.5
8/16/2011,13.5,11.4,3,98,25,5.7,4.3
8/17/2011,12.1,9.2,0,94,5,2.6,2.1
8/18/2011,14.2,10.1,0,86,18,7.7,4.6
8/19/2011,11.6,5.2,0,74,23,15.4,5.7
8/20/2011,11.2,1.5,0,59,23,12.3,3.3
8/21/2011,9.6,-2.2,0,67,14,4.6,2.4
8/22/2011,10.7,0,0,67,5,5.1,1.4
8/23/2011,11.8,-0.2,0,80,2,4.6,1.7
8/24/2011,14.5,6.4,0,87,36,4.6,2.7
8/25/2011,13.6,6.3,0,85,18,9.3,3.4
8/26/2011,11.5,0.6,0,84,5,7.7,4.5
8/27/2011,11.8,9,0.2,92,5,7.7,3.4
8/28/2011,17.5,6.4,0,73,23,6.2,3.4
8/29/2011,14.5,4.1,0,80,9,4.1,0.3
8/30/2011,17.1,2,0,53,27,9.3,5.5
8/31/2011,14.6,2.5,0,71,23,5.1,2.4
9/1/2011,12.1,1.4,0,78,9,7.7,4.1
9/2/2011,16.5,7.2,0,62,5,14.9,6.9
9/3/2011,20.9,11.6,3,74,2,9.3,3.1
9/4/2011,13.7,7.5,0,81,18,9.3,4.8
9/5/2011,18.3,2.1,0,41,25,6.2,3.6
9/6/2011,20.2,3.9,0,49,32,5.7,2.4
9/7/2011,20.8,4,0,68,32,5.1,3.3
9/8/2011,21.8,8,0,52,34,10.3,2.1
9/9/2011,22.1,8.2,0,51,32,7.2,2.9
9/10/2011,20.2,10.2,0,52,23,13.4,6.5
9/11/2011,16.4,1.4,0,59,36,6.7,4.5
9/12/2011,24.8,13.4,0,42,32,8.2,6
9/13/2011,17.8,1.8,0,51,9,8.2,4.1
9/14/2011,16.3,7.2,0,58,5,11.3,6
9/15/2011,20.1,9.5,0,71,5,8.7,5.7
9/16/2011,20.6,12.7,10,82,5,5.7,2.2
9/17/2011,19.7,11.2,0,77,18,12.9,5.7
9/18/2011,18.2,6.6,0,67,18,6.7,5.3
9/19/2011,19.2,4.5,0,55,18,4.1,1.4
9/20/2011,21.8,4,0,55,36,3.6,2.2
9/21/2011,23,9.1,0,56,32,5.1,3.9
9/22/2011,19,9.8,0,79,14,10.8,8.6
9/23/2011,15.5,7,0,76,9,6.7,4.3
9/24/2011,18.7,4.2,0,78,2,7.2,2.6
9/25/2011,22.5,11,0,71,36,6.2,4.1
9/26/2011,25.9,12,0,62,9,6.7,3.3
9/27/2011,20.9,9.1,0,53,5,9.8,5.1
9/28/2011,25,12.5,11,63,2,7.7,4.3
9/29/2011,22,15,2,86,18,5.1,2.2
9/30/2011,21.2,6.7,0,60,9,6.7,4.1
10/1/2011,19.2,7.8,0,74,7,7.2,4.1
10/2/2011,20.6,10.4,0,59,23,13.9,4.3
10/3/2011,14.8,5.5,0,67,18,6.2,4.5
10/4/2011,15.2,8.8,0,81,5,7.2,2.9
10/5/2011,21.2,6.5,0,76,23,4.1,0.9
10/6/2011,23.2,8.8,17,79,14,9.3,4.8
10/7/2011,18.7,14.2,19,92,9,19.5,7.2
10/8/2011,18.2,14.1,0,94,23,3.6,1.2
10/9/2011,20.7,13.7,0,79,32,7.2,3.8
10/10/2011,19.4,13,0,87,9,3.6,2.6
10/11/2011,20,13.3,0,83,9,8.2,5
10/12/2011,17.9,11.8,23,84,9,16.5,7.9
10/13/2011,21.8,15,0,87,20,6.2,3.9
10/14/2011,21.4,10.3,0,74,23,5.7,2.6
10/15/2011,25.6,12.6,0,56,27,6.7,2.9
10/16/2011,21.7,13.1,0,62,25,4.1,2.9
10/17/2011,17.8,6.5,0,68,9,6.7,4.3
10/18/2011,19.2,5.6,0,67,5,5.1,3.9
10/19/2011,22,9.5,0,75,9,4.6,2.9
10/20/2011,24.6,13.7,0,71,36,5.1,3.4
10/21/2011,24.2,16,0,68,36,7.2,3.8
10/22/2011,20.1,13.3,0,81,16,8.7,5.7
10/23/2011,19.6,7.5,0,78,14,6.2,4.3
10/24/2011,20.8,12,0,70,14,7.7,3.6
10/25/2011,20.5,13.2,0,74,18,8.7,6.9
10/26/2011,19,9.5,0,63,23,5.1,4.6
10/27/2011,21.1,5.6,0,58,27,7.2,3.3
10/28/2011,26.5,5,3,37,36,6.2,2.2
10/29/2011,22,12.5,0,74,23,6.2,4.6
10/30/2011,20.2,3,0,60,23,7.2,3.9
10/31/2011,18.5,4,0,62,9,7.2,2.7
11/1/2011,21.5,8.8,0,61,5,7.7,4.5
11/2/2011,24,14,0,72,5,8.2,4.3
11/3/2011,26.8,14.8,0,64,7,6.2,3.4
11/4/2011,21.8,17,7,88,5,5.7,3.1
11/5/2011,25.6,15.2,0,77,14,7.2,5
11/6/2011,22,13.4,0,71,9,7.7,4.5
11/7/2011,24.5,15.4,0,59,9,7.7,3.6
11/8/2011,25.6,17,25,60,9,9.3,5.1
11/9/2011,24.5,17,3,72,36,7.2,4.6
11/10/2011,21.5,10.6,0,55,27,7.7,4.1
11/11/2011,22.5,7.5,0,53,5,5.1,2.6
11/12/2011,26.1,14.5,0,54,9,6.2,3.9
11/13/2011,25.7,15.4,0,58,5,7.7,4.5
11/14/2011,24.6,13,0,56,9,6.2,3.6
11/15/2011,28.3,9.8,0,61,2,4.1,1.4
11/16/2011,29.2,12.8,0,59,9,6.2,2.6
11/17/2011,24.6,13.6,0,75,7,6.2,4.1
11/18/2011,26.2,16.5,0,74,5,5.7,3.4
11/19/2011,31,16.2,5,61,9,6.7,4.6
11/20/2011,27.5,16.7,18,76,34,4.6,2.1
11/21/2011,24.4,16,0,69,18,5.7,2.4
11/22/2011,25.4,11.5,0,54,5,8.2,3.6
11/23/2011,26,15.5,0,62,2,6.2,4.1
11/24/2011,29.7,15,0,63,5,5.1,2.1
11/25/2011,31,20.5,0,61,36,7.7,3.6
11/26/2011,29.2,13.5,0,59,5,5.7,3.9
11/27/2011,31.5,20.3,0,64,5,7.7,3.1
11/28/2011,32,18.5,0,64,14,5.1,2.7
11/29/2011,29,17,11,63,9,11.3,5.8
11/30/2011,24.8,12.5,0,56,23,10.8,7.4
12/1/2011,22.6,4.8,0,54,18,7.2,3.3
12/2/2011,25.1,11,0,46,9,6.2,3.1
12/3/2011,25.4,15,0,63,2,7.7,4.3
12/4/2011,25,16.9,0,72,9,8.7,6.3
12/5/2011,28,17.6,0,70,18,11.3,2.4
12/6/2011,28.8,13.3,0,67,18,7.2,5.1
12/7/2011,26.8,12.8,0,67,9,6.2,2.4
12/8/2011,27.7,15.3,0,56,9,7.2,4.1
12/9/2011,26,18.4,0,71,5,7.2,5.1
12/10/2011,28.8,18.3,0,67,5,6.7,5
12/11/2011,28,16.5,31,77,20,16.5,4.1
12/12/2011,24.6,11.7,0,49,23,10.8,6.2
12/13/2011,24.3,11.7,1,73,23,10.3,4.3
12/14/2011,22.6,15,5,79,14,10.3,7
12/15/2011,24.5,16.6,3,84,14,14.9,7.7
12/16/2011,24,15.3,0.5,89,18,14.9,8.6
12/17/2011,25.5,15,0,72,20,7.7,5.3
12/18/2011,26.6,12,0,71,9,7.7,4.3
12/19/2011,26.4,13.8,0,77,9,5.7,2.9
12/20/2011,31.7,15.3,0,61,5,6.2,2.9
12/21/2011,31.6,21.5,11,51,36,6.2,4.6
12/22/2011,31,18.5,0,74,18,14.4,5.1
12/23/2011,25,12.6,4,69,14,7.2,5.1
12/24/2011,21.9,6.4,0,53,18,6.2,2.9
12/25/2011,23,9.5,0,59,9,5.1,2.9
12/26/2011,26.5,15.1,0,62,9,7.7,4.8
12/27/2011,28,16.5,0,62,9,7.7,4.5
12/28/2011,28,16.2,0,64,5,7.7,4.8
12/29/2011,29,17.7,0,64,2,6.2,4.5
12/30/2011,28,19.2,0,63,9,6.2,2.6
12/31/2011,28.5,17.5,0,65,14,9.3,5.5
1/1/2012,29.2,18.5,0,65,5,6.2,3.9
1/2/2012,34.5,16.6,0,60,14,7.7,4.1
1/3/2012,28,13.4,0,65,11,7.2,3.9
1/4/2012,27.4,11.4,0,63,9,5.7,2.7
1/5/2012,33.5,19.1,0,52,36,6.7,3.9
1/6/2012,36.8,19.8,0,42,18,16.5,7.7
1/7/2012,27.2,14,0,65,9,6.7,5.7
1/8/2012,31,18.4,0,62,5,6.2,4.3
1/9/2012,36.6,20.2,0,56,9,6.2,4.8
1/10/2012,38.4,25.8,0,54,20,16.5,7
1/11/2012,28,18.5,3,84,14,7.7,2.9
1/12/2012,27.6,14.4,0,45,11,7.7,5
1/13/2012,26.2,11.8,0,57,9,12.9,5.5
1/14/2012,26.5,11.5,0,60,9,7.2,4.3
1/15/2012,29,15,0,62,9,5.7,3.8
1/16/2012,34.4,16.5,0,52,14,6.7,3.4
1/17/2012,31,15.2,0,64,14,7.2,5.7
1/18/2012,31.8,20.5,0,63,5,7.2,4.3
1/19/2012,33.6,22,0,66,9,5.1,3.3
1/20/2012,35.4,22.1,0,53,14,7.2,5.7
1/21/2012,33.8,22.3,4,65,11,6.2,3.3
1/22/2012,29.4,20,0,77,20,7.2,3.8
1/23/2012,29.2,17.7,15,82,11,6.7,3.9
1/24/2012,31.4,19.5,0,70,20,18.5,4.6
1/25/2012,26,11.8,0,56,18,8.2,5.3
1/26/2012,26,12.5,0,63,14,7.2,3.8
1/27/2012,28,18.5,0,58,11,7.7,5.7
1/28/2012,29.8,19.6,0,57,11,7.2,4.8
1/29/2012,34.5,20.5,0,57,7,5.1,3.8
1/30/2012,28.5,20.1,0.5,73,27,5.7,3.8
1/31/2012,30.2,20.5,0,71,29,14.9,4.1
2/1/2012,32.6,19.5,22,69,20,8.2,4.6
2/2/2012,30.8,19,10,80,18,13.4,1.9
2/3/2012,29.5,20.5,0.5,76,5,4.1,1.9
2/4/2012,32.8,23,0,71,2,5.7,3.3
2/5/2012,29,21.5,1,79,14,8.2,3.4
2/6/2012,32.2,19.4,0,76,2,4.6,2.4
2/7/2012,32.6,22,56,80,5,5.1,2.6
2/8/2012,31.3,20.7,0.5,71,18,16.5,7
2/9/2012,26.3,15,0,59,20,13.4,6.5
2/10/2012,26.2,13.5,0,69,23,8.2,3.8
2/11/2012,28.8,12.7,0,57,27,7.2,2.6
2/12/2012,29.5,16.4,0,56,36,6.7,4.3
2/13/2012,31.2,19.8,0,49,36,4.6,1.7
2/14/2012,32.2,17.6,0,63,5,5.7,4.1
2/15/2012,34,19.5,0,63,9,5.1,2.7
2/16/2012,32,20.2,8,73,20,19,6.7
2/17/2012,28.2,20.3,0,84,11,9.3,4.3
2/18/2012,33.5,23.3,17,76,36,12.9,3.9
2/19/2012,25.9,20.6,3,89,23,3.1,2.4
2/20/2012,26.2,21.4,11,90,36,12.3,3.1
2/21/2012,25,17.6,0,73,18,13.9,6
2/22/2012,26,10.6,0,68,5,5.7,2.1
2/23/2012,24.2,12.9,0,72,23,7.7,4.5
2/24/2012,25.5,14.5,0,73,14,5.7,3.1
2/25/2012,26.6,18.8,0.3,75,23,19.5,6.2
2/26/2012,25,15,0,65,29,13.4,4.8
2/27/2012,28.5,12.4,57,64,36,5.7,4.3
2/28/2012,23.8,16.8,0,83,32,17,3.3
2/29/2012,25.5,18.3,0,79,5,4.1,1.7
3/1/2012,25.4,16.7,0,75,25,14.4,5.8
3/2/2012,26.6,14.8,0,70,36,4.6,3.3
3/3/2012,28.5,18.6,0,66,2,5.7,3.1
3/4/2012,30.6,21,0,71,36,4.1,2.7
3/5/2012,29.8,18.4,27,88,20,18.5,5.3
3/6/2012,26.5,19.8,0,86,11,5.7,3.4
3/7/2012,28,19.3,0,89,18,3.1,1.5
3/8/2012,27.6,19.5,0,89,11,6.7,3.8
3/9/2012,27.2,19,0.6,79,7,13.4,5
3/10/2012,30.3,19.5,0,76,23,3.6,0.9
3/11/2012,26.6,21,0,83,9,7.2,5.7
3/12/2012,25.1,18.7,28,92,9,7.7,3.6
3/13/2012,26.2,18,0,79,23,4.1,2.1
3/14/2012,23,13.1,0,71,23,6.2,3.8
3/15/2012,23,10.2,0,76,23,3.6,2.2
3/16/2012,24.1,12.3,0,73,5,5.7,3.1
3/17/2012,26.2,15.8,0,77,5,5.1,3.3
3/18/2012,28.2,16.6,0,82,5,4.6,2.9
3/19/2012,29.5,17.5,20,78,14,17,5.1
3/20/2012,24.6,18.2,0,89,18,5.7,4.1
3/21/2012,25.2,16.6,0,86,25,4.6,2.2
3/22/2012,21.1,12.6,0,73,20,14.4,5.8
3/23/2012,21.2,7.4,0,72,23,4.1,2.2
3/24/2012,22,8.4,0,73,2,4.1,1.7
3/25/2012,23.5,12.1,2,79,32,4.1,2.4
3/26/2012,20.8,9.6,0,81,20,15.9,3.4
3/27/2012,17.4,7.3,0,68,27,14.9,4.5
3/28/2012,21.6,5.9,0,59,36,6.2,4.3
3/29/2012,24.1,14.3,0,67,32,4.1,2.1
3/30/2012,24.3,8.6,0,77,9,5.1,3.3
3/31/2012,26,13.8,0,71,5,6.2,2.7
4/1/2012,26.2,15.5,0,79,9,4.6,2.4
4/2/2012,25.5,12,0,81,18,6.7,3.3
4/3/2012,23.8,11.9,3,90,9,4.1,2.2
4/4/2012,24,18.1,28,85,9,15.9,8.4
4/5/2012,20.3,11.1,0,66,23,7.2,3.8
4/6/2012,23.4,7.3,0,52,29,12.9,3.3
4/7/2012,28,10.5,0,57,29,13.4,3.6
4/8/2012,22.2,10.3,0,67,16,5.7,3.9
4/9/2012,22.8,12.5,0,78,9,5.7,5
4/10/2012,23.8,16.3,0,87,9,7.7,3.8
4/11/2012,24.2,14.5,0,91,23,4.6,2.9
4/12/2012,23.8,14.5,0,87,7,4.1,2.4
4/13/2012,24.8,12.8,0,88,7,4.1,2.1
4/14/2012,24.3,16.1,6,91,23,5.1,3.1
4/15/2012,24.1,12.7,0,80,23,4.1,1.2
4/16/2012,25,9.6,0.5,75,36,4.6,2.4
4/17/2012,24.7,17.4,0,80,32,6.2,2.4
4/18/2012,25,9.2,0,81,27,2.6,1.4
4/19/2012,26.4,14.4,0,73,16,5.1,1.9
4/20/2012,27.1,11,0,75,29,5.1,2.1
4/21/2012,20.6,8,0,68,20,13.4,3.8
4/22/2012,17.6,3,0,62,27,4.6,1.9
4/23/2012,15,6,0,64,18,7.2,4.5
4/24/2012,15.7,0,1,69,34,4.1,1.9
4/25/2012,14.5,4.4,3,90,9,3.1,0.9
4/26/2012,15.2,9.6,0,73,27,6.2,4.6
4/27/2012,15.7,3.7,0,75,18,4.1,1.7
4/28/2012,12.2,8.4,4,90,18,5.1,2.7
4/29/2012,14.5,4.6,0,80,23,5.1,2.7
4/30/2012,17.1,2.4,0,75,36,3.6,2.2
5/1/2012,17.2,9,0,67,32,9.3,4.8
5/2/2012,20.4,10.5,0,74,36,12.3,3.9
5/3/2012,22.2,8.6,0,77,36,6.2,2.4
5/4/2012,23.1,9.4,0,78,2,4.6,2.4
5/5/2012,24.2,10.4,0,83,14,7.2,5.5
5/6/2012,19.6,13.6,0,83,7,6.2,5.1
5/7/2012,23.6,15.5,0,84,5,5.1,3.3
5/8/2012,22.7,15.4,4,87,11,6.2,3.6
5/9/2012,19,14.8,41,96,23,5.1,2.7
5/10/2012,20.2,14.2,9,88,27,4.6,2.7
5/11/2012,18.6,9.4,0,64,32,5.7,3.4
5/12/2012,15.4,6.5,0,73,27,5.7,3.6
5/13/2012,17,3.6,0,81,34,3.6,2.4
5/14/2012,20.2,7.5,0,73,36,4.1,2.6
5/15/2012,21,6.5,0,74,9,4.1,2.9
5/16/2012,20.5,10.8,0,76,5,6.7,4.5
5/17/2012,21.5,13.6,0,74,7,13.9,5.8
5/18/2012,18.6,13.3,4,91,23,5.1,2.4
5/19/2012,15.8,10.4,0,96,23,3.1,0
5/20/2012,20.4,12.3,4,93,20,4.1,2.6
5/21/2012,17,13,10,98,14,7.2,3.1
5/22/2012,16.5,12.6,0,99,20,3.6,2.4
5/23/2012,17.8,12.3,0,94,20,6.7,3.6
5/24/2012,16.9,9.8,0,91,11,4.6,3.1
5/25/2012,18.1,11,0,95,9,3.6,2.1
5/26/2012,17.8,14,0,96,5,4.6,2.6
5/27/2012,19.9,14.2,0,92,5,7.2,3.9
5/28/2012,20.4,12.2,0,93,36,4.6,1.7
5/29/2012,23,15,0,67,32,8.2,4.8
5/30/2012,16.6,7.3,0,78,25,4.6,2.2
5/31/2012,15.9,2.7,0,79,27,4.1,2.6
6/1/2012,17,3.6,0,73,36,5.7,3.3
6/2/2012,20.6,13.6,0,56,36,13.9,4.8
6/3/2012,15,6.6,0,76,27,7.2,4.5
6/4/2012,10.5,2.8,0,90,25,4.6,1.9
6/5/2012,13.2,2.4,1,78,2,6.2,3.9
6/6/2012,11,0.8,0,77,27,16.5,6.5
6/7/2012,9.4,-1.5,0,55,32,5.1,3.3
6/8/2012,12.7,1,0,59,27,4.6,2.1
6/9/2012,12.3,-1.8,0,65,34,12.3,3.9
6/10/2012,16.6,2.7,0,72,32,4.1,0.9
6/11/2012,16.7,-0.3,0,72,36,3.6,2.2
6/12/2012,14.3,9.4,0,94,5,5.7,2.7
6/13/2012,23,10.2,0,90,2,4.1,2.4
6/14/2012,20,10.6,0,83,23,5.7,3.1
6/15/2012,12.6,8.2,0.3,94,18,13.9,5.7
6/16/2012,10.4,\N,0,73,14,12.3,4.1
6/17/2012,9.5,\N,4,91,11,5.7,2.4
6/18/2012,11.5,\N,0,90,23,4.6,3.1
6/19/2012,14.5,\N,0,82,36,5.7,3.9
6/20/2012,15.6,\N,0,86,5,4.1,1.9
6/21/2012,16.4,\N,0,88,2,3.6,2.6
6/22/2012,18.5,\N,0,52,29,6.7,3.4
6/23/2012,18.6,\N,0,60,36,5.1,2.7
6/24/2012,17.8,\N,0,66,23,6.7,5.1
6/25/2012,12.2,\N,0,86,5,5.1,2.2
6/26/2012,17.3,\N,0,80,2,5.1,3.8
6/27/2012,21.6,\N,0,84,36,6.2,3.6
6/28/2012,19.8,\N,13,91,20,12.9,3.9
6/29/2012,18.6,\N,0,91,9,6.7,3.8
6/30/2012,14.9,\N,0,98,9,6.2,4.3
7/1/2012,19.7,\N,6,98,7,4.1,2.4
7/2/2012,16.4,\N,0,81,18,6.2,4.1
7/3/2012,12,\N,0,77,7,4.1,1.7
7/4/2012,9.1,\N,8,96,20,3.1,2.1
7/5/2012,11.1,\N,0,62,27,4.6,2.4
7/6/2012,10.6,\N,0,52,23,3.6,1
7/7/2012,12.5,\N,0,57,36,6.2,4.3
7/8/2012,13,\N,0,56,16,13.9,6.7
7/9/2012,12.6,\N,0,80,5,4.1,2.4
7/10/2012,10.6,\N,2,90,23,7.7,2.6
7/11/2012,10,\N,5,60,36,12.9,4.1
7/12/2012,11.9,\N,0,72,29,6.2,3.3
7/13/2012,16.1,\N,0,65,23,5.7,3.6
7/14/2012,11.2,\N,0,71,20,13.9,5.3
7/15/2012,9,\N,0,80,20,5.7,2.2
7/16/2012,9.5,\N,0,80,11,3.6,1.9
7/17/2012,13.6,\N,0,76,32,4.6,1.7
7/18/2012,16.4,\N,0,62,36,6.2,2.7
7/19/2012,16.2,\N,0,81,2,5.1,2.2
7/20/2012,16.1,\N,0,76,9,4.1,3.3
7/21/2012,19.6,\N,0,69,23,6.2,2.9
7/22/2012,12.4,\N,0,90,20,4.1,2.7
7/23/2012,9.1,\N,0,96,7,4.1,3.1
7/24/2012,12.6,\N,0,69,23,11.3,5.1
7/25/2012,12.6,\N,0,54,36,6.2,4.3
7/26/2012,14.6,\N,0,67,20,12.9,4.1
7/27/2012,10.4,\N,0,79,36,5.7,2.1
7/28/2012,15.6,\N,0,72,36,6.2,3.8
7/29/2012,12.2,\N,0,55,23,12.3,3.6
7/30/2012,12,\N,0,69,9,5.1,2.9
7/31/2012,13.3,\N,0.7,88,11,13.4,6.5
8/1/2012,13.4,\N,0,96,2,5.1,2.2
8/2/2012,12.6,\N,75,100,18,6.2,3.4
8/3/2012,11,\N,20,99,23,8.2,5.3
8/4/2012,12.8,\N,0,99,20,7.2,3.3
8/5/2012,15,\N,0,91,14,3.1,1.7
8/6/2012,14,\N,0,80,11,6.2,4.6
8/7/2012,17,\N,16,85,9,9.3,5
8/8/2012,16.4,\N,1,86,36,6.2,4.5
8/9/2012,15.6,\N,0,91,29,5.1,3.4
8/10/2012,20,\N,0,86,9,6.7,3.9
8/11/2012,15.2,\N,28,97,11,6.2,4.1
8/12/2012,15.6,\N,0,73,23,7.7,3.8
8/13/2012,16.4,\N,0,75,5,5.1,2.6
8/14/2012,13.7,\N,30,93,5,6.7,3.3
8/15/2012,17.4,\N,4,95,36,4.1,2.2
8/16/2012,16.3,\N,4,98,14,7.2,4.5
8/17/2012,17.2,\N,35,99,7,6.7,4.3
8/18/2012,20.1,\N,0,92,32,12.3,3.9
8/19/2012,19.3,\N,0,81,5,5.7,2.6
8/20/2012,14.5,\N,1,98,16,7.7,5.5
8/21/2012,15,\N,0,88,27,6.2,3.6
8/22/2012,21.2,\N,0,84,9,6.2,3.6
8/23/2012,26,\N,10,62,36,7.7,5.3
8/24/2012,18.6,\N,0.8,91,18,10.3,8.1
8/25/2012,11.2,\N,0,75,18,10.3,5.1
8/26/2012,11,\N,0,83,18,10.3,4.5
8/27/2012,12.1,\N,4,94,18,7.7,3.9
8/28/2012,14.7,\N,0,88,9,7.7,3.1
8/29/2012,16.5,\N,0,83,36,13.9,5.1
8/30/2012,17.8,\N,0,86,36,6.2,2.1
8/31/2012,20.8,\N,0,81,5,6.7,3.1
9/1/2012,22.9,\N,0,78,32,3.6,1.4
9/2/2012,21.8,\N,0,78,14,14.4,6
9/3/2012,16.3,\N,0,70,7,16.5,7.4
9/4/2012,15.5,\N,0.2,91,5,7.2,5.1
9/5/2012,13,\N,0,92,18,9.3,6.2
9/6/2012,16,\N,19,94,11,8.2,6.3
9/7/2012,18,\N,0.5,98,5,15.9,3.8
9/8/2012,19.4,\N,0,87,14,6.7,3.4
9/9/2012,16.1,\N,0,80,14,7.7,4.1
9/10/2012,16.2,\N,0,77,7,6.7,2.6
9/11/2012,19.7,\N,0,77,36,6.7,4.1
9/12/2012,23.8,\N,0,76,25,4.6,1.4
9/13/2012,24,\N,0,69,36,8.7,4.6
9/14/2012,22.5,\N,0,72,2,6.2,3.4
9/15/2012,24.9,\N,0,83,5,6.2,3.9
9/16/2012,21.6,\N,0,94,11,12.9,6.9
9/17/2012,18,\N,0,82,16,16.5,8.6
9/18/2012,17.2,\N,22,87,14,22.6,11.8
9/19/2012,12.3,\N,0.3,83,20,20.6,8.7
9/20/2012,19.1,\N,0,62,25,13.9,4.5
9/21/2012,18.5,\N,0,55,27,7.7,4.1
9/22/2012,20,\N,0,66,25,5.1,3.3
9/23/2012,19.4,\N,0,56,36,8.7,4.8
9/24/2012,16.5,\N,0,67,18,15.9,7.9
9/25/2012,13,\N,0,70,20,15.4,6.9
9/26/2012,13.5,\N,0,73,5,4.1,2.9
9/27/2012,18,\N,0,76,9,10.3,6.2
9/28/2012,19.9,\N,0,71,5,7.7,4.8
9/29/2012,20,\N,0,84,5,7.2,3.4
9/30/2012,23.6,\N,0,78,9,6.2,3.1
10/1/2012,23.2,\N,2,88,11,5.7,2.1
10/2/2012,15.6,\N,10,98,16,13.4,6
10/3/2012,17.6,\N,0.3,89,16,10.3,4.5
10/4/2012,18.4,\N,0,84,7,6.7,3.4
10/5/2012,22.4,\N,27,87,5,7.7,5.1
10/6/2012,20.3,\N,0,91,29,6.2,3.6
10/7/2012,17.5,\N,5,97,14,13.4,6.2
10/8/2012,19.8,\N,0.2,93,9,7.7,4.1
10/9/2012,22.4,\N,0,88,14,16.5,7
10/10/2012,15,\N,0,73,18,12.9,7.7
10/11/2012,17.8,\N,0,72,14,6.7,5
10/12/2012,20,\N,0,74,36,6.7,5
10/13/2012,21.5,\N,0,72,11,8.2,5.5
10/14/2012,23.5,\N,0,73,5,6.7,5
10/15/2012,23.5,\N,16,81,9,8.2,5.5
10/16/2012,19,\N,3,92,34,13.4,3.9
10/17/2012,20,\N,0,78,23,15.4,5.7
10/18/2012,19.5,\N,2,80,9,5.1,3.4
10/19/2012,21.2,\N,2,80,34,17,5
10/20/2012,22.5,\N,0.6,87,18,5.1,2.7
10/21/2012,24,\N,31,84,16,15.4,4.6
10/22/2012,18.5,\N,39,95,11,20.1,5.5
10/23/2012,18.2,\N,1,83,23,16.5,4.6
10/24/2012,22.6,\N,0,63,29,12.9,3.6
10/25/2012,23.2,8.1,0,58,5,5.7,3.8
10/26/2012,26.6,13.5,0,61,5,6.2,3.4
10/27/2012,26.5,15.2,0,73,18,7.7,6.9
10/28/2012,25,15,19,74,11,6.7,4.5
10/29/2012,21.2,16.5,25,98,18,17,6.9
10/30/2012,21.4,14.4,0,81,16,13.4,5.5
10/31/2012,21.6,11.7,0,78,9,4.6,3.3
11/1/2012,27.2,12.3,0,71,23,3.6,2.2
11/2/2012,27.4,13.7,0,63,36,4.1,2.2
11/3/2012,28.9,15.6,0,66,34,5.1,3.4
11/4/2012,24.8,14.4,0,68,14,5.1,3.8
11/5/2012,30.8,17.3,0,61,27,4.6,2.1
11/6/2012,33,17.2,0,59,32,4.6,2.7
11/7/2012,33.3,21.6,0,56,34,4.1,3.6
11/8/2012,33.5,20.3,0,57,5,5.7,4.3
11/9/2012,28,13.2,18,84,18,18.5,6.2
11/10/2012,19,9.3,0,81,14,14.9,7.2
11/11/2012,20,11.6,0,73,14,11.8,5.5
11/12/2012,21,12.3,0,71,14,8.2,5.5
11/13/2012,21.6,8.3,0,70,14,7.2,5
11/14/2012,22.2,11.3,0,72,5,6.7,5
11/15/2012,23,15,0,70,2,6.2,4.1
11/16/2012,26,15,0,72,9,6.2,3.9
11/17/2012,26.2,14.7,0,71,9,7.2,5.3
11/18/2012,25,19,0,80,5,5.1,2.1
11/19/2012,28.8,14.4,0,71,36,4.1,2.9
11/20/2012,27,14.8,0,81,11,6.7,4.8
11/21/2012,30.5,19.4,0,58,5,12.3,6.5
11/22/2012,27.2,17.3,19,91,18,12.9,4.1
11/23/2012,22.2,14.7,0,82,18,5.7,2.7
11/24/2012,24.8,11.4,0,64,18,7.2,5
11/25/2012,22.1,8,0,54,5,5.1,3.6
11/26/2012,23,16.3,0.8,74,18,7.7,1.9
11/27/2012,31,12.1,0.1,64,36,5.1,2.4
11/28/2012,24.5,14.5,0,62,14,14.4,7
11/29/2012,23.2,12.4,14,65,11,14.4,7.4
11/30/2012,25.5,17,1,82,5,18,4.3
12/1/2012,28.2,14.3,0,48,23,8.2,4.3
12/2/2012,30.4,15.7,7,57,36,7.2,3.3
12/3/2012,32.1,19.4,0,64,32,4.1,2.7
12/4/2012,29.4,19.3,0,81,9,14.4,4.5
12/5/2012,30,21.4,0,82,14,6.7,5.1
12/6/2012,25,21.4,46,95,5,14.4,5.3
12/7/2012,25,15,0,59,29,13.9,4.1
12/8/2012,28.6,14.2,0,49,29,15.4,3.3
12/9/2012,31.8,13.7,0,48,34,5.7,2.6
12/10/2012,30.1,17.5,15,71,20,28.3,4.1
12/11/2012,29,14,0,67,23,4.6,2.2
12/12/2012,31.2,16.3,0,57,36,5.7,2.9
12/13/2012,27.5,13.7,0,61,7,6.7,2.1
12/14/2012,28.7,17.2,0,55,36,8.7,3.6
12/15/2012,31.1,18.2,0,67,32,4.1,1.9
12/16/2012,24.9,20,2,84,5,5.7,2.2
12/17/2012,26.4,12.9,0,52,27,5.7,2.9
12/18/2012,23.6,12.5,0,69,5,8.2,6.2
12/19/2012,26.2,18.4,39,81,5,14.4,5.7
12/20/2012,25,18.5,0,76,9,16.5,4.5
12/21/2012,26.8,14.5,0,49,5,4.6,1.7
12/22/2012,29,15.4,0,50,5,7.2,4.6
12/23/2012,29.6,20.2,0,69,5,6.2,3.1
12/24/2012,35.2,21.7,63,67,34,15.4,5.8
12/25/2012,32.2,19,0,74,25,15.4,2.9
12/26/2012,23,12.9,0,62,20,12.9,5.3
12/27/2012,22.5,13.2,0,72,14,5.1,4.3
12/28/2012,25.7,15.1,0,62,36,6.2,4.3
12/29/2012,28.5,15,0,65,34,5.1,3.4
12/30/2012,30.6,22,0,60,34,5.7,3.3
12/31/2012,30,21,0,68,27,17,3.1
1/1/2013,21.3,9.2,0,55,25,13.4,6
1/2/2013,23,7.6,0,58,9,5.1,2.6
1/3/2013,24.6,13.4,0,65,7,6.2,4.3
1/4/2013,29,16,45,71,7,7.2,5
1/5/2013,29.4,18.5,0,71,34,12.9,3.8
1/6/2013,29.8,18.2,0,77,36,3.6,1.5
1/7/2013,31.7,23.6,0,68,20,5.1,2.6
1/8/2013,28.6,15.2,0,81,7,3.6,2.6
1/9/2013,28.3,18.3,0,64,9,7.2,5.5
1/10/2013,29.6,19.7,0,62,5,5.1,3.3
1/11/2013,29.9,20.2,0,64,9,5.1,4.1
1/12/2013,28.6,20.6,0,59,36,4.6,3.4
1/13/2013,29.5,18.5,0,61,5,5.1,3.9
1/14/2013,29,21.2,0,68,9,4.6,3.1
1/15/2013,28.7,20.2,0,68,9,6.2,4.3
1/16/2013,30.4,20,12,70,9,6.2,2.6
1/17/2013,30.2,18.8,0,68,11,7.7,5
1/18/2013,27.5,16.5,12,74,20,6.7,4.3
1/19/2013,24.8,18,4,78,16,14.4,6.7
1/20/2013,25,14,0.6,78,9,7.7,3.9
1/21/2013,25.8,16.2,0,65,9,6.7,4.8
1/22/2013,28.2,19.6,0,68,9,6.2,4.3
1/23/2013,31.2,17.5,0,72,36,4.6,2.9
1/24/2013,35.5,19.4,0,72,18,20.1,4.5
1/25/2013,22.4,12.8,0,53,20,15.4,5.7
1/26/2013,28,8.8,0,44,36,5.7,2.6
1/27/2013,29.9,14.8,0,47,34,13.9,4.1
1/28/2013,32,22.8,0,59,32,5.7,3.8
1/29/2013,33.5,21,0,63,14,6.7,2.2
1/30/2013,32.2,20.6,0,72,14,5.7,3.9
1/31/2013,31.6,18.4,0,78,5,4.1,2.6
2/1/2013,33.6,22,0,60,32,6.7,5.1
2/2/2013,31.3,19,0,66,14,13.4,6
2/3/2013,24.5,8.1,0,50,9,7.7,5
2/4/2013,25.7,13.2,0,46,5,5.7,3.6
2/5/2013,28.7,14.2,0,54,5,5.7,3.6
2/6/2013,29,17.5,0,61,9,5.1,4.6
2/7/2013,29.2,17.1,0,67,11,6.7,4.1
2/8/2013,30.5,20,0,59,9,6.2,5.3
2/9/2013,31.5,19.5,0,69,9,6.7,4.5
2/10/2013,32.2,20.6,4,75,5,16.5,4.8
2/11/2013,32,19.5,0,72,23,5.7,2.1
2/12/2013,34.6,21,0.7,54,27,5.1,2.9
2/13/2013,33.6,19,0,62,32,7.2,2.6
2/14/2013,30.6,18.6,8,75,14,16.5,3.1
2/15/2013,30.8,18.5,0,62,9,5.1,2.9
2/16/2013,32.4,22.8,0,72,5,5.7,4.6
2/17/2013,31,21.6,0,62,16,15.9,6.7
2/18/2013,26,12,0,48,14,12.9,5
2/19/2013,18.7,14.3,8,86,16,5.7,2.9
2/20/2013,23.5,13.9,27,80,14,13.9,6.2
2/21/2013,24.3,17.5,0,82,14,6.7,3.8
2/22/2013,26.2,14.6,0,73,5,8.2,5.1
2/23/2013,27.6,19.6,35,71,5,12.9,3.1
2/24/2013,28.8,19.4,0,69,36,5.1,3.3
2/25/2013,23.6,13,0,60,20,13.4,4.5
2/26/2013,22.6,8.4,0,60,20,12.9,4.3
2/27/2013,25.5,8.2,0,66,9,4.6,2.2
2/28/2013,23.1,11.5,0,72,11,8.2,4.8
3/1/2013,25.7,15.2,82,66,9,13.9,7.4
3/2/2013,25.3,19.4,0,74,11,16.5,5.3
3/3/2013,24.1,13.9,0,73,20,5.7,3.3
3/4/2013,22.4,9.7,0,68,20,6.2,3.6
3/5/2013,25.1,11.4,0,62,36,5.1,2.4
3/6/2013,26.1,13,0,66,36,12.9,4.3
3/7/2013,25.5,15.8,0,83,11,4.1,3.4
3/8/2013,28.6,15.5,5,75,9,5.7,4.5
3/9/2013,27.6,19,0,90,5,5.1,2.6
3/10/2013,25.4,16.2,0,60,20,15.9,5.5
3/11/2013,25,9,0,72,32,4.1,2.7
3/12/2013,21.5,13.1,0,61,18,13.4,4.6
3/13/2013,18.5,8.5,0,73,23,7.2,2.9
3/14/2013,19,5.6,1,65,18,6.2,3.1
3/15/2013,16.2,8.5,0,81,20,6.7,3.4
3/16/2013,19.6,3,0,70,16,5.1,3.4
3/17/2013,18,5.3,0,69,9,12.9,5.3
3/18/2013,22,9,2,71,9,8.2,4.3
3/19/2013,22.7,10,0,85,9,13.4,6.2
3/20/2013,20.7,17.8,5,90,9,15.4,6.2
3/21/2013,26.4,17.1,0,72,20,13.9,5
3/22/2013,23.6,6.9,0,67,36,4.6,2.4
3/23/2013,25.5,11.4,0.5,75,32,3.1,2.2
3/24/2013,24.3,10.7,0,77,9,4.6,2.9
3/25/2013,23.7,15.4,5,80,18,13.4,3.4
3/26/2013,23.5,11.4,0,82,20,4.6,3.1
3/27/2013,23.5,8.5,0,78,5,4.1,1.7
3/28/2013,24.4,9.5,0,74,32,4.1,2.1
3/29/2013,26.3,10.8,0,73,36,4.1,3.4
3/30/2013,26.5,15.2,0,76,5,4.6,3.1
3/31/2013,28.3,15.7,0,78,18,13.4,3.6
4/1/2013,23.2,19,15,89,9,13.9,6.5
4/2/2013,23,18.9,181,91,18,17.5,6.3
4/3/2013,23.1,16.3,0,91,34,4.1,2.6
4/4/2013,22.9,13.2,0,83,27,3.1,0.9
4/5/2013,26.2,13.4,0.2,72,27,4.1,2.9
4/6/2013,19.2,10,0.2,62,20,19.5,3.1
4/7/2013,20.8,5,0,59,27,3.6,1.7
4/8/2013,23.6,8.2,0,66,5,3.6,1.5
4/9/2013,22.6,8.3,0,70,7,6.2,3.6
4/10/2013,20,14.2,9,80,7,7.7,5.5
4/11/2013,19.7,10.6,8,85,9,14.4,3.3
4/12/2013,18.8,10,0,65,23,14.4,4.5
4/13/2013,18,4.2,0,56,29,12.9,2.7
4/14/2013,24.4,9.2,0,47,29,13.9,4.6
4/15/2013,23.8,10.5,0,60,23,7.7,4.8
4/16/2013,18.5,6.2,0,83,18,5.1,2.1
4/17/2013,21,5.5,0,79,36,4.6,2.2
4/18/2013,24.8,8.2,0,70,36,3.1,2.2
4/19/2013,27.5,11,0,82,32,3.6,1.7
4/20/2013,26.9,11,0,74,9,3.6,1.7
4/21/2013,25.5,10.6,0,78,7,4.6,3.1
4/22/2013,22.6,12.6,0,89,5,4.1,2.7
4/23/2013,25.8,8.9,0,85,2,2.6,1.4
4/24/2013,25.3,10.8,0,79,36,4.1,2.6
4/25/2013,26,11.2,0,81,36,4.6,1.9
4/26/2013,26.1,10.7,0,81,9,5.1,2.9
4/27/2013,23.5,14.6,24,82,9,5.7,4.6
4/28/2013,22,16.4,0.3,87,27,4.6,3.3
4/29/2013,20.7,11.8,0,83,20,9.3,3.1
4/30/2013,21.6,9,0,88,5,3.6,1.7
5/1/2013,19.2,13.1,4,90,5,6.2,3.6
5/2/2013,20.5,17,10,94,14,5.1,3.3
5/3/2013,17.4,12.6,42,97,14,19.5,6.3
5/4/2013,19.2,7,0,79,20,4.1,2.2
5/5/2013,19.3,9.4,0,80,20,5.1,2.1
5/6/2013,23.5,11.2,0,70,18,13.9,5.7
5/7/2013,17,5.4,0,62,32,4.1,2.9
5/8/2013,22.2,11.6,0,62,34,13.4,4.8
5/9/2013,22,13,0,79,36,5.1,3.4
5/10/2013,22,12.5,7,84,36,5.7,2.4
5/11/2013,21.9,12.6,0,82,23,4.6,2.1
5/12/2013,20.2,7.7,0,86,20,2.6,1
5/13/2013,19.7,8,0,91,7,3.1,1.9
5/14/2013,20.5,12.7,17,89,32,5.1,1.7
5/15/2013,14.5,4.8,0,56,25,12.9,5.1
5/16/2013,12.6,1.8,0,73,23,4.1,1.9
5/17/2013,14.6,2.3,0,80,36,4.1,1.7
5/18/2013,12.8,2.6,2,81,2,4.6,1.5
5/19/2013,13.5,8.9,0,86,18,3.1,1.9
5/20/2013,12.7,7.8,0,93,23,3.6,2.6
5/21/2013,16.4,5.8,0.8,87,18,4.6,2.7
5/22/2013,17,11.6,0,93,18,4.1,1.9
5/23/2013,16.8,8.9,0,98,2,2.6,1
5/24/2013,17,8.5,0,86,27,4.6,2.4
5/25/2013,16.8,4.9,0,88,5,5.1,2.9
5/26/2013,18.2,10.8,0,87,36,5.7,3.4
5/27/2013,19.2,6,0,81,9,4.6,2.6
5/28/2013,16.5,10.6,21,98,29,16.5,2.4
5/29/2013,17.8,8.8,0,68,25,4.1,2.7
5/30/2013,17.6,6,0,59,29,14.9,6
5/31/2013,18.5,13.4,0,64,34,14.9,6.7
6/1/2013,19.9,8.3,0,64,34,4.6,3.3
6/2/2013,16.4,7.4,0,68,27,3.6,2.9
6/3/2013,19.2,6.9,0,56,34,5.1,3.4
6/4/2013,19.9,12.4,0,62,29,14.9,3.9
6/5/2013,22,6.4,0,62,27,16.5,4.3
6/6/2013,13.9,5.3,0,81,20,4.6,2.2
6/7/2013,18.4,5.2,0,70,34,14.4,3.6
6/8/2013,13.8,0.1,1,78,5,4.1,2.6
6/9/2013,15,5.1,3,94,5,2.6,1
6/10/2013,19.1,9.8,0,86,27,3.6,2.1
6/11/2013,19.3,5.6,0,93,36,3.6,1
6/12/2013,21.4,9.2,0,80,34,4.6,3.4
6/13/2013,23.1,16,0,88,34,4.1,2.9
6/14/2013,17.8,5.2,0,74,18,6.7,5
6/15/2013,14,2.4,0,70,2,6.7,4.3
6/16/2013,12.9,7,9,98,20,14.4,1.7
6/17/2013,13.3,0.2,0,87,20,2.6,1.9
6/18/2013,15.2,5.4,0,80,36,6.7,2.6
6/19/2013,10,-0.8,0,67,20,6.2,2.9
6/20/2013,12.6,-2,0,70,2,3.6,1.7
6/21/2013,14.5,-1.9,0,71,34,2.6,1.4
6/22/2013,12.5,5,0,70,20,13.9,3.1
6/23/2013,12.5,1.7,0,84,20,2.6,0.9
6/24/2013,13,-0.8,0,85,9,3.6,2.6
6/25/2013,13.7,1.4,0,92,20,3.1,1.9
6/26/2013,15,1.1,0,83,34,6.2,3.6
6/27/2013,16.5,7.8,0,77,32,4.6,3.3
6/28/2013,14.3,10,0,91,36,3.1,2.2
6/29/2013,17.4,5.2,0.5,63,23,9.3,3.4
6/30/2013,15.4,0.8,0,78,34,4.1,1.7
7/1/2013,15,-0.4,0,78,34,4.1,1.9
7/2/2013,18.5,8.8,0,56,36,14.4,5
7/3/2013,20,10.7,0,80,34,12.3,3.3
7/4/2013,15.9,9.6,2,99,9,5.7,1.9
7/5/2013,15,12,0,100,18,4.1,2.6
7/6/2013,16.7,8.9,0.5,94,29,12.3,3.3
7/7/2013,11.4,3,0,83,18,13.4,2.7
7/8/2013,11.6,-1.2,0,86,11,6.2,2.7
7/9/2013,10.6,2.6,20,95,7,17.5,2.4
7/10/2013,14.8,9,39,99,9,5.1,3.4
7/11/2013,18.3,12.6,13,100,34,5.1,2.6
7/12/2013,12.9,8.5,0.1,95,18,3.6,1.7
7/13/2013,15,5.7,0,86,36,5.1,2.6
7/14/2013,14.2,6.9,0,70,23,4.1,2.9
7/15/2013,15.2,1.8,0,68,34,5.1,2.6
7/16/2013,21.3,9.7,0,60,27,6.2,4.5
7/17/2013,21.5,10.6,0.5,79,36,5.1,3.6
7/18/2013,18,3.5,0,78,18,16.5,7.9
7/19/2013,9.5,-1,0,77,18,5.1,2.4
7/20/2013,11.7,3.3,0,70,34,6.2,3.8
7/21/2013,6.5,-0.2,0,89,29,6.2,4.3
7/22/2013,7.6,1.9,0,83,27,12.9,5.3
7/23/2013,10,0.9,0,61,27,5.7,3.6
7/24/2013,12,1.4,0,80,23,3.1,1.2
7/25/2013,13.8,1,0,67,36,14.9,5
7/26/2013,14.1,5.6,0,69,5,6.7,4.3
7/27/2013,18.2,7.4,0,81,36,4.6,1.4
7/28/2013,17.5,1.4,0,90,7,4.1,2.4
7/29/2013,18.3,4.9,0,88,7,3.1,0.9
7/30/2013,15.7,5.4,0,89,9,6.2,3.6
7/31/2013,20,11.8,0,84,18,5.7,2.1
8/1/2013,15.5,9.2,0.9,94,18,7.2,4.8
8/2/2013,10.5,8,0,82,20,5.7,3.1
8/3/2013,12.4,3.4,0,86,9,5.7,1.4
8/4/2013,17.4,4.8,0,77,36,5.7,2.7
8/5/2013,19.7,11.4,0,55,29,12.9,5.3
8/6/2013,18,5,0,57,36,4.6,3.1
8/7/2013,20.6,9.9,0,69,23,6.2,4.8
8/8/2013,15.2,6.7,0,61,20,6.2,2.7
8/9/2013,13.3,0.4,0,68,23,5.7,2.1
8/10/2013,13.5,-1.2,0,58,36,7.2,3.6
8/11/2013,16.6,8.7,0,45,34,14.4,4.6
8/12/2013,15.5,5.5,0,76,18,15.9,4.5
8/13/2013,10.6,-1.8,0,66,20,12.9,4.5
8/14/2013,13.2,-0.6,0,54,27,5.1,3.1
8/15/2013,13.2,7.4,0,54,36,19.5,7
8/16/2013,16.6,6.2,0,50,20,13.4,3.9
8/17/2013,12.4,1.3,0,87,5,6.2,2.2
8/18/2013,18,4.4,0,76,2,7.2,3.3
8/19/2013,22,9,0,74,34,6.2,3.6
8/20/2013,23.2,7.1,5,80,9,5.1,2.6
8/21/2013,18.7,11.6,0,93,9,6.7,2.7
8/22/2013,13.7,4.6,0,55,20,18.5,7.2
8/23/2013,10.2,-1.8,0,63,20,13.4,2.4
8/24/2013,11.6,-0.5,0,77,9,5.1,2.6
8/25/2013,10,-1.4,0,74,23,6.2,4.1
8/26/2013,11,-2.6,0,68,18,14.4,4.1
8/27/2013,12.6,-1.8,0,66,32,13.4,5
8/28/2013,21.2,9.2,0,45,34,13.4,6.9
8/29/2013,22.3,11.7,0,48,34,13.4,6.7
8/30/2013,23.8,12.4,0,63,34,6.7,3.9
8/31/2013,23.4,6.8,0,65,2,4.1,2.7
9/1/2013,25,6.2,0,72,16,4.6,3.4
9/2/2013,19,8.3,0,66,18,14.4,5.8
9/3/2013,14.1,4.5,0,66,18,12.9,4.5
9/4/2013,12.8,-0.8,0,72,9,5.7,3.9
9/5/2013,14.4,9.4,0,85,5,6.2,3.9
9/6/2013,22.8,7,47,79,9,6.2,3.9
9/7/2013,17.1,14,30,99,5,13.4,4.8
9/8/2013,22.6,12.4,0,73,27,4.1,2.9
9/9/2013,26.3,12,0,72,36,12.3,5.7
9/10/2013,31,21,0,65,36,17,5.8
9/11/2013,24.5,14.6,0,85,9,6.7,5.7
9/12/2013,16.8,12.4,7,99,18,15.4,7
9/13/2013,12.5,7.7,0,92,16,15.4,9.4
9/14/2013,11,5.2,0.3,83,18,14.4,7.2
9/15/2013,11.6,5.8,21,97,16,15.9,8.2
9/16/2013,10,6,39,99,20,19.5,10.1
9/17/2013,11.2,3.8,0,74,23,16.5,5.3
9/18/2013,16.9,2.9,0,47,29,16.5,5.3
9/19/2013,19.4,7.5,0,52,36,6.7,3.8
9/20/2013,19,10.5,0,67,36,6.7,2.4
9/21/2013,14.6,4.5,3,79,18,5.1,2.7
9/22/2013,13,5.3,0,81,16,6.7,4.8
9/23/2013,14,1.2,0,72,18,5.7,3.3
9/24/2013,13.2,1.4,0,75,11,5.7,3.3
9/25/2013,15.5,2.7,0,77,7,6.2,3.9
9/26/2013,17.8,7.4,0,71,5,6.7,4.3
9/27/2013,18.2,10.6,0,78,11,7.7,4.5
9/28/2013,18,12.6,21,89,9,12.9,5
9/29/2013,15.5,6.5,6,91,27,4.1,1.4
9/30/2013,14,6.4,0,77,32,4.6,3.4
10/1/2013,16.1,4.7,0,88,27,3.1,2.2
10/2/2013,17.2,6.5,0,90,9,6.2,3.3
10/3/2013,17.5,8.2,7,86,9,6.2,4.3
10/4/2013,18.3,10.9,0,73,16,7.7,5.1
10/5/2013,16.7,6.9,0,82,2,4.1,2.7
10/6/2013,21.7,6.6,0,66,34,3.6,3.1
10/7/2013,21.5,11.5,0,69,36,6.7,3.8
10/8/2013,23,11.4,0,68,5,7.2,5.7
10/9/2013,25.5,15.4,9,70,18,17,4.5
10/10/2013,22.8,13.6,0,83,11,5.7,4.5
10/11/2013,19,13,0,77,11,14.9,7.9
10/12/2013,19.8,13.8,0.2,86,11,12.9,7.5
10/13/2013,21.6,15.6,0,92,9,5.7,3.6
10/14/2013,25.1,13.2,0,79,5,4.6,1.9
10/15/2013,26.3,12.5,0,65,9,4.1,2.6
10/16/2013,26,17.1,0,69,7,4.1,2.2
10/17/2013,26.4,14.4,0,83,36,7.2,2.9
10/18/2013,24.8,13.4,0,78,23,3.6,2.1
10/19/2013,25.8,12.8,11,66,36,5.7,4.1
10/20/2013,24.4,16.6,3,85,7,4.6,2.6
10/21/2013,17.5,9.3,0,78,18,10.8,5.1
10/22/2013,19.8,9,0,68,7,13.4,4.8
10/23/2013,21.6,13.8,0,81,18,20.1,4.5
10/24/2013,16.5,6,0,67,18,8.2,6
10/25/2013,15.4,5.2,0,71,9,12.9,4.3
10/26/2013,24.3,14.2,0,79,32,3.6,1.9
10/27/2013,20.5,8.4,0,53,18,12.3,5
10/28/2013,21,8.6,0,50,5,5.7,4.5
10/29/2013,23.1,12.6,0,67,9,6.7,3.6
10/30/2013,22.8,12.3,0,75,11,7.7,6.2
10/31/2013,21.4,16.7,0.6,84,7,13.4,6.5
11/1/2013,19.6,17.6,47,97,11,6.2,3.9
11/2/2013,20.4,14.6,0,85,20,13.4,6.2
11/3/2013,22.3,10.8,0,69,20,7.2,3.6
11/4/2013,20.1,7.6,0,79,7,5.7,4.3
11/5/2013,22,10.2,0,74,5,4.6,3.8
11/6/2013,25.4,14.8,0,59,11,13.4,6.5
11/7/2013,22.5,14.4,8,88,20,14.4,2.9
11/8/2013,21.2,12.2,0,91,5,4.6,1.7
11/9/2013,23.6,14,0,84,14,14.9,7.5
11/10/2013,25.1,17.7,0,86,9,7.2,3.9
11/11/2013,21.6,15.4,0,84,20,5.7,4.1
11/12/2013,27.2,12,0,51,25,6.7,4.1
11/13/2013,25.8,10.7,0,58,7,7.2,6
11/14/2013,31.5,18.1,22,47,2,14.9,5.8
11/15/2013,28.4,15.8,0,65,25,18.5,5.8
11/16/2013,24,7.3,0,66,18,5.1,3.3
11/17/2013,25.6,13.8,0,57,36,4.6,3.6
11/18/2013,28,18.8,0,69,2,4.1,2.9
11/19/2013,22,15,3,79,16,7.2,4.8
11/20/2013,22.5,13,0.3,87,14,5.7,3.8
11/21/2013,25.3,14.8,0,83,9,7.2,2.1
11/22/2013,25.4,12.6,0,77,9,4.6,2.7
11/23/2013,27,18.4,0,67,7,6.2,3.3
11/24/2013,30,19.3,3,65,5,6.7,5
11/25/2013,27.2,18.9,10,86,18,12.9,3.9
11/26/2013,20.1,14.7,53,95,16,13.4,7
11/27/2013,20.5,13.8,3,94,20,14.4,5.8
11/28/2013,27.6,9.4,0,69,29,4.1,2.7
11/29/2013,22.8,11.4,0,59,11,7.2,5.8
11/30/2013,29,15.9,0,62,5,5.1,3.8
12/1/2013,27.4,19.4,0,76,36,4.6,2.7
12/2/2013,31.8,16.2,25,79,27,32.9,2.9
12/3/2013,21.2,9.8,0,47,18,7.7,3.6
12/4/2013,29.5,11.9,0,54,16,13.4,6.9
12/5/2013,23.5,11.4,0,67,16,6.2,3.4
12/6/2013,24.2,6.4,0,54,36,5.1,2.1
12/7/2013,29.4,13.4,0,54,36,6.7,3.9
12/8/2013,31.5,22.6,0.6,62,34,5.7,3.4
12/9/2013,26,17.3,0,73,18,14.4,4.8
12/10/2013,22.7,11.4,0,74,14,7.7,5
12/11/2013,25.5,12,0,67,9,5.1,3.1
12/12/2013,28,14.6,0,62,32,5.7,3.4
12/13/2013,29.3,19.6,0,59,7,4.6,3.3
12/14/2013,33.5,18.2,0,53,7,13.9,2.2
12/15/2013,34,19.6,0,56,36,3.6,2.6
12/16/2013,32.7,21.1,0,71,11,4.6,2.9
12/17/2013,35.5,19.6,0,55,36,4.6,2.9
12/18/2013,32,21.9,0,72,16,13.9,5.5
12/19/2013,30,21.3,0,71,9,6.7,5.5
12/20/2013,29.2,21,0,73,5,6.2,4.3
12/21/2013,30.7,21,0,71,9,7.7,4.1
12/22/2013,32.7,21.4,0,66,9,5.1,3.8
12/23/2013,33.8,22.1,0,57,9,6.2,4.1
12/24/2013,35.2,23.1,0,52,5,4.6,3.6
12/25/2013,37,24.4,0,45,36,5.7,3.3
12/26/2013,39,22,5,58,25,14.4,2.2
12/27/2013,34,20.6,0,58,9,4.6,3.8
12/28/2013,34.4,20.6,0,52,2,4.1,3.1
12/29/2013,37.4,21.2,0,51,27,4.6,1.9
12/30/2013,37.2,25,5,43,18,6.2,3.4
12/31/2013,29.4,19.1,0,54,7,5.1,2.7
1/1/2014,33.5,21.2,20,66,\N,\N,1.2
1/2/2014,28,17.4,14,84,\N,\N,4.5
1/3/2014,24,9.6,0,46,\N,\N,4.5
1/4/2014,29.5,12.9,0,43,\N,\N,4.8
1/5/2014,32,16.2,0,64,\N,\N,3.8
1/6/2014,35,21.6,4,45,\N,\N,5.3
1/7/2014,29.4,18.4,12,85,\N,\N,3.8
1/8/2014,27.3,14.8,0,71,\N,\N,4.5
1/9/2014,31.5,17.3,12,68,\N,\N,3.6
1/10/2014,31.5,18.8,0,71,\N,\N,3.6
1/11/2014,25.6,13.2,0,50,\N,\N,6.5
1/12/2014,23.1,8.8,0,65,\N,\N,5
1/13/2014,26,17.7,0,67,\N,\N,4.1
1/14/2014,28.5,19.8,0,68,\N,\N,4.1
1/15/2014,33.5,19.6,0,58,\N,\N,3.4
1/16/2014,34.3,18.8,0,61,\N,\N,3.4
1/17/2014,36,24.4,0,53,\N,\N,2.9
1/18/2014,37.2,24.6,0.5,52,\N,\N,3.6
1/19/2014,32,21.3,0,65,\N,\N,6
1/20/2014,32.5,22.1,17,64,\N,\N,5.1
1/21/2014,30.6,19.3,9,84,\N,\N,4.1
1/22/2014,29.8,20,0,85,\N,\N,5.7
1/23/2014,32.6,22.4,67,80,\N,\N,7.2
1/24/2014,24.3,16.3,5,70,\N,\N,7.7
1/25/2014,21.8,9,0,62,\N,\N,3.6
1/26/2014,25.2,12.2,0,68,\N,\N,3.9
1/27/2014,28.2,17.5,5,78,\N,\N,2.7
1/28/2014,27,21.6,27,90,\N,\N,1.5
1/29/2014,27.4,20,0,86,\N,\N,3.8
1/30/2014,29.5,20.1,0,80,\N,\N,3.9
1/31/2014,32.4,22.3,0,75,\N,\N,3.3
2/1/2014,27.3,19,15,89,14,7.2,3
2/2/2014,25.4,20.6,5,87,23,16.5,3
2/3/2014,25,19.2,0.6,89,5,9.8,3.5
2/4/2014,27.6,17.1,0,85,9,6.2,3.1
2/5/2014,31.3,22.5,47,84,18,15.4,4.2
2/6/2014,23.5,15.4,38,90,16,14.4,2.8
2/7/2014,25.7,20,21,96,9,3.6,2.3
2/8/2014,28.6,19.5,27,93,20,21.1,3.7
2/9/2014,27.7,19.2,0,86,18,5.7,2.7
2/10/2014,27.1,17.4,0,86,7,6.2,3.6
2/11/2014,25.4,20.3,12,92,5,13.4,3.7
2/12/2014,27.5,17.8,0,84,7,6.7,4
2/13/2014,25.3,18.2,0,80,9,13.4,6.9
2/14/2014,23,14,0,74,11,8.2,5.5
2/15/2014,24.4,16.8,0,68,9,14.4,6.2
2/16/2014,25.5,19.7,0,78,\N,\N,6.7
2/17/2014,27.8,20.7,0,77,5,13.4,4.8
2/18/2014,28.8,20.6,0,81,5,6.2,3.9
2/19/2014,26,20.2,0,89,5,4.6,2.2
2/20/2014,27,18.3,0,90,\N,\N,0.6
2/21/2014,26.5,18.5,58,96,9,4.6,1.9
2/22/2014,26.1,16.5,0,79,18,5.1,3
2/23/2014,26.5,13.8,0,81,9,5.7,1.2
2/24/2014,27.6,15.7,0,77,16,14.4,5
2/25/2014,22.4,12.4,0,76,18,12.3,5.3
2/26/2014,22.8,12.1,0,75,18,7.2,5.3
2/27/2014,23,9.6,0,82,18,4.6,2.8
2/28/2014,23.2,11.8,0,87,5,6.7,3.3
3/1/2014,24.8,13.2,0,85,5,4.6,2.2
3/2/2014,24.7,12.6,0,83,9,7.7,3.2
3/3/2014,24.4,15.7,13,85,14,8.2,3.4
3/4/2014,24.6,18.6,7,84,7,14.9,5.1
3/5/2014,28.1,17,0,83,23,6.7,2.7
3/6/2014,23.2,17.1,0,81,20,6.7,4.1
3/7/2014,26,10.1,0,80,23,4.6,1.8
3/8/2014,26.2,12.5,0,71,2,3.6,1.8
3/9/2014,24,17.2,2,77,25,5.1,2.7
3/10/2014,23.3,12.8,0,75,14,7.2,3.2
3/11/2014,24.8,9.3,0,70,36,4.6,2.4
3/12/2014,27.2,14.6,0,73,36,5.1,2.8
3/13/2014,26.2,15.9,0,73,7,5.7,3.9
3/14/2014,24.2,20,40,90,14,15.9,4.9
3/15/2014,26.7,16.1,0,84,27,17.5,4
3/16/2014,27.1,17.2,0,81,36,16.5,2.7
3/17/2014,24.1,15.8,0,69,25,12.3,3.3
3/18/2014,20.2,8.4,4,76,14,5.1,3.1
3/19/2014,22,12.2,0,83,14,4.6,2.4
3/20/2014,22.8,15.1,3,78,32,4.1,2.6
3/21/2014,19,10.2,0,76,18,16.5,3
3/22/2014,20,5.4,0,69,23,4.1,2.3
3/23/2014,23,9,0,64,36,5.1,3.5
3/24/2014,24.6,11,0,75,36,3.1,1.7
3/25/2014,25.2,12.3,0,86,9,6.2,2.4
3/26/2014,24.3,16,0,89,9,5.7,3.1
3/27/2014,25.5,19.2,33,86,36,5.1,2.8
3/28/2014,27.5,18.4,0,89,2,4.1,2.4
3/29/2014,27.9,18.4,3,84,9,5.7,2.2
3/30/2014,23.1,15.4,29,91,20,14.4,3.7
3/31/2014,21.6,8.2,0,77,11,7.7,4.5
4/1/2014,23.8,10.2,0,87,9,6.2,3.2
4/2/2014,23.1,13.1,0,86,9,15.4,4.9
4/3/2014,26,18.7,0,85,5,8.7,3.9
4/4/2014,26,19.6,15,89,7,4.6,2.7
4/5/2014,21.8,20,25,97,14,6.2,3.3
4/6/2014,23.9,19.2,0,91,11,7.7,4.5
4/7/2014,23,20.8,23,92,9,15.4,5.4
4/8/2014,23.8,17.7,0,76,32,12.3,3.6
4/9/2014,23.5,15,0,67,27,15.4,4
4/10/2014,23.9,10.8,0,82,23,7.2,1.8
4/11/2014,20.8,8.8,0,85,9,7.2,2.6
4/12/2014,16.4,9.6,0,73,25,20.6,6
4/13/2014,18.3,9.4,0,82,25,15.9,3.5
4/14/2014,18.2,6.6,0,85,36,5.1,2.4
4/15/2014,20.6,9.6,0,76,36,12.3,2.7
4/16/2014,22.6,14.1,0,74,36,8.2,3.2
4/17/2014,22.1,11.9,0,85,20,6.2,2.2
4/18/2014,19.6,4.8,0,80,20,3.6,1.9
4/19/2014,21.4,4.6,0,83,18,2.6,1.3
4/20/2014,20.3,9.2,0,88,9,3.6,1.7
4/21/2014,22.7,11.7,0,83,18,5.7,2.7
4/22/2014,19,5.2,0,84,18,3.1,1.8
4/23/2014,21.4,6.7,0,96,36,3.6,0.8
4/24/2014,22.1,8,0,84,18,3.6,1.4
4/25/2014,17.8,8.4,0,82,11,6.2,2.7
4/26/2014,19.1,7.6,0,83,9,13.4,3.3
4/27/2014,21.5,14.6,0,72,7,13.9,4.6
4/28/2014,22.2,14.2,0,85,18,4.6,2.2
4/29/2014,18.3,13.1,7,96,16,5.1,3.9
4/30/2014,20.4,15.6,0,95,11,5.7,1.5
5/1/2014,20.5,11.7,0,84,23,5.1,3.1
5/2/2014,22.2,10.2,0,83,36,4.6,1.9
5/3/2014,20.1,15.7,0,86,34,4.1,2.8
5/4/2014,19,12.4,0,96,9,3.1,1.5
5/5/2014,19.4,9,0,91,9,3.6,2.4
5/6/2014,20.6,11.8,0,92,20,3.1,1.2
5/7/2014,21.5,11.6,0,92,36,5.1,1.2
5/8/2014,16.4,10,0,93,23,6.2,3.5
5/9/2014,19.2,10.3,0.7,88,18,5.1,2.4
5/10/2014,19.5,12.3,0.9,81,5,5.7,3.1
5/11/2014,17.4,12.1,7,92,7,4.6,1.5
5/12/2014,18.3,14.4,3,98,9,3.1,0.6
5/13/2014,20.2,11.8,0,92,\N,\N,0.9
5/14/2014,20.5,10.6,20,89,34,4.1,1.9
5/15/2014,19.7,12.7,0,89,18,6.2,3.6
5/16/2014,16.4,6.4,4,86,7,6.2,3.2
5/17/2014,16.6,8.2,0,81,27,5.1,2.7
5/18/2014,16,5.5,0.7,81,27,2.6,1.8
5/19/2014,17,8.4,0,88,23,3.1,1.7
5/20/2014,14.9,6.2,19,92,7,7.7,2.6
5/21/2014,13.4,11.6,29,95,\N,\N,6
5/22/2014,13.5,8.4,0,90,18,15.9,5
5/23/2014,12.2,3.2,0,85,23,5.1,2.8
5/24/2014,16.3,4.1,0,80,27,4.1,2.2
5/25/2014,16.5,7.5,0,81,34,5.1,2.7
5/26/2014,16.5,4.6,0,92,18,3.6,1.5
5/27/2014,16.5,0.3,0,89,32,2.6,1.2
5/28/2014,15.4,2.2,0,91,7,4.1,2.3
5/29/2014,17.5,9.5,0,87,5,13.4,4.2
5/30/2014,16.3,13,6,89,36,5.1,2.8
5/31/2014,16,10,0.2,96,23,4.6,2.6
6/1/2014,18.5,5.8,0,80,25,3.6,1.9
6/2/2014,20.2,6.5,0,79,32,3.1,1.8
6/3/2014,18.1,11.7,0,70,5,12.3,3.9
6/4/2014,15.5,10.8,0.5,83,2,5.7,3.1
6/5/2014,15.9,3.8,0,83,18,13.4,3.2
6/6/2014,16,2.2,0,83,7,5.1,3.1
6/7/2014,14.4,7.9,3,88,7,4.1,1.9
6/8/2014,17.3,3.4,0,81,36,6.7,2.4
6/9/2014,18,7.9,0,58,27,13.9,4.6
6/10/2014,18,6,0,75,5,6.2,3.6
6/11/2014,17.5,10.9,10,89,29,19.5,4.2
6/12/2014,20.4,12.2,20,91,36,19.5,5.1
6/13/2014,13,3,0,85,29,6.2,2.4
6/14/2014,13.4,-0.2,0,88,7,5.7,1.9
6/15/2014,15,6.8,0,85,5,5.1,3.3
6/16/2014,16.5,6.6,0,84,23,7.2,2.7
6/17/2014,13.5,3,0,89,25,3.6,2.1
6/18/2014,11.5,2,0,84,20,4.1,1.9
6/19/2014,12.5,-0.5,0,80,32,5.1,2.1
6/20/2014,14.9,6.9,0,74,34,4.6,2.6
6/21/2014,14.4,8.4,0,73,36,5.7,4.1
6/22/2014,17.1,11.8,0,85,5,4.1,2.2
6/23/2014,17,10.6,4,95,18,4.6,1.7
6/24/2014,15,5.8,0,95,5,4.1,1.3
6/25/2014,12.5,3.6,0,96,9,3.6,1.4
6/26/2014,15.3,5.8,0,88,18,4.1,1.4
6/27/2014,15.6,0.4,0,86,23,2.6,1
6/28/2014,15.6,-0.3,0,85,7,3.1,1.2
6/29/2014,12.5,-1,0,92,18,4.1,1.9
6/30/2014,11.2,2.2,0,95,23,3.6,2.3
7/1/2014,11.5,-1.4,0,93,36,3.1,1.7
7/2/2014,13,0.2,0,94,5,6.7,2.6
7/3/2014,15.5,5.1,0,81,20,4.6,1.8
7/4/2014,14.6,0.5,6,95,11,7.2,3.7
7/5/2014,13.8,8.4,19,100,27,15.9,4.1
7/6/2014,9.1,4.7,0.3,86,29,14.4,5.3
7/7/2014,15,5.3,0,74,27,5.7,2.7
7/8/2014,12.3,3.8,0,92,5,7.7,3
7/9/2014,15.5,1.9,0,96,9,4.1,2.3
7/10/2014,14,6,0,94,9,6.2,3.5
7/11/2014,16.4,8.4,0,86,5,5.7,4.2
7/12/2014,15.4,11.5,54,93,7,14.4,5.7
7/13/2014,19.3,10.1,0,93,2,4.1,1.3
7/14/2014,18.8,7.9,9,96,7,7.2,4.6
7/15/2014,19.1,10.4,5,94,36,13.4,2.6
7/16/2014,16.5,4,0,90,7,5.1,1.8
7/17/2014,14.7,7.2,0,88,18,6.2,3
7/18/2014,14.3,4.9,0,89,20,3.6,1.8
7/19/2014,18.5,7.4,0,80,34,3.6,2.7
7/20/2014,18.8,11.4,0,76,36,6.2,3.7
7/21/2014,19.8,12.5,42,77,5,5.7,3.2
7/22/2014,17,11.2,12,96,18,15.4,4.9
7/23/2014,12.1,7.2,0,82,18,7.2,4.9
7/24/2014,12.6,1.8,0,79,23,4.6,2.1
7/25/2014,14.6,4.7,0,52,32,5.7,3.6
7/26/2014,11.3,1.5,0,81,23,5.7,2.4
7/27/2014,11,-1.9,0,86,7,3.6,1.8
7/28/2014,14,3.1,0,70,5,7.7,4.6
7/29/2014,17.6,10.6,0,86,5,4.6,2.6
7/30/2014,18.8,8.2,0,81,25,3.1,1.4
7/31/2014,19.9,9,0,90,34,12.3,2.7
8/1/2014,20.2,12,0,95,7,3.6,1.4
8/2/2014,22.5,9,25,94,23,14.9,2.6
8/3/2014,19.9,13,0,80,23,5.7,2.2
8/4/2014,15.6,5.8,0,69,23,5.1,2.6
8/5/2014,16.6,3.3,0,71,36,13.4,4.1
8/6/2014,16.1,10.8,0,74,36,12.9,3.1
8/7/2014,16.6,5,0,70,25,4.6,3
8/8/2014,17.4,2.7,0,76,32,2.6,1.8
8/9/2014,17.1,6.4,0,70,34,13.9,4
8/10/2014,17.4,9.1,0,76,20,5.1,3.2
8/11/2014,14,1.7,0,81,32,2.6,1.4
8/12/2014,14.1,3.4,0,56,25,13.4,3.9
8/13/2014,15.4,0.4,0,54,29,5.1,3.9
8/14/2014,16.5,7.5,0,53,36,6.7,4.2
8/15/2014,17.5,7.4,0,68,36,5.7,2.8
8/16/2014,18.5,4.7,0,84,2,3.6,1.8
8/17/2014,23,4,0,86,36,3.6,1.9
8/18/2014,24,12.3,0,78,32,5.7,3.6
8/19/2014,25.5,9.6,0,81,9,5.1,3.1
8/20/2014,24,9.8,0,83,36,5.1,2.3
8/21/2014,26.5,13.6,0,77,36,6.7,2.8
8/22/2014,24.3,14,0,80,9,10.8,4.9
8/23/2014,25,15.7,22,86,9,6.2,3.9
8/24/2014,18.8,10.9,20,93,29,17,3.3
8/25/2014,11.1,6.4,5,83,29,23.7,6.3
8/26/2014,12,7.8,0,78,25,18.5,5.8
8/27/2014,11.8,2.8,0,80,25,4.6,2.7
8/28/2014,12.5,0.6,0,88,7,4.6,1.4
8/29/2014,17,2.3,0,80,2,4.6,2.8
8/30/2014,16.6,7.4,0,90,5,5.1,4
8/31/2014,22,8,0,86,27,4.1,1.7
9/1/2014,15.6,5.9,11,95,9,6.7,3.1
9/2/2014,17.9,12.4,3,90,7,19,5
9/3/2014,17.5,12.4,0,93,27,14.4,4
9/4/2014,18.5,13,4,83,9,18,8
9/5/2014,17,13.8,46,95,7,14.4,4.5
9/6/2014,17.6,11.8,0.3,86,25,18,5.7
9/7/2014,20.5,9,0,66,27,6.7,3.5
9/8/2014,22,11,25,73,5,6.2,3.9
9/9/2014,21.3,11.8,2,80,18,18,6.9
9/10/2014,17.4,6.2,0,70,23,5.1,2.2
9/11/2014,19,5.1,0,71,27,4.1,1.9
9/12/2014,18.5,4.8,0,76,5,5.7,2.4
9/13/2014,18.7,8.2,4,90,9,12.9,4.2
9/14/2014,17.1,13.4,5,98,16,12.9,5.9
9/15/2014,18.2,9.5,0,75,20,6.2,4
9/16/2014,18.3,3.2,0,81,5,3.6,1.7
9/17/2014,18.5,6,0,81,9,5.7,2.4
9/18/2014,19.1,9,0,87,7,4.6,2.8
9/19/2014,21.9,11.7,0,88,23,4.6,1.7
9/20/2014,19.3,11.4,0,78,20,13.4,5
9/21/2014,18.5,8.4,0,83,9,6.2,3.2
9/22/2014,22.1,13.2,0,75,36,14.9,5.1
9/23/2014,18.1,12,3,86,18,13.4,3.9
9/24/2014,22.3,7,0,76,36,5.7,2.4
9/25/2014,20.5,11,5,80,23,7.2,3.2
9/26/2014,18,3.2,0,66,18,5.7,1.9
9/27/2014,19,3.1,0,67,5,5.7,2.2
9/28/2014,18.5,13.4,4,92,2,6.2,3.3
9/29/2014,20,10.6,0,90,5,4.6,2.4
9/30/2014,20.5,11.3,0,77,18,6.2,3.3
10/1/2014,17,8.3,0,82,16,7.2,4
10/2/2014,15.9,2.6,0,81,\N,\N,4.6
10/3/2014,16,13.2,0,72,7,16.5,6.9
10/4/2014,18,14.8,5,79,9,21.1,7.5
10/5/2014,17.2,15.1,49,92,7,13.4,4.5
10/6/2014,20,14.2,0,86,32,5.7,3
10/7/2014,25.7,12,0,83,27,3.6,1.7
10/8/2014,25.5,13.6,20,84,5,4.6,2.6
10/9/2014,24.2,15.3,0.8,94,20,13.9,3.3
10/10/2014,16.2,7.3,0,74,20,13.9,5.5
10/11/2014,18.5,6.5,0,75,9,5.7,2.8
10/12/2014,21.6,10.2,0,85,2,3.1,1.7
10/13/2014,24.2,11.2,0,79,27,2.6,1.3
10/14/2014,25.2,12.5,0,73,36,4.1,1.7
10/15/2014,24.7,13.6,0,71,9,5.7,2.8
10/16/2014,26,17.7,0,76,20,5.1,2.6
10/17/2014,23.5,11.2,0,75,7,7.7,2.6
10/18/2014,22.7,16.5,3,88,18,9.8,3.5
10/19/2014,24.5,11.8,0,70,25,4.1,2.7
10/20/2014,20.6,8,0,78,18,3.1,2.1
10/21/2014,26.4,14,0,61,36,7.2,3.5
10/22/2014,29.4,19.1,0,65,36,5.7,2.6
10/23/2014,28.4,15.2,0,77,9,4.6,2.4
10/24/2014,28.4,18.8,0,83,9,4.6,3.1
10/25/2014,28.1,16.4,0,76,9,5.1,2.1
10/26/2014,29.8,20.6,0,77,5,4.1,2.1
10/27/2014,32.6,18.5,0,69,25,15.4,4.5
10/28/2014,24.2,13.7,70,85,11,17.5,6.8
10/29/2014,19.5,14.8,24,94,11,22.1,6
10/30/2014,24.4,11.6,0,82,23,3.1,1.7
10/31/2014,22.5,14,8,71,16,14.4,4.4
11/1/2014,15.9,11.2,7,63,16,18,7.7
11/2/2014,15.3,10.4,53,95,9,19.5,6.7
11/3/2014,20,14,14,91,7,21.6,6.4
11/4/2014,20,9.4,0,70,27,5.7,3.2
11/5/2014,22.6,9.8,0,71,7,5.7,3.1
11/6/2014,23,14.5,0,75,9,5.7,3.5
11/7/2014,27.5,11.3,0,74,20,7.2,1.8
11/8/2014,26.6,11.3,0,70,27,13.4,2.3
11/9/2014,25.2,11,0,75,7,4.6,2.4
11/10/2014,27.2,16,0.5,75,9,5.7,2.8
11/11/2014,27.8,13.8,0,81,7,5.1,1.4
11/12/2014,22,12.5,0,76,18,17,5.1
11/13/2014,22,5.4,0,68,18,4.1,3.1
11/14/2014,25.6,12.8,0,57,34,12.9,3.9
11/15/2014,30.2,19.8,0,52,34,5.7,4.1
11/16/2014,25.8,13.6,0,73,9,5.1,3
11/17/2014,28.2,16.3,0,58,7,5.7,4
11/18/2014,30,18.4,0,72,2,6.7,3.7
11/19/2014,24.6,15.6,21,86,20,17,3.2
11/20/2014,25,11.7,0,85,9,5.7,2.1
11/21/2014,19.4,13.8,13,89,14,7.2,4.8
11/22/2014,23.5,12.7,0,71,20,6.2,3.5
11/23/2014,26.5,15.7,0.9,67,36,12.9,3.6
11/24/2014,23,17.7,5,84,18,4.1,2.3
11/25/2014,21.9,10.4,0,76,9,5.7,3.5
11/26/2014,25,9.4,0,75,9,4.1,1.3
11/27/2014,26.5,11.3,0,67,5,5.7,1.9
11/28/2014,28.1,16,0,47,5,6.2,3.3
11/29/2014,28.5,18.4,59,70,25,17,5.9
11/30/2014,20.2,14.7,4,94,18,18,8.4
12/1/2014,21.1,12.1,0,83,18,8.7,5.1
12/2/2014,22,11.5,0,82,18,5.1,2.6
12/3/2014,28.5,10.8,0,68,23,5.7,2.2
12/4/2014,30.5,16.8,0,63,7,3.6,2.2
12/5/2014,30.4,18.8,0,55,7,5.1,3.9
12/6/2014,32,20.5,3,64,36,4.6,3.9
12/7/2014,27,18.2,8,86,18,19,3
12/8/2014,26.2,16.1,0,84,2,3.6,1.5
12/9/2014,29.6,17.2,15,83,25,18,1.8
12/10/2014,25.3,14.8,0,76,18,15.4,5.4
12/11/2014,22.7,10.7,0,72,11,5.1,3.3
12/12/2014,27,14.2,0,74,7,4.6,1.8
12/13/2014,28.3,16.9,2,73,9,5.7,2.6
12/14/2014,23.1,10.6,0,69,11,6.7,3.7
12/15/2014,25.6,13.7,0.5,70,9,6.2,3.7
12/16/2014,26.5,19,0,79,5,2.6,2.1
12/17/2014,29.6,16.4,16,76,18,17.5,2.2
12/18/2014,28.5,12.7,0,73,2,4.1,2.3
12/19/2014,31.7,23.1,4,54,34,13.9,4
12/20/2014,27.3,18.4,5,75,36,12.3,2.4
12/21/2014,23,12.2,2,73,18,15.9,5.3
12/22/2014,21.7,8.8,0,63,14,6.2,2.8
12/23/2014,23.8,8,0,57,36,7.2,1.9
12/24/2014,27,17.4,0,54,36,5.7,3.6
12/25/2014,30.5,19.1,0,66,36,5.1,3
12/26/2014,29.7,20.1,0.2,81,9,13.4,1.9
12/27/2014,30.4,16.9,0,82,7,4.6,1
12/28/2014,29.6,17.4,0,85,9,4.6,1.8
12/29/2014,33.8,21.1,0,71,18,13.4,1.5
12/30/2014,30.4,19.3,0,72,5,3.1,2.1
12/31/2014,26.4,16.6,5,85,23,13.9,0.3
1/1/2015,23.8,16.2,0.7,74,25,13.4,2.8
1/2/2015,24.5,10.9,0,60,23,5.1,3.1
1/3/2015,28.5,10.3,0,54,36,15.4,1.9
1/4/2015,23.6,11.8,0,74,7,6.2,4
1/5/2015,32,13.2,17,68,36,4.6,2.8
1/6/2015,26,19.4,0,85,27,22.6,2.2
1/7/2015,28.8,18.8,0,89,7,4.6,2.6
1/8/2015,30.6,17.9,20,82,9,7.2,2.2
1/9/2015,32.6,21,19,80,25,12.9,2.7
1/10/2015,29,17,0,84,20,4.1,2.2
1/11/2015,30.6,21.8,0,80,36,7.2,3.1
1/12/2015,35.5,16,0,69,16,12.9,2.8
1/13/2015,23,19.4,12,86,16,13.9,4.5
1/14/2015,28.7,18.1,4,85,9,5.7,2.2
1/15/2015,25.5,14.9,0,80,16,5.1,4.1
1/16/2015,30,20.5,0.7,73,36,7.2,3.6
1/17/2015,27,17.6,0,83,20,12.9,2.8
1/18/2015,25,14.3,8,89,\N,\N,2.4
1/19/2015,25,17,7,87,18,8.7,2.8
1/20/2015,23.5,14.7,0,79,18,7.2,5.3
1/21/2015,25,12.4,0,74,9,4.6,2.1
1/22/2015,26.9,16.4,0,72,11,6.7,3.3
1/23/2015,27,20.3,0,72,18,12.9,3.6
1/24/2015,29.2,19.2,0,78,9,5.1,2.6
1/25/2015,32.3,18.3,3,80,7,3.1,0.9
1/26/2015,33.2,20.5,0,81,36,4.6,2.6
1/27/2015,32.8,24.6,26,68,32,3.6,2.4
1/28/2015,27.5,18.3,18,86,14,19,3.7
1/29/2015,24.2,12.2,0,71,18,8.2,5.4
1/30/2015,23.6,11.9,0,76,5,4.6,2.4
1/31/2015,26.9,14.5,0,71,36,5.7,4.2
2/1/2015,28.6,19.6,0,72,9,5.7,4.1
2/2/2015,28.8,18.8,0,82,9,6.7,3.7
2/3/2015,28,21.4,0,76,9,7.2,4.8
2/4/2015,29.8,22,56,78,7,7.2,5
2/5/2015,29.6,19.2,0,85,14,6.7,3.9
2/6/2015,30,21.6,0,81,7,4.6,3
2/7/2015,29.5,18,0,75,7,4.6,1.8
2/8/2015,30.2,19.7,0,75,36,5.7,2.1
2/9/2015,31.4,19.3,0,71,5,3.1,1.8
2/10/2015,28.2,17.7,0,65,18,3.6,1.9
2/11/2015,29.7,13.8,0,67,36,7.7,2.3
2/12/2015,32.5,17.6,0,64,20,15.4,2.3
2/13/2015,24.4,11.5,0,73,11,6.7,3.3
2/14/2015,24.3,14.6,0,74,9,5.7,2.8
2/15/2015,26.5,17.8,0,70,7,12.9,4.2
2/16/2015,27.7,20.4,0,74,7,12.3,4.1
2/17/2015,29.2,20.1,0,76,9,5.1,3.2
2/18/2015,27.6,18.4,23,81,23,17,3.9
2/19/2015,23.5,15.2,0,75,18,12.9,5
2/20/2015,23.5,9.1,0,74,11,6.7,3.7
2/21/2015,25.8,15.6,0,86,9,5.7,3.2
2/22/2015,29.7,19.6,0,80,7,3.6,3
2/23/2015,31.3,16.3,0,86,5,4.1,0.8
2/24/2015,32.5,22.4,0,70,7,6.2,2.8
2/25/2015,26.3,20.2,0,76,16,13.9,6.3
2/26/2015,28,20,0,79,9,6.7,3.2
2/27/2015,26.5,16,0,74,18,6.7,4
2/28/2015,25.2,9.6,0,71,9,4.6,1.9
3/1/2015,25.5,16,0,80,5,5.1,2.4
3/2/2015,29,16.6,0,85,34,4.6,1.8
3/3/2015,24.4,17.6,45,97,36,13.9,4.1
3/4/2015,27.4,20.3,0,90,18,6.7,2.4
3/5/2015,26.6,15,0,90,7,4.1,2.4
3/6/2015,28.6,16.7,0,80,5,5.7,2.7
3/7/2015,28.9,19.1,0,82,36,4.6,2.7
3/8/2015,29.1,19.7,0,73,36,3.6,2.8
3/9/2015,29.8,17.5,0,81,9,5.7,2.7
3/10/2015,30.1,20.8,0,81,2,4.6,3.3
3/11/2015,29.5,21.2,0,75,5,4.6,3.9
3/12/2015,30.4,19.1,0,73,36,3.6,1.7
3/13/2015,30.7,17.6,0,73,34,4.1,1.5
3/14/2015,27.5,18.6,0,87,18,14.9,2.4
3/15/2015,28,15,0,81,9,6.2,3.5
3/16/2015,27.7,13.5,0,84,7,4.6,1.9
3/17/2015,32,19.2,0,75,36,4.1,3.1
3/18/2015,29.7,20.8,0,72,9,4.6,3
3/19/2015,29,18.7,0,75,9,4.1,2.7
3/20/2015,32,16.2,0,75,18,19.5,4.2
3/21/2015,22.8,8.6,0,66,18,12.9,3.9
3/22/2015,21.6,8,0,77,9,7.2,2.7
3/23/2015,23.3,8.7,0,72,5,4.1,1.9
3/24/2015,22.1,10.2,0.5,76,9,2.6,1
3/25/2015,20.6,13.8,0,89,18,5.7,2.3
3/26/2015,23,7.9,0,74,18,6.7,3.1
3/27/2015,23.7,7,0,77,16,4.1,2.2
3/28/2015,23.5,8.7,0,75,14,3.1,1
3/29/2015,28.4,10.8,0,78,9,4.1,1.4
3/30/2015,28.7,14,0,80,36,3.6,1.4
3/31/2015,26,14.7,0,80,18,5.7,2.6
4/1/2015,26.3,11.3,0,70,36,8.2,3.7
4/2/2015,28.5,16.9,0,58,34,12.3,3.1
4/3/2015,29.5,18.6,0,62,36,5.1,3.3
4/4/2015,25.8,14.2,0,83,9,6.7,2.7
4/5/2015,25.3,13.2,0,76,18,15.4,4.8
4/6/2015,21,6.1,0,72,18,6.2,3.6
4/7/2015,23.2,8.9,0,75,7,4.6,2.7
4/8/2015,25,14.4,0,74,36,5.7,2.8
4/9/2015,28.3,11.6,0,74,2,18.5,1.7
4/10/2015,31.8,13.5,3,74,7,4.1,1.4
4/11/2015,23.6,15.3,0,76,14,7.2,3
4/12/2015,23.6,10.3,0,81,9,4.6,2.6
4/13/2015,29.2,17.6,0,72,5,5.7,2.3
4/14/2015,26.5,16.4,0,80,5,3.1,1.8
4/15/2015,25,17.9,0,84,9,14.4,4.5
4/16/2015,24.5,19.3,18,66,7,17,6.7
4/17/2015,22.5,15.9,0,72,29,18,4.6
4/18/2015,25.6,11.8,0,60,27,5.1,3.1
4/19/2015,24.5,16.2,0,67,36,6.2,3.7
4/20/2015,23.5,10.5,0,71,18,5.7,2.4
4/21/2015,23.2,7.3,0,80,23,3.6,1.5
4/22/2015,24,6.3,0,80,5,2.6,0.9
4/23/2015,24.4,6.8,0,78,34,6.2,1.9
4/24/2015,25.4,10.2,0,76,36,4.1,2.2
4/25/2015,27.5,15.3,0,61,34,5.1,2.7
4/26/2015,27.2,13.6,0,69,36,4.1,2.2
4/27/2015,25.9,12.6,0,82,14,4.6,1.9
4/28/2015,22,17,0,80,9,13.4,5.8
4/29/2015,18.2,13.6,23,78,7,14.9,7.2
4/30/2015,19.6,14.7,0,87,5,6.2,4.4
5/1/2015,21.5,15,7,83,36,4.1,2.8
5/2/2015,19.9,13.2,17,90,5,8.7,4.4
5/3/2015,16.3,5.8,0,61,27,14.9,4.1
5/4/2015,20.5,4.8,0,75,29,3.6,2.3
5/5/2015,21.8,7.6,0,70,34,4.1,2.2
5/6/2015,16.3,5.9,0,76,18,13.9,3.7
5/7/2015,15.2,1.6,0,79,5,4.1,2.4
5/8/2015,19.5,5,0,80,2,4.6,2.4
5/9/2015,21.3,5.4,0,87,9,6.7,0.9
5/10/2015,20,10.8,0,89,14,4.6,2.2
5/11/2015,20.2,7.4,0,93,5,4.6,2.6
5/12/2015,19.7,12.5,0,86,9,5.1,3.2
5/13/2015,20.7,11.7,0,83,2,5.7,3
5/14/2015,23.2,9.2,0,90,2,3.6,1
5/15/2015,23.8,11.6,0,91,36,5.1,2.2
5/16/2015,25.5,11.6,0,87,36,4.1,1.2
5/17/2015,24.7,16,0,85,34,4.6,2.3
5/18/2015,26,17,8,84,9,3.6,2.8
5/19/2015,23,17.8,0.7,89,7,4.6,2.6
5/20/2015,24.5,17.5,0,82,36,4.6,2.6
5/21/2015,25,17.5,0,83,36,7.7,3.2
5/22/2015,26.4,17.9,4,88,36,5.1,2.3
5/23/2015,21.4,13.1,0.5,93,18,7.7,4.1
5/24/2015,16.2,7,0,81,18,4.6,2.1
5/25/2015,18,5.8,0,81,32,2.6,1.2
5/26/2015,16.7,6.4,0.5,84,20,2.6,1.2
5/27/2015,18.5,8.4,0,91,9,7.2,3.6
5/28/2015,19,5.2,0,88,7,4.1,1.9
5/29/2015,17.5,6.9,0,84,5,3.6,1.2
5/30/2015,16.4,4.8,0,95,34,2.6,0.5
5/31/2015,18.8,5.2,0,90,36,3.6,1.9
6/1/2015,21.2,9.8,0,87,34,3.6,2.2
6/2/2015,20.4,13,0,78,36,6.7,4.2
6/3/2015,22,12.3,0,72,34,5.7,3.5
6/4/2015,19.3,4.6,0,82,5,3.6,1.7
6/5/2015,22.3,9.8,0,97,36,4.1,1.7
6/6/2015,20.2,13.3,4,93,18,12.9,1.8
6/7/2015,20.4,7.8,0,72,23,4.1,1.5
6/8/2015,18.5,3.2,0,83,9,5.1,2.1
6/9/2015,15.3,7.1,0,94,14,11.8,2.8
6/10/2015,14,3.8,0,81,23,3.1,1.4
6/11/2015,14,4,0,66,27,13.9,2.6
6/12/2015,16.4,0.7,0,61,32,4.6,2.6
6/13/2015,17.2,7,1,63,34,4.6,2.2
6/14/2015,15.3,4,0,74,27,19.5,3.2
6/15/2015,16.2,2.1,0,53,29,15.4,3.9
6/16/2015,18.5,10.1,0,66,34,6.2,3.3
6/17/2015,16.2,5.7,0,67,18,13.9,5
6/18/2015,10.5,-1.9,0,68,23,4.6,2.1
6/19/2015,11.5,-3.6,0,71,36,13.9,3.5
6/20/2015,13.7,6.4,0,77,36,15.4,3.3
6/21/2015,15.5,0.8,0,83,36,5.1,1.7
6/22/2015,11.6,4.4,0,61,18,6.2,3.2
6/23/2015,11.5,-2.2,0,79,7,4.1,2.4
6/24/2015,13.8,-1.8,0.1,81,5,7.2,4.1
6/25/2015,18.9,11.1,4,81,\N,\N,3.6
6/26/2015,20,9.6,0,90,2,3.6,1.4
6/27/2015,19.5,10.9,16,95,36,3.6,2.2
6/28/2015,17.3,14.4,15,96,36,4.6,1.7
6/29/2015,21.1,13.4,0,93,36,4.1,1.7
6/30/2015,17.3,8.9,0,84,23,4.1,2.4
7/1/2015,13,4.5,0,91,9,4.6,2.8
7/2/2015,14.7,5.8,0,82,9,5.1,3.2
7/3/2015,10.5,4.4,1,92,18,14.4,3.9
7/4/2015,11.8,-0.1,0,86,36,4.1,2.1
7/5/2015,13,0.8,0,78,36,7.2,4.4
7/6/2015,16.6,6.6,0,82,23,3.6,1.3
7/7/2015,18.3,2,0,89,23,2.6,0.6
7/8/2015,16.7,1,0,84,2,4.6,1.9
7/9/2015,17,5.8,0,89,36,4.1,2.8
7/10/2015,15.7,7.4,0.5,93,18,3.6,1.7
7/11/2015,13.8,7,0.5,92,9,5.7,2.6
7/12/2015,16.4,9.2,19,97,20,4.6,1.2
7/13/2015,15,6.6,0,89,20,4.6,2.8
7/14/2015,13.7,3.4,0,71,27,7.2,4.2
7/15/2015,13.7,-2.1,0,76,34,4.6,1.5
7/16/2015,14.5,2.3,0,69,36,4.6,1.7
7/17/2015,16.1,0.4,0,88,36,4.1,1.5
7/18/2015,16.2,7.6,0,86,36,5.1,2.6
7/19/2015,15.8,6.6,0,79,18,7.2,2.3
7/20/2015,12.5,3.2,0,81,18,8.2,4.5
7/21/2015,11.6,-2.6,0,83,36,4.6,1.4
7/22/2015,14.8,-0.6,0,82,34,5.1,1.5
7/23/2015,15.7,1.8,0,88,2,2.6,1.3
7/24/2015,17.7,0.4,0,88,9,4.6,1.8
7/25/2015,16.5,5.8,0,91,5,5.7,2.7
7/26/2015,19.4,6.8,0,79,36,6.2,4.5
7/27/2015,20,10,0,82,34,6.2,3.9
7/28/2015,23.7,13.7,0,81,36,5.7,2.7
7/29/2015,18.5,11.2,0,92,18,9.3,4.6
7/30/2015,17,7.2,41,97,9,13.9,5.8
7/31/2015,18.7,13.9,13,91,9,13.4,5
8/1/2015,15.5,3.9,0,85,7,5.7,3.5
8/2/2015,19.5,12.5,0,89,20,5.7,2.6
8/3/2015,20,6.6,0,73,18,6.2,2.1
8/4/2015,16,6.1,0,79,9,14.4,4.6
8/5/2015,17,9.7,82,82,7,17,6.8
8/6/2015,21.5,15.7,31,92,36,12.3,4.5
8/7/2015,17.8,13.6,0.5,96,20,13.9,4.5
8/8/2015,17.8,11.7,0.5,99,14,8.2,5.7
8/9/2015,22.5,15.2,45,95,27,14.4,3.7
8/10/2015,16.5,9.1,4,97,18,17,4.1
8/11/2015,14.1,5.2,0,93,14,6.7,2.2
8/12/2015,12.4,7.6,7,94,16,16.5,7.1
8/13/2015,14.5,11.1,6,97,16,17,6.9
8/14/2015,12,9.4,3,99,18,5.1,3.7
8/15/2015,16.8,6.6,0,88,25,4.1,2.2
8/16/2015,17.3,4.4,0,87,9,4.6,1.7
8/17/2015,17.9,8.5,0,95,7,3.6,1.3
8/18/2015,19.5,8.4,0,84,18,5.1,3
8/19/2015,15.6,7.8,0,88,18,8.2,5.1
8/20/2015,15.3,2.9,0,90,9,6.7,3.6
8/21/2015,18.6,9.7,0,83,5,5.1,3.2
8/22/2015,19.1,13.4,0,77,25,12.9,3.6
8/23/2015,13.7,5.2,0,75,20,15.4,4.9
8/24/2015,13.3,1.3,0,85,9,5.1,3.1
8/25/2015,17.5,7.6,1,80,2,5.7,4.5
8/26/2015,20.5,12.7,0,86,9,4.1,2.6
8/27/2015,18.7,9.6,0,68,25,13.4,3.6
8/28/2015,22.6,7,0,68,36,17,4.8
8/29/2015,23.1,14.2,0,73,34,6.2,3.6
8/30/2015,25,9.8,0,73,9,8.2,3.7
8/31/2015,22.4,9.9,0,73,16,15.9,6.4
9/1/2015,13.3,1.8,0,73,18,12.9,5.4
9/2/2015,15.3,6.8,0,76,5,4.6,2.1
9/3/2015,16.3,6.8,0,80,18,5.1,2.3
9/4/2015,19.4,2.5,0,78,34,5.7,2.8
9/5/2015,19.8,3,0,84,5,4.1,1.4
9/6/2015,20,4.8,0,79,36,8.2,3.1
9/7/2015,15.3,8.6,0,89,9,6.7,3.5
9/8/2015,21.7,8,0,78,25,5.1,2.2
9/9/2015,12.6,6.9,19,88,18,6.2,2.6
9/10/2015,15,3.7,0,70,27,5.7,3.2
9/11/2015,10.5,1,0,62,20,8.2,4
9/12/2015,17,3.2,0,53,25,5.1,2.6
9/13/2015,20.8,7.2,0,65,32,8.2,3.3
9/14/2015,22.6,7.1,0,61,2,13.4,4.5
9/15/2015,24,14.9,0,52,36,14.9,5.3
9/16/2015,16.5,6.8,0,66,18,7.7,3.9
9/17/2015,17.5,4.2,0,65,5,5.7,1.8
9/18/2015,18.4,3.2,0,76,9,7.2,4.9
9/19/2015,19.8,6.5,0,70,9,5.7,3
9/20/2015,20.2,7.2,0,79,9,13.9,3.9
9/21/2015,15,12.5,2,87,9,17,9.1
9/22/2015,13.4,10.4,0.7,93,9,17,7.6
9/23/2015,14.5,12.4,7,96,16,15.9,6.7
9/24/2015,16.4,12.5,0,92,14,15.4,8
9/25/2015,16.6,9.2,0,91,18,6.7,4.1
9/26/2015,17,7.6,0,86,5,4.1,1.7
9/27/2015,22,5.2,0,69,25,4.1,2.3
9/28/2015,18.3,12.9,3,77,29,14.9,3.6
9/29/2015,18,5.5,0,70,25,17,3.2
9/30/2015,16.5,2.2,0,78,9,4.1,2.6
10/1/2015,18.4,8.6,25,75,18,15.4,5
10/2/2015,15,6.8,0.3,90,18,19.5,6.6
10/3/2015,14,1.1,0,76,23,5.1,4
10/4/2015,16,4,0,86,9,7.7,4.2
10/5/2015,17.2,9.8,0,75,7,6.7,5.1
10/6/2015,18.2,13.2,6,89,18,12.9,4.8
10/7/2015,19.3,10.2,0,80,18,10.3,6
10/8/2015,20.9,10.4,0,73,16,14.4,5.8
10/9/2015,16,6.6,0,77,16,14.9,5.7
10/10/2015,15.6,7,0,79,18,13.9,5.9
10/11/2015,17,7,0,85,16,6.7,4.5
10/12/2015,17.5,6.4,0,88,18,4.6,2.4
10/13/2015,19.1,4.8,0,79,2,6.2,3.1
10/14/2015,20,13.4,9,79,27,17,5.5
10/15/2015,18,11,0,79,27,15.9,4.9
10/16/2015,15.9,5.6,0,73,23,6.2,4
10/17/2015,17,2.8,0,72,18,16.5,3.2
10/18/2015,18.1,6.2,0,67,2,6.2,4
10/19/2015,18.5,11.7,17,82,7,6.2,2.8
10/20/2015,20.1,13,0,88,23,5.7,3.3
10/21/2015,22.9,9.5,0,83,9,4.1,1.9
10/22/2015,23,12.2,0,81,18,15.4,3.6
10/23/2015,16,4.6,0,69,20,6.7,4.4
10/24/2015,15,3,0,77,9,13.4,6.4
10/25/2015,18.3,12.4,0,81,7,14.4,6.4
10/26/2015,22.7,14.5,0,87,9,5.7,3.5
10/27/2015,23.5,12.6,0,88,9,6.7,3.7
10/28/2015,24.2,15.5,0,86,9,12.3,3.7
10/29/2015,21.5,16.8,10,93,23,6.2,3.3
10/30/2015,20,11.1,0,83,16,13.9,6.2
10/31/2015,19.4,6,0,73,11,6.7,4.5
11/1/2015,20,6.5,0,61,9,7.2,3.9
11/2/2015,19,10.8,0,66,9,6.7,3.6
11/3/2015,22.5,11.2,0,85,16,5.1,2.2
11/4/2015,20,7.4,0,66,7,7.7,4.5
11/5/2015,22.5,5.1,0,70,16,8.2,1.3
11/6/2015,26.1,8.6,0,69,36,3.6,2.1
11/7/2015,26.2,12.1,0,66,9,4.1,2.6
11/8/2015,26,17.2,0,66,9,4.6,2.8
11/9/2015,26.5,15.6,5,77,20,16.5,3.6
11/10/2015,27,16.3,0,90,9,7.2,3.2
11/11/2015,27.3,11,0,69,9,5.7,3.1
11/12/2015,21.5,15.2,48,77,9,17.5,4.9
11/13/2015,20.7,14.5,0,87,25,18,5.3
11/14/2015,27,12,0,77,2,4.6,2.1
11/15/2015,27.4,19.1,0,72,36,5.1,3.2
11/16/2015,25.8,16.5,9,68,9,6.2,4.1
11/17/2015,22,18.1,10,93,7,5.1,2.3
11/18/2015,22.6,15.8,0,89,18,7.2,3.5
11/19/2015,18.2,11.9,18,92,18,14.4,2.8
11/20/2015,19.6,7.8,0,66,18,5.7,3.5
11/21/2015,23.5,13,0,62,34,5.7,3.5
11/22/2015,25.5,12.7,0,74,14,6.2,2.7
11/23/2015,22.1,15.1,0,69,7,12.3,4.6
11/24/2015,22,14,0,67,9,13.4,4.5
11/25/2015,23.2,16.2,0,73,7,12.3,4.6
11/26/2015,23.4,17.5,35,78,9,12.3,4.5
11/27/2015,21,16.5,6,93,9,13.9,5.5
11/28/2015,23.8,12.8,0,69,25,13.9,3.3
11/29/2015,24.5,8.8,0,65,23,7.2,1.9
11/30/2015,29.5,12.2,0,59,27,3.6,1.3
12/1/2015,29.3,15.8,0,57,9,5.1,2.1
12/2/2015,26.5,14.6,0,80,11,6.2,3.3
12/3/2015,25.9,17.9,16,79,7,6.2,3.5
12/4/2015,24.5,18.4,0,94,7,6.2,2.4
12/5/2015,23.8,14.4,0,81,18,9.8,3.6
12/6/2015,21,6.4,0,65,20,6.7,3.5
12/7/2015,23.6,9.4,0,72,5,3.6,2.3
12/8/2015,30.3,17.1,2,61,23,6.7,2.3
12/9/2015,27.5,16.5,0,72,20,3.6,1.4
12/10/2015,32,14.5,0,59,36,5.1,2.6
12/11/2015,32.2,14.5,0,59,34,14.9,3.5
12/12/2015,32.1,22.8,0,70,34,4.1,1.8
12/13/2015,31.2,16.8,10,69,23,4.1,0.9
12/14/2015,26.5,18.8,0,86,18,6.7,2.7
12/15/2015,27.4,15,0,74,11,6.7,3.6
12/16/2015,29,13.9,0,73,7,12.9,4.5
12/17/2015,27.2,19.8,0.9,79,5,13.9,2.1
12/18/2015,25,15.9,0,59,18,11.8,5.1
12/19/2015,24,9.3,0,58,23,4.6,2.6
12/20/2015,25.5,11.6,0,69,9,8.7,3.3
12/21/2015,29,18.6,13,72,11,5.7,4.1
12/22/2015,23.5,17.6,4,92,16,7.7,4.1
12/23/2015,28.3,19,0,82,36,3.6,2.1
12/24/2015,28,15.2,0,59,7,10.8,4.5
12/25/2015,29.3,18.5,0,67,9,5.1,3.5
12/26/2015,29.2,20.5,0,69,5,7.7,2.6
12/27/2015,33,19.8,0,65,36,4.6,2.6
12/28/2015,33,20.5,0,73,7,5.7,2.6
12/29/2015,32,20.6,0,77,7,4.6,2.3
12/30/2015,30.5,20.8,0,84,9,7.2,1.8
12/31/2015,28,19,0,81,9,6.7,2.1
1/1/2016,26.3,20.3,22,85,9,6.7,3.3
1/2/2016,29,21.1,0,74,7,6.7,4.2
1/3/2016,29,22.3,0,75,9,7.2,4.5
1/4/2016,29.5,23.8,0,83,5,7.7,1.7
1/5/2016,30,21.8,0,76,18,13.9,3.3
1/6/2016,27.4,13.6,0,67,18,5.1,3.3
1/7/2016,28.2,12.2,0,72,9,6.7,2.7
1/8/2016,27.8,16.1,0,72,9,3.1,1
1/9/2016,25.7,16.5,0,81,18,7.2,3.1
1/10/2016,26.5,18.8,3,84,7,2.6,1.2
1/11/2016,29.6,15.6,0,78,5,3.6,1.8
1/12/2016,28.5,21.6,0,73,27,14.9,0.9
1/13/2016,28,13.8,0,70,11,7.2,5.3
1/14/2016,31.7,20,0,48,36,13.9,3.6
1/15/2016,32.5,19.2,0,65,11,13.4,2.7
1/16/2016,29.8,12.7,0,71,5,5.7,2.2
1/17/2016,34.5,19.4,0,61,36,4.1,1.8
1/18/2016,29,17.9,0,67,9,12.9,4
1/19/2016,29.2,14.7,21,61,9,6.7,3.5
1/20/2016,25.5,18.1,8,80,18,16.5,4.6
1/21/2016,29,19.4,0,80,9,5.7,3.5
1/22/2016,34.8,22.7,17,63,18,23.2,4.1
1/23/2016,32.1,18.9,0,80,9,12.9,5.5
1/24/2016,36,20.4,7,73,7,13.4,4.1
1/25/2016,31,20.3,0,61,27,15.4,3.5
1/26/2016,26.5,15.6,0,60,18,10.3,4.2
1/27/2016,25.5,11,0,68,9,5.7,2.8
1/28/2016,28.2,17.1,0,69,18,13.9,1.8
1/29/2016,29.5,19.6,0.8,77,14,4.6,2.3
1/30/2016,29.5,18.8,0,83,18,7.2,2.6
1/31/2016,25.7,15.9,0,73,18,7.2,4.1
2/1/2016,26.5,10.9,0,75,9,7.2,2.8
2/2/2016,28.5,14.2,0,74,9,7.7,2.4
2/3/2016,29.2,19.2,0,72,9,6.2,3.2
2/4/2016,31.1,18.8,0,74,9,4.6,3.1
2/5/2016,32,20.4,0.3,74,9,6.7,2.7
2/6/2016,31.4,22.1,0,80,9,12.3,4.4
2/7/2016,30.6,20.4,5,75,18,14.9,4
2/8/2016,29.4,21.3,6,89,18,5.1,0.6
2/9/2016,34.5,17.3,0,70,\N,\N,2.6
2/10/2016,30,17,0,69,9,6.2,3.3
2/11/2016,31.8,20.4,0,66,9,4.6,3.3
2/12/2016,36.5,22.8,15,59,18,14.4,3.6
2/13/2016,31.4,21.9,0,85,9,6.2,3.2
2/14/2016,30.8,16,0,72,32,4.1,1.8
2/15/2016,32,19.5,0,73,\N,\N,2.2
2/16/2016,32.5,22.4,54,73,36,5.1,2.6
2/17/2016,31.5,18.6,0,77,20,17,3.3
2/18/2016,31,17.8,3,84,9,16.5,2.6
2/19/2016,24.3,17.8,3,91,\N,\N,3
2/20/2016,26.5,15,0,74,9,5.1,2.8
2/21/2016,30.2,19.6,0,78,7,6.7,3.6
2/22/2016,29.8,22,0,78,7,5.1,3.6
2/23/2016,31,20.7,0,80,9,4.6,1.9
2/24/2016,32.6,19.2,0,82,16,22.6,1.9
2/25/2016,26.8,15.5,6,70,18,8.2,4.9
2/26/2016,24.5,17,3,85,5,16.5,4.4
2/27/2016,26.5,11.5,0,63,23,4.6,1.9
2/28/2016,29.7,15.2,0,57,23,5.7,1.9
2/29/2016,27.5,16,3,77,9,6.2,3.1
3/1/2016,20.8,17.4,5,82,11,12.9,3.9
3/2/2016,23.5,12,0,79,9,7.7,4.6
3/3/2016,25.2,15.3,0,77,9,5.7,3
3/4/2016,27,17.4,12,77,36,6.2,2.6
3/5/2016,24.5,15.8,0,76,20,13.4,3.9
3/6/2016,22.7,9.2,0,74,20,5.7,1.8
3/7/2016,25,10.7,0,82,7,3.6,1.4
3/8/2016,26.5,10.9,0,78,36,4.1,1.4
3/9/2016,22.5,15.6,0,80,20,15.4,2.4
3/10/2016,19.1,13.2,1,84,16,12.3,4.8
3/11/2016,25,11.4,0,79,18,5.7,3
3/12/2016,22.5,10.7,0,81,7,12.3,3
3/13/2016,23.3,7.5,0,79,36,6.2,2.7
3/14/2016,26.4,11.2,0,80,2,4.1,2.1
3/15/2016,30.5,16.4,0,83,7,4.1,3.3
3/16/2016,31.5,19.5,0,80,36,5.1,3.1
3/17/2016,31.6,20.8,59,70,36,4.6,3
3/18/2016,26.5,16.9,2,85,18,20.1,3.2
3/19/2016,20.8,8.2,0,70,14,7.7,4.6
3/20/2016,21.5,10.6,3,72,9,13.4,4.4
3/21/2016,21.1,14.2,2,89,11,6.7,2.6
3/22/2016,23.6,10.7,0,85,5,4.1,2.2
3/23/2016,25.6,13.2,0,80,36,5.1,2.1
3/24/2016,25.5,12.6,0,84,16,14.9,3.1
3/25/2016,20.5,10.2,0,83,14,12.9,5
3/26/2016,21.6,13,1,92,9,13.4,3.5
3/27/2016,24.5,16.1,0,87,18,14.4,5.7
3/28/2016,25.5,17,0,86,23,8.2,3.1
3/29/2016,28.6,12.8,0,81,23,4.1,0.9
3/30/2016,26.6,14.2,0,80,7,5.7,2.7
3/31/2016,27,15.2,0,83,9,4.6,3.2
4/1/2016,22,18.1,38,88,5,13.4,3.1
4/2/2016,22.5,18.2,8,95,20,5.7,2.1
4/3/2016,23.3,15.7,4,93,7,4.1,2.1
4/4/2016,21.4,17.4,5,88,7,18,6.2
4/5/2016,21.3,18,8,91,20,5.7,2.7
4/6/2016,21,16.5,0,93,16,6.2,3.5
4/7/2016,22.6,10.4,0,90,7,6.2,2.4
4/8/2016,23,15.6,6,88,16,7.2,3.2
4/9/2016,22,14.5,0,87,18,7.7,5.4
4/10/2016,20,12.2,0.1,83,16,8.2,6
4/11/2016,22.4,11.2,0,83,18,8.7,5.4
4/12/2016,21.3,14,4,86,9,13.4,4.5
4/13/2016,21.7,17.2,8,91,9,13.9,3.3
4/14/2016,24.8,14.2,0,89,7,4.1,1.8
4/15/2016,22.6,20.4,29,97,34,12.9,3.1
4/16/2016,24.8,17.1,0,84,18,8.2,2.7
4/17/2016,17.1,15,3,88,16,15.9,6
4/18/2016,18.2,11.2,27,88,11,15.4,6.2
4/19/2016,17.9,12.6,13,99,25,5.7,2.1
4/20/2016,22,8.9,0,87,34,4.6,2.2
4/21/2016,22.8,11.8,0,78,23,5.7,2.2
4/22/2016,19.5,7.8,0,78,7,7.7,3.7
4/23/2016,20.3,15.2,0.9,93,5,4.1,1.8
4/24/2016,21.5,12.5,22,82,18,13.9,4.9
4/25/2016,14.8,8.4,0,90,18,14.9,6.2
4/26/2016,14.5,6.4,0,78,20,14.9,4.2
4/27/2016,12.6,3,0,79,23,5.1,3.3
4/28/2016,14.3,1.7,0,87,23,4.1,1.8
4/29/2016,15,5.4,0,78,18,6.2,3.2
4/30/2016,14.2,3.8,0,83,16,5.1,1.7
5/1/2016,16.1,2.4,0,82,34,5.1,2.3
5/2/2016,18.6,8.2,0,87,18,6.7,1.8
5/3/2016,14,3.7,0,79,14,6.7,2.3
5/4/2016,17.9,1.9,0,88,36,4.6,0.8
5/5/2016,15.5,8.4,0.8,93,9,5.1,2.2
5/6/2016,14,9.4,0,86,14,4.6,3
5/7/2016,15.3,7.9,0,80,11,5.7,3.7
5/8/2016,17.9,7.9,0,90,9,6.7,3.3
5/9/2016,20.1,9.6,0,93,9,3.6,2.2
5/10/2016,16.3,11.9,0,96,18,7.2,3.1
5/11/2016,14.5,4.1,0,83,16,5.1,2.8
5/12/2016,13,4.1,0,81,18,4.6,2.4
5/13/2016,13.8,4.9,0,87,20,4.1,2.3
5/14/2016,13.5,3.6,0,98,9,5.7,1.7
5/15/2016,13,9.6,5,99,18,10.8,2.7
5/16/2016,13.5,5.3,0,81,23,6.7,4
5/17/2016,13,3,0,81,23,4.6,2.3
5/18/2016,14.1,1.9,0,88,20,4.6,1.7
5/19/2016,12.4,1.5,0,90,5,4.1,1.3
5/20/2016,15.8,6.8,0,86,16,3.6,2.4
5/21/2016,13.8,4,3,94,18,2.6,0.4
5/22/2016,14.5,6.1,0,91,14,4.1,1.8
5/23/2016,16,1.6,0,88,23,2.6,0.8
5/24/2016,15.5,1.9,0,88,36,5.7,2.2
5/25/2016,16.8,8,0,89,9,3.6,1.8
5/26/2016,15.1,6.6,0.3,94,16,5.1,1.9
5/27/2016,13.7,6.1,2,96,11,5.1,4.1
5/28/2016,16,9.1,41,91,11,14.4,5.1
5/29/2016,15,12.8,16,99,16,12.9,4.5
5/30/2016,14.1,11.7,2,97,29,12.9,4.2
5/31/2016,14,10.3,0,87,27,15.4,4.6
6/1/2016,14.1,7.7,0,82,29,16.5,4.8
6/2/2016,10.8,5.8,0.3,94,20,5.7,3
6/3/2016,14.1,3.7,0,89,23,4.6,1.5
6/4/2016,11.4,7.6,9,92,27,3.1,1.2
6/5/2016,11,3.4,0,92,18,3.1,1.5
6/6/2016,13.5,3.6,0,89,36,13.4,3.5
6/7/2016,13.8,5.6,0,74,27,8.7,3.7
6/8/2016,11.3,3.4,0,65,27,13.9,3.6
6/9/2016,12.1,-0.8,3,89,20,6.2,2.2
6/10/2016,10.5,1.4,0,87,27,5.1,3.2
6/11/2016,13.6,-0.5,0,74,27,6.2,3.1
6/12/2016,15,1.2,0,84,2,3.1,1.7
6/13/2016,13.7,0.6,0,86,36,6.7,2.1
6/14/2016,17.5,1.4,0,86,7,3.1,1.2
6/15/2016,16,4.5,0,87,9,3.1,0.5
6/16/2016,16,1.8,0,88,20,2.6,1.2
6/17/2016,16.4,2.5,0,86,27,4.1,1.8
6/18/2016,17.3,2.6,0,82,29,3.6,1
6/19/2016,12.5,3.8,0,89,18,6.2,2.4
6/20/2016,11,-2.5,0,91,16,3.6,2.2
6/21/2016,12,0.8,0,89,7,4.6,1.9
6/22/2016,15,0.5,0,92,7,4.1,0.5
6/23/2016,16.4,2.3,0,93,7,5.1,1.7
6/24/2016,14,6.1,0,94,5,3.6,2.2
6/25/2016,11.7,7.2,0,94,18,7.2,3.7
6/26/2016,10.6,7.2,4,89,11,13.4,5.3
6/27/2016,14.2,10.2,16,98,9,12.9,6
6/28/2016,13.2,8.2,0,87,32,7.7,3.9
6/29/2016,15.8,3.5,0,87,36,5.1,2.3
6/30/2016,16.5,9.1,5,99,16,5.1,1.5
7/1/2016,14.8,12,9,100,18,3.6,1.9
7/2/2016,14,11.2,32,100,18,6.2,3.1
7/3/2016,13.5,11.8,74,100,20,5.7,2.2
7/4/2016,12.1,10.2,1,99,16,13.9,4.9
7/5/2016,10.6,8.2,11,92,18,7.7,4.5
7/6/2016,14.8,6.5,0,82,25,5.1,2.7
7/7/2016,18.1,4,0,78,27,3.6,2.7
7/8/2016,17,6,0,87,36,5.7,2.2
7/9/2016,16.4,8.2,0,91,32,3.6,1.8
7/10/2016,16,7.8,0,95,5,3.1,1.4
7/11/2016,12.8,9,6,96,9,5.7,2.3
7/12/2016,14.5,8.9,0,85,27,12.9,4
7/13/2016,12.6,2.6,0,89,7,4.6,1.9
7/14/2016,13,8.4,17,93,9,13.4,3.8
7/15/2016,12.1,7.3,0,90,18,12.3,4.1
7/16/2016,10.7,4.5,0,81,20,15.9,4.2
7/17/2016,10,0.9,0,89,23,7.2,2.7
7/18/2016,11.5,0.8,0,85,20,3.6,2.2
7/19/2016,10.7,1.9,0,83,14,5.7,2.6
7/20/2016,10.7,-1.8,0,91,9,4.6,1.7
7/21/2016,13.2,-1.5,0,88,36,3.6,1.3
7/22/2016,13.7,1,0,85,36,5.1,2.2
7/23/2016,16.6,7.5,0,85,18,4.6,1.7
7/24/2016,11,3.9,0,86,11,12.3,4.1
7/25/2016,11.7,8.6,21,94,11,13.9,6
7/26/2016,11.4,9,9,94,18,21.6,6
7/27/2016,10.5,2.8,0,88,23,5.7,2.7
7/28/2016,11.9,0.6,0,92,9,5.1,1.9
7/29/2016,13.5,3.4,0,90,5,5.1,3.5
7/30/2016,14.9,5.2,2,92,7,4.6,3.5
7/31/2016,15,11.8,15,99,18,10.3,2.4
8/1/2016,12.2,8.4,0,90,18,6.7,2.8
8/2/2016,12,0.1,0,91,9,4.6,1.5
8/3/2016,11,4.8,0,93,7,5.7,2.8
8/4/2016,16.1,7.2,0,93,7,3.1,1.2
8/5/2016,15.4,7.4,0,98,16,3.1,0.8
8/6/2016,18.5,4.5,0,78,23,3.6,1.7
8/7/2016,16.5,3.3,0,79,2,3.6,1.7
8/8/2016,16.5,7.2,1,83,36,4.1,1.7
8/9/2016,16.5,3.9,0,86,23,4.1,1.9
8/10/2016,16.4,2.1,0,87,2,4.1,1.8
8/11/2016,17.5,7.1,0,78,36,6.7,4.1
8/12/2016,19,9,0,84,34,5.1,3.1
8/13/2016,20.8,11.5,0,77,36,14.4,3.2
8/14/2016,19.1,6.2,0,77,36,3.1,1.4
8/15/2016,19.6,7.6,0,70,25,13.4,2.8
8/16/2016,16.5,5.6,0,82,7,3.6,1.3
8/17/2016,17.2,5.9,0,50,27,9.3,4
8/18/2016,19.2,4.6,0,60,29,3.6,1.7
8/19/2016,17.2,4.2,0,72,7,2.1,0.8
8/20/2016,12,2.9,0,82,16,14.4,5.3
8/21/2016,12.2,-1.4,0,78,36,8.2,3
8/22/2016,21.1,9.8,0,61,32,5.7,4.4
8/23/2016,20,9.4,0,62,36,6.7,2.7
8/24/2016,20.8,6.8,0,69,36,6.2,2.4
8/25/2016,23.5,5.1,0,85,32,4.1,2.1
8/26/2016,25.7,9.6,12,80,36,3.6,2.1
8/27/2016,18.1,7.4,41,96,18,17,5.8
8/28/2016,13.5,6.8,0,89,16,12.3,6.2
8/29/2016,15.5,7.2,0,96,18,5.7,3.7
8/30/2016,15.2,4.5,0,95,7,3.6,1.8
8/31/2016,19.2,8.5,0,81,18,13.4,3.2
9/1/2016,13.4,6.3,0,79,18,7.7,3.7
9/2/2016,14,2,0,71,18,8.2,3.2
9/3/2016,12.2,1.2,0,85,18,7.7,4.8
9/4/2016,13,1.5,8,87,18,7.2,4.9
9/5/2016,10.2,8,15,98,18,17.5,5.5
9/6/2016,10.2,7.5,6,99,18,22.1,9.3
9/7/2016,14.9,8.5,0,93,20,5.1,3.5
9/8/2016,17.9,10,0,80,36,6.2,3.5
9/9/2016,21.6,12,0,70,34,13.4,4.8
9/10/2016,23.9,12.6,0,73,36,4.1,2.4
9/11/2016,22,11,0,86,9,6.7,4
9/12/2016,17.6,12.8,14,93,20,15.9,4.2
9/13/2016,15.5,10.6,0.8,82,25,22.1,7.2
9/14/2016,15,8,0,77,27,20.1,7.1
9/15/2016,18,1.8,0,84,5,3.6,1.7
9/16/2016,19.2,5.9,0,81,36,6.2,2.7
9/17/2016,21.7,10.9,1,78,23,3.6,1.8
9/18/2016,17.2,9.2,0,84,20,6.2,3.6
9/19/2016,15,5.3,0,95,20,4.6,2.3
9/20/2016,16.4,9.5,0,87,7,7.2,2.7
9/21/2016,21.9,11,0,79,2,6.7,4.1
9/22/2016,23.8,15,0,72,18,19.5,5.1
9/23/2016,15.6,6,0,71,18,13.9,3.9
9/24/2016,15.5,2.9,0,78,20,8.2,3.7
9/25/2016,18,0.5,0,83,9,4.6,2.2
9/26/2016,20.2,3.9,0,77,5,5.1,2.7
9/27/2016,23.5,8.2,0,71,34,5.7,3
9/28/2016,21,9.6,0,75,11,16.5,4.9
9/29/2016,14.7,4.7,0,80,11,8.2,4.8
9/30/2016,15.5,9.5,0,78,9,12.3,5
10/1/2016,19,7.3,0,76,14,7.7,4.1
10/2/2016,15,12.9,0.8,86,7,7.7,4.1
10/3/2016,20,12.7,0,86,9,13.9,5.8
10/4/2016,19.9,13.9,0,80,9,14.9,8
10/5/2016,18.2,13.9,0,86,9,6.7,4.1
10/6/2016,18.3,11.3,15,88,23,5.7,1.9
10/7/2016,19,9.5,4,86,18,15.4,1.9
10/8/2016,16.9,6,0,78,\N,\N,3.1
10/9/2016,22.5,5.6,0,65,36,7.7,3.7
10/10/2016,22,9.5,0,75,16,5.1,1.7
10/11/2016,24.8,11,0,72,36,3.6,3
10/12/2016,26,13.7,4,78,27,13.4,2.3
10/13/2016,23.9,16.5,0,84,16,20.6,5.1
10/14/2016,22.2,11.6,29,83,9,6.7,4.5
10/15/2016,21.8,16,12,95,18,17.5,4.6
10/16/2016,27,16.8,0,90,23,5.7,2.3
10/17/2016,19.7,12.1,0,80,20,15.9,5.5
10/18/2016,16,11.6,14,91,11,19.5,7.5
10/19/2016,15,11.5,18,95,11,19.5,9.1
10/20/2016,16.1,10.8,0,88,18,6.7,5.3
10/21/2016,17.6,9.8,0,83,7,4.1,2.6
10/22/2016,20.8,11.4,0,77,5,5.1,3.6
10/23/2016,20.3,11.8,0,82,9,5.7,3.6
10/24/2016,19.7,13.6,0,92,9,18,7.3
10/25/2016,18.2,16.4,10,89,11,17,7.7
10/26/2016,19.1,14.6,0.8,87,20,17,5.3
10/27/2016,17.1,9.9,0,64,20,21.6,8.9
10/28/2016,16.6,2.6,0,80,18,3.6,2.7
10/29/2016,22.6,9.2,0,71,34,5.7,3.7
10/30/2016,24.9,14.6,0,73,9,6.7,3.1
10/31/2016,25.5,15.2,3,79,36,5.7,3.2
11/1/2016,17.7,10.1,33,93,27,14.4,3.3
11/2/2016,17.5,8.1,0.5,78,20,16.5,4.8
11/3/2016,25.5,10,0,50,36,15.4,5.3
11/4/2016,26,14.8,0,66,7,8.2,4.8
11/5/2016,30,14.9,0,71,36,5.1,2.7
11/6/2016,32,19.8,0,65,36,8.2,2.6
11/7/2016,22.5,12.6,0,85,18,13.4,7.1
11/8/2016,20.7,15.1,0,93,11,12.9,5.5
11/9/2016,25.4,17.6,0,78,23,4.6,3.1
11/10/2016,28.5,12,0,63,18,18,4.6
11/11/2016,20.7,6.6,0,58,5,5.7,2.6
11/12/2016,26.1,10.9,2,62,34,13.4,3
11/13/2016,22.7,14.8,11,78,5,18.5,3.1
11/14/2016,27.6,14.3,0,74,34,5.1,2.6
11/15/2016,28,18,0,71,18,16.5,3.2
11/16/2016,21.2,11.9,3,58,9,6.2,4.1
11/17/2016,17.7,8.4,0,62,20,20.1,7.8
11/18/2016,19,3.7,0,63,36,5.1,2.6
11/19/2016,23.6,9,0,69,34,7.7,3.1
11/20/2016,24.8,13.6,0,73,18,14.4,3.9
11/21/2016,16.8,7.9,0,67,18,13.9,5.9
11/22/2016,23.9,5,0,65,27,4.1,1.5
11/23/2016,28,13,0,59,2,4.1,2.3
11/24/2016,29.3,13.9,0,62,9,5.7,2.7
11/25/2016,29,19.2,0,65,5,11.3,3.7
11/26/2016,24,19.1,21,85,27,18,4.1
11/27/2016,27.7,15.4,0,80,11,5.1,1.8
11/28/2016,25,14.5,0,77,9,3.6,1
11/29/2016,27,11.3,0,77,9,8.2,3.3
11/30/2016,26.2,16.7,0,56,7,6.2,4.1
12/1/2016,26.9,18,0,63,5,4.6,3.3
12/2/2016,31.2,14.6,0,65,36,4.1,2.1
12/3/2016,29.5,18.5,0,74,9,8.2,4.1
12/4/2016,29.5,18.9,0,79,7,5.7,3.5
12/5/2016,29.9,17,6,73,20,18.5,3.6
12/6/2016,27.4,12.3,0,61,25,4.6,2.7
12/7/2016,30,11.5,0,63,23,4.6,1.7
12/8/2016,23,13.4,0,57,18,14.4,6.8
12/9/2016,26.4,9.9,0,57,36,5.7,1.9
12/10/2016,33.6,16.8,0,41,29,13.4,4
12/11/2016,27.2,15.6,0,51,16,7.7,3.9
12/12/2016,32.7,20.2,0,50,2,14.4,4
12/13/2016,26.3,12.2,0,49,18,8.7,5.5
12/14/2016,23.3,7.3,0,49,20,7.2,3.6
12/15/2016,27.5,14.1,0,46,32,6.2,3.7
12/16/2016,30.2,17.8,0,53,36,11.8,3.9
12/17/2016,33.6,20.3,0,55,9,8.2,4.5
12/18/2016,28.7,18.8,10,88,18,14.9,4.1
12/19/2016,27.1,15,0,79,20,7.2,3
12/20/2016,31.4,12.8,0,64,2,5.7,2.1
12/21/2016,34.5,21.3,0,54,36,4.6,3.5
12/22/2016,25.2,18.4,20,81,20,13.4,2.7
12/23/2016,31.5,17.3,0,71,7,12.9,2.2
12/24/2016,31,18.6,35,64,7,5.7,2.4
12/25/2016,26.2,18.3,51,81,9,7.2,3.9
12/26/2016,28,19.3,1,87,9,8.2,3.9
12/27/2016,27,17.6,0,82,11,5.7,3.3
12/28/2016,29,17.9,0,76,5,5.7,3.3
12/29/2016,31,19.9,0,79,9,6.2,3.2
12/30/2016,30.1,22.5,0,83,9,6.2,3.5
12/31/2016,33.1,24.1,0.3,77,9,6.7,2.6
1/1/2017,33.4,24.4,0,71,16,15.9,4.4
1/2/2017,28,13.4,0,67,9,7.2,4.6
1/3/2017,25.8,19.8,42,94,20,18.5,4.1
1/4/2017,29.1,19.2,0,86,23,4.1,2.4
1/5/2017,26.2,14.5,0,58,18,12.3,3.3
1/6/2017,27,14,0,70,5,7.2,4.1
1/7/2017,31.4,22.2,50,65,18,19.5,3.6
1/8/2017,28.4,20.1,0,88,36,19.5,3.9
1/9/2017,31.5,18.2,17,81,18,17.5,4
1/10/2017,27.4,14.2,0,73,20,3.6,2.3
1/11/2017,29.5,19.9,0,62,2,4.6,3
1/12/2017,31.3,19.5,0,71,36,6.7,3.3
1/13/2017,28.8,19.5,0.4,69,14,12.9,5.4
1/14/2017,26,12.2,0,71,9,5.7,3.5
1/15/2017,24.2,17.1,10,80,9,13.9,3.9
1/16/2017,28.2,19.6,0,86,9,7.7,5.3
1/17/2017,32,21.7,0,79,14,14.4,4
1/18/2017,27.7,15,0,74,9,6.7,3.5
1/19/2017,30.7,21.4,0,76,2,5.7,3.8
1/20/2017,31.2,20.7,4,71,20,22.1,5.5
1/21/2017,32.2,20.9,0,74,36,5.7,3.5
1/22/2017,29.3,22,0,73,11,7.2,3.3
1/23/2017,29.3,20.5,0,79,7,4.6,2.3
1/24/2017,30.1,19.8,7,79,20,15.4,2.7
1/25/2017,23.8,16,0,70,18,13.4,6.3
1/26/2017,22.1,10,0,69,18,14.9,4.6
1/27/2017,24.5,9.9,0,69,7,5.1,1.8
1/28/2017,29,15.6,0,68,34,5.7,2.7
1/29/2017,30.5,20,0,68,36,5.7,3
1/30/2017,33.6,22.6,0,68,9,8.7,4.2
1/31/2017,31.3,23.6,18,79,36,5.7,2.7
2/1/2017,28.5,19,0,85,23,12.9,3.3
2/2/2017,25.1,17.4,0,83,18,4.6,3.1
2/3/2017,27.5,17,0,76,7,5.1,3.1
2/4/2017,28,16.2,17,86,14,6.2,4.2
2/5/2017,23.1,15.1,8,93,27,28.3,6.2
2/6/2017,22.5,12.2,0,74,23,6.7,3.3
2/7/2017,25.5,10.6,0,76,7,5.7,1.7
2/8/2017,25.5,15,0,74,7,7.7,4.1
2/9/2017,27,19.2,0,78,9,6.7,3.7
2/10/2017,28.8,18.4,27,85,18,14.9,3.5
2/11/2017,27,17.6,0,84,9,12.9,5.1
2/12/2017,23.1,19.2,20,92,18,10.8,5
2/13/2017,25.5,18.5,10,91,11,14.4,7.3
2/14/2017,27.2,20.1,0,96,20,6.7,3.7
2/15/2017,30,20,0,80,27,5.7,2.1
2/16/2017,30.9,19.2,21,79,25,13.9,2.2
2/17/2017,30.7,19.2,6,82,36,4.6,3.3
2/18/2017,28.7,20.6,0,80,36,15.9,1.8
2/19/2017,31,17.8,0,81,36,4.6,1.5
2/20/2017,31.4,22.8,0,80,36,4.6,2.8
2/21/2017,33.5,22.3,0.8,85,5,4.1,1.9
2/22/2017,32.6,20.2,0,75,5,4.6,2.2
2/23/2017,33.6,23.1,0,79,25,3.6,1.4
2/24/2017,31.3,21.2,0,90,7,5.1,2.7
2/25/2017,32.8,19.8,0,83,9,4.1,1.4
2/26/2017,33,21.7,0,80,36,4.6,2.2
2/27/2017,32.5,21.2,0,80,36,5.7,3.5
2/28/2017,33,21.8,0,78,32,3.1,1.8
3/1/2017,32.9,23.1,0,71,23,6.7,2.3
3/2/2017,33,21.9,1,78,25,15.4,5.5
3/3/2017,24.9,17.5,0,71,18,8.2,4.6
3/4/2017,24.7,15.2,0,72,11,7.2,3.7
3/5/2017,25.5,12.6,0,74,7,5.7,2.7
3/6/2017,28.5,16.8,0.5,72,16,5.7,3.1
3/7/2017,25.5,12.9,0,76,11,6.2,4.9
3/8/2017,27,18.8,36,77,5,12.9,3.7
3/9/2017,27.5,18.6,0,79,29,21.6,4.6
3/10/2017,24.4,12.8,0,57,25,5.1,2.6
3/11/2017,23.6,10.4,0,67,36,6.7,2.8
3/12/2017,21.8,11.9,0,60,23,14.4,4.1
3/13/2017,25.5,10.2,0,65,34,5.1,2.6
3/14/2017,26.6,12.7,0,78,7,5.1,2.3
3/15/2017,22.3,16.2,24,93,18,7.7,3.5
3/16/2017,20.1,12.4,0,77,18,16.5,6.4
3/17/2017,21.9,8,0,79,20,4.6,2.1
3/18/2017,21.9,10,0,84,5,4.6,1.5
3/19/2017,24,12.3,0,83,7,6.7,3.2
3/20/2017,23.5,13.2,0,80,9,8.2,3.1
3/21/2017,25,16.8,0,80,11,6.7,4
3/22/2017,25.2,18.6,0,86,7,5.7,4
3/23/2017,27,16,0,86,2,3.6,1.9
3/24/2017,27.1,15.1,0,92,9,4.6,1.5
3/25/2017,27.5,16.7,0,87,7,6.7,3.1
3/26/2017,27,20.2,0,77,5,12.9,5
3/27/2017,27.2,19.8,0,84,11,6.7,4.2
3/28/2017,26,19.9,0,80,9,13.4,5.3
3/29/2017,26.3,17.8,0,78,7,15.4,7.1
3/30/2017,25.5,19.6,0,77,7,14.4,5.7
3/31/2017,26.4,19.3,0,77,5,6.2,4.5
4/1/2017,26.3,19,0,73,7,14.4,4.9
4/2/2017,22.6,18.3,3,83,7,15.9,3.6
4/3/2017,23.2,15.8,0,87,27,2.6,1.2
4/4/2017,27.1,11.4,0,84,36,4.1,0.5
4/5/2017,27,15.2,0,66,23,6.7,2.7
4/6/2017,23.8,9,0,76,9,5.1,2.6
4/7/2017,25.5,16.8,0,70,7,14.4,5
4/8/2017,27.3,18.4,12,84,7,15.4,5.8
4/9/2017,23.8,21,24,95,7,5.7,3.3
4/10/2017,23.2,11.8,4,97,29,17,5.8
4/11/2017,21.8,12.9,0,75,20,13.4,5.1
4/12/2017,19,7.2,0,75,20,5.7,2.7
4/13/2017,19.3,7.2,0,76,2,3.6,1.7
4/14/2017,21.6,8.6,0,82,9,5.7,1.7
4/15/2017,23.5,11.4,0,84,16,4.6,2.4
4/16/2017,21.7,12.6,0,86,16,8.2,5
4/17/2017,20,9.1,0,84,9,5.7,3.1
4/18/2017,21.1,9.2,0,87,9,6.2,2.3
4/19/2017,18.5,15.6,1,90,5,5.7,3
4/20/2017,24.7,16.6,0,86,25,3.6,2.1
4/21/2017,24.5,13,0,67,25,14.9,3.5
4/22/2017,19.7,6.3,0,76,34,4.1,1.5
4/23/2017,22.5,8.9,0,80,34,4.6,1.8
4/24/2017,22.8,13.8,0,70,5,4.6,2.4
4/25/2017,17.5,8.8,33,99,25,15.4,3
4/26/2017,16,9.2,0,69,27,18,5.1
4/27/2017,23.8,7.3,0,55,34,13.4,3.6
4/28/2017,26.1,12.5,0,63,32,6.2,2.8
4/29/2017,24.5,13.4,0,73,2,3.6,2.4
4/30/2017,24.4,12.4,0,64,34,4.6,2.7
5/1/2017,25.9,15,0,69,36,4.1,2.6
5/2/2017,22.8,10.2,0,77,5,3.1,1.3
5/3/2017,24.7,12,0,87,16,5.7,1.5
5/4/2017,25.1,14.5,0,88,34,4.6,3
5/5/2017,26,13.2,0,87,34,3.1,1.7
5/6/2017,21.5,14.6,0,88,7,6.2,3.5
5/7/2017,22.7,16.6,82,91,5,4.6,3.3
5/8/2017,19.5,14.2,32,97,20,7.2,4.1
5/9/2017,18,8.4,0,84,20,5.7,2.4
5/10/2017,16.2,6.6,0,81,18,5.1,3.2
5/11/2017,14.9,6.3,6,91,7,12.9,4.2
5/12/2017,18,13.7,6,89,5,12.9,4.6
5/13/2017,19.8,12.6,0,92,18,6.2,3.1
5/14/2017,16.6,10.4,0,92,16,3.1,1
5/15/2017,20,10.2,0,88,29,3.6,1.4
5/16/2017,20.4,6.6,0,83,16,2.6,1
5/17/2017,18.2,7.8,0,90,7,8.7,2.6
5/18/2017,18.2,12.5,22,92,9,23.2,4.4
5/19/2017,18.1,12.8,0.5,88,9,16.5,4.4
5/20/2017,14.1,9.5,3,88,34,12.9,3.3
5/21/2017,17.2,10.2,0,89,32,5.1,2.8
5/22/2017,21.5,8.5,0,80,9,4.1,2.3
5/23/2017,19.3,12.5,0,87,9,6.7,3.5
5/24/2017,19,10.2,4,94,9,3.6,1.3
5/25/2017,16.6,13.9,3,98,14,7.7,4.6
5/26/2017,17,9.4,0,78,25,5.1,2.4
5/27/2017,14.9,4.2,0,92,18,7.2,4.2
5/28/2017,15.4,8,0.2,95,9,5.7,3.3
5/29/2017,16.8,7.4,0,91,18,4.1,2.4
5/30/2017,15.8,2.3,0,83,18,5.7,2.2
5/31/2017,14,2.2,0,88,16,4.1,2.2
6/1/2017,15.6,4.8,0,93,23,2.6,1.4
6/2/2017,17.1,4.6,0,88,2,3.6,1.8
6/3/2017,16.7,6.2,0,88,36,5.1,2.4
6/4/2017,16,7.1,0,87,23,3.6,1.3
6/5/2017,13.1,-0.1,0,76,20,3.6,1.9
6/6/2017,14.6,0.2,0,76,34,5.7,1.5
6/7/2017,14.6,7.2,0,79,34,7.2,2.7
6/8/2017,13.9,7.6,0,90,20,4.6,2.6
6/9/2017,14.9,4.2,0,77,29,12.9,3.3
6/10/2017,20,10.9,0,61,27,5.1,3.2
6/11/2017,17,6.2,0,74,23,7.2,1.9
6/12/2017,12.7,-2.2,0,82,36,5.1,1.4
6/13/2017,17.8,2.9,0,84,27,3.6,1.9
6/14/2017,17.6,5,0,89,7,5.1,3
6/15/2017,17.8,11,0,90,2,3.6,2.8
6/16/2017,23.2,16.3,0,89,36,13.9,4.4
6/17/2017,22.7,11.5,0,76,23,15.4,4.2
6/18/2017,11.5,4.8,0,63,25,21.1,6.2
6/19/2017,11.2,0.2,0,73,27,4.1,2.4
6/20/2017,13.1,-1.2,0,70,32,4.1,1.5
6/21/2017,13.4,5.5,0,74,2,5.1,3.1
6/22/2017,21.5,9.9,0,87,36,5.7,2.7
6/23/2017,22.4,15.5,0,78,36,14.4,3.6
6/24/2017,22.1,11.6,0,89,11,4.1,2.1
6/25/2017,23.1,16.3,0,81,36,7.7,2.2
6/26/2017,24.4,16.4,0,70,36,12.9,3.6
6/27/2017,20.6,12.2,0,85,34,12.9,4.2
6/28/2017,12.8,10.9,0,94,23,3.6,1.9
6/29/2017,14.8,5.9,0,91,27,3.6,2.2
6/30/2017,16.5,8.9,0,78,20,4.6,2.6
7/1/2017,16.5,3.8,0,83,36,4.1,1.4
7/2/2017,17.5,8.8,0,71,36,4.6,2.6
7/3/2017,17.3,9.6,0,72,36,5.7,4
7/4/2017,19,11.5,0,78,5,8.7,4.9
7/5/2017,17.7,12.5,3,83,36,15.9,4
7/6/2017,12.6,4.4,3,98,18,4.1,1.5
7/7/2017,14.3,9.9,38,98,9,7.2,5.3
7/8/2017,16.1,10.9,0.1,95,36,5.1,4.1
7/9/2017,12,9.8,20,98,18,4.1,1.7
7/10/2017,12,7.3,0.5,98,18,5.7,4
7/11/2017,13.5,1.4,0,92,11,7.2,3.2
7/12/2017,17.6,6.2,0,95,7,6.2,5.3
7/13/2017,24.3,14.7,0,87,34,12.9,4.2
7/14/2017,17.6,10.5,7,88,11,13.4,5.7
7/15/2017,18.8,9,8,95,27,12.3,4
7/16/2017,9.5,4,0,84,27,14.9,5
7/17/2017,9,0,0,68,29,12.3,3.3
7/18/2017,15.1,1.8,0,53,32,5.7,3.7
7/19/2017,15,7.2,0,65,34,6.2,4.9
7/20/2017,17.5,8.3,0,62,32,12.3,4
7/21/2017,16.5,4.2,0,82,5,3.6,1.9
7/22/2017,17.5,6.5,0,81,36,6.7,3.7
7/23/2017,15.6,9.8,15,87,18,14.9,2.8
7/24/2017,14.5,9,0,94,16,8.2,4.6
7/25/2017,15.4,4.9,2,83,11,14.9,5.5
7/26/2017,17.2,12.3,0,99,9,8.2,3.7
7/27/2017,23.6,12.2,0,86,36,5.7,3.5
7/28/2017,23.8,14.2,0,81,36,5.7,3.5
7/29/2017,21.1,13,0,77,18,8.2,3.9
7/30/2017,13.2,8.7,3,89,16,13.9,7.2
7/31/2017,13,8.6,0.7,97,11,8.2,4.8
8/1/2017,14.5,10.1,0,97,16,6.7,4.5
8/2/2017,16.8,5.7,0,89,14,4.6,1.8
8/3/2017,17,3,0,88,36,5.7,1.2
8/4/2017,17.2,3.2,0,89,36,3.1,1.2
8/5/2017,16.6,6.8,0,82,36,12.9,4
8/6/2017,21.5,10,0,82,2,4.1,2.7
8/7/2017,21.1,12.4,0.2,89,11,4.6,2.7
8/8/2017,15.5,10.9,0,90,25,18,6.2
8/9/2017,16.4,10.3,0,91,11,14.4,5.7
8/10/2017,16.9,11.8,23,83,9,19,8.1
8/11/2017,16.4,14.2,9,95,9,17,5.8
8/12/2017,16.4,11.9,14,97,20,12.9,3.2
8/13/2017,15.7,4.8,0,83,20,3.1,1.8
8/14/2017,18.1,7.2,0,66,27,5.1,3
8/15/2017,19.4,6.3,0,76,34,13.9,4.1
8/16/2017,16.2,5.4,0,81,27,5.1,1.9
8/17/2017,20.7,4.1,0,76,34,5.7,3.1
8/18/2017,21.5,13.4,10,75,36,13.9,4.4
8/19/2017,17.1,9.5,0.5,80,20,12.9,3.9
8/20/2017,16,4.1,0,63,25,4.6,2.2
8/21/2017,16.4,1.4,0,74,36,13.9,2.7
8/22/2017,17.1,9.8,0,59,36,13.9,6.6
8/23/2017,20.1,12.4,0.5,77,7,5.7,3.2
8/24/2017,23.2,15.5,11,90,5,4.6,3
8/25/2017,20.5,15.4,21,99,25,21.6,3.3
8/26/2017,16.5,12.4,0.2,99,18,14.9,5.4
8/27/2017,15.8,12.8,0,99,9,7.7,4.5
8/28/2017,21.7,13.6,23,96,7,6.2,3.7
8/29/2017,21.8,12.4,1,97,23,19.5,7.1
8/30/2017,15.1,6.9,0,75,25,6.2,3.7
8/31/2017,15.7,4.6,0,87,7,5.7,2.4
9/1/2017,21,12,0,83,5,4.6,3.5
9/2/2017,22.1,15.6,0,95,11,13.9,3.6
9/3/2017,18.7,12.5,11,98,18,13.4,4.8
9/4/2017,16.9,10,0,85,9,14.9,7.2
9/5/2017,16,4.5,0,79,14,4.6,3.2
9/6/2017,17,5.9,0,84,5,8.2,3.5
9/7/2017,19.5,9.2,0,92,16,6.2,3.3
9/8/2017,18,9.6,2,93,11,7.2,4.8
9/9/2017,18.5,14.2,45,95,9,7.2,4.1
9/10/2017,18.4,15.8,18,99,16,16.5,4.5
9/11/2017,18.5,10,0,81,32,17.5,5.1
9/12/2017,19.2,5.4,0,80,2,3.6,1.3
9/13/2017,16.5,7.8,0,87,9,3.6,2.2
9/14/2017,21.5,10.8,0,82,23,5.1,1.5
9/15/2017,16,7.8,0,76,18,9.8,4.5
9/16/2017,17.6,6.3,0,83,9,4.1,2.1
9/17/2017,19.8,4.5,0,83,5,4.6,1.9
9/18/2017,20.2,8.6,0,80,36,4.1,2.1
9/19/2017,19,11.6,0,87,7,5.7,4
9/20/2017,23.6,14.9,5,84,18,16.5,4.8
9/21/2017,15.2,9,14,95,18,7.7,5
9/22/2017,17.4,7.6,0,82,18,5.1,2.2
9/23/2017,21.4,6.3,0,77,7,5.7,1.7
9/24/2017,21.2,10,0,81,2,5.1,3.5
9/25/2017,23.4,12.3,0,81,9,4.6,3
9/26/2017,16.9,9.9,9,80,14,14.9,8
9/27/2017,16.3,8.4,0,83,18,8.7,6.2
9/28/2017,17.6,6.8,0,86,9,7.7,3.7
9/29/2017,17.3,13.2,0,81,7,6.2,3.3
9/30/2017,21.4,12.8,23,90,5,4.1,2.7
10/1/2017,18,11.8,10,90,20,16.5,2.7
10/2/2017,18.6,10.3,0,80,25,5.1,2.3
10/3/2017,20.5,13.2,0,59,27,14.9,2.8
10/4/2017,23.5,11.5,0,67,34,21.1,4.9
10/5/2017,22.2,14.4,0,68,34,12.3,2.4
10/6/2017,22.3,7.6,0,65,23,6.2,3.5
10/7/2017,17.9,5.9,0,74,7,14.4,3.7
10/8/2017,21.2,13.6,5,76,7,14.4,4.5
10/9/2017,21.4,12.5,0,83,23,5.1,2.4
10/10/2017,19.5,8.2,0,72,16,4.6,3.3
10/11/2017,18.8,7,5,69,14,12.9,5.7
10/12/2017,14.1,10.5,3,89,14,13.4,5.3
10/13/2017,17,10,0,86,18,5.7,3.6
10/14/2017,24.4,6.8,0,61,32,6.2,1.8
10/15/2017,24.5,9.2,0,67,36,3.6,1.9
10/16/2017,25.5,14.4,0,66,2,5.7,3.3
10/17/2017,25,16.2,0,89,5,4.6,2.3
10/18/2017,23.5,13.8,8,93,25,25.7,5
10/19/2017,19.3,10.4,0,74,20,6.7,3.9
10/20/2017,22.7,10.2,0,74,34,6.2,4.1
10/21/2017,19.5,9.7,6,84,20,14.9,6.2
10/22/2017,15.3,5.9,0,77,18,6.7,3.3
10/23/2017,19.2,4.2,0,78,7,4.6,2.3
10/24/2017,24.4,13.4,0,64,34,4.6,2.3
10/25/2017,24.5,11.8,0,78,5,3.6,2.3
10/26/2017,25.9,12.2,13,78,11,6.7,3.5
10/27/2017,19.5,14.3,3,90,18,15.4,4.5
10/28/2017,20.7,9.1,0,82,9,5.1,3
10/29/2017,24.6,15.2,24,78,23,17.5,3.1
10/30/2017,22.3,11.6,0,72,23,5.7,2.4
10/31/2017,24.7,9.2,0,60,27,4.1,2.1
11/1/2017,22.2,13.7,0,81,9,6.7,3.7
11/2/2017,20.2,14.6,15,77,7,20.1,4.6
11/3/2017,23.5,13.6,0,75,29,3.6,2.2
11/4/2017,22.2,10.7,0,67,20,4.6,1.9
11/5/2017,23,11.9,0,70,36,5.7,1.8
11/6/2017,24.5,14.2,0,71,20,3.1,2.1
11/7/2017,20.8,13.8,0,84,11,5.1,3.3
11/8/2017,26.3,18.1,0,76,27,5.1,3.2
11/9/2017,26.1,12.8,0,67,32,4.6,1.8
11/10/2017,26.4,14.9,0,63,23,5.1,2.8
11/11/2017,22.5,9.7,0,69,25,6.2,3.6
11/12/2017,25.8,7.6,0,66,2,3.6,1.7
11/13/2017,27.7,12.7,0,66,9,7.2,3.3
11/14/2017,30.5,15.8,0,64,7,4.1,3
11/15/2017,31.5,14.6,7,74,18,20.6,1.8
11/16/2017,22.1,8.4,0,71,18,14.9,3.2
11/17/2017,23.9,13.4,0,64,25,14.9,3.3
11/18/2017,19.5,6.8,0,63,23,13.9,2.4
11/19/2017,25.6,9.7,0,46,20,13.4,4.1
11/20/2017,16.4,8.6,2,85,5,6.2,2.8
11/21/2017,21.9,7.6,0,63,14,5.1,2.7
11/22/2017,24.5,10,0,61,36,15.9,3.1
11/23/2017,29,16.2,0,51,18,18,6.3
11/24/2017,19.8,5.5,0,57,18,4.6,2.6
11/25/2017,25,7.4,0,63,36,3.6,1.8
11/26/2017,27.7,13.8,0,63,36,3.6,2.2
11/27/2017,22.6,11.7,0,56,\N,\N,6.2
11/28/2017,21.2,4,0,71,11,6.2,3
11/29/2017,25.7,13.3,0,67,5,7.2,4.8
11/30/2017,26.5,16.7,0,67,7,13.4,4.2
12/1/2017,26.3,17.2,0,72,9,7.2,5.5
12/2/2017,25.9,18.1,0,73,5,5.7,3.7
12/3/2017,23.9,16.8,52,90,16,12.3,4.4
12/4/2017,22,14.1,0,82,9,6.7,4.9
12/5/2017,25.7,13.6,0,71,9,5.7,3.3
12/6/2017,29.1,18.4,28,70,20,20.1,2.4
12/7/2017,26.6,15.5,0,83,20,20.1,2.7
12/8/2017,30.6,16.3,0,77,9,5.1,2.8
12/9/2017,34,21.4,0,48,16,6.7,2.1
12/10/2017,28.9,11.1,0,56,20,15.9,5.4
12/11/2017,22.1,8.8,0,70,9,5.7,4.1
12/12/2017,28,12.3,0,66,5,6.2,3.6
12/13/2017,31.5,15.2,3,73,20,13.9,1.3
12/14/2017,34.1,17.1,0,66,32,8.2,3.2
12/15/2017,33.3,17.4,0,51,36,4.1,2.2
12/16/2017,31.7,21.5,53,64,27,21.6,3.5
12/17/2017,27.5,14.2,0,70,20,18.5,6.6
12/18/2017,21.7,9,0,71,9,5.7,3
12/19/2017,19.5,15.2,6,92,2,13.4,2.8
12/20/2017,26.6,14.2,0,83,9,6.2,2.7
12/21/2017,30.7,20.4,0,82,5,4.1,3
12/22/2017,31.5,21.2,5,71,36,4.1,2.1
12/23/2017,27,16.2,0,76,18,14.9,4.9
12/24/2017,22.9,8.2,0,54,36,3.6,1.7
12/25/2017,33.7,14.5,0,67,36,4.6,2.4
12/26/2017,33,21.4,0.2,68,36,6.2,1.9
12/27/2017,29.5,18.2,0,77,9,4.6,3.5
12/28/2017,33.4,18.2,0,68,36,3.1,2.3
12/29/2017,34,19.6,0,55,36,3.6,1.7
12/30/2017,36,20.2,6,55,18,14.9,3.5
12/31/2017,24.5,15,0,72,18,6.7,5
1/1/2018,27,13.3,0,73,11,4.6,3.6
1/2/2018,31.4,13.4,0,56,18,14.9,2.2
1/3/2018,32.4,12,0,51,36,5.7,2.2
1/4/2018,35,19.7,0,52,32,15.4,3.3
1/5/2018,29.8,17.5,10,76,18,12.9,3.3
1/6/2018,25.1,10.9,0,66,5,6.2,2.6
1/7/2018,31,18.8,0,53,36,6.7,3
1/8/2018,32.8,21.4,0,52,34,5.1,2.2
1/9/2018,31.6,20,0,64,9,12.3,4.4
1/10/2018,33.1,21.4,0,72,7,5.7,3.5
1/11/2018,36.4,23.3,0,59,5,5.7,2.1
1/12/2018,30.6,22.1,21,79,5,5.7,2.3
1/13/2018,29.7,20,51,92,18,12.9,2.7
1/14/2018,21.6,16.8,4,96,18,12.9,6.9
1/15/2018,26.5,15.2,0,78,18,5.7,3.3
1/16/2018,28.4,14.6,0,76,5,3.6,2.1
1/17/2018,29.4,20.5,0,82,9,4.6,2.2
1/18/2018,32.2,16.4,3,81,18,4.1,1.7
1/19/2018,31.4,17.5,0,67,9,5.1,2.7
1/20/2018,31.5,17.4,0,85,9,6.2,1.4
1/21/2018,31.3,20.1,0,75,18,13.9,2.4
1/22/2018,29,19,0,88,9,5.1,1.9
1/23/2018,30.2,17.6,54,85,18,23.7,1.8
1/24/2018,24.6,16.7,0,67,18,16.5,6.2
1/25/2018,23,10.8,0,70,14,6.2,3.9
1/26/2018,26.8,16.2,0,66,5,6.2,4.8
1/27/2018,28.6,20.4,0,76,5,6.2,3.3
1/28/2018,29.9,19.2,0,75,9,7.7,2.8
1/29/2018,27.7,14,0,55,9,5.1,3.6
1/30/2018,30.7,18.8,0,67,7,5.7,3
1/31/2018,29.9,20.6,0,70,7,3.6,2.8
2/1/2018,30.6,16.9,0,81,5,3.1,1.7
2/2/2018,29.5,19.7,0,70,14,6.2,3.7
2/3/2018,27.1,14.6,0,72,9,4.6,2.8
2/4/2018,29.2,19.4,0,68,9,5.1,3.7
2/5/2018,30.6,20.6,0,73,7,3.6,2.6
2/6/2018,31.7,17.5,0,76,9,5.1,2.3
2/7/2018,33.7,20.3,0,70,2,4.1,3.5
2/8/2018,35.6,23.4,6,60,5,5.1,2.6
2/9/2018,28.3,18.4,22,78,14,13.9,3.5
2/10/2018,27.5,14.5,5,70,18,12.9,2.7
2/11/2018,22.4,12.8,0,68,23,13.4,5
2/12/2018,22.3,5.9,0,65,18,3.1,1.7
2/13/2018,25.1,11.2,0,64,2,3.6,1.7
2/14/2018,27.2,14,0,61,9,4.6,2.7
2/15/2018,29,18.8,0,69,5,7.2,3.7
2/16/2018,30.5,20.2,0,70,5,12.3,3.6
2/17/2018,30.5,20.4,0,75,2,4.6,3.3
2/18/2018,33.6,21.4,15,70,36,6.7,2.6
2/19/2018,29.5,18.5,3,82,23,4.6,1.4
2/20/2018,29.1,18.6,0,76,18,6.7,4.6
2/21/2018,26.1,17.9,0,77,16,12.9,4.5
2/22/2018,27.1,10.2,0,72,20,3.6,2.2
2/23/2018,28.5,14.5,0,75,11,4.1,1.8
2/24/2018,25.8,12.9,0,76,14,6.2,3.1
2/25/2018,26,13,0,75,9,5.1,3.2
2/26/2018,26.4,13,0,69,9,4.6,2.4
2/27/2018,28.5,17,0,71,9,5.7,2.6
2/28/2018,26.5,16.2,0,76,9,5.1,3.1
3/1/2018,30.5,17.5,0,78,7,4.1,2.1
3/2/2018,31.8,16.8,0,79,7,5.1,2.1
3/3/2018,31.8,17.6,0,78,9,4.6,1.9
3/4/2018,30.8,18.8,0,72,5,4.1,2.4
3/5/2018,27.7,18.6,0,69,25,14.4,3.9
3/6/2018,26,9,0,63,18,6.7,3.3
3/7/2018,27.2,9.3,0,65,5,4.6,1.5
3/8/2018,28.7,10.4,0,64,36,3.1,1.9
3/9/2018,31,14.8,0,62,36,4.1,3.2
3/10/2018,33.2,18.4,0,62,18,14.9,4.8
3/11/2018,23.9,13,0,68,20,6.7,3.7
3/12/2018,24.7,7.5,0,63,5,4.1,2.2
3/13/2018,28.6,14.6,0,57,29,5.1,2.7
3/14/2018,29.7,10.8,25,73,27,12.3,2.7
3/15/2018,23.2,11.5,0,58,18,18,5.1
3/16/2018,24.5,10.6,0,66,5,3.6,1.9
3/17/2018,25,16.5,51,79,5,6.2,2.7
3/18/2018,24,15.4,9,84,25,19,3.5
3/19/2018,26,10,0,70,27,5.1,1.8
3/20/2018,24.3,12,0,60,18,13.9,4
3/21/2018,21.3,9.8,0,74,16,6.2,3.6
3/22/2018,23.2,10.7,0,72,2,5.1,2.8
3/23/2018,28.9,16.2,2,71,36,6.7,2.3
3/24/2018,25.8,13.2,11,82,18,12.9,3.2
3/25/2018,19.1,10,0,73,18,15.4,4.6
3/26/2018,20,5.4,0,74,7,4.1,1.7
3/27/2018,22.4,10.4,0,81,9,4.6,2.8
3/28/2018,26.1,16.9,0,81,36,3.6,2.2
3/29/2018,28.9,14.2,0,83,36,4.1,0.9
3/30/2018,30.6,14,0,81,5,3.1,1.5
3/31/2018,29.3,15.1,0,89,11,6.7,3.5
4/1/2018,25.3,18.4,0,83,16,6.7,4.1
4/2/2018,24.2,15.4,0,88,14,5.1,3.5
4/3/2018,24.5,10.2,0,91,11,4.1,1.5
4/4/2018,25.6,11.5,0,90,2,3.1,0.8
4/5/2018,30,15.8,0,86,18,4.1,0.9
4/6/2018,21.5,16,44,91,14,12.3,5.9
4/7/2018,22,16.1,2,96,18,4.6,2.3
4/8/2018,21.5,15.2,6,95,5,3.6,1.5
4/9/2018,26.7,15.9,0,87,5,4.6,3.1
4/10/2018,30.2,22.3,0,73,34,13.9,3.7
4/11/2018,31.4,20,9,75,34,13.9,3.9
4/12/2018,20,11.5,0,69,18,15.4,4.2
4/13/2018,20,5.3,0,71,11,4.1,3
4/14/2018,21.2,12.5,0,70,5,6.7,3.2
4/15/2018,23.7,15,0,79,5,4.6,3.3
4/16/2018,24.7,15.5,0,81,5,4.6,3
4/17/2018,26.7,16.4,0,81,36,4.6,2.2
4/18/2018,28,16.6,0,87,16,4.1,1.7
4/19/2018,27.4,18.6,0,82,18,12.9,2.1
4/20/2018,23.9,19.7,31,90,2,6.7,2.4
4/21/2018,24.5,19.1,0,95,16,5.7,3.1
4/22/2018,27.5,18.8,3,89,7,3.6,1
4/23/2018,22.4,17.2,0,92,18,6.2,3.9
4/24/2018,22.5,15.3,2,90,9,7.2,4.1
4/25/2018,25.2,19.2,0,90,7,3.6,2.2
4/26/2018,25.8,18.1,0,90,5,5.1,2.1
4/27/2018,29.5,19.4,47,89,20,16.5,3
4/28/2018,21,18.2,19,94,29,19,5
4/29/2018,20.1,18.2,6,99,16,7.7,3
4/30/2018,20.5,13.8,0,84,18,12.3,3.3
5/1/2018,17.5,10,0,83,14,5.1,3.3
5/2/2018,17.6,14.4,11,91,9,7.7,3.2
5/3/2018,23.7,14.7,0.2,94,5,3.1,1.3
5/4/2018,20.2,14.6,14,97,14,6.2,3.2
5/5/2018,18.4,15.5,0.5,96,14,8.2,4.5
5/6/2018,22.6,16.6,0,88,7,6.7,3.7
5/7/2018,21.6,17.2,0.5,84,7,7.7,4.4
5/8/2018,20.3,17.6,38,96,5,4.6,2.7
5/9/2018,22.8,17.3,0,95,29,3.1,1.3
5/10/2018,19.4,14.7,108,99,14,12.9,3.5
5/11/2018,20.2,14.2,0,91,18,16.5,4.5
5/12/2018,20.7,9.4,0,86,27,2.6,1.5
5/13/2018,19.4,8.4,0,90,5,5.7,1.8
5/14/2018,20.8,15.6,0,82,36,5.1,2.3
5/15/2018,19.1,9.5,0,75,23,7.2,2.8
5/16/2018,14.9,6.7,0,84,16,4.6,1.8
5/17/2018,12.4,6.4,4,85,36,3.6,0.8
5/18/2018,18.7,5.6,0,86,27,3.6,1
5/19/2018,15.1,7.9,0,89,23,6.2,3.7
5/20/2018,17.5,5.4,0,87,20,3.1,1.7
5/21/2018,17,9.3,0,83,23,4.1,1.4
5/22/2018,16.6,3.4,0,79,27,3.6,1.9
5/23/2018,18.2,5.6,0,78,32,3.1,1.7
5/24/2018,20.5,5.2,0,86,32,2.6,1.2
5/25/2018,18.6,4.5,0,85,36,5.7,2.1
5/26/2018,19,8.6,0,79,36,4.1,2.8
5/27/2018,22.1,11.8,0,89,2,2.6,1.9
5/28/2018,24.7,13.3,5,85,36,6.2,3.5
5/29/2018,23.6,16.6,30,73,36,12.9,3
5/30/2018,22.4,11.7,3,97,18,13.9,3.2
5/31/2018,13,9.8,6,90,18,7.7,5
6/1/2018,11.7,6.8,0,81,18,14.4,5.7
6/2/2018,12.1,3.8,0,82,20,6.7,3.6
6/3/2018,13.3,3,0,90,18,4.6,1.9
6/4/2018,13,5.1,1,94,18,3.1,1.7
6/5/2018,11.5,3.9,0,93,20,2.6,1.5
6/6/2018,16.7,3.5,0,80,29,12.3,2.7
6/7/2018,13,4.8,0,74,25,13.4,3.9
6/8/2018,14.8,3,0,74,36,7.2,3.1
6/9/2018,15.8,4.5,0,86,7,4.6,1.8
6/10/2018,16.8,11.5,0,90,5,3.6,2.6
6/11/2018,15,9.2,0,95,18,6.2,4.1
6/12/2018,14.7,5.7,7,98,25,15.9,2.8
6/13/2018,10.2,5.8,0,88,25,12.9,3.1
6/14/2018,10.7,2.7,0,89,23,4.6,1.9
6/15/2018,10.4,0.8,0,85,20,4.1,1.4
6/16/2018,12,-2.2,0,83,34,3.1,1
6/17/2018,13.2,5.6,0,74,36,6.2,3.2
6/18/2018,14.6,7.4,0,69,34,4.6,3.3
6/19/2018,15.9,9.4,0,80,34,5.1,2.7
6/20/2018,18.3,4.8,0,90,36,5.1,1.3
6/21/2018,18.2,6.5,0,68,25,12.3,3.7
6/22/2018,14.8,0.8,0,76,36,12.9,2.2
6/23/2018,14.8,5,0,65,20,13.4,4.1
6/24/2018,10,-2.9,0,63,\N,\N,1
6/25/2018,14,-1.1,0,61,32,4.6,2.3
6/26/2018,16.5,5.4,0,66,34,4.1,2.7
6/27/2018,18,8.3,0,77,34,4.6,2.1
6/28/2018,17.3,2.3,0,84,7,5.1,1.7
6/29/2018,18,8.7,0,90,20,5.7,1.3
6/30/2018,11.3,7.6,0,99,9,3.1,1.9
7/1/2018,15,9.2,0.6,100,18,12.3,2.3
7/2/2018,13.2,6.8,0,87,18,12.9,4
7/3/2018,8.7,0.2,0,84,18,5.7,2.6
7/4/2018,10.1,2.8,0,82,14,3.6,2.6
7/5/2018,10.8,6.4,0,83,9,5.7,3.3
7/6/2018,12.4,2.2,14,90,9,12.3,3.6
7/7/2018,11.8,10.2,6,99,11,15.4,6.9
7/8/2018,14,8.1,0,86,18,7.2,4
7/9/2018,11.9,6.6,0,83,23,4.1,1.5
7/10/2018,12.7,3.6,0,91,5,5.1,1.8
7/11/2018,14.4,5.2,0,90,36,4.1,2.2
7/12/2018,15.8,7.9,0,84,34,5.1,3
7/13/2018,17.7,8.9,0,81,32,3.6,2.1
7/14/2018,19.6,10.7,0,84,34,4.6,2.4
7/15/2018,15.8,6.4,0,79,18,6.2,3.9
7/16/2018,12,4.3,0,85,9,7.7,3.9
7/17/2018,13.3,6.6,0.3,90,11,10.3,4.5
7/18/2018,14,11.4,20,100,11,6.2,3.7
7/19/2018,13.3,12.1,26,99,23,3.6,1.8
7/20/2018,12.1,6.6,0.5,87,27,17,5.7
7/21/2018,14,3.8,0,65,27,13.4,3.9
7/22/2018,10.8,7.1,0,80,36,4.1,1.8
7/23/2018,11.5,1.1,0,79,18,5.1,2.3
7/24/2018,11.4,-2.3,0,86,11,4.1,1.9
7/25/2018,13.5,2.8,59,92,14,12.3,4.2
7/26/2018,13.3,10.2,0.9,99,14,17,7.1
7/27/2018,14.2,11.5,2,97,14,7.2,4.9
7/28/2018,13.6,10.9,9,99,14,3.1,1.4
7/29/2018,12.3,9,0.1,94,27,6.2,3.7
7/30/2018,14.9,3.3,0,85,25,4.1,2.2
7/31/2018,11.2,0.6,0,78,18,4.1,2.1
8/1/2018,10.8,-2.2,0,88,5,5.1,0.8
8/2/2018,11.5,0.1,0,86,7,4.6,1.9
8/3/2018,13,4,0,94,9,3.6,1.9
8/4/2018,14.9,9.2,0,92,18,4.1,2.3
8/5/2018,16.8,1.5,0,84,32,4.6,1.2
8/6/2018,18.2,7.6,0,77,36,4.6,3.3
8/7/2018,17.9,10,5,79,36,5.1,3.6
8/8/2018,15.6,8.5,21,91,20,18.5,4.8
8/9/2018,12.2,7.2,0,77,18,15.4,6.4
8/10/2018,11.5,4.2,0,86,20,4.6,3.2
8/11/2018,15.3,9.4,0,93,2,5.1,2.7
8/12/2018,17.5,10.1,0,89,2,4.6,2.7
8/13/2018,15,9.8,4,97,5,3.6,3
8/14/2018,16.8,8.4,0,82,23,5.7,1.9
8/15/2018,14.8,0.7,0,85,23,2.6,1.3
8/16/2018,15.4,3.8,0,87,20,6.2,2.3
8/17/2018,19,9.8,0,85,5,4.6,2.8
8/18/2018,23.2,9.2,7,84,18,22.1,4.9
8/19/2018,11.7,4.8,0,81,20,13.4,4.1
8/20/2018,10.3,1.2,0,82,23,6.2,3.7
8/21/2018,12.8,-1.6,0,83,36,3.6,1.2
8/22/2018,15.4,0.8,0,78,5,7.2,3.1
8/23/2018,13,8.1,0,87,5,5.7,4
8/24/2018,13,8.8,3,90,18,13.4,3.7
8/25/2018,13.3,2.3,0,69,23,6.2,3.9
8/26/2018,18,5.5,0,54,36,7.2,4.6
8/27/2018,19.7,10.6,0,61,34,13.9,4.1
8/28/2018,20.3,9,0,66,34,4.6,2.6
8/29/2018,23.4,6.4,0,79,9,4.6,2.2
8/30/2018,15.9,5.6,11,85,16,19.5,6.3
8/31/2018,11,4,0,78,14,12.9,5.9
9/1/2018,15,6.6,0,84,14,14.9,5.7
9/2/2018,17,4.5,0,90,14,6.7,3.9
9/3/2018,18,6.4,0,91,5,3.6,1
9/4/2018,18.5,5,0,85,36,5.1,1.9
9/5/2018,21.2,10.7,0,66,\N,\N,3.9
9/6/2018,23.2,10.5,0,77,32,5.7,2.4
9/7/2018,19.9,10.3,0,65,9,6.7,3.3
9/8/2018,18.3,9.6,0,69,11,7.7,4.4
9/9/2018,17.2,10.5,1,78,14,13.9,5.7
9/10/2018,16.4,10.8,0,85,11,8.2,5.1
9/11/2018,18.5,7.9,0,82,7,7.2,4.4
9/12/2018,15,11.5,0,87,7,5.1,3.2
9/13/2018,19.3,8.4,0,93,11,4.6,2.6
9/14/2018,18,11.7,0,93,14,6.2,2.7
9/15/2018,19.4,13.7,11,94,7,5.7,1.9
9/16/2018,20,14.6,3,94,9,4.6,2.6
9/17/2018,22.2,13.2,0,92,9,3.6,1.4
9/18/2018,20.3,12.5,15,94,23,13.9,2.4
9/19/2018,20.2,10.8,0,78,27,6.2,3.2
9/20/2018,21.1,9,0,60,34,4.1,1.9
9/21/2018,26,12.2,0,79,32,5.1,3.1
9/22/2018,27,16.4,29,86,20,21.6,3.7
9/23/2018,21.7,13.6,0,66,18,5.7,3
9/24/2018,22,7.4,0,69,14,4.6,2.3
9/25/2018,20.7,10.8,0,71,7,6.2,3
9/26/2018,22,14.2,0,81,16,8.2,4.4
9/27/2018,18.7,12.2,9,85,9,13.4,6.6
9/28/2018,19.7,14.6,22,93,9,10.3,6.7
9/29/2018,20.2,14.4,35,93,18,25.2,3.5
9/30/2018,20.2,11.9,5,87,14,15.4,3.6
10/1/2018,15.5,7.6,0,74,18,13.4,3.6
10/2/2018,17,1.8,0,70,\N,\N,1.7
10/3/2018,21.4,8,0,53,29,4.6,3.1
10/4/2018,19,6,0,67,\N,\N,1.7
10/5/2018,16.5,4.5,0,78,\N,\N,1.9
10/6/2018,19.6,6.2,0,74,\N,\N,3.4
10/7/2018,23,12.8,0,71,\N,\N,3.4
10/8/2018,28.2,14.6,0,72,\N,\N,2.9
10/9/2018,25.6,13.1,0,61,\N,\N,3.4
10/10/2018,19.6,6,0,52,\N,\N,4.3
10/11/2018,16,7.4,4,65,\N,\N,2.7
10/12/2018,14.6,10.5,0,91,\N,\N,2.1
10/13/2018,23.2,4.3,0,72,\N,\N,1.7
10/14/2018,24,12.4,0,64,\N,\N,3.9
10/15/2018,25.3,15,0,58,\N,\N,3.1
10/16/2018,26.4,14.3,0,67,\N,\N,2.7
10/17/2018,26.1,13.8,0,72,\N,\N,3.1
10/18/2018,22.2,14,0,80,\N,\N,6.7
10/19/2018,20.4,10.1,0,81,\N,\N,4.6
10/20/2018,18.4,10.6,0,78,\N,\N,3.1
10/21/2018,19.5,13.6,0,76,\N,\N,4.5
10/22/2018,23.5,10.1,0,63,18,5.7,4.3
10/23/2018,18,8,0,74,\N,\N,5.3
10/24/2018,15.4,8.6,3,77,\N,\N,1.5
10/25/2018,20.3,9.2,0,80,18,4.1,2.1
10/26/2018,19,9.7,0,91,\N,\N,3.6
10/27/2018,21,8.8,0,81,\N,\N,3.1
10/28/2018,23.8,7.7,0,70,\N,\N,2.7
10/29/2018,26.5,15,0,69,\N,\N,2.9
10/30/2018,20,17.5,0,86,\N,\N,2.6
10/31/2018,18.8,11.5,0,81,\N,\N,5.1
11/1/2018,17.5,3.6,0,62,\N,\N,3.1
11/2/2018,18.1,10.4,11,70,\N,\N,5.1
11/3/2018,24.7,10.1,0,84,\N,\N,2.4
11/4/2018,25.9,13.5,0,64,\N,\N,3.4
11/5/2018,26.5,17,0,73,\N,\N,2.2
11/6/2018,25.7,15.3,0,60,\N,\N,5.1
11/7/2018,22.1,7.2,0,64,\N,\N,2.9
11/8/2018,27,15,0,70,\N,\N,3.9
11/9/2018,32.2,19.2,17,65,\N,\N,3.4
11/10/2018,27.7,16.7,94,96,\N,\N,6.3
11/11/2018,25.4,18.8,0,91,\N,\N,3.9
11/12/2018,27,20,20,86,\N,\N,4.3
11/13/2018,27,20.1,0.2,83,\N,\N,2.7
11/14/2018,25,15.3,0,62,\N,\N,3.6
11/15/2018,27.2,16.2,3,62,\N,\N,3.9
11/16/2018,19.7,8.5,0,65,\N,\N,4.5
11/17/2018,22,16.2,5,85,\N,\N,3.8
11/18/2018,22.7,10.3,0,48,\N,\N,3.6
11/19/2018,26,11.4,0,52,\N,\N,3.1
11/20/2018,28.8,17.7,0,48,\N,\N,4.5
11/21/2018,31.5,20.4,0,60,\N,\N,2.7
11/22/2018,29,14.8,0,74,\N,\N,6.5
11/23/2018,21,12,0,78,\N,\N,6.7
11/24/2018,22.7,11.8,0,71,\N,\N,5.5
11/25/2018,23.5,6.3,0,68,\N,\N,2.1
11/26/2018,26.6,14.8,0,58,\N,\N,2.4
11/27/2018,22.7,15,2,71,\N,\N,2.9
11/28/2018,23.7,17.2,0.8,77,\N,\N,5.5
11/29/2018,23.9,14.8,0.8,81,\N,\N,3.9
11/30/2018,24.7,14.4,12,78,\N,\N,1.9
12/1/2018,19.9,12.1,0,67,\N,\N,6.5
12/2/2018,18.4,5.6,0,61,\N,\N,2.7
12/3/2018,26.7,10.8,0,50,\N,\N,2.2
12/4/2018,23,9.4,0,71,\N,\N,3.4
12/5/2018,23.5,10,0,70,\N,\N,4.1
12/6/2018,20,10.7,0,62,\N,\N,5.3
12/7/2018,21.2,5.2,0,63,\N,\N,2.6
12/8/2018,24.9,10.5,0,55,\N,\N,2.7
12/9/2018,28.5,14.6,7,61,\N,\N,2.7
12/10/2018,28.9,12,0,68,\N,\N,1.9
12/11/2018,24,19.2,7,89,\N,\N,1.9
12/12/2018,28.5,18.8,3,63,\N,\N,3.4
12/13/2018,21,14.6,70,94,\N,\N,4.3
12/14/2018,25,14.3,\N,83,\N,\N,2.6
12/15/2018,26,11,0,\N,\N,\N,\N
12/16/2018,29.7,18.4,37,60,\N,\N,2.7
12/17/2018,26.9,16.7,0,90,\N,\N,6
12/18/2018,22.3,13.1,0,71,\N,\N,4.8
12/19/2018,25.5,17.1,0,83,\N,\N,3.4
12/20/2018,25.5,19.3,13,89,\N,\N,2.4
12/21/2018,26.4,18.5,5,90,\N,\N,2.7
12/22/2018,26,16.1,0,73,\N,\N,2.1
12/23/2018,27.7,16.5,0,61,\N,\N,2.7
12/24/2018,29.4,18.8,0,57,\N,\N,2.6
12/25/2018,29.6,20.2,0,68,\N,\N,3.4
12/26/2018,30.3,19.5,0,71,\N,\N,3.4
12/27/2018,31,22.1,0,79,\N,\N,2.4
12/28/2018,29.1,20,13,71,\N,\N,4.5
12/29/2018,28.4,19.2,30,84,\N,\N,3.4
12/30/2018,27.2,17.7,0,72,23,7.7,4.6
12/31/2018,25.2,15.1,0,60,9,6.2,4.5
1/1/2019,31.5,19.8,3,81,\N,\N,4.5
1/2/2019,27.8,21.7,7,94,\N,\N,3.1
1/3/2019,23.5,14,0,57,\N,\N,2.6
1/4/2019,28.4,17.5,0,60,\N,\N,2.4
1/5/2019,28.2,19,0,53,\N,\N,3.4
1/6/2019,28.9,21.8,1,72,\N,\N,2.7
1/7/2019,27,20,0,88,\N,\N,1.4
1/8/2019,30.6,20.7,0,67,\N,\N,2.7
1/9/2019,29,20.8,0,72,\N,\N,3.4
1/10/2019,22.8,16.2,0,76,\N,\N,6.2
1/11/2019,24,8.7,0,58,\N,\N,2.2
1/12/2019,27.1,13.7,0,64,\N,\N,2.7
1/13/2019,25.3,19.4,0,89,\N,\N,1.7
1/14/2019,27.3,18.5,2,81,\N,\N,4.1
1/15/2019,23.6,19,15,95,\N,\N,4.1
1/16/2019,29.3,17.6,0,79,\N,\N,1.5
1/17/2019,23.2,16,4,68,\N,\N,6.9
1/18/2019,23.1,12.7,0,85,\N,\N,3.8
1/19/2019,24,12.2,0,66,\N,\N,3.6
1/20/2019,24.9,16.2,0,60,\N,\N,3.8
1/21/2019,30,17.2,0,65,\N,\N,2.4
1/22/2019,32,20.6,16,62,\N,\N,2.7
1/23/2019,28.4,19.6,0,75,\N,\N,4.8
1/24/2019,30.5,20.5,0.2,72,\N,\N,5.1
1/25/2019,26,20.8,1,91,\N,\N,3.3
1/26/2019,31.8,21.8,0,82,\N,\N,3.6
1/27/2019,32,22,0,80,\N,\N,2.4
1/28/2019,35.5,23.2,0,70,\N,\N,2.1
1/29/2019,34.5,23.2,28,74,\N,\N,3.6
1/30/2019,31,22.1,0,82,\N,\N,1.9
1/31/2019,26.8,15.1,0,77,\N,\N,2.7
2/1/2019,32.7,20.6,0,80,11,4.6,2.2
2/2/2019,26,16.3,0,68,18,12.9,5.9
2/3/2019,24.5,10.4,0,71,14,7.2,3.2
2/4/2019,25.3,11.6,0,69,2,3.6,1.4
2/5/2019,26,13,0,76,9,4.1,1.4
2/6/2019,27.2,18,0,75,9,3.6,1.9
2/7/2019,30,18.8,0,75,5,3.6,2.1
2/8/2019,33,21,20,76,34,14.9,4
2/9/2019,32,19.3,0,82,27,3.1,1.9
2/10/2019,33.5,17.4,6,74,36,5.7,1.4
2/11/2019,28.6,16.3,1,80,18,14.9,5.1
2/12/2019,21.4,9.5,0,67,18,13.9,3.1
2/13/2019,23.5,10.3,5,69,5,3.6,1.2
2/14/2019,20.5,16.6,3,81,9,3.6,2.1
2/15/2019,28,12.3,0,79,5,3.6,1.2
2/16/2019,27.6,14,0,75,7,3.6,1.4
2/17/2019,29,17.9,0,78,7,3.6,1.7
2/18/2019,30.5,19.8,0,76,2,5.7,2.4
2/19/2019,33.5,20.9,0,75,14,4.1,1.9
2/20/2019,34.6,23.1,0,64,36,7.2,2.8
2/21/2019,32,21.3,0,71,18,12.9,3
2/22/2019,31.7,22.4,113,80,14,10.3,1.9
2/23/2019,26.7,19.9,0.8,95,14,6.7,1.9
2/24/2019,23,16,0,74,18,7.2,3.3
2/25/2019,22.2,9.9,0,65,23,5.7,2.8
2/26/2019,21.5,7.7,0,62,20,5.1,1.9
2/27/2019,26.2,11,7,64,23,15.4,3.1
2/28/2019,24.5,11.5,0,78,18,3.6,1.9
3/1/2019,29,14.8,13,68,36,14.4,3.6
3/2/2019,26,14,0,77,23,6.7,1.9
3/3/2019,24.2,12.8,4,80,9,5.7,2.7
3/4/2019,24.7,18.3,5,85,5,7.2,1.8
3/5/2019,26.5,15,0,84,5,3.6,1.8
3/6/2019,30,16.4,0,84,34,3.6,1.3
3/7/2019,31.7,18.8,24,83,25,19.5,3.2
3/8/2019,22,14,0,76,18,16.5,6.3
3/9/2019,22.4,8.8,0,75,14,7.2,3.5
3/10/2019,23.2,11.8,0,76,14,4.6,3.1
3/11/2019,23.5,14.2,9,72,5,5.7,3.3
3/12/2019,23.6,17.3,9,90,20,4.6,2.7
3/13/2019,23.7,16.4,9,90,23,5.1,2.6
3/14/2019,25.8,14.8,0,88,23,4.1,2.3
3/15/2019,24.8,16.8,0,89,11,13.9,4.9
3/16/2019,26.3,20.5,0.5,88,9,6.2,3.7
3/17/2019,27,19.6,0,84,7,4.1,2.2
3/18/2019,28.6,17.4,0,80,18,13.9,2.1
3/19/2019,22.6,12.4,0.5,82,18,7.2,4.1
3/20/2019,20,8.3,0,74,18,6.7,2.8
3/21/2019,19.6,5.7,0,78,20,3.1,1
3/22/2019,22.3,10,0,76,36,3.6,1.3
3/23/2019,24,10,0,76,36,5.1,1.5
3/24/2019,21,13.1,0,68,23,13.9,4.4
3/25/2019,21,8.2,0,76,18,7.7,3.7
3/26/2019,21,9.3,0.1,79,2,5.1,3.6
3/27/2019,21.8,9.2,0,80,9,5.1,2.1
3/28/2019,23.6,12.6,6,78,7,4.6,3.1
3/29/2019,24.5,15.2,0,89,5,5.1,3.1
3/30/2019,28.7,17,0,86,36,2.6,1.3
3/31/2019,28.2,14.2,0,84,7,4.1,1.2
4/1/2019,23.5,14.5,0,95,11,3.1,1.9
4/2/2019,30.8,16.8,0,85,18,17,0.9
4/3/2019,22.8,13.4,0,82,18,6.7,2.8
4/4/2019,28.2,14.2,9,93,27,14.9,2.7
4/5/2019,20.4,11.2,0,76,20,6.7,4.2
4/6/2019,20.8,7.4,0,83,5,3.1,0.9
4/7/2019,25.7,7.7,0,78,36,3.1,1.2
4/8/2019,27.3,10.6,0,77,2,2.6,0.6
4/9/2019,27,13.3,0,79,36,2.6,1.8
4/10/2019,25.5,14.8,6,83,5,2.6,1.8
4/11/2019,19.9,11.5,0,84,18,8.2,4.4
4/12/2019,19.5,5.8,0,84,36,3.1,1.2
4/13/2019,24,9.6,0,77,36,4.1,1.7
4/14/2019,25.2,14.7,0,85,18,6.2,1.4
4/15/2019,18.7,13.6,0,75,16,4.6,4
4/16/2019,21.1,6.6,0,85,36,3.1,1.5
4/17/2019,23.5,14.2,0,74,36,4.1,2.4
4/18/2019,23.9,11.5,0,84,36,3.6,1.5
4/19/2019,27.5,15.2,0,82,32,4.6,1.3
4/20/2019,22.2,11.4,0,74,18,6.7,3
4/21/2019,21.2,6.4,0,80,18,3.6,1.4
4/22/2019,20.5,7.2,0,82,16,4.1,2.2
4/23/2019,17.8,7.6,0,82,9,2.6,0.5
4/24/2019,19.9,8.1,0,88,16,9.3,2.7
4/25/2019,21.3,12.9,0,82,9,13.9,5
4/26/2019,18,15.1,30,90,9,12.9,5.3
4/27/2019,21.5,15.4,0,98,16,12.9,3.3
4/28/2019,22.4,14,0,87,32,3.1,1.7
4/29/2019,23.8,13.2,0,79,29,3.6,2.3
4/30/2019,16.5,6.6,0,74,16,3.1,1.4
5/1/2019,19,3.4,0,74,2,3.6,1.8
5/2/2019,24,15.6,0,75,\N,\N,2.8
5/3/2019,24.7,14.3,0,76,23,4.1,2.1
5/4/2019,20.1,11.9,0.8,90,9,9.8,3.9
5/5/2019,19.6,16.5,0.9,99,16,8.7,4.4
5/6/2019,20,10.2,0,87,18,6.2,3.9
5/7/2019,17.4,4,0,89,9,5.1,3.1
5/8/2019,19.5,10.9,0,87,9,5.1,3.1
5/9/2019,18.7,13.1,23,95,9,7.7,3.1
5/10/2019,18.3,13.1,0,89,25,6.7,4.5
5/11/2019,18.8,10,0,80,27,3.6,2.4
5/12/2019,21.7,7.2,0,78,36,3.6,1.9
5/13/2019,22.2,10.6,0,71,14,6.2,4
5/14/2019,16.4,3.6,0,85,11,4.6,2.6
5/15/2019,19,6.8,0,88,5,3.6,0.9
5/16/2019,21.2,6,0,87,36,3.6,1.4
5/17/2019,22,14.5,0,82,5,5.7,4
5/18/2019,23.9,14.7,5,87,36,4.6,2.4
5/19/2019,18,9,0,96,20,4.6,2.1
5/20/2019,17,6.2,17,89,14,13.9,4.9
5/21/2019,15.7,11.4,0,89,16,14.9,6.6
5/22/2019,17.6,6.1,0,87,18,5.7,2.4
5/23/2019,16.6,3,0,82,36,3.1,1.7
5/24/2019,20,6,0,73,27,3.6,2.2
5/25/2019,18.4,8.4,0,76,36,4.1,2.6
5/26/2019,17.9,10.7,0,87,36,3.6,2.2
5/27/2019,17.4,10.6,0,94,\N,\N,1.7
5/28/2019,17,6.8,0,93,\N,\N,1.4
5/29/2019,14,3.6,0,85,18,4.6,1.9
5/30/2019,13.5,5.6,0.2,77,14,6.7,3.9
5/31/2019,16,7.4,0,89,7,3.6,1.5
6/1/2019,17.7,5.6,0,86,36,3.6,1.4
6/2/2019,18.3,4.6,0,90,32,2.6,1
6/3/2019,19.4,7.7,0,83,27,2.6,1.2
6/4/2019,18.4,4.2,0,82,36,5.1,2.4
6/5/2019,18.4,12,0,79,36,6.2,3.9
6/6/2019,18.4,13.5,4,83,36,12.9,3.3
6/7/2019,16.8,7.9,0,77,25,3.6,1.9
6/8/2019,19.1,6.3,0,64,32,3.1,1.8
6/9/2019,19.3,10.9,0,69,36,4.1,1.9
6/10/2019,17.5,12.4,0,91,36,2.6,1.5
6/11/2019,14.8,9,3,97,9,12.9,4.1
6/12/2019,21.6,14.5,0,95,18,3.6,1.7
6/13/2019,22.5,13.1,29,96,7,13.4,4
6/14/2019,17.1,12.5,3,97,23,4.6,2.7
6/15/2019,14,10.2,17,97,14,14.4,6.6
6/16/2019,15.6,12.6,18,99,9,19,6.6
6/17/2019,17.3,14.2,62,99,14,15.4,3
6/18/2019,14.5,10,1,86,34,13.4,3.1
6/19/2019,16,10.6,0,70,29,15.9,4.5
6/20/2019,15.5,4,0,90,2,3.1,1.3
6/21/2019,15.2,6.8,0,94,36,3.1,1.8
6/22/2019,19,12.7,0,92,5,3.1,1
6/23/2019,19.6,11.5,0,98,18,4.1,1.8
6/24/2019,15,6.5,18,97,18,8.2,2.2
6/25/2019,14.5,6.5,0,76,27,20.6,4.5
6/26/2019,13.2,2.6,0,60,36,5.7,2.7
6/27/2019,13.8,7.1,0,68,34,12.3,3.9
6/28/2019,13.5,8.6,1,94,18,4.1,2.6
6/29/2019,13.5,10.8,4,97,18,6.2,3.5
6/30/2019,12,6,0,92,23,3.6,2.4
7/1/2019,12,0.1,0,79,34,5.1,3.1
7/2/2019,13.4,8.8,0,62,34,5.1,4.5
7/3/2019,10.2,2,0,73,27,5.7,3.2
7/4/2019,9.4,-0.5,0,77,27,4.6,2.7
7/5/2019,9.3,-0.9,0,85,23,4.6,3
7/6/2019,10.6,-2.6,0,79,29,3.1,1.2
7/7/2019,12.2,-2.1,0,78,32,4.1,1.7
7/8/2019,13.3,0.4,0,80,34,3.1,1.4
7/9/2019,17,6,0,83,5,3.6,1.2
7/10/2019,14.2,7.6,0,84,9,2.6,1.5
7/11/2019,17.2,2.6,70,89,14,5.7,3.1
7/12/2019,15.4,10.4,0,94,9,4.6,2.6
7/13/2019,11.3,4.8,0,94,23,5.1,3
7/14/2019,13.7,-0.5,0,90,7,3.1,0.9
7/15/2019,15.6,4.6,0,88,27,3.6,1.2
7/16/2019,15,-0.7,0,88,2,5.7,1.3
7/17/2019,16,5.2,0,74,\N,\N,3.1
7/18/2019,16.2,10.9,0,82,2,4.1,3
7/19/2019,18.5,6.4,0,90,2,3.6,1.4
7/20/2019,17.7,4.9,0,94,5,4.1,2.2
7/21/2019,24,12.3,46,77,18,17,5.5
7/22/2019,13.6,6,0,77,18,5.1,3.2
7/23/2019,11,3.5,0,88,18,5.7,3.3
7/24/2019,13,0.4,0,77,18,4.1,2.2
7/25/2019,12,3.6,17,91,11,7.7,4
7/26/2019,13.4,10,3,100,14,6.2,2.7
7/27/2019,14.4,5.5,0,90,23,2.6,1.7
7/28/2019,13.1,4.9,0,93,7,4.6,2.8
7/29/2019,15.4,8.2,0,90,18,3.1,1.2
7/30/2019,14.5,4.9,0,91,34,3.6,2.1
7/31/2019,17.4,10.9,0,84,2,5.7,2.8
8/1/2019,16.2,8.7,0,67,27,13.9,3
8/2/2019,13.5,4.6,0,66,23,12.9,3.6
8/3/2019,14.4,2.2,0,77,18,4.1,2.3
8/4/2019,15.2,4.4,0,72,32,5.1,3.1
8/5/2019,17.4,9.4,0,63,36,12.3,4.1
8/6/2019,20,11.2,0,71,34,6.2,3.3
8/7/2019,14.9,5.8,0,75,14,8.7,3.2
8/8/2019,13.5,3.2,4,80,16,7.2,4.2
8/9/2019,9.3,6.6,9,95,16,5.1,3.1
8/10/2019,15.6,0.6,0,71,34,4.1,2.7
8/11/2019,15.2,8.5,0,79,32,5.1,2.8
8/12/2019,12.1,5.4,0,82,23,6.7,3.2
8/13/2019,9,-0.9,0,80,18,13.4,3
8/14/2019,10.5,-3.8,0,76,5,5.7,1.9
8/15/2019,14.7,4.9,0,79,5,4.1,1.9
8/16/2019,18.5,7.1,11,88,5,3.6,1.4
8/17/2019,15,8.8,8,89,18,4.6,2.6
8/18/2019,10.9,2.8,0,83,18,12.3,4.4
8/19/2019,8.5,-1.8,0,72,16,5.1,2.7
8/20/2019,11,1.4,0,79,11,4.1,1.7
8/21/2019,11.3,1.6,0,81,9,5.1,2.8
8/22/2019,14.5,4,0,87,7,2.6,1.5
8/23/2019,16.6,1.5,0,83,2,4.1,1.8
8/24/2019,17.4,5.4,0,84,5,4.6,2.6
8/25/2019,17,10,0,87,\N,\N,2.3
8/26/2019,22.6,10.2,0,87,27,3.1,1.4
8/27/2019,22.4,8.3,0,89,7,4.6,2.1
8/28/2019,23.9,14.3,4,78,36,12.9,3.5
8/29/2019,22.3,13.2,0,75,20,5.7,3.2
8/30/2019,14.7,7.5,0,76,9,4.6,1.4
8/31/2019,17.7,3.2,0,72,20,3.6,1.3
9/1/2019,13.5,3.4,0,67,27,12.3,1.8
9/2/2019,16.1,0.4,0,65,20,7.2,2.2
9/3/2019,12.5,-1.3,0,67,23,5.1,2.7
9/4/2019,11.4,-1,0,68,18,6.7,3.7
9/5/2019,10.6,0.4,0,79,11,6.7,4
9/6/2019,15.7,5.4,0,77,14,12.9,4.8
9/7/2019,18,11,0,90,14,4.1,1.9
9/8/2019,16,9.4,0.7,92,20,4.1,1.4
9/9/2019,13.7,11.1,21,98,18,7.7,4.5
9/10/2019,17,8.6,0,91,9,4.1,2.3
9/11/2019,15.1,6.4,0,87,11,3.6,2.8
9/12/2019,17.5,6.4,0,76,23,6.7,2.1
9/13/2019,15.7,4.8,0,89,11,5.1,3
9/14/2019,18.4,8.6,0,77,5,5.1,3.2
9/15/2019,22.3,12.9,0,85,18,16.5,1.4
9/16/2019,19,8.9,0,69,18,5.7,2.6
9/17/2019,21.8,4.8,0,53,29,6.2,3.7
9/18/2019,18.6,4.8,0,71,18,6.2,2.4
9/19/2019,17.6,7.8,0,71,\N,\N,2.7
9/20/2019,19.5,3.4,0,49,32,7.2,1.9
9/21/2019,23.2,8.4,0,42,32,15.4,2.8
9/22/2019,17.3,1.8,0,59,7,5.7,2.8
9/23/2019,19.5,8,0,52,2,12.3,4
9/24/2019,24.7,7.2,0,57,2,4.1,2.6
9/25/2019,27.3,11.7,0,54,18,3.6,2.6
9/26/2019,25,7,0,75,9,7.7,2.7
9/27/2019,18.4,6.5,0,84,7,6.7,4.6
9/28/2019,21,11.8,0,77,5,12.3,3.5
9/29/2019,25.7,11.4,0,75,5,5.1,3.9
9/30/2019,23.6,17.4,40,68,7,13.9,4.9
10/1/2019,17.4,10.9,0,87,18,18,6.7
10/2/2019,15.8,8.6,0,72,18,14.9,6.2
10/3/2019,12.8,2,2,78,14,14.9,7.5
10/4/2019,14.2,11.1,4,97,11,8.2,4.4
10/5/2019,19.4,9,0,83,20,5.7,2.6
10/6/2019,20,8.1,0,70,36,4.6,2.3
10/7/2019,23.3,11.7,0,60,27,15.4,2.8
10/8/2019,24.5,6.2,0,58,27,4.1,1.3
10/9/2019,24.6,9.2,0,68,36,12.3,2.4
10/10/2019,26,12.8,16,79,2,6.2,2.4
10/11/2019,24,17.2,55,96,20,18,3
10/12/2019,19,15.7,21,98,11,13.9,5.3
10/13/2019,18,10.2,0,81,18,14.4,4.9
10/14/2019,12.2,7,0,72,18,14.4,6.8
10/15/2019,12.6,6.4,7,87,\N,\N,4.5
10/16/2019,17.6,11.2,0,88,11,9.3,5.8
10/17/2019,18.5,14.6,19,96,9,12.9,4.8
10/18/2019,22.3,11.1,0,78,20,15.4,2.8
10/19/2019,22.2,7.3,0,73,9,4.1,1.9
10/20/2019,15.2,5.8,2,89,9,5.7,2.6
10/21/2019,17.6,12,0,89,14,3.1,1.4
10/22/2019,20.9,10.6,0,66,27,12.9,2.4
10/23/2019,20.3,7.5,0,71,27,4.6,2.2
10/24/2019,23.8,7,0,70,27,4.1,1
10/25/2019,28.3,13.5,0,68,29,3.6,1.9
10/26/2019,28.5,16.5,2,64,36,7.7,4.2
10/27/2019,25.3,16.7,3,79,9,7.2,3.2
10/28/2019,21.4,14.2,5,96,20,15.9,2.6
10/29/2019,20,12.3,0,92,14,7.7,4.9
10/30/2019,22.3,12.4,0,89,18,14.9,4.4
10/31/2019,21.6,7.9,0,76,11,5.7,3.1
11/1/2019,21.7,14.9,0.2,85,5,13.4,4.2
11/2/2019,25.7,17.5,0,75,20,6.2,2.8
11/3/2019,22.8,8.9,0,77,5,5.7,2.2
11/4/2019,22.4,15.8,0.3,90,18,4.6,3.1
11/5/2019,23.8,10.6,0,74,18,3.6,1.9
11/6/2019,24.6,12.8,0,75,32,6.2,2.3
11/7/2019,28,14.7,0,59,14,7.7,4.4
11/8/2019,22,11.8,12,68,9,6.7,4.1
11/9/2019,23,15.6,0,86,20,6.2,4
11/10/2019,23,10.8,0,81,11,6.7,3.1
11/11/2019,22,15.2,0,80,9,6.7,4.2
11/12/2019,25.4,17.2,0,79,9,6.2,3.7
11/13/2019,30,18.4,1,78,5,3.1,1.8
11/14/2019,27.5,14.2,0,74,18,6.7,3
11/15/2019,26.6,13.1,0.9,67,5,3.6,1.5
11/16/2019,25.6,17.1,3,76,25,13.4,3.1
11/17/2019,30,14.4,0,68,2,3.1,1.4
11/18/2019,29.3,18.1,0,71,20,5.1,1.9
11/19/2019,29.5,17.7,0,76,5,5.1,3.2
11/20/2019,33.8,19.6,0,64,16,6.7,1.8
11/21/2019,32,18,0.3,77,14,13.4,5.5
11/22/2019,22.8,13.6,0,76,20,14.9,6.4
11/23/2019,22.7,7.7,0,71,9,13.4,4.2
11/24/2019,24.5,15.1,0,62,7,15.4,5.8
11/25/2019,21.7,16.8,0.9,79,9,14.4,4
11/26/2019,24.2,17.1,0,80,18,4.6,2.8
11/27/2019,27.8,9.6,0,55,27,4.6,1.7
11/28/2019,29,10.1,0,61,36,6.2,1.4
11/29/2019,29.6,17.1,7,65,36,18,3.1
11/30/2019,27.5,13,0,49,23,4.1,2.4
12/1/2019,24.5,8.2,0,49,18,13.4,3.5
12/2/2019,25,7.2,0,63,36,3.6,1.9
12/3/2019,24.5,14.8,0.2,68,32,15.4,2.8
12/4/2019,23,13,0,72,20,5.1,1.9
12/5/2019,23.7,7.4,0,65,23,6.7,3.1
12/6/2019,28.8,16.5,0,53,20,12.3,3.2
12/7/2019,25.2,7.5,0,57,20,4.6,2.3
12/8/2019,32.8,14.9,0,52,36,5.1,3.1
12/9/2019,33.1,14,0,58,34,3.6,1.9
12/10/2019,37.7,22.6,0,46,29,12.3,2.4
12/11/2019,35.4,17.6,4,62,20,13.9,2.6
12/12/2019,26.1,16.3,0,47,23,15.9,4.9
12/13/2019,24.3,5.8,0,52,5,4.1,1.9
12/14/2019,30.5,15.3,0.5,58,2,3.6,2.3
12/15/2019,23.8,17,10,93,18,5.7,1.9
12/16/2019,27.7,11.4,0,75,36,3.6,1.7
12/17/2019,26.7,13.5,0,70,9,6.7,3.3
12/18/2019,32,18.7,0,62,34,5.1,3.3
12/19/2019,31.6,21.7,0,53,2,4.1,3.1
12/20/2019,25.5,17.4,11,89,20,14.9,4
12/21/2019,22.5,13,0,71,\N,\N,5.9
12/22/2019,25.6,8,0,70,20,6.2,3.3
12/23/2019,29.3,10.6,0,61,36,5.1,2.1
12/24/2019,31.5,20.2,0,43,36,14.9,3.7
12/25/2019,27.7,13.7,5,67,18,12.9,3.6
12/26/2019,27,13.1,13,79,7,6.7,3.6
12/27/2019,32.5,20.4,0,81,9,5.1,2.7
12/28/2019,29,21.1,11,88,20,15.4,2.4
12/29/2019,32.4,20.2,0,75,9,5.1,1.5
12/30/2019,25.5,21.5,36,92,9,5.1,3.9
12/31/2019,26.7,20.9,0,91,20,13.9,4.4
1/1/2020,26.8,17.9,0.4,79,16,7.2,4.9
1/2/2020,25.7,17,0,80,11,6.7,4
1/3/2020,27.2,17.6,0,73,9,5.7,3.7
1/4/2020,27.5,19.9,0,66,5,4.6,2.8
1/5/2020,29.3,17.5,0,69,23,6.2,2.1
1/6/2020,28,16.6,0,62,25,15.9,3.9
1/7/2020,29,12,0,58,2,12.3,2.1
1/8/2020,32.5,19.7,0,52,36,12.3,3
1/9/2020,30,19.6,0,61,18,13.4,2.6
1/10/2020,32,16.1,0,63,16,3.6,1.9
1/11/2020,31.2,14.8,0,65,18,4.1,1.8
1/12/2020,29.7,16.6,0,62,9,6.2,4.2
1/13/2020,28,16.5,0,66,9,12.3,4.4
1/14/2020,29,20.4,42,77,32,13.4,3.2
1/15/2020,27,20.6,0.7,80,25,14.4,3.6
1/16/2020,24.6,10.2,0,55,23,4.1,1.8
1/17/2020,25.4,10.5,0,58,2,4.1,1.4
1/18/2020,29.6,18,0,60,2,3.6,2.1
1/19/2020,31,19.4,\N,70,7,4.6,2.1
1/20/2020,33.5,21.4,0,72,9,4.6,1.7
1/21/2020,26.4,22.4,4,89,14,4.6,1.8
1/22/2020,29.5,20,0,85,9,6.2,3.3
1/23/2020,29,20.5,0,76,5,4.1,2.8
1/24/2020,31.2,19.4,0,71,36,5.1,2.1
1/25/2020,34.8,23.3,0,58,7,7.7,3.2
1/26/2020,32.5,18.2,0,67,18,14.9,2.8
1/27/2020,25.1,12.1,0,59,18,14.4,5.5
1/28/2020,29.5,13.8,0,68,36,4.6,2.7
1/29/2020,27,15.2,0.8,72,18,12.3,3.5
1/30/2020,26,8.7,0,58,14,6.2,3.5
1/31/2020,27.8,11.4,0,60,5,5.1,1.9
2/1/2020,29.7,14,0,60,5,4.1,2.2
2/2/2020,34,16.8,0,64,5,4.1,1.9
2/3/2020,33.4,22.8,0,71,9,7.7,3
2/4/2020,34,22.8,8,71,9,8.7,3.3
2/5/2020,31.7,23,7,77,\N,\N,3.3
2/6/2020,35,23.1,0,72,\N,\N,2.4
2/7/2020,30.5,23.1,12,93,\N,\N,4.3
2/8/2020,27.8,18,0,71,\N,\N,4.3
2/9/2020,23.8,14,0,63,\N,\N,4.5
2/10/2020,24.5,10.2,0,68,\N,\N,4.1
2/11/2020,26.2,12.6,0,63,\N,\N,4.5
2/12/2020,28,19,0,69,7,7.2,2.9
2/13/2020,30.7,20.1,5,68,\N,\N,3.1
2/14/2020,29.2,17.4,0,66,\N,\N,1.9
2/15/2020,32,15.3,0,63,\N,\N,2.2
2/16/2020,34,19.7,0,65,\N,\N,2.6
2/17/2020,30.7,19.5,42,83,\N,\N,3.3
2/18/2020,26.6,17.6,0,67,\N,\N,3.3
2/19/2020,28.5,14.6,0,65,\N,\N,2.9
2/20/2020,23.4,12.4,0,47,\N,\N,4.5
2/21/2020,22,10.3,0,60,\N,\N,4.1
2/22/2020,23,8,0,66,\N,\N,2.7
2/23/2020,26.2,10.5,0,67,\N,\N,2.4
2/24/2020,30.4,16,0,60,\N,\N,2.6
2/25/2020,27.4,14.3,0,62,\N,\N,3.3
2/26/2020,26.5,13,0,60,\N,\N,1.7
2/27/2020,30.9,15.8,0,49,\N,\N,1.9
2/28/2020,32,15.2,0,65,\N,\N,2.9
2/29/2020,31.5,17.5,0,73,\N,\N,2.4
3/1/2020,33.4,18.2,0,65,\N,\N,2.2
3/2/2020,32.7,21.5,0,62,\N,\N,3.1
3/3/2020,31,20,0,64,\N,\N,2.4
3/4/2020,30.7,17.7,0,69,\N,\N,2.9
3/5/2020,29.1,19.5,0,68,\N,\N,3.6
3/6/2020,28.4,19.6,0,72,\N,\N,2.4
3/7/2020,31.9,18.6,0,70,\N,\N,3.3
3/8/2020,32,20.5,0,62,\N,\N,2.2
3/9/2020,29.9,17.4,0,66,\N,\N,3.8
3/10/2020,24,15.5,5,82,\N,\N,3.9
3/11/2020,21.5,19.2,33.2,96,\N,\N,3.4
3/12/2020,29,17.6,0,87,\N,\N,1.9
3/13/2020,30.7,16.4,4,78,\N,\N,3.1
3/14/2020,26.2,18.7,28,94,\N,\N,3.4
3/15/2020,23.8,14.9,0,77,\N,\N,2.9
3/16/2020,22,11.2,0,75,\N,\N,2.1
3/17/2020,22.9,14.9,30,92,\N,\N,2.4
3/18/2020,23,16.6,4,94,\N,\N,3.1
3/19/2020,24.5,13.2,0,80,\N,\N,2.9
3/20/2020,27.8,13.6,0,72,\N,\N,1.7
3/21/2020,28.6,15.3,0,67,\N,\N,1.5
3/22/2020,28.9,13.4,0,72,\N,\N,1.9
3/23/2020,29.2,17.5,0,62,\N,\N,2.6
3/24/2020,30.5,18.6,8,73,\N,\N,2.9
3/25/2020,25.8,19.4,0,88,\N,\N,2.6
3/26/2020,27.1,18.3,0,87,\N,\N,3.1
3/27/2020,28,19.7,0,78,\N,\N,2.6
3/28/2020,27.2,19.8,0,84,\N,\N,2.4
3/29/2020,29.1,19.8,0,84,\N,\N,0.5
3/30/2020,26.3,19,7,88,\N,\N,2.7
3/31/2020,22.1,17.8,13,90,\N,\N,4.3
4/1/2020,23.7,18.6,27,90,\N,\N,1.4
4/2/2020,21.5,12.8,0,66,\N,\N,5.8
4/3/2020,22.6,9.6,0,81,\N,\N,1.7
4/4/2020,24,11.3,0,70,\N,\N,2.2
4/5/2020,24.5,12.8,0.1,72,\N,\N,2.2
4/6/2020,20,11.6,0,59,\N,\N,5
4/7/2020,18.2,6.2,0,71,\N,\N,2.9
4/8/2020,18.2,4.8,0,78,\N,\N,2.1
4/9/2020,20.1,6.7,0,79,\N,\N,3.1
4/10/2020,21.4,8.5,0,78,\N,\N,2.2
4/11/2020,23.5,11.4,0,80,\N,\N,1.9
4/12/2020,24,10.4,0,77,\N,\N,2.2
4/13/2020,19.7,12.9,8,92,\N,\N,2.7
4/14/2020,19,8.6,0,64,\N,\N,5.7
4/15/2020,20,7.9,0,69,\N,\N,3.4
4/16/2020,21.1,4.8,0,80,\N,\N,1.2
4/17/2020,20.5,6.8,0,91,\N,\N,0.9
4/18/2020,24.4,9,0,81,\N,\N,2.4
4/19/2020,25.4,13.1,0,77,\N,\N,2.1
4/20/2020,27.5,11.1,0,77,\N,\N,1.4
4/21/2020,20.7,12.7,0,72,\N,\N,3.9
4/22/2020,20.5,9.8,0,85,\N,\N,2.1
4/23/2020,22,13.8,0,90,\N,\N,3.1
4/24/2020,20.4,18,20,88,\N,\N,3.6
4/25/2020,20.6,15.3,10,96,\N,\N,4.8
4/26/2020,20.6,14.2,0,83,\N,\N,5.8
4/27/2020,20.8,15.6,25,83,\N,\N,5.5
4/28/2020,21,14.9,18,95,\N,\N,4.1
4/29/2020,21,11.5,0,69,\N,\N,3.3
4/30/2020,20,9.2,0,81,\N,\N,1.9
5/1/2020,20.1,9.5,0,79,\N,\N,2.2
5/2/2020,20,7.4,0,83,\N,\N,2.6
5/3/2020,20,11.5,4,78,\N,\N,3.1
5/4/2020,19.5,11.2,4,94,\N,\N,0.5
5/5/2020,16.5,9.8,0,72,\N,\N,4.8
5/6/2020,15.5,6.8,0,82,\N,\N,2.1
5/7/2020,18.3,7.6,0,78,\N,\N,1.5
5/8/2020,17.6,6.4,0,72,\N,\N,2.9
5/9/2020,19.6,12.2,0,72,\N,\N,2.9
5/10/2020,23,14.2,0,68,\N,\N,2.7
5/11/2020,20.3,8.7,0,58,\N,\N,2.2
5/12/2020,18,3.4,0,79,\N,\N,0.9
5/13/2020,18.8,5,0,77,\N,\N,2.2
5/14/2020,15.2,0.7,0,77,\N,\N,0.9
5/15/2020,21.6,5.3,0,65,\N,\N,3.3
5/16/2020,26,14.2,0,53,\N,\N,2.4
5/17/2020,24,13.5,0,74,\N,\N,1.9
5/18/2020,21.5,11.2,0,75,\N,\N,3.3
5/19/2020,24,12.3,0,79,\N,\N,2.4
5/20/2020,24,12.4,8,83,\N,\N,1.7
5/21/2020,18,12.5,0,96,\N,\N,7.2
5/22/2020,16,11.5,0,81,\N,\N,7.7
5/23/2020,17.2,7.3,0,76,\N,\N,2.4
5/24/2020,16.6,5.7,0,58,\N,\N,3.9
5/25/2020,17.6,10.8,0,75,\N,\N,4.1
5/26/2020,15.1,6.8,0,91,\N,\N,0.9
5/27/2020,18.7,3.6,0,83,\N,\N,2.2
5/28/2020,20,6.3,0,86,\N,\N,1
5/29/2020,20.9,6.6,0,85,\N,\N,2.1
5/30/2020,17.2,8.2,0,91,\N,\N,2.9
5/31/2020,13,6.1,0,72,\N,\N,3.8
6/1/2020,13.3,2.4,0,86,\N,\N,1.4
6/2/2020,14,-0.4,0,83,\N,\N,1.5
6/3/2020,15.8,5.1,0,83,\N,\N,1.4
6/4/2020,15.1,3.8,0,91,\N,\N,1.5
6/5/2020,15.8,4.8,0,95,\N,\N,4.1
6/6/2020,18.5,14.4,0.2,92,\N,\N,5
6/7/2020,16.8,13.7,0.6,95,\N,\N,1.4
6/8/2020,16.6,9.8,0,97,\N,\N,0.9
6/9/2020,16.9,6,0,95,\N,\N,0.7
6/10/2020,18.5,6.5,0,91,\N,\N,0.7
6/11/2020,16.4,3.8,0,97,\N,\N,1.5
6/12/2020,19.5,7.6,0,81,\N,\N,1.7
6/13/2020,12.7,1.9,0,49,\N,\N,3.9
6/14/2020,13.1,-1.6,0,72,\N,\N,1.7
6/15/2020,13.9,1.6,0,64,\N,\N,3.8
6/16/2020,22,13.1,0,83,\N,\N,3.4
6/17/2020,25.3,16.4,40,69,\N,\N,4.6
6/18/2020,22.4,11.4,0,86,\N,\N,3.4
6/19/2020,14.7,5.4,0,94,\N,\N,1.5
6/20/2020,15,6.4,17,78,\N,\N,3.1
6/21/2020,17.1,10.9,0,83,\N,\N,2.9
6/22/2020,13.5,3.8,3,92,\N,\N,4.1
6/23/2020,14,11,0,97,\N,\N,2.7
6/24/2020,14.4,8.5,0.3,88,\N,\N,4.8
6/25/2020,12.5,4.7,0,77,\N,\N,2.7
6/26/2020,13.6,2,0,67,\N,\N,1.9
6/27/2020,14,1.6,0,84,\N,\N,1.4
6/28/2020,12.4,0.6,0,90,\N,\N,2.4
6/29/2020,13.2,5.7,23,81,\N,\N,5.3
6/30/2020,12.1,8.6,19,100,\N,\N,8.9
7/1/2020,11.4,4.6,0,83,\N,\N,3.1
7/2/2020,11.5,2,0,84,\N,\N,1.9
7/3/2020,13.7,6.8,0,71,\N,\N,3.9
7/4/2020,14.6,7.9,0.6,83,\N,\N,0.9
7/5/2020,12.5,4.9,0,89,\N,\N,1.7
7/6/2020,11,1.2,0,88,\N,\N,1.9
7/7/2020,10.5,0.5,0,82,\N,\N,3.8
7/8/2020,11.7,2.8,0,87,\N,\N,1.5
7/9/2020,14,3.8,0,66,\N,\N,2.4
7/10/2020,12.8,9,0,83,\N,\N,3.1
7/11/2020,13.8,0.7,0,64,\N,\N,3.1
7/12/2020,11,5.6,0,53,\N,\N,3.1
7/13/2020,11.6,2.8,0,55,\N,\N,3.3
7/14/2020,12,-1.2,0,64,\N,\N,1.9
7/15/2020,13.9,-1,0,69,\N,\N,1.2
7/16/2020,13.7,5,0.2,73,\N,\N,2.7
7/17/2020,14.8,3.2,0,86,\N,\N,4.3
7/18/2020,15,12.2,0,100,\N,\N,1.2
7/19/2020,22.5,11.7,0,87,\N,\N,2.4
7/20/2020,23.3,10.9,0,90,\N,\N,1.9
7/21/2020,14.2,12.2,0.5,100,\N,\N,2.7
7/22/2020,14.2,12.2,0.7,97,\N,\N,2.4
7/23/2020,15,10,9,99,\N,\N,2.2
7/24/2020,10.6,5.2,0,74,\N,\N,3.6
7/25/2020,12,0.4,0,64,\N,\N,3.1
7/26/2020,15.5,4.6,0,69,\N,\N,2.9
7/27/2020,13,6.4,0,62,\N,\N,2.6
7/28/2020,11.5,-1,0,64,\N,\N,2.1
7/29/2020,13.5,-1.6,0,77,\N,\N,1
7/30/2020,13.6,-0.4,0,75,\N,\N,2.6
7/31/2020,15.3,4.6,0,87,\N,\N,0.5
8/1/2020,18.1,2.8,0,86,\N,\N,3.3
8/2/2020,21,13.5,0,88,\N,\N,3.1
8/3/2020,20.4,10.1,0,90,\N,\N,2.4
8/4/2020,25.2,11,0,75,\N,\N,1.7
8/5/2020,23.4,14.1,0,68,\N,\N,3.1
8/6/2020,21.5,9,3,69,\N,\N,4.1
8/7/2020,10.5,8.5,6,98,\N,\N,3.8
8/8/2020,17.6,10.5,0.5,95,\N,\N,2.9
8/9/2020,15.6,11.4,0.2,94,\N,\N,2.9
8/10/2020,16.6,10.6,0,\N,\N,\N,\N
8/11/2020,13,1.7,0,46,\N,\N,2.1
8/12/2020,14.4,0.7,0,73,\N,\N,2.6
8/13/2020,16.9,2,0,52,\N,\N,2.9
8/14/2020,18.6,2.3,0,82,\N,\N,1.5
8/15/2020,15.2,2.5,0,50,\N,\N,2.1
8/16/2020,17.8,2,0,33,\N,\N,3.8
8/17/2020,16.5,0.2,0,64,\N,\N,1.9
8/18/2020,20,7.8,0,53,\N,\N,3.1
8/19/2020,12.2,0.9,0,64,\N,\N,4.3
8/20/2020,12,-1.6,0,62,\N,\N,2.7
8/21/2020,17.2,3.9,0,43,\N,\N,2.6
8/22/2020,16.8,5.6,0,60,\N,\N,2.6
8/23/2020,19,7.1,0,60,\N,\N,3.6
8/24/2020,22.5,10.4,0,66,\N,\N,4.3
8/25/2020,17.6,14.2,3,91,\N,\N,4.8
8/26/2020,19.6,13.5,11.8,94,\N,\N,1.9
8/27/2020,18.7,8,0,80,\N,\N,1.7
8/28/2020,17.5,6.9,0,94,\N,\N,2.6
8/29/2020,14.2,7.9,5,91,\N,\N,3.4
8/30/2020,12.7,-1,0,64,\N,\N,1.9
8/31/2020,13.2,2.4,0,76,\N,\N,2.6
9/1/2020,9.5,3.8,7,81,\N,\N,4.8
9/2/2020,11.5,8.3,25,99,\N,\N,5.8
9/3/2020,12,7.4,0,80,\N,\N,2.6
9/4/2020,17.4,7.4,0,80,\N,\N,1.9
9/5/2020,16.5,3.8,0,83,\N,\N,5.5
9/6/2020,13.5,4,0,79,\N,\N,3.6
9/7/2020,16.2,2,0,84,\N,\N,2.9
9/8/2020,18.6,8.4,0,74,\N,\N,4.8
9/9/2020,20,13,0,86,\N,\N,2.2
9/10/2020,18.5,8,0,73,\N,\N,3.1
9/11/2020,18.6,10.4,0.2,63,\N,\N,4.1
9/12/2020,15.7,2.2,0,68,\N,\N,2.4
9/13/2020,19.5,4.6,0,68,\N,\N,2.9
9/14/2020,16.5,2,0,57,\N,\N,1.7
9/15/2020,15,4.4,0,68,\N,\N,3.1
9/16/2020,19,2.6,0,77,\N,\N,1.9
9/17/2020,24.5,6,0,55,\N,\N,3.3
9/18/2020,20.7,9.6,0,59,\N,\N,1.7
9/19/2020,14.5,3.2,0,53,\N,\N,3.8
9/20/2020,19.4,3.5,0,40,\N,\N,4.5
9/21/2020,15.7,-0.4,0,68,\N,\N,1.7
9/22/2020,18.2,6.2,0,75,\N,\N,2.9
9/23/2020,22.1,7.6,0,64,\N,\N,2.2
9/24/2020,20.1,5.6,8,66,\N,\N,4.8
9/25/2020,15,11.6,28,89,\N,\N,3.8
9/26/2020,20.1,13.1,11,95,\N,\N,4.3
9/27/2020,16.5,12.6,0.8,92,23,12.9,4.1
9/28/2020,21,5.8,0,62,23,5.1,2.6
9/29/2020,22.5,7.3,0,56,\N,\N,4.1
9/30/2020,26,11.2,0,71,\N,\N,1.5
10/1/2020,19.3,10.6,0,68,\N,\N,3.3
10/2/2020,15,4,0,69,\N,\N,6.9
10/3/2020,12.5,3.9,0,66,\N,\N,6.2
10/4/2020,15.8,4.6,3,75,\N,\N,6.3
10/5/2020,17.5,10.1,0,82,\N,\N,3.9
10/6/2020,19,4.2,0,81,\N,\N,2.2
10/7/2020,24.4,6.9,0,62,\N,\N,2.4
10/8/2020,20,4.8,0,65,\N,\N,2.2
10/9/2020,21.6,10.2,0,48,\N,\N,3.8
10/10/2020,20,3.6,0.5,63,\N,\N,2.7
10/11/2020,19,13.3,0,65,\N,\N,3.6
10/12/2020,21.2,9.6,0,80,\N,\N,3.4
10/13/2020,22.5,5.9,0,78,\N,\N,1.2
10/14/2020,27,8.6,0,64,\N,\N,3.8
10/15/2020,19.7,10.8,0,87,\N,\N,3.3
10/16/2020,23.2,13.7,0,82,\N,\N,3.8
10/17/2020,23.5,15.8,4.2,84,\N,\N,3.1
10/18/2020,30,16.4,0,73,\N,\N,3.1
10/19/2020,25.2,16.8,52,83,\N,\N,6
10/20/2020,17.5,10,0.2,70,\N,\N,5.1
10/21/2020,17.6,5.4,47,73,\N,\N,8.9
10/22/2020,16,12,10,95,\N,\N,3.8
10/23/2020,21.5,14.8,0,92,\N,\N,1.5
10/24/2020,24,15,0,93,\N,\N,3.8
10/25/2020,21,16.1,9,96,\N,\N,2.1
10/26/2020,21,11.8,0,68,\N,\N,4.6
10/27/2020,21.2,5.8,0,64,\N,\N,2.1
10/28/2020,20.5,7.6,0,79,\N,\N,5
10/29/2020,17.6,8.3,0,66,\N,\N,5
10/30/2020,18.6,3.3,0,57,\N,\N,2.4
10/31/2020,21,4.1,0,66,\N,\N,2.4
11/1/2020,23,9,0,59,\N,\N,2.7
11/2/2020,22.1,7.6,0,66,\N,\N,2.2
11/3/2020,21.5,12.6,0,72,\N,\N,4.3
11/4/2020,21.5,13.7,0,63,\N,\N,5.3
11/5/2020,23.1,13.6,0,69,\N,\N,4.3
11/6/2020,24,13.6,0,71,\N,\N,3.1
11/7/2020,24.5,15.9,0,75,\N,\N,2.9
11/8/2020,24.2,12,0,73,\N,\N,3.9
11/9/2020,21.4,15.8,0,79,\N,\N,3.6
11/10/2020,23,11.5,0,66,\N,\N,4.1
11/11/2020,23.5,15,0,73,\N,\N,3.4
11/12/2020,23,13.7,0,75,\N,\N,3.1
11/13/2020,24,14.8,0,80,\N,\N,2.6
11/14/2020,25,16.6,0,75,\N,\N,1.4
11/15/2020,23.5,14,0,69,\N,\N,3.9
11/16/2020,25.4,8.6,0,64,\N,\N,2.2
11/17/2020,25.5,13,0,54,\N,\N,2.4
11/18/2020,26.3,13.4,0,74,\N,\N,5
11/19/2020,23.5,9,0,67,\N,\N,3.6
11/20/2020,24.4,10,0,62,\N,\N,3.9
11/21/2020,26.6,15.9,0,59,\N,\N,4.3
11/22/2020,28,17,0,56,\N,\N,3.6
11/23/2020,30.6,17.8,0,56,\N,\N,4.1
11/24/2020,32,18.6,41,69,\N,\N,5.1
11/25/2020,26.5,18.5,0.2,89,\N,\N,1.9
11/26/2020,23.2,15.8,0,38,\N,\N,3.9
11/27/2020,28.1,10.4,0,65,\N,\N,3.4
11/28/2020,25,19.6,2,71,\N,\N,2.2
11/29/2020,31.5,16.8,0,52,\N,\N,4.6
11/30/2020,21,8,0,59,\N,\N,4.3
12/1/2020,27.5,10.4,0,69,\N,\N,3.3
12/2/2020,28.7,15.3,9.5,68,\N,\N,2.4
12/3/2020,27.5,13.4,0,54,\N,\N,2.6
12/4/2020,20,12,0,52,\N,\N,5.5
12/5/2020,20.8,6.8,0,58,\N,\N,3.6
12/6/2020,22.5,6.3,0,59,\N,\N,3.3
12/7/2020,25.2,12.6,0,57,\N,\N,3.6
12/8/2020,26.6,16.6,0,63,\N,\N,2.9
12/9/2020,31.5,16,0,54,\N,\N,1.7
12/10/2020,32.5,17.3,0,61,\N,\N,2.4
12/11/2020,29.2,15.4,3,46,\N,\N,2.9
12/12/2020,30,10.8,8,45,\N,\N,2.1
12/13/2020,24.8,14,0,74,\N,\N,2.2
12/14/2020,27,10.8,0,47,\N,\N,5.1
12/15/2020,23.8,14.2,0,64,\N,\N,5.1
12/16/2020,27.2,12.4,0,42,\N,\N,2.9
12/17/2020,31.5,15.4,0,62,\N,\N,2.6
12/18/2020,32.5,16.7,7,53,\N,\N,3.4
12/19/2020,27.2,17.6,0,58,\N,\N,5.7
12/20/2020,23.5,11.3,0,43,\N,\N,4.5
12/21/2020,27.6,6.4,0,52,\N,\N,3.4
12/22/2020,31,13.6,0,44,\N,\N,3.1
12/23/2020,31.5,20,0,48,\N,\N,3.6
12/24/2020,31.5,19.6,0,62,\N,\N,3.3
12/25/2020,29.2,20.8,0,70,\N,\N,3.9
12/26/2020,29.9,21.2,0,65,\N,\N,5.1
12/27/2020,29.4,20.3,0,68,\N,\N,4.1
12/28/2020,31.5,22.4,0,69,\N,\N,5
12/29/2020,31.5,20.4,6,73,\N,\N,2.2
12/30/2020,28,18.2,1,52,\N,\N,3.9
12/31/2020,29,9.4,0,36,\N,\N,1.7
1/1/2021,33.7,15.2,0,43,\N,\N,3.1
1/2/2021,32.1,19.2,0,55,\N,\N,3.1
1/3/2021,31,20.7,0,58,\N,\N,3.1
1/4/2021,29.8,20.5,0,68,\N,\N,3.9
1/5/2021,31,19.8,6,75,\N,\N,5
1/6/2021,25.8,19.6,0,73,\N,\N,2.7
1/7/2021,32.5,16.8,0,51,\N,\N,2.7
1/8/2021,31.1,17.4,0,60,\N,\N,5
1/9/2021,26.4,17.1,0.3,68,\N,\N,2.6
1/10/2021,33,18.9,22,64,\N,\N,4.6
1/11/2021,28.5,17.6,9,91,\N,\N,1.9
1/12/2021,24.4,12.8,0,49,\N,\N,3.1
1/13/2021,25.3,14.6,0,48,\N,\N,3.9
1/14/2021,28.1,18.2,0,57,\N,\N,5.7
1/15/2021,24.1,20.2,0,76,\N,\N,2.1
1/16/2021,30.6,19.4,0,80,\N,\N,3.4
1/17/2021,24.7,14.4,0,59,\N,\N,3.3
1/18/2021,30,10.9,0,58,\N,\N,1.7
1/19/2021,32.5,17,0,43,\N,\N,3.1
1/20/2021,33,19.4,0,48,\N,\N,3.8
1/21/2021,31.1,19.4,0,65,\N,\N,3.9
1/22/2021,31.9,21.2,0,66,\N,\N,3.9
1/23/2021,33.8,22.5,0,62,\N,\N,2.4
1/24/2021,35,23,0,60,\N,\N,3.6
1/25/2021,34.9,22.4,0,58,\N,\N,3.3
1/26/2021,35,22,0,58,\N,\N,1.9
1/27/2021,32,19.7,0.8,48,\N,\N,4.5
1/28/2021,27.5,18.4,19,77,\N,\N,3.1
1/29/2021,28.5,17.4,0.5,81,\N,\N,1.4
1/30/2021,23.4,16.4,17,81,\N,\N,5.5
1/31/2021,23.4,13.8,30,92,\N,\N,5.3
2/1/2021,20.8,17.4,33,96,\N,\N,5.3
2/2/2021,26.4,17.6,0,80,\N,\N,4.6
2/3/2021,26.2,18.2,0,78,\N,\N,5.3
2/4/2021,28.6,15.2,0,57,\N,\N,5
2/5/2021,27.5,12.4,0,64,\N,\N,2.4
2/6/2021,32.5,14.4,0,60,\N,\N,2.9
2/7/2021,31,18.4,0.3,75,\N,\N,4.1
2/8/2021,27.5,18.6,3,82,\N,\N,5.8
2/9/2021,23.9,13,0.3,77,\N,\N,5.5
2/10/2021,26.2,16.4,0,80,\N,\N,6.3
2/11/2021,26,17.4,7,89,\N,\N,4.8
2/12/2021,26.5,20.2,0,82,\N,\N,2.9
2/13/2021,27,15.8,0.5,79,\N,\N,2.9
2/14/2021,27.8,18,4,78,\N,\N,0.9
2/15/2021,27.6,17,0,71,\N,\N,4.3
2/16/2021,22.9,16.8,0.4,84,\N,\N,3.8
2/17/2021,27,16.8,0,83,\N,\N,2.9
2/18/2021,30.3,14.8,0,71,\N,\N,2.1
2/19/2021,28.5,18.8,0,52,\N,\N,2.9
2/20/2021,26.6,8.2,0,43,\N,\N,1.2
2/21/2021,29.8,13.8,35,66,\N,\N,2.6
2/22/2021,25.7,16.2,31,94,\N,\N,2.7
2/23/2021,26,15,0,75,\N,\N,1.5
2/24/2021,30.2,15.9,0,60,\N,\N,1.9
2/25/2021,31.4,15.6,0,59,\N,\N,0.9
2/26/2021,30,16.6,0,61,\N,\N,3.3
2/27/2021,28.2,21.2,0,77,\N,\N,5.5
2/28/2021,29,21.8,0,72,\N,\N,4.5
3/1/2021,27.8,21.4,0,77,\N,\N,4.1
3/2/2021,28.8,21.4,0,84,\N,\N,3.1
3/3/2021,28.5,22.3,0,76,\N,\N,3.6
3/4/2021,27.9,21.5,3,82,\N,\N,2.4
3/5/2021,24.2,16.8,0,74,\N,\N,4.3
3/6/2021,24.4,10.4,0,74,\N,\N,2.1
3/7/2021,28,11.4,0,64,\N,\N,2.1
3/8/2021,32.2,18,0,67,\N,\N,2.7
3/9/2021,25.4,10.6,0,73,\N,\N,2.9
3/10/2021,27.3,14,0,72,\N,\N,3.6
3/11/2021,31.4,19.2,0,64,\N,\N,2.2
3/12/2021,27.6,17,0,80,\N,\N,2.6
3/13/2021,27.9,12.4,0,69,\N,\N,1.2
3/14/2021,28.5,14.7,0,53,\N,\N,2.6
3/15/2021,26.2,20.1,0.8,70,\N,\N,2.1
3/16/2021,24.5,20,6,87,\N,\N,2.2
3/17/2021,20.6,14.8,0,77,\N,\N,7.4
3/18/2021,21,7.6,0,70,\N,\N,1.7
3/19/2021,22.5,8.5,10,70,\N,\N,3.4
3/20/2021,19.4,16.2,21,94,\N,\N,3.6
3/21/2021,23.6,14.5,0,83,\N,\N,3.4
3/22/2021,23.5,10,0,78,\N,\N,1.4
3/23/2021,25,12.2,0,78,\N,\N,2.1
3/24/2021,26.6,16.8,12,78,\N,\N,2.6
3/25/2021,22.6,19.2,22,95,\N,\N,4.3
3/26/2021,24.5,16.5,0,86,\N,\N,3.1
3/27/2021,25.5,16.6,0,83,\N,\N,3.1
3/28/2021,25.4,13.9,4,87,\N,\N,0.7
3/29/2021,23.1,16.6,0,87,\N,\N,3.1
3/30/2021,23.6,10.8,0,80,\N,\N,2.9
3/31/2021,23.3,10.5,0,75,\N,\N,2.1
4/1/2021,23,12.4,0,78,\N,\N,2.9
4/2/2021,23.4,13.6,0,75,\N,\N,3.1
4/3/2021,23.9,15.2,0,78,\N,\N,3.1
4/4/2021,24.6,16.3,0,83,\N,\N,2.7
4/5/2021,27.1,17.6,0,83,\N,\N,2.4
4/6/2021,26.5,18.4,0,86,\N,\N,3.1
4/7/2021,27.5,19.8,0,82,\N,\N,3.1
4/8/2021,25.7,19.9,26,79,\N,\N,3.6
4/9/2021,22.2,19,7,99,\N,\N,1.5
4/10/2021,21.4,19.2,17,98,\N,\N,5
4/11/2021,21.4,14.5,0,84,\N,\N,4.8
4/12/2021,24.8,11.1,0,72,\N,\N,1.4
4/13/2021,25.3,11,0,69,\N,\N,1.4
4/14/2021,23.1,9.8,0,73,\N,\N,2.6
4/15/2021,26,12.4,0,87,\N,\N,1.5
4/16/2021,25.5,12.7,0,87,\N,\N,1
4/17/2021,24.6,11.7,0,88,\N,\N,1.5
4/18/2021,23.1,15,0,90,\N,\N,1.9
4/19/2021,23.5,15.8,0,79,\N,\N,3.3
4/20/2021,24,17.6,0,77,\N,\N,5.1
4/21/2021,24.6,18,0,76,\N,\N,4.8
4/22/2021,24.1,18,0,78,\N,\N,3.1
4/23/2021,25.5,17,17,79,\N,\N,3.9
4/24/2021,22.5,14.6,0,81,\N,\N,2.9
4/25/2021,20.5,8.6,0.2,84,\N,\N,2.2
4/26/2021,20,8.2,0,78,\N,\N,2.1
4/27/2021,21.7,8.4,0,86,\N,\N,0.9
4/28/2021,23.3,9.1,0,81,\N,\N,1
4/29/2021,23.1,11.4,0,77,\N,\N,1.9
4/30/2021,22.4,12,0,74,\N,\N,2.4
5/1/2021,25.4,10.1,0,84,2,3.6,1.4
5/2/2021,26,11.2,0,81,36,4.1,1.7
5/3/2021,22.7,17.3,6,89,18,6.2,2.7
5/4/2021,17.3,8.3,0,73,18,13.4,4.2
5/5/2021,14.4,3.2,0,72,18,7.2,3
5/6/2021,17.5,3,0,76,23,3.1,1.7
5/7/2021,18.2,2.8,0,80,11,3.1,1.4
5/8/2021,17.8,5,0,85,5,4.1,1.8
5/9/2021,16.2,8.9,0,92,5,3.1,1.7
5/10/2021,17.5,8.2,0,79,20,6.7,2.4
5/11/2021,17,3,0,79,20,4.6,2.1
5/12/2021,18.5,3.6,0,71,36,4.1,1.8
5/13/2021,20.7,5.7,0,71,32,2.6,2.1
5/14/2021,20.1,1.4,0,88,5,2.6,1
5/15/2021,18.4,0.7,0,85,5,2.1,0.6
5/16/2021,16.6,2.5,0,92,5,1.5,0.3
5/17/2021,17.1,4.7,0,85,18,3.6,1.9
5/18/2021,17.2,2.6,0,89,7,2.6,0.9
5/19/2021,16.1,3.3,0,90,9,7.2,2.2
5/20/2021,17.1,9.2,3,84,9,7.2,3.6
5/21/2021,15.4,13.2,53,95,9,10.3,4.6
5/22/2021,14.7,12.3,7,97,20,20.6,8.1
5/23/2021,15,10.7,0.5,85,25,16.5,5.5
5/24/2021,18,6.2,0,76,32,5.1,3.2
5/25/2021,17.8,7.2,0,62,20,4.6,2.7
5/26/2021,18.7,2.2,0,77,32,5.1,2.6
5/27/2021,21.3,9.6,0,70,34,5.1,3.3
5/28/2021,20.4,11.9,0,71,25,4.6,2.3
5/29/2021,12.2,4,0,69,23,14.4,2.7
5/30/2021,15,2,0,63,29,3.6,2.3
5/31/2021,18.6,9.4,0,57,27,5.1,3.1
6/1/2021,18.1,13,0,73,34,4.1,1.9
6/2/2021,15.6,7.7,0,79,20,5.7,2.3
6/3/2021,16.7,1.7,0,75,36,5.7,2.8
6/4/2021,20.5,13.4,1,80,16,4.6,1.9
6/5/2021,14.8,9,0,88,18,6.7,3.2
6/6/2021,14.9,1.3,0,78,11,5.7,2.1
6/7/2021,13.7,3.2,0,89,7,5.1,2.2
6/8/2021,16.9,8.9,0,91,0,4.1,2.3
6/9/2021,17.4,14.1,0,93,9,4.6,3
6/10/2021,19.7,10.5,0,81,23,4.1,1.8
6/11/2021,16,1.8,0,68,34,4.6,2.6
6/12/2021,20.6,10.9,0,68,34,4.1,2.8
6/13/2021,19.3,12.6,0,84,36,6.2,2.8
6/14/2021,15.8,8.3,0,87,18,5.7,2.2
6/15/2021,12.5,1.1,0,81,18,4.6,2.6
6/16/2021,11,-0.5,0,87,23,4.1,2.3
6/17/2021,10.8,0.4,0,83,18,3.6,1.8
6/18/2021,11,-2.2,0,85,16,3.6,1.3
6/19/2021,13.2,-1,0,87,16,2.6,1.2
6/20/2021,13.6,-2.3,0,86,5,2.6,0.9
6/21/2021,12.7,0.3,0,90,34,3.1,0.8
6/22/2021,14.2,3.7,0,92,7,6.2,2.2
6/23/2021,16.6,9.4,6,95,7,5.1,2.7
6/24/2021,17,11,0,84,23,7.7,4.2
6/25/2021,19.2,6.4,0,73,32,3.6,1.7
6/26/2021,14.2,4.1,1,89,18,14.4,3.6
6/27/2021,9.3,4.4,0.7,90,27,5.1,3.2
6/28/2021,9.6,5.3,0.2,78,27,14.4,4.9
6/29/2021,10.4,4.8,0,82,20,13.9,3.6
6/30/2021,10.3,-1.4,0,90,36,9.8,2.3
7/1/2021,11.2,4.6,0,90,36,5.1,3.1
7/2/2021,16.1,1.4,0,84,32,3.1,2.1
7/3/2021,17,3.2,0,54,34,4.6,3
7/4/2021,16.5,0.4,0,76,32,3.1,1.2
7/5/2021,17,-0.9,0,88,9,3.1,1.3
7/6/2021,15.2,5.2,0.3,91,5,4.6,3
7/7/2021,16.1,8.4,2,96,20,3.6,2.3
7/8/2021,19.6,4.7,0,90,5,3.6,1.2
7/9/2021,22.5,13.4,0,73,36,6.2,3.7
7/10/2021,19.1,6.2,0,62,\N,\N,3.6
7/11/2021,15.6,0.2,8,73,9,3.1,1.7
7/12/2021,15.6,10.2,0.8,97,18,4.1,1.4
7/13/2021,14.2,6.2,0,88,16,5.7,3.2
7/14/2021,13,4.4,3,92,9,12.9,3.5
7/15/2021,15,7.5,0,95,20,2.6,1.9
7/16/2021,14.8,1.6,0,86,36,5.7,3.1
7/17/2021,13,3.9,0,65,27,13.9,4.5
7/18/2021,12.8,5.2,0,77,20,18,5.4
7/19/2021,12.8,2.2,0,81,23,3.6,2.7
7/20/2021,17.2,6.1,0,66,32,4.1,3
7/21/2021,16.6,2.1,0,79,32,3.1,1.7
7/22/2021,17.2,5.2,0,73,36,4.1,2.2
7/23/2021,22,6.2,0,76,34,3.1,1.3
7/24/2021,15.6,10.8,23.5,86,14,8.7,4.5
7/25/2021,19.2,12.4,0,91,9,10.3,3.2
7/26/2021,14.5,5.5,0,78,23,5.1,2.2
7/27/2021,11,1.9,0,58,20,14.4,4.4
7/28/2021,10.4,2.6,0,79,20,15.9,4.2
7/29/2021,13.2,0,0,76,29,4.1,2.2
7/30/2021,14.2,5.9,0,63,34,8.7,3.3
7/31/2021,16.1,1.5,0,77,2,6.2,1.2
8/1/2021,13.8,0.1,0,90,20,3.6,2.2
8/2/2021,14.6,5.9,0,87,2,3.1,2.1
8/3/2021,16.7,1.8,0,86,32,3.6,1.7
8/4/2021,14.6,0.9,0,95,9,4.1,1.5
8/5/2021,13.5,3.5,0,98,5,3.6,2.1
8/6/2021,19.3,7.2,0,90,5,3.6,2.8
8/7/2021,23.2,11,0,88,36,4.1,2.1
8/8/2021,14.1,7,37,89,16,22.6,7.8
8/9/2021,8.5,6,0.7,91,14,15.9,7.1
8/10/2021,9.7,0.7,0,85,18,5.1,2.3
8/11/2021,13.2,0,0,82,27,5.1,2.4
8/12/2021,12.2,0.8,0,87,14,4.1,2.1
8/13/2021,12,-0.6,0,94,7,4.1,1.8
8/14/2021,16.9,2,0,90,18,3.1,0.9
8/15/2021,14.5,3.3,0,94,11,4.6,1.3
8/16/2021,15.1,8.3,0,96,7,4.6,2.4
8/17/2021,19.8,5.3,0,93,9,4.6,1.9
8/18/2021,15.6,7.6,0,95,11,5.1,2.8
8/19/2021,17.4,10,0,89,20,19,4.9
8/20/2021,19.3,7.6,0,64,23,4.6,2.2
8/21/2021,16.1,4.6,0,73,7,6.7,3
8/22/2021,19.7,9.2,0,70,20,4.6,2.3
8/23/2021,15.4,3.6,0,58,23,2.6,1.5
8/24/2021,17,1.3,0,76,9,3.1,1.2
8/25/2021,16,2.6,0,84,11,4.6,1.7
8/26/2021,18.6,3.2,0,68,7,13.9,3.2
8/27/2021,16.2,4.4,0,60,5,4.1,1.7
8/28/2021,17.9,5.6,0,81,5,3.6,2.1
8/29/2021,21,3.5,0,81,9,4.1,1.3
8/30/2021,22.8,9.8,0,90,5,5.1,2.2
8/31/2021,26.6,13.8,0,80,2,5.1,2.6
9/1/2021,21.8,13.9,35.5,87,9,13.4,4.5
9/2/2021,15,12.2,0.3,97,14,7.2,5.3
9/3/2021,17,9.2,0,88,11,7.2,3.7
9/4/2021,15.5,6.4,3,89,14,7.2,3.1
9/5/2021,16.8,9.4,0,86,9,6.7,3.9
9/6/2021,15.7,8.9,5,89,11,13.4,5.4
9/7/2021,15,13.2,17,94,9,13.9,7.2
9/8/2021,15,13.5,17,98,9,17,5.7
9/9/2021,16.6,11.6,2,95,20,10.8,3.7
9/10/2021,15,11,0,93,20,6.7,2.8
9/11/2021,16.3,10.9,0,88,7,6.2,3.1
9/12/2021,23,13,0,81,2,5.7,4.4
9/13/2021,18.3,12.3,0,87,16,14.9,6.9
9/14/2021,17.7,6.6,0,69,18,25.2,3.3
9/15/2021,20,2.6,0,64,27,9.8,2.2
9/16/2021,23,8.2,0,59,5,9.8,2.2
9/17/2021,21.5,11,0,70,36,8.7,1.9
9/18/2021,21.2,6.8,0,92,9,9.3,2.4
9/19/2021,19.2,13,0,89,9,12.3,4.2
9/20/2021,18.6,11.1,0,87,18,17,5.1
9/21/2021,16.6,3.6,0,76,14,13.9,4.8
9/22/2021,15,5.2,0.7,86,9,10.3,3
9/23/2021,17.8,11.2,0,82,9,8.7,2.3
9/24/2021,18.7,6.5,0,87,9,9.3,2.4
9/25/2021,19.4,10.3,0,86,9,9.3,3.2
9/26/2021,23.4,7.8,0,82,14,10.8,1.3
9/27/2021,16,11.8,0,94,14,11.8,5.7
9/28/2021,15.6,9.9,0,93,13,11.3,4.4
9/29/2021,18.5,7.4,0,85,9,11.8,3.6
9/30/2021,17.2,13.8,14,93,5,11.3,3.9
10/1/2021,22.6,9.2,0,69,25,7.7,2.3
10/2/2021,18.4,6.7,0.8,82,34,11.3,2.1
10/3/2021,16,5.4,0,66,23,14.9,4.1
10/4/2021,20.4,3.4,0,56,27,9.3,1.8
10/5/2021,21.4,12.4,0,64,32,11.3,2.3
10/6/2021,16,7.6,0,70,18,16.5,5.4
10/7/2021,14.3,1.3,0,75,9,8.2,2.4
10/8/2021,15.8,4.2,0,67,11,10.8,3
10/9/2021,19.1,6.8,0,75,9,10.3,3
10/10/2021,20.2,11.3,10,82,7,10.8,4.2
10/11/2021,17.6,14.4,5,96,18,7.2,3
10/12/2021,20.5,14.4,0,93,16,6.2,1.8
10/13/2021,20.5,14.3,0,92,29,7.2,1.9
10/14/2021,23.6,8.5,0,85,20,22.1,2.4
10/15/2021,17.9,7.7,0,65,18,11.8,3
10/16/2021,19,6.2,0,52,36,8.7,2.6
10/17/2021,21.3,9.7,0,62,36,8.7,2.7
10/18/2021,20.9,8.8,0,80,9,9.8,2.2
10/19/2021,20.8,5.2,0,74,9,7.2,2.1
10/20/2021,23.4,9.2,0,77,9,9.3,2.3
10/21/2021,25.2,15.2,0,71,2,6.7,2.2
10/22/2021,24.4,14,15,72,9,12.9,3.3
10/23/2021,22.1,13.8,0,76,18,16.5,1.4
10/24/2021,24.4,4.4,0,59,25,13.9,2.6
10/25/2021,27.9,15.2,0,45,27,13.4,3.6
10/26/2021,32.6,13.4,0,58,34,6.7,1.8
10/27/2021,32.8,17,0,55,27,7.2,1.2
10/28/2021,33.5,16.9,0,60,9,9.3,2.8
10/29/2021,28.4,18.6,0,69,7,11.3,3.1
10/30/2021,29.1,18.6,0,78,7,7.7,2.4
10/31/2021,21.6,13.6,0,93,\N,\N,6
11/1/2021,18.2,12.5,5.5,92,18,10.3,4.4
11/2/2021,25.2,14.4,2,89,16,9.8,3
11/3/2021,22.1,18.5,0,96,9,8.7,4
11/4/2021,26.2,18.8,0,82,9,8.7,1.9
11/5/2021,20.4,12,0,67,18,19.5,5.9
11/6/2021,20.9,8.3,0,74,9,11.8,4.4
11/7/2021,21.5,10.9,0,72,9,8.2,2.7
11/8/2021,28.4,12.5,0,71,32,16.5,2.2
11/9/2021,22.4,12,0,74,16,5.7,4.1
11/10/2021,22.8,13.5,0,72,9,12.9,4.1
11/11/2021,23.5,15.6,0,71,9,12.9,5.4
11/12/2021,22.2,15.4,0,69,9,13.4,5.3
11/13/2021,27.4,15.9,32.5,64,27,15.4,5.5
11/14/2021,25.9,16.4,0,70,7,13.4,2.2
11/15/2021,28.7,11.8,2.5,77,7,10.3,2.2
11/16/2021,21.6,12.6,0,79,18,16.5,4.1
11/17/2021,20.8,5.1,0,66,20,9.3,2.3
11/18/2021,24,7.6,0,57,5,8.2,1.7
11/19/2021,27.3,14.5,0,59,20,7.7,2.2
11/20/2021,27.2,11.2,0,77,\N,\N,1.8
11/21/2021,33.6,20.4,0,47,34,12.9,3.9
11/22/2021,35,21.2,0,45,20,16.5,3.9
11/23/2021,24.2,7.4,0,62,18,9.8,3.1
11/24/2021,31.7,12.8,0,53,36,13.9,3.1
11/25/2021,24.9,18.6,9.3,76,16,14.4,2.1
11/26/2021,27.9,13.2,0,79,9,10.8,3.3
11/27/2021,26,14.2,0,81,9,11.3,3.7
11/28/2021,22,17.2,35,87,9,11.8,4.1
11/29/2021,24.7,15.9,0,74,23,17.5,5.7
11/30/2021,25.5,11.3,0,69,18,8.7,3.5
12/1/2021,22,10.8,0,80,9,8.2,2.1
12/2/2021,23.6,12.5,0,73,9,9.3,2.4
12/3/2021,23.7,16.1,0,71,9,7.7,2.4
12/4/2021,24.8,15.5,4,81,9,10.8,2.8
12/5/2021,23.1,16,6,87,9,8.2,2.7
12/6/2021,25.1,13.9,0,82,9,10.3,3.5
12/7/2021,26.6,18.3,0,73,7,12.3,4.4
12/8/2021,26.6,17.4,0,68,7,12.3,3.5
12/9/2021,24.2,17.8,0,74,9,10.3,3.6
12/10/2021,24.8,19.1,0,76,9,10.3,3.7
12/11/2021,28.7,16.6,0,73,7,8.7,1.9
12/12/2021,30.5,18.8,0.5,80,25,13.4,2.2
12/13/2021,29.5,17.2,0,60,9,10.8,3.5
12/14/2021,27.4,12.8,0.5,59,9,15.4,4.2
12/15/2021,27,18.6,0,80,7,14.9,3.3
12/16/2021,27,13.8,0,73,9,12.9,3.9
12/17/2021,26.5,12,0,76,9,10.3,3.6
12/18/2021,27.6,18,0,71,9,13.4,4.4
12/19/2021,29.5,18.8,0,71,36,10.3,3
12/20/2021,31.5,16.2,0,75,9,12.3,3.7
12/21/2021,29.2,20.2,0,74,9,10.8,3
12/22/2021,29.3,14.8,0,68,9,10.3,2.2
12/23/2021,28.5,17.4,0,68,9,10.3,2.7
12/24/2021,33.5,20,0.6,58,20,14.9,3.7
12/25/2021,31.4,19.3,0,77,18,11.3,3.7
12/26/2021,34.8,14,0,57,18,19,1.8
12/27/2021,28.5,14.1,0,71,7,7.7,2.7
12/28/2021,33.5,19.4,0,61,7,7.2,2.4
12/29/2021,36.8,23.6,0,48,36,11.8,3.2
12/30/2021,35.5,24.3,0,47,36,10.3,3.2
12/31/2021,31.5,18.6,8,74,9,9.8,3.5
1/1/2022,26.9,21.2,0.3,82,34,13.9,4
1/2/2022,32.5,17.2,0,71,7,9.3,1.9
1/3/2022,36.3,19.5,0,62,18,13.4,3
1/4/2022,33.3,21.8,0,55,29,13.9,3.7
1/5/2022,26.4,12.2,0,56,9,15.4,4.8
1/6/2022,27.5,10.8,0,62,\N,\N,3
1/7/2022,28.5,18.6,0,64,9,9.8,3.2
1/8/2022,29,20.2,0,64,7,12.3,3.9
1/9/2022,31,20.5,0,61,9,13.4,4.2
1/10/2022,34,20.5,0,61,36,8.2,2.4
1/11/2022,38.6,20.2,0,49,14,11.8,3.3
1/12/2022,30.1,15.8,0,67,7,9.8,3.3
1/13/2022,36.2,19.8,0,57,9,8.2,3.1
1/14/2022,41,22.9,0,45,9,12.3,3
1/15/2022,38.8,25.4,29,55,29,19.5,4
1/16/2022,31.7,21.2,12,81,27,15.9,2.7
1/17/2022,25.5,19.4,21,88,18,17,6.2
1/18/2022,24,20.2,9,90,9,14.9,5.4
1/19/2022,25.1,19.9,9,95,9,12.3,5.1
1/20/2022,28,21.4,23,97,14,10.3,4.2
1/21/2022,28.8,22.8,6,87,18,13.4,2.7
1/22/2022,29,20.6,27,95,18,16.5,2.3
1/23/2022,27.4,20.2,0,87,23,5.7,1.7
1/24/2022,30,20.6,0,84,20,6.7,1.8
1/25/2022,31,21.6,14,94,18,9.3,1.9
1/26/2022,26.4,18.5,7,86,16,18,5
1/27/2022,23.5,12.3,0,68,18,13.9,5
1/28/2022,24,11.5,0,69,29,8.7,2.1
1/29/2022,27.3,14.6,0,74,7,8.7,2.3
1/30/2022,29,18.6,0,67,18,11.3,3
1/31/2022,25.3,15.8,0,57,18,12.9,4.6
2/1/2022,27,13.6,0,61,5,9.3,2.1
2/2/2022,31.5,17.4,4,66,5,8.2,2.2
2/3/2022,25.4,20,0.3,88,32,13.4,2.4
2/4/2022,27.2,17,19,87,7,7.2,2.1
2/5/2022,21.8,16.3,4,94,18,14.4,2.7
2/6/2022,22.2,11.8,0,79,27,12.3,3.1
2/7/2022,23,12.8,0,76,18,12.3,3.5
2/8/2022,24.6,12.2,0,72,5,8.7,1.9
2/9/2022,26.5,13,0,77,7,8.2,1.9
2/10/2022,28.2,18.7,0,77,5,8.7,3.2
2/11/2022,28.5,14.4,5,76,18,18.5,5.8
2/12/2022,21.4,13.1,0,82,16,14.9,4.9
2/13/2022,25.7,7.8,0,61,27,14.4,2.6
2/14/2022,31,13.7,0,55,29,8.7,1.9
2/15/2022,31.7,18.8,0,62,36,9.3,2.6
2/16/2022,34.4,20.2,0,61,16,13.4,2.3
2/17/2022,25,15.4,0,71,18,12.3,4.8
2/18/2022,25.4,10.2,0,80,9,10.3,2.4
2/19/2022,28.4,19,10,73,9,9.3,3.5
2/20/2022,22.2,18,18,90,16,13.4,3.2
2/21/2022,26.3,16.9,0,75,18,11.8,4.2
2/22/2022,26,16.3,0,85,9,7.2,1.9
2/23/2022,25.6,15.2,0.8,86,11,10.3,3.7
2/24/2022,23.4,20,8,93,9,15.4,2.8
2/25/2022,29.1,14.8,0,73,36,7.2,1.4
2/26/2022,27,16.4,20,89,27,10.8,2.2
2/27/2022,24.8,21,1,95,7,11.8,1.9
2/28/2022,28.1,18.2,0,71,27,12.9,1.9
3/1/2022,24.5,9.8,0,65,14,12.9,2.8
3/2/2022,29.5,20,0,59,29,11.3,2.8
3/3/2022,25.1,13.2,0,76,9,9.3,3.5
3/4/2022,28.6,18.8,0,84,32,7.2,1.4
3/5/2022,26,18.9,0,89,18,12.3,2.6
3/6/2022,27.5,15.1,11,88,9,10.8,3.7
3/7/2022,25.2,16.2,0,77,34,14.9,3.5
3/8/2022,27,13.7,4,64,14,8.2,2.6
3/9/2022,21.6,16.8,3,90,5,12.9,1.8
3/10/2022,24.1,14.7,0,76,14,10.8,3.9
3/11/2022,22.8,10.3,0,69,18,12.3,2.2
3/12/2022,23.5,7.9,0,71,9,6.7,1.4
3/13/2022,25.4,8.8,0,66,7,8.2,1.4
3/14/2022,26.6,11.4,0,70,36,7.2,1.4
3/15/2022,29.5,18.7,0,68,27,8.7,2.6
3/16/2022,28.3,16.8,0,72,36,9.3,1.5
3/17/2022,31.3,18.2,12.5,72,16,10.8,1.9
3/18/2022,22.7,12.5,4,81,18,17,5.3
3/19/2022,20.2,6.4,0,64,18,7.7,2.4
3/20/2022,20,7.8,0,72,9,11.8,3.8
3/21/2022,21.4,13.4,6,70,7,13.9,4.5
3/22/2022,24.4,17.8,0,85,5,11.8,3.1
3/23/2022,26.3,16.8,5,88,9,7.7,2.7
3/24/2022,22.5,12.8,4,73,36,14.9,4.5
3/25/2022,20.1,8.6,6,95,18,14.9,3.3
3/26/2022,23.1,14,0,80,25,10.3,3.3
3/27/2022,27.8,10.9,0,70,27,9.3,1.5
3/28/2022,26.5,12.2,0,75,5,8.2,2.1
3/29/2022,27.7,16.3,0,71,20,17,2.6
3/30/2022,16.9,7.2,0,59,25,12.3,3.6
3/31/2022,18.9,5.4,0,63,25,8.2,2.1
4/1/2022,20,5.2,0,66,23,7.2,1.2
4/2/2022,21.1,9.9,0,72,7,9.3,2.7
4/3/2022,24.6,13.5,3,81,34,9.3,2.6
4/4/2022,22.1,4.4,0,58,20,5.7,0.9
4/5/2022,23.2,6.2,0,65,5,7.2,1.9
4/6/2022,26.4,9.2,0,78,36,8.2,1.2
4/7/2022,26.4,12.8,0,83,7,6.7,1.9
4/8/2022,24.2,15,0,89,9,7.7,2.4
4/9/2022,25.1,12.7,0,86,9,5.7,2.1
4/10/2022,26.8,14.5,9,82,7,9.3,2.1
4/11/2022,24.3,16.6,0.4,83,24,12.3,4.1
4/12/2022,21.5,11.2,0,61,25,10.3,2.6
4/13/2022,20.2,6.1,0,62,27,9.3,1.4
4/14/2022,21.2,7.5,0,67,18,8.2,2.2
4/15/2022,19.7,5.6,0,82,16,6.7,2.2
4/16/2022,22.5,9.8,0,77,9,6.7,1.7
4/17/2022,22.3,15.1,0,79,9,7.2,2.9
4/18/2022,22.5,16.6,0,79,9,7.7,2.6
4/19/2022,25.2,11,0,81,7,6.2,2.2
4/20/2022,26.6,10.4,1,77,36,7.7,1.5
4/21/2022,21.1,12.2,0.9,69,27,7.7,1.7
4/22/2022,17.8,11.4,0,75,27,10.3,2.1
4/23/2022,20.3,4.7,0,63,34,12.3,3.9
4/24/2022,23.6,15.2,19,60,36,11.3,3.6
4/25/2022,24.3,16.5,0,85,36,14.4,3.3
4/26/2022,24,16,10,86,2,13.9,4.3
4/27/2022,21.5,12.4,0,63,20,17.5,1.7
4/28/2022,16.1,6.5,0,60,20,9.8,2.1
4/29/2022,14.2,1.4,0,66,23,8.2,1
4/30/2022,14.5,2.9,0,72,14,3.6,0.9
5/1/2022,18.1,4.8,0,75,18,8.7,3.3
5/2/2022,16.2,4.2,0,74,14,8.7,3.3
5/3/2022,18.2,4.1,0,78,16,5.7,1.2
5/4/2022,19.4,2.8,0,79,2,6.2,1.4
5/5/2022,20.7,4.8,0,81,34,7.2,1.2
5/6/2022,23,7,0,86,36,6.2,1.9
5/7/2022,23.3,10.6,0,82,36,8.7,2.7
5/8/2022,22.5,10.8,0,79,34,10.8,2.2
5/9/2022,22.2,5.8,0,86,18,6.2,1.4
5/10/2022,19.2,11,0,90,20,7.2,2.4
5/11/2022,17.7,7,0,75,16,10.3,3.6
5/12/2022,17,3.2,0,81,7,6.7,2.1
5/13/2022,19.2,7.2,0,77,16,7.7,2.6
5/14/2022,20.5,7,0,64,18,6.7,2.7
5/15/2022,14.9,3.8,0,63,27,10.3,4.5
5/16/2022,15,8.4,0,77,18,20.6,5.3
5/17/2022,14,7.6,0,78,20,19.5,8.1
5/18/2022,16.2,5.9,0,75,18,11.8,3.3
5/19/2022,15.6,-0.2,0,83,14,6.2,0.7
5/20/2022,17.2,2.2,0,80,34,8.2,2.6
5/21/2022,21.7,9.4,0,76,23,6.7,1.4
5/22/2022,19.3,4.3,0,89,36,7.2,1.7
5/23/2022,20.6,5.5,0,83,5,6.2,0.9
5/24/2022,21,10.8,25.5,80,18,7.7,1.7
5/25/2022,12.6,6.8,8,97,18,14.9,5.8
5/26/2022,13.6,1.5,0,81,9,9.3,3.8
5/27/2022,15.6,5.2,0,77,16,8.2,1.5
5/28/2022,13,3.5,0,83,5,6.7,1.9
5/29/2022,11.2,3.2,0,68,18,10.8,3.6
5/30/2022,11.5,0.8,0,65,20,11.3,2.7
5/31/2022,10.4,-0.9,0,75,20,6.2,1.4
6/1/2022,13,-1.2,0,79,27,6.7,1.3
6/2/2022,12.5,-2.2,0,80,18,6.7,1.9
6/3/2022,12,-2.4,0,87,5,6.7,1.5
6/4/2022,15.5,4.3,0,84,27,9.3,2.4
6/5/2022,15.8,5.4,0,92,20,4.1,1
6/6/2022,15.3,3.2,0,95,5,4.6,1.2
6/7/2022,13.5,7.9,0,97,5,6.7,1.5
6/8/2022,13.9,5,0,89,9,5.1,1.3
6/9/2022,14.6,3.8,0,92,20,8.2,1.4
6/10/2022,10.5,0.4,0,60,23,13.4,3.1
6/11/2022,14.7,-0.4,0,63,\N,\N,2.6
6/12/2022,18.3,-0.2,0,72,7,3.6,1
6/13/2022,17.2,0.4,0,84,5,7.7,1.9
6/14/2022,15.4,7.5,0,84,20,8.7,2.6
6/15/2022,17.3,4.2,0,91,34,4.6,0.6
6/16/2022,17.3,4.2,0,92,18,6.7,1.3
6/17/2022,12.8,3.6,0,73,23,16.5,3.6
6/18/2022,15.4,1,0,56,32,9.8,2.4
6/19/2022,17.8,6,0,58,36,12.3,4.8
6/20/2022,14,0.2,0,82,7,6.7,2.3
6/21/2022,14.5,4.3,0,80,16,15.9,4.8
6/22/2022,10,-0.2,0,81,16,11.3,3.9
6/23/2022,10.5,2.8,0,82,16,8.2,2.6
6/24/2022,12.5,3.8,0,82,16,5.7,1.8
6/25/2022,11,-0.2,0,87,14,7.7,3
6/26/2022,9.7,-1,0,88,\N,\N,1.4
6/27/2022,12.8,6.4,0,83,5,5.7,0.9
6/28/2022,14,5.2,0,77,27,6.2,1.7
6/29/2022,17,4.8,0,70,\N,\N,2.8
6/30/2022,16.5,5.4,0,73,20,6.7,2.2
7/1/2022,12.2,3.4,3,78,9,11.3,3.1
7/2/2022,13.2,3.6,0,81,20,9.8,1.8
7/3/2022,13.2,-2.2,0,84,34,7.2,1
7/4/2022,12,2.1,0,98,20,6.7,2.7
7/5/2022,15.8,3.5,0,89,18,9.3,1.8
7/6/2022,12.4,6.6,3,98,2,8.7,2.3
7/7/2022,13.7,5.4,0,67,27,11.3,3.9
7/8/2022,13.5,-1.5,0,59,7,12.3,3.7
7/9/2022,17.3,9.6,0,85,5,8.7,2.8
7/10/2022,21.5,11.8,0.2,83,18,12.3,3.6
7/11/2022,12.5,6.8,0,77,18,13.4,4.5
7/12/2022,11.8,0.1,0,79,\N,\N,2.3
7/13/2022,14,7.7,0,77,2,11.3,4.1
7/14/2022,14.5,7.5,0,86,9,8.7,2.6
7/15/2022,12.6,9,0,97,18,11.3,2.7
7/16/2022,11.2,8,0,80,20,15.4,5.1
7/17/2022,12.8,2.2,0,74,34,11.3,4
7/18/2022,17.2,5.8,0,72,34,10.8,3.3
7/19/2022,15,0.6,0,82,34,6.2,1.4
7/20/2022,16.5,6.6,0,83,36,9.3,2.4
7/21/2022,19.1,6.6,0,87,11,9.3,2.4
7/22/2022,18.1,1,0,90,14,6.7,1.9
7/23/2022,16.1,6.8,0,100,7,7.2,1.4
7/24/2022,17.6,12.6,0,93,14,11.3,3.7
7/25/2022,15.4,11.3,4,100,14,12.3,4.5
7/26/2022,21.6,13.6,21,94,16,8.7,2.6
7/27/2022,18.4,14.5,6,96,20,13.9,4.8
7/28/2022,14.7,9.1,0,80,23,12.9,4
7/29/2022,17.5,3.4,0,72,23,7.7,2.1
7/30/2022,19.8,6,0,72,36,6.2,1.5
7/31/2022,18,8.2,0,85,9,6.7,1.7
8/1/2022,17.5,3.6,0,87,9,7.2,1.5
8/2/2022,15.7,4.2,0,94,9,5.7,1.7
8/3/2022,14,9.7,0,95,18,10.8,3.5
8/4/2022,11.8,3.4,0,97,18,11.3,3.3
8/5/2022,15.8,1.9,0,84,20,7.2,1.3
8/6/2022,16.5,2.6,0,85,14,10.3,2.6
8/7/2022,13.5,5.2,0,86,14,11.8,3.2
8/8/2022,13.1,3.8,0,85,14,9.8,4
8/9/2022,13,4.7,0,87,14,10.3,2.6
8/10/2022,14,1.2,0,85,36,7.7,2.1
8/11/2022,16.5,7.2,0,78,36,12.9,3
8/12/2022,18.5,7.6,0,79,32,8.7,2.2
8/13/2022,22.6,6.4,0,83,7,9.3,1.5
8/14/2022,22.6,11.8,2,80,7,10.8,2.7
8/15/2022,19.5,6.7,0,75,18,18,2.8
8/16/2022,19.1,5.4,0,43,29,12.3,3
8/17/2022,12.4,7.6,0.9,77,29,12.3,1.8
8/18/2022,12.4,0.5,0,68,25,13.9,3
8/19/2022,17.2,1.8,0,46,27,11.3,3.6
8/20/2022,16.4,8.4,0,60,36,10.8,2.7
8/21/2022,18.5,1.2,0,78,18,7.2,1.4
8/22/2022,13.2,7.3,0,88,7,8.2,3.2
8/23/2022,18.8,5.3,0,83,36,7.7,2.1
8/24/2022,24.4,6,0,81,9,6.2,1.3
8/25/2022,25.8,9,0,86,5,5.7,1.3
8/26/2022,23.6,9,13.5,89,7,8.2,1.2
8/27/2022,19.6,7.6,0,70,20,15.9,3.7
8/28/2022,12.2,-0.3,0,61,18,13.9,3.1
8/29/2022,14.2,0.8,0,75,5,8.2,2.1
8/30/2022,17.4,7.4,0,78,36,9.3,2.4
8/31/2022,19.7,9.7,0.6,82,5,6.7,2.6
9/1/2022,16.8,10.3,0,95,18,11.8,1.3
9/2/2022,16.4,6.2,0,65,18,13.9,5
9/3/2022,17.1,-0.9,0,74,34,7.2,1.3
9/4/2022,20,6.2,0,59,36,9.8,2.6
9/5/2022,23,6.5,0,56,36,5.7,1.9
9/6/2022,19.9,5.3,0,83,2,6.7,2.2
9/7/2022,22.5,11.8,0,79,36,11.3,3.3
9/8/2022,25.6,10.2,5.5,76,18,18,4.2
9/9/2022,13,6.2,0,77,18,15.4,4.9
9/10/2022,18.1,1.4,0,68,18,15.4,2.1
9/11/2022,18.5,2.5,0,71,36,6.7,1.7
9/12/2022,18.1,6.4,0,77,7,6.7,0.9
9/13/2022,19.2,2.5,0,85,14,7.7,1.3
9/14/2022,20,3.8,0,88,\N,\N,1.8
9/15/2022,20,5.1,0,81,\N,\N,2.3
9/16/2022,21.6,7.6,0,73,2,11.3,4.2
9/17/2022,23.9,13.8,0,68,7,11.8,4.9
9/18/2022,19.5,14.1,2,81,9,8.7,3.2
9/19/2022,22.9,13.9,0,77,27,10.3,2.3
9/20/2022,17.2,4.4,0,78,18,9.8,2.6
9/21/2022,17.4,8.7,0,77,9,9.8,2.8
9/22/2022,18,8.6,0,74,25,9.8,1.8
9/23/2022,19.2,2.7,0,69,5,8.2,1.9
9/24/2022,21.5,7,0,67,32,7.7,2.4
9/25/2022,20.3,8.2,0,70,9,9.3,2.3
9/26/2022,21,12.6,0.2,86,7,6.2,1.4
9/27/2022,26,8.6,0,64,9,12.3,2.6
9/28/2022,17.5,2.5,0,64,9,11.8,3.3
9/29/2022,17.7,3.7,0,56,9,11.3,3
9/30/2022,19.6,6.9,0,77,9,9.8,2.6
10/1/2022,21.8,5.4,0,76,2,8.2,2.2
10/2/2022,27,8,0,81,23,12.3,2.2
10/3/2022,18.3,4.7,0,74,5,13.4,4.2
10/4/2022,19.6,10,0,70,9,12.3,4.9
10/5/2022,21.8,12.6,0,73,9,10.8,4
10/6/2022,21.5,10.8,0,80,20,8.7,1.5
10/7/2022,26.2,6.9,0,57,36,10.3,3.1
10/8/2022,22.2,8.1,0,60,27,15.9,4.1
10/9/2022,20.2,2.8,0,56,25,13.4,2.8
10/10/2022,20,3,0,66,\N,\N,2.3
10/11/2022,19.4,6.1,0,73,7,8.2,1.8
10/12/2022,26.3,7,0,54,5,13.9,3.6
10/13/2022,23.2,10,0,43,20,15.9,5.9
10/14/2022,17,3.7,0,56,9,13.4,4.9
10/15/2022,17.2,11.3,11.2,80,7,10.3,3.3
10/16/2022,19.5,8.6,0,84,9,13.9,4.1
10/17/2022,19,7.4,0,79,9,16.5,4.8
10/18/2022,22.2,13.9,0,72,7,13.4,6.4
10/19/2022,23.4,15.6,3,80,7,9.3,4
10/20/2022,23,16.9,0,92,16,10.3,2.3
10/21/2022,22.8,14.2,6,87,16,13.9,4.1
10/22/2022,14.5,9.7,0,89,18,15.4,7.1
10/23/2022,18.7,8.6,0,74,9,12.3,4
10/24/2022,23.9,11.8,0,80,9,8.7,3
10/25/2022,26.1,14,3,74,9,11.8,3.7
10/26/2022,23.5,16.6,0,85,25,13.4,5.3
10/27/2022,27.1,12.7,0,53,25,11.8,3.2
10/28/2022,33.4,12.3,0.1,51,27,16.5,4
10/29/2022,29.5,14.1,0,67,25,14.4,2.6
10/30/2022,19.7,9.2,2,83,18,18.5,5
10/31/2022,18,4.9,0,60,20,14.4,4.8
11/1/2022,21.2,2,0,71,18,8.2,1.9
11/2/2022,25.9,9.6,0,50,5,8.7,2.3
11/3/2022,24,8.4,0,68,9,11.3,2.8
11/4/2022,22.1,13.4,0,67,9,13.4,5.3
11/5/2022,23.6,14.7,0,68,9,14.4,4.6
11/6/2022,24.3,14.8,0,73,9,13.4,5.3
11/7/2022,24.5,15.3,0,72,9,12.9,5.1
11/8/2022,25,14.5,0,70,9,11.8,4.5
11/9/2022,25.6,14.7,0,68,9,11.8,3.9
11/10/2022,27,16.5,0,65,9,11.8,3.2
11/11/2022,29.1,14.8,0,71,9,10.3,3.3
11/12/2022,27.3,19,0,73,2,8.7,3.2
11/13/2022,26,16.6,12,84,9,10.3,2.8
11/14/2022,22.3,16.2,0,77,23,14.4,3.5
11/15/2022,31.5,13.6,0,46,23,12.3,3
11/16/2022,33.2,15.8,0,52,5,8.2,2.6
11/17/2022,31.4,20.2,0,59,18,13.9,3.9
11/18/2022,31.5,17.6,0,63,9,13.4,4.6
11/19/2022,33.7,22.2,0.8,53,34,15.4,4
11/20/2022,29,17.5,5,80,16,18,3.9
11/21/2022,18.3,14.6,3,96,20,12.3,5.4
11/22/2022,23.8,10.7,0,67,27,11.3,2.6
11/23/2022,29.4,10.8,0,53,36,12.9,3.3
11/24/2022,34.6,20.5,0,47,18,13.9,4.9
11/25/2022,26.6,12.8,0,76,9,11.8,4.5
11/26/2022,31.6,17.8,0,66,9,9.8,3.5
11/27/2022,30.3,20.4,0,73,9,10.3,4.2
11/28/2022,31.5,20.8,0,69,5,10.3,3.5
11/29/2022,32.9,20.5,0,61,36,9.8,3.2
11/30/2022,31.5,20,45,74,18,17,3
12/1/2022,23.5,17.9,0.2,90,18,13.4,4.5
12/2/2022,25.6,14.6,0,72,18,9.3,3.6
12/3/2022,25.3,12.9,0,71,9,8.2,2.6
12/4/2022,32.6,13.8,0,73,18,7.7,2.2
12/5/2022,33.7,19.9,0,67,9,8.2,2.4
12/6/2022,33.6,20.4,0,60,2,9.3,2.6
12/7/2022,34.4,23.3,4,56,5,8.2,2.1
12/8/2022,36.2,19.5,0,65,20,15.9,3.1
12/9/2022,37.5,20.2,9,62,18,22.1,4.8
12/10/2022,29.5,17,0,61,9,12.3,4.2
12/11/2022,35.6,20.2,11,71,20,18,5
12/12/2022,27.7,14,0,58,20,11.8,2.2
12/13/2022,26.2,11,0,62,5,7.7,1.3
12/14/2022,32.7,17.7,5,54,34,10.8,2.7
12/15/2022,27,18,0,64,18,16.5,4.8
12/16/2022,24,11.1,0,66,9,13.4,3.7
12/17/2022,25.2,11.2,0,59,9,13.4,3.6
12/18/2022,27.4,18.6,0,57,11,11.3,4.6
12/19/2022,28.7,19.5,0,65,9,11.8,4.2
12/20/2022,30,20.4,0,65,9,13.9,4.8
12/21/2022,30,19.5,0,61,11,11.8,3.7
12/22/2022,31.5,20.2,1,60,9,12.3,4.4
12/23/2022,25.6,20.2,17,79,7,11.3,3
12/24/2022,22.2,16.8,0,82,20,13.4,4.4
12/25/2022,23.6,8.8,0,66,18,9.8,2.7
12/26/2022,27.5,11.4,0,67,9,8.7,1.4
12/27/2022,30.5,15.4,0,55,36,8.7,2.7
12/28/2022,30,19.7,0,58,18,13.9,4
12/29/2022,29.5,11.2,0,52,5,10.8,1.4
12/30/2022,34.8,19.9,0,47,36,11.8,3.1
12/31/2022,29.6,16.6,0,52,9,12.3,4.8
1/1/2023,26.4,20,6,80,9,11.3,3.7
1/2/2023,29.6,17.2,0,67,25,14.4,3.9
1/3/2023,32.9,18.7,0,54,18,14.9,5.4
1/4/2023,30.5,11.8,0,63,18,10.8,3
1/5/2023,32.4,18.5,0,46,7,8.2,2.8
1/6/2023,33.6,20.5,0,58,9,12.3,4.4
1/7/2023,31.6,21.4,0,58,9,13.9,6.2
1/8/2023,31.1,21.5,0,64,9,12.3,5
1/9/2023,31,21.2,0,65,9,13.9,5
1/10/2023,32,21,0,66,9,12.9,4.2
1/11/2023,29.3,18.7,0,83,18,8.7,2.2
1/12/2023,29.4,16.2,0,75,9,8.2,2.7
1/13/2023,30.7,17,0,42,23,12.9,3.1
1/14/2023,31.4,14.8,0,50,36,10.8,2.1
1/15/2023,35.1,19.1,0,49,2,8.7,2.8
1/16/2023,35.8,22.4,0,51,9,11.3,3.6
1/17/2023,35,23.4,0,55,11,13.4,4.8
1/18/2023,30.2,21.9,0,68,9,14.4,6
1/19/2023,31.4,22.5,0,68,11,12.3,5.5
1/20/2023,31.5,20.6,6,76,20,13.9,4.6
1/21/2023,32.2,20.9,0,68,27,11.3,1.4
1/22/2023,35.2,17.5,5,61,23,19,2.4
1/23/2023,32.6,17.2,0,67,20,9.3,2.6
1/24/2023,33.8,17,0,51,5,10.3,1.9
1/25/2023,33,18.4,0.1,73,11,10.8,3
1/26/2023,31.5,21.2,0.2,68,36,13.4,2.8
1/27/2023,27,20,8,87,27,16.5,2.7
1/28/2023,30.7,20.2,0,87,9,12.3,3.6
1/29/2023,30.5,18.4,0,68,9,14.4,4
1/30/2023,30.8,15.3,0,72,9,9.3,2.8
1/31/2023,31.3,18.4,0,77,7,11.8,3.5
2/1/2023,29.2,18.2,0,76,9,9.8,3.3
2/2/2023,27,20.6,5.1,79,14,11.3,3.7
2/3/2023,28.7,18.1,2,72,16,15.9,4.5
2/4/2023,29.4,14.2,0,66,16,13.9,4.2
2/5/2023,30.2,12.4,0,71,36,9.8,2.2
2/6/2023,33.6,19.3,0,55,36,9.3,2.4
2/7/2023,35.7,22,0,71,7,10.8,3.7
2/8/2023,32.5,23.1,0,67,18,18.5,2.7
2/9/2023,35.2,18.8,0,70,9,5.7,2.6
2/10/2023,37.5,19.9,0,54,23,10.8,2.1
2/11/2023,38.2,24.7,0,54,32,9.3,2.8
2/12/2023,39.5,26,0,46,14,16.5,3.7
2/13/2023,31.2,22.2,4,63,16,13.9,4.4
2/14/2023,34,20.7,0,60,14,11.8,3
2/15/2023,29.8,14.4,0,59,5,10.8,3.3
2/16/2023,26.8,12.3,2.6,71,18,19,4.8
2/17/2023,17,6.9,4,72,9,14.9,4.5
2/18/2023,22.8,6.2,0,55,29,12.3,2.2
2/19/2023,25.2,13.1,0,45,2,9.3,2.4
2/20/2023,29,11.8,0,63,9,10.3,3.3
2/21/2023,29.6,17.7,0,63,9,10.8,3.6
2/22/2023,33.7,20.8,0,63,34,10.3,3.6
2/23/2023,32.4,18.9,0,66,7,6.7,2.1
2/24/2023,31.5,15.5,0,76,2,10.3,2.1
2/25/2023,31.1,19.3,0.2,73,29,9.8,1.7
2/26/2023,27.8,14,0,62,7,12.3,3.9
2/27/2023,30.7,16.1,0,50,2,9.8,3.5
2/28/2023,36,19,0,61,18,12.9,2.7
3/1/2023,37,24.5,0,51,34,12.9,3.5
3/2/2023,38.6,24.8,0,54,27,9.8,2.4
3/3/2023,35.4,25.4,0,58,36,10.3,3.5
3/4/2023,32.7,22.9,0,69,9,15.4,4.1
3/5/2023,31.8,21.3,0,73,7,9.8,3.7
3/6/2023,34.2,24,0,59,9,9.8,3.7
3/7/2023,32.7,22.1,0,66,9,9.8,3.6
3/8/2023,30.9,19.8,0,84,9,10.3,2.4
3/9/2023,31.6,18.8,0,70,9,12.3,4
3/10/2023,36.7,24.4,0,71,9,9.8,3.5
3/11/2023,39.1,21.8,0,64,32,9.3,2.4
3/12/2023,36.6,27,0,58,36,10.8,3.5
3/13/2023,35,24.9,0,67,5,9.3,3.5
3/14/2023,36.2,25.9,0,61,9,11.8,4.4
3/15/2023,30.5,24.1,3,79,9,9.3,2.3
3/16/2023,31.3,20.7,0,88,9,9.3,2.8
3/17/2023,34.6,18.8,0,83,9,9.3,2.3
3/18/2023,30.5,19.2,0,78,9,12.9,4
3/19/2023,31.5,19.7,12,76,16,15.9,2.6
3/20/2023,25.4,17.1,0,73,16,12.3,5.3
3/21/2023,26.6,15.2,0,64,9,12.9,3.7
3/22/2023,26.2,18.7,0,57,9,12.3,5.5
3/23/2023,28.6,19.9,0,83,16,8.7,2.9
3/24/2023,27.2,16,19,80,9,12.3,4.1
3/25/2023,26.7,19.1,0,92,18,15.4,2.2
3/26/2023,24.4,12.5,0,72,20,9.3,3.5
3/27/2023,24,10.7,0,76,7,7.7,1.7
3/28/2023,29.5,17.4,0,64,32,11.8,3.2
3/29/2023,27.7,17.1,3,70,20,15.4,3.7
3/30/2023,22.6,10.7,0.2,75,9,11.3,4.1
3/31/2023,21.6,13.3,0,61,20,17.5,3.9
4/1/2023,21.2,6.2,0,75,20,6.7,2.3
4/2/2023,23.5,10.7,16.1,73,34,7.7,2.1
4/3/2023,20.5,14.2,0,90,20,8.2,1.3
4/4/2023,22.8,14.6,0,90,9,10.8,3.1
4/5/2023,24.4,12.3,0,80,9,9.8,3
4/6/2023,24,15.4,0,73,9,9.8,3.3
4/7/2023,24.6,15.3,0,71,9,8.7,2.8
4/8/2023,25.7,13.1,0,76,7,6.7,1.3
4/9/2023,27.2,12.9,0,75,36,10.3,2.3
4/10/2023,28.2,14.2,0,81,9,8.2,1.8
4/11/2023,28.2,13.5,0.8,76,34,9.3,2.1
4/12/2023,24.7,14,0,85,18,11.3,3.5
4/13/2023,18,6.7,0,70,18,8.7,2.7
4/14/2023,19.5,6.2,0,70,18,8.2,2.7
4/15/2023,18.9,10.4,0,73,7,7.7,1.8
4/16/2023,20,7.4,0.5,82,11,8.7,1
4/17/2023,20,9.7,6,80,23,15.4,1.7
4/18/2023,17.1,10.5,0,77,29,11.8,3.3
4/19/2023,18.5,10.8,0,66,20,19.5,3.9
4/20/2023,20,3.9,0,79,36,6.7,1.5
4/21/2023,21.6,11.7,0,71,36,11.8,1.8
4/22/2023,23.7,9.6,0,80,9,8.7,2.3
4/23/2023,22.6,11,0,87,9,7.2,2.3
4/24/2023,22,13,0,92,11,7.7,2.1
4/25/2023,20.5,16,0,98,5,6.2,1.7
4/26/2023,21.6,11.7,0,98,23,6.2,1.3
4/27/2023,26.5,12.5,0,87,18,5.7,1
4/28/2023,26,15.5,0,77,36,11.8,2.8
4/29/2023,26.5,18.4,0,65,36,14.4,4.1
4/30/2023,26.5,13.6,4,78,20,20.6,4.1
5/1/2023,18.9,6.7,0,68,25,7.7,1.5
5/2/2023,18.4,4.1,0,68,18,7.7,1.4
5/3/2023,18.6,4.9,0,85,5,6.7,1.5
5/4/2023,21.7,4.3,0,85,2,6.7,1.5
5/5/2023,22.3,10.8,28,89,9,12.9,4.2
5/6/2023,19.5,16,4,96,9,14.4,4.5
5/7/2023,21.3,14.6,0,78,29,11.3,3.2
5/8/2023,20.7,10.4,0,82,27,8.2,2.4
5/9/2023,18.6,7.4,0,82,29,6.2,1.2
5/10/2023,18.2,8.3,0,81,20,10.3,3.1
5/11/2023,17.4,5.7,0,84,16,6.7,1.7
5/12/2023,17.6,4.6,0,83,34,11.3,1.8
5/13/2023,21.3,12.4,0,76,36,9.8,2.4
5/14/2023,24.5,10.7,0,78,34,8.7,2.3
5/15/2023,25.5,9.8,0,87,7,6.2,1.3
5/16/2023,24.2,12.7,0,79,34,8.2,2.4
5/17/2023,23.9,14.3,0,76,2,10.8,2.7
5/18/2023,21.9,12.6,0,75,27,11.3,2.4
5/19/2023,19.9,7.1,28,92,20,10.3,1.9
5/20/2023,16.4,8.5,0,88,14,9.8,3.3
5/21/2023,17,6.9,0.3,95,5,6.7,2.4
5/22/2023,19.4,14.2,0,97,36,7.2,1.9
5/23/2023,21.3,15.6,6,92,34,7.2,1.9
5/24/2023,22.4,18.7,6,86,32,14.4,3.1
5/25/2023,20.6,16.9,69.1,98,5,9.8,2.2
5/26/2023,20.4,12.5,7,90,18,14.4,5
5/27/2023,14,6.3,0,69,20,12.3,3.7
5/28/2023,14,1.2,0,80,27,5.1,1.3
5/29/2023,15.3,1.5,0,85,5,5.7,0.5
5/30/2023,16.4,6.7,0,84,36,7.2,1.8
5/31/2023,19,12.3,0,88,2,6.2,1.3
6/1/2023,22.5,11.3,0,81,34,6.7,1.4
6/2/2023,23,12.4,0,82,36,12.9,3.3
6/3/2023,21.2,12.9,0,89,20,10.8,2.3
6/4/2023,18,9.4,0,79,18,9.8,3.7
6/5/2023,15.5,2.8,0,80,7,7.7,1.7
6/6/2023,19.2,7.8,0,87,34,9.3,1.8
6/7/2023,18.6,13.3,0,91,18,11.8,2.2
6/8/2023,23.5,14.2,0,86,34,14.4,3.2
6/9/2023,22.3,10.6,0.5,70,36,16.5,4.4
6/10/2023,11.2,6,0,72,29,7.2,1.9
6/11/2023,10.6,2.2,0,73,27,11.3,2.6
6/12/2023,12.9,0.3,0,67,20,8.2,2.2
6/13/2023,13.5,0.2,0,75,29,6.2,1.2
6/14/2023,13.8,-0.2,0,81,20,7.2,1
6/15/2023,14.2,-0.5,0,90,2,8.7,1
6/16/2023,14.6,2.2,0,91,25,4.6,0.8
6/17/2023,12.4,4.2,0,78,23,8.7,2.3
6/18/2023,11.9,-2.2,0,83,27,6.7,1.5
6/19/2023,13.5,2.2,0,87,14,5.1,1.4
6/20/2023,13.8,6.5,0.1,94,9,9.3,3.7
6/21/2023,14.7,8.5,0.2,98,11,5.1,1.5
6/22/2023,14.5,4.9,0,96,2,6.2,1.2
6/23/2023,14.1,8.3,0,89,5,7.7,2.2
6/24/2023,14.4,9.2,0,97,20,5.1,0.8
6/25/2023,16.5,10,0,94,5,6.2,1.8
6/26/2023,20.3,8.8,0,88,20,8.2,1.5
6/27/2023,16.5,7.6,0,74,18,14.9,3
6/28/2023,16.5,4.6,0,73,25,12.9,2.6
6/29/2023,13.1,1.8,0,92,7,7.2,1.9
6/30/2023,15,1.4,0,89,34,6.7,1.2
7/1/2023,16.4,4.5,0,92,5,5.7,1.5
7/2/2023,17,8.8,0,91,7,10.8,3.9
7/3/2023,20.5,12.4,0,87,5,9.3,3.3
7/4/2023,22.1,14.2,30,92,36,12.9,3.6
7/5/2023,19.2,12.3,0,86,18,12.3,2.3
7/6/2023,16.9,8.6,0,69,16,12.3,4.2
7/7/2023,14.6,4.1,0,84,14,11.8,3.9
7/8/2023,13.4,6.1,0,88,9,11.8,3.3
7/9/2023,14.7,11.8,0.8,93,36,5.1,1.8
7/10/2023,15,8,0,85,18,8.7,2.3
7/11/2023,12.5,6.3,8,86,9,12.9,3.6
7/12/2023,10.3,8.1,6.2,93,18,13.4,5.5
7/13/2023,11.7,5.8,0,84,18,13.9,4.1
7/14/2023,11,-0.3,0,83,32,7.7,2.6
7/15/2023,14,7.5,0,80,32,9.3,2.4
7/16/2023,12,1.9,0,72,25,9.8,2.1
7/17/2023,9.9,0.4,0,81,18,9.3,2.3
7/18/2023,11,-2.5,0,84,11,4.1,1.5
7/19/2023,11.2,-0.6,0,76,23,10.3,3.6
7/20/2023,15,6.7,0,88,5,9.3,2.8
7/21/2023,23.8,11,0,87,36,10.8,2.8
7/22/2023,25.6,13.7,0.9,77,36,17.5,5.7
7/23/2023,16.6,6.8,0,74,25,12.9,3.1
7/24/2023,12,6.8,0,84,9,11.3,3.6
7/25/2023,14.1,3.8,6.5,94,9,11.3,3.6
7/26/2023,16,10.3,0,87,25,12.3,3.1
7/27/2023,12,3.2,0,89,23,4.6,1.5
7/28/2023,13,4.8,0,88,5,5.7,1.7
7/29/2023,15.8,6.6,0,83,36,10.8,3.3
7/30/2023,17.4,10.8,0,81,34,9.8,3.2
7/31/2023,20.2,6.1,0,87,16,6.7,1.3
8/1/2023,25.6,13.7,0,84,34,10.3,3.1
8/2/2023,28.2,12.6,0,78,18,15.9,4.6
8/3/2023,13,6.2,0,75,16,9.3,3.5
8/4/2023,16.7,2.4,0,69,20,7.2,2.4
8/5/2023,14.8,2.6,0,79,7,9.8,2.4
8/6/2023,17.5,10.4,0,90,18,8.7,2.3
8/7/2023,13,3.4,0,78,16,12.9,4.4
8/8/2023,14,0.3,0,85,7,10.3,2.6
8/9/2023,16.6,5.4,0,88,7,9.3,2.2
8/10/2023,18.1,12,0,90,2,8.7,2.6
8/11/2023,16.4,9.2,0,66,25,13.9,4.6
8/12/2023,12.1,2.5,0,50,18,14.4,3.2
8/13/2023,14.4,-1.6,0,58,34,15.4,3.6
8/14/2023,21.6,10.5,0,50,34,11.8,4.2
8/15/2023,23,14,0,57,34,10.8,4
8/16/2023,23.4,12.8,88.5,85,9,11.3,3.6
8/17/2023,15.5,13.1,67,99,7,19,5.3
8/18/2023,16,9.4,0,76,23,13.9,3.9
8/19/2023,13.5,4.3,0.2,60,27,18.5,4.5
8/20/2023,11.5,4.6,0,77,27,10.3,2.4
8/21/2023,14.8,4.4,27.7,85,7,9.3,3
8/22/2023,16.5,9,0,80,20,18.5,5.3
8/23/2023,15.2,6.8,0,82,23,6.2,1.7
8/24/2023,15.2,7.6,0,63,20,6.7,1.4
8/25/2023,15,4.6,0,65,23,10.3,2.2
8/26/2023,13.5,0.6,0,70,18,7.7,1.5
8/27/2023,13.2,0,0,78,9,6.2,1
8/28/2023,13.2,3.3,0,62,2,11.3,4
8/29/2023,16.5,5.8,0,73,5,7.2,2.3
8/30/2023,20.9,7.4,0,72,20,11.8,4
8/31/2023,17.2,4.8,0,69,23,6.2,1.7
9/1/2023,19.8,5.8,0.2,72,20,7.2,3.1
9/2/2023,15,8.8,14,85,16,15.4,4.2
9/3/2023,11.5,7,14,98,18,11.3,5.4
9/4/2023,12,6.3,0,89,18,13.4,4.9
9/5/2023,12.3,3.2,0,81,7,7.2,2.4
9/6/2023,12.5,6.3,0.3,80,9,13.9,6.2
9/7/2023,15,11.2,4.7,95,27,11.8,3.2
9/8/2023,18.2,5.2,0,81,23,8.7,2.2
9/9/2023,19.6,7.8,0,69,36,4.1,2.3
9/10/2023,20.2,12.3,0,78,2,9.3,2.6
9/11/2023,20,11.9,4,94,25,17,3
9/12/2023,17,5.3,0,64,20,12.9,3.1
9/13/2023,16.2,6.4,0,73,18,8.7,1.9
9/14/2023,17.1,2.4,0,68,34,10.8,2.3
9/15/2023,22.2,13.9,0,58,36,21.1,6.8
9/16/2023,24.2,10.8,0,65,32,17,4.6
9/17/2023,16.9,9.8,0.1,84,16,15.9,4.9
9/18/2023,16.4,7.2,0,79,18,12.3,5
9/19/2023,16.2,6,0,84,9,12.9,5.5
9/20/2023,17.1,12.6,0.5,91,11,14.4,6.3
9/21/2023,19.5,14.4,0.4,99,20,8.2,1.2
9/22/2023,16.1,8.9,0,88,16,11.3,4.9
9/23/2023,16.2,8.1,0,91,11,10.8,3.6
9/24/2023,14.8,8.8,0,84,14,8.7,4.4
9/25/2023,16,5,0,67,9,12.3,4.8
9/26/2023,13.6,10.2,0,81,14,11.8,3.6
9/27/2023,18.7,4.1,0,86,5,7.2,2.2
9/28/2023,20.2,9.3,0,70,2,11.3,2.7
9/29/2023,19,7.3,0,87,20,12.3,3.5
9/30/2023,16.4,3,0,81,20,9.8,2.1
10/1/2023,19,2.3,0,76,9,8.2,1.9
10/2/2023,18.1,4.2,0,83,9,11.8,3.6
10/3/2023,17.4,6.8,3,88,14,13.4,2.7
10/4/2023,18.3,11.3,0,78,23,12.9,2.7
10/5/2023,22.7,5.6,0,52,36,13.9,4.2
10/6/2023,25.4,12.1,0,42,25,12.3,2.7
10/7/2023,20.8,5.3,0,66,5,7.7,2.8
10/8/2023,25.2,10,0,64,32,12.9,2.8
10/9/2023,26.5,16.2,0,51,32,9.8,3.7
10/10/2023,27.5,15.9,7,60,2,10.8,4.6
10/11/2023,18,5.5,0,75,18,20.1,6.9
10/12/2023,15.4,0.3,0,73,18,9.8,2.7
10/13/2023,18.4,3.5,0,72,36,9.3,1
10/14/2023,21,5.3,0,62,7,12.3,3.7
10/15/2023,22,13.1,0,73,7,12.3,4.2
10/16/2023,26.5,14.3,0,79,18,13.4,3.3
10/17/2023,18.7,6.8,0,68,18,15.4,5.3
10/18/2023,17.5,2.6,0,67,11,12.9,4.4
10/19/2023,19.4,12.8,0,74,9,11.3,4.5
10/20/2023,23,11.8,0,77,9,11.3,4.4
10/21/2023,23.7,15.3,0,78,16,12.3,4.2
10/22/2023,25,17,0,89,14,11.8,2.8
10/23/2023,18.5,14.8,6,98,15,12.3,4.9
10/24/2023,20.7,12.1,0,82,16,13.9,4.6
10/25/2023,20.4,5.4,0,76,16,10.3,2.8
10/26/2023,23,7.8,0,69,2,8.7,3.1
10/27/2023,25.6,14.6,0.1,59,34,10.3,3
10/28/2023,26.3,17,6,68,5,8.2,2.3
10/29/2023,22.7,15.7,19,87,20,18,4.6
10/30/2023,19.9,9.3,0.3,77,18,18.5,5
10/31/2023,13.4,9.9,5,82,14,12.9,3.9
11/1/2023,16,7.4,0.1,66,14,15.4,5.9
11/2/2023,14.5,11.6,51.5,91,7,19.5,6.9
11/3/2023,15.5,11.4,1.5,92,18,17.5,3.7
11/4/2023,22.1,5.8,0,79,23,7.2,1.7
11/5/2023,23.4,9.6,0,71,18,8.2,3.2
11/6/2023,24.6,10.5,0,76,9,9.3,2.7
11/7/2023,29.1,16.4,2,82,20,11.3,3.2
11/8/2023,25,14,0,68,16,13.4,1.7
11/9/2023,22.1,9,0,62,14,8.2,3.5
11/10/2023,20,13.4,58.6,78,9,18,5.7
11/11/2023,26,16.2,0,82,23,12.9,2.6
11/12/2023,23.4,12.2,0,74,18,14.4,4.8
11/13/2023,19.5,9.8,0,61,11,12.3,4.5
11/14/2023,24,7.9,0,74,9,9.3,2.2
11/15/2023,26.5,15.4,11,84,20,16.5,2.1
11/16/2023,24,12.7,0,62,25,11.3,2.8
11/17/2023,27.2,12.6,0.8,74,36,10.8,3.5
11/18/2023,20.5,13.6,0,59,25,13.4,3.1
11/19/2023,26.5,11.1,0,49,27,13.4,3.2
11/20/2023,30.4,12.3,0,54,36,12.9,2.6
11/21/2023,26.3,14.3,2,68,18,10.3,3.1
11/22/2023,23.8,10.6,0,61,9,10.8,3.2
11/23/2023,28,13.9,0,57,20,9.3,2.1
11/24/2023,22,8.6,0,68,5,9.3,2.7
11/25/2023,25.4,14.8,0,65,7,7.2,2.3
11/26/2023,27.8,17.5,0,72,2,7.2,2.1
11/27/2023,28.6,16.4,0,76,9,12.3,3.3
11/28/2023,30.2,19.5,21,78,7,9.8,3
11/29/2023,25,16.9,20,86,18,17.5,4.2
11/30/2023,28,11.8,0,76,9,9.8,2.7
12/1/2023,27.5,19.1,8,89,23,14.4,3.6
12/2/2023,29.5,15,0.8,81,14,14.9,1
12/3/2023,22.8,12.2,0,76,18,15.9,3.2
12/4/2023,21.1,7.4,0,65,9,10.3,3.9
12/5/2023,22.4,14.6,11.4,74,9,13.4,4.1
12/6/2023,23.5,18.2,34,96,18,16.5,1.4
12/7/2023,24,15.7,0,86,18,13.9,2.8
12/8/2023,22.7,12.4,0,83,7,9.3,2.3
12/9/2023,23.9,15.2,0,76,7,8.7,3.5
12/10/2023,26.3,15.3,0,71,5,7.7,1
12/11/2023,27.5,18,0,72,7,10.3,3.9
12/12/2023,31.3,20.7,0.7,73,5,11.3,4
12/13/2023,30.5,21.5,5,83,5,10.3,2.4
12/14/2023,27.4,18.3,0,88,9,9.8,3.1
12/15/2023,29.4,21.5,0,89,9,7.7,2.2
12/16/2023,30.6,22.8,51.5,80,5,9.8,2.4
12/17/2023,28,15.3,8,91,23,26.2,4.1
12/18/2023,21.4,15.1,5,92,16,15.4,4.8
12/19/2023,20.4,10.5,0,71,14,12.9,4.6
12/20/2023,23.5,12.8,0,76,9,12.9,4
12/21/2023,27.3,17.3,0,83,9,8.2,2.3
12/22/2023,25.6,14.2,0,80,9,10.3,2.1
12/23/2023,32,17.7,24.3,76,16,20.1,3.6
12/24/2023,24.1,16.8,7,86,34,15.9,1.9
12/25/2023,25.3,16,0,77,18,13.9,3.9
12/26/2023,26,7.9,0,65,11,6.2,1.8
12/27/2023,29,14.2,2,62,32,10.8,2.6
12/28/2023,29,17.3,0,72,18,16.5,3.1
12/29/2023,26,16,0,71,18,12.3,4.8
12/30/2023,25,8.3,0,59,20,10.8,1.9
12/31/2023,26.2,13.8,0,61,7,7.7,2.6
1/1/2024,27.3,17.3,0,70,11,7.7,2.6
1/2/2024,27,19.7,0,74,9,11.8,4
1/3/2024,27.6,19.8,0,76,9,11.8,5.1
1/4/2024,27.3,20.4,0,76,9,10.8,4.6
1/5/2024,29.5,20.3,0,74,5,9.8,3.3
1/6/2024,27.8,22,0,82,11,8.7,1.9
1/7/2024,30.7,18.3,11,76,18,15.9,2.8
1/8/2024,31.4,15.7,0,76,23,6.2,1.2
1/9/2024,32.1,20.3,0,67,2,7.7,2.2
1/10/2024,30.8,19.1,0,77,8,9.3,3.5
1/11/2024,26,17.3,0,72,16,12.9,3.6
1/12/2024,23.9,11.2,0,70,9,10.8,2.6
1/13/2024,30,14.9,2.5,69,14,9.8,3.2
1/14/2024,31.8,20.4,0,65,27,12.9,3
1/15/2024,30.8,14.4,8,64,34,8.2,2.6
1/16/2024,23.8,18.5,2.5,85,5,9.8,3
1/17/2024,28.1,15.2,0,79,9,9.3,2.4
1/18/2024,28.2,20.3,0,81,7,10.8,2.4
1/19/2024,29.6,17.1,0,63,14,10.8,3.9
1/20/2024,27,10.1,0,67,9,11.8,3.7
1/21/2024,26.5,11.7,0,72,9,10.8,3.3
1/22/2024,26.8,17.8,0,65,11,8.7,3.2
1/23/2024,27.8,17.6,0,69,9,10.8,3.3
1/24/2024,28,18.4,0,68,5,11.3,3.5
1/25/2024,28.8,18.8,0,68,36,9.3,3.5
1/26/2024,29.4,18.7,0,67,5,10.3,3.5
1/27/2024,29.5,19.2,0,70,9,9.8,3.6
1/28/2024,28.6,17.4,0,73,9,10.8,3.2
1/29/2024,30.6,20.5,0,72,9,8.2,2.8
1/30/2024,32.7,18.1,0,72,2,8.7,2.1
1/31/2024,34.3,20.4,0,61,18,10.3,1.3
2/1/2024,36.5,21.2,0,66,14,12.3,1.9
2/2/2024,34.7,23.6,0,63,9,10.8,3.1
2/3/2024,35.5,22.8,0,61,18,17.5,4.6
2/4/2024,27.2,15.2,0,66,9,13.4,5
2/5/2024,31.5,16.8,0,74,7,11.3,4.5
2/6/2024,33.2,20.6,1,75,20,22.6,4.2
2/7/2024,36.6,23.3,0,71,32,9.3,2.7
2/8/2024,29.7,22.4,0,87,16,15.4,3
2/9/2024,30.8,21.9,121.5,82,18,11.3,4.8
2/10/2024,30,22.9,61,94,36,11.8,1.9
2/11/2024,32.5,21.2,12,83,5,7.2,1.4
2/12/2024,27,17.9,30,84,18,20.1,6.2
2/13/2024,22.7,10.3,0,64,14,11.3,4
2/14/2024,23.5,11.6,0,70,9,10.3,3.1
2/15/2024,26.7,15.3,0,80,7,9.3,3.2
2/16/2024,27.1,19.2,0,75,9,10.3,4
2/17/2024,28.4,21.4,0,71,5,10.3,3.7
2/18/2024,27.3,20.8,5,92,16,7.7,1.4
2/19/2024,29.2,18,0,86,11,10.8,2.2
2/20/2024,28.6,17.8,0,84,9,7.7,2.1
2/21/2024,29.5,21.8,0,82,29,8.2,3
2/22/2024,30,21.3,0,76,9,7.7,2.8
2/23/2024,28,19.8,0,79,18,9.3,3
2/24/2024,24.9,16.8,0,79,14,12.3,4.4
2/25/2024,25,15.2,3.5,75,11,12.3,4
2/26/2024,24.3,20.4,7.2,91,7,10.8,2.6
2/27/2024,27.5,17.7,0,90,36,6.2,1.9
2/28/2024,29.5,18,0,83,7,6.2,1.4
2/29/2024,28.4,19.2,0,84,14,9.8,3.6
3/1/2024,27.7,15.2,0,84,9,8.2,2.3
3/2/2024,27.5,19.8,9,85,16,21.6,3
3/3/2024,24.5,11.6,0,55,18,16.5,4.2
3/4/2024,25.8,9.6,0,66,16,7.2,1.5
3/5/2024,22.8,12.2,0,67,18,11.8,3.1
3/6/2024,24.5,9.9,0,70,5,8.2,1.9
3/7/2024,28.8,15.8,0,68,9,8.7,2.4
3/8/2024,29,18.8,15,80,18,19,3.3
3/9/2024,28.6,19.9,0,82,\N,\N,2.1
3/10/2024,26,16.2,0,72,9,9.8,3.7
3/11/2024,24.5,19,46,91,9,12.9,4.4
3/12/2024,22.2,15.8,85.5,90,18,20.1,5.4
3/13/2024,25.4,18.8,11,96,7,11.3,2.7
3/14/2024,24,20.7,0,95,9,9.8,2.1
3/15/2024,26.1,19,0,91,33,6.2,1.7
3/16/2024,28.4,21.2,0,92,18,10.3,0.6
3/17/2024,25.4,17.6,0,74,9,11.8,3.6
3/18/2024,26.6,18,12,87,14,15.4,2.1
3/19/2024,26.7,18.5,86,93,14,16.5,3.3
3/20/2024,23,19.2,25.5,92,9,14.4,4.2
3/21/2024,21.3,11.4,0,69,18,12.9,3.5
3/22/2024,21.6,7.5,0,75,2,7.7,1.3
3/23/2024,24.5,15.2,0,71,25,10.8,3.5
3/24/2024,29.2,18.4,0,79,16,5.1,1.3
3/25/2024,25.6,14.5,0,84,9,8.2,2.8
3/26/2024,23.7,11.8,0,86,5,7.2,2.4
3/27/2024,26.4,14.3,0,80,11,6.7,1.5
3/28/2024,27,17.1,0,83,7,5.7,1.5
3/29/2024,27.5,16.2,0,82,13,7.7,1.7
3/30/2024,30.2,18.7,0.2,81,18,10.8,3.1
3/31/2024,22,13.6,0.3,75,9,11.8,3.5
4/1/2024,19,13,0.2,93,9,8.2,1.9
4/2/2024,21.5,8.6,19,78,2,9.3,2.3
4/3/2024,19.6,15.3,16,91,5,10.3,2.4
4/4/2024,24.3,8.2,0,89,7,5.7,1.4
4/5/2024,26.9,10.8,0,85,36,6.2,1.2
4/6/2024,25,13.4,0,80,2,8.2,1.4
4/7/2024,24.5,13.4,0,84,2,6.7,1.8
4/8/2024,24.6,13.9,0,93,5,6.7,1.3
4/9/2024,26.9,13.7,0,86,16,11.8,2.4
4/10/2024,18.5,10.8,0,67,18,12.9,5.4
4/11/2024,18.3,7.6,0,74,16,9.8,4
4/12/2024,20.2,11.6,3,83,9,10.8,3.1
4/13/2024,20,15.6,51.5,92,11,15.9,6.2
4/14/2024,22,17.5,19,97,9,13.9,4.8
4/15/2024,23.6,19.9,13,95,9,19.5,6.2
4/16/2024,22.7,14.3,0.7,92,29,11.3,2.8
4/17/2024,22.5,12.4,0,74,27,14.9,2.3
4/18/2024,23,8.4,0,76,32,6.7,1
4/19/2024,25.3,11.5,0,79,36,9.8,2.3
4/20/2024,25.9,14.3,0,77,32,8.7,2.1
4/21/2024,20.5,17,18,89,9,12.9,4
4/22/2024,19.1,14.3,15,96,16,14.9,4.9
4/23/2024,20.9,13,0,83,25,10.3,2.6
4/24/2024,19.2,6.2,4,73,18,9.3,1.5
4/25/2024,16.7,8.2,20,93,5,8.7,2.4
4/26/2024,18.3,15,3,98,18,10.8,3.3
4/27/2024,17.2,8,0,82,20,9.8,2.2
4/28/2024,20.3,4.4,0,74,29,7.2,1.3
4/29/2024,19,8.6,0,82,5,15.9,2.6
4/30/2024,20,16.2,0.4,93,18,10.8,2.4
5/1/2024,17,8.4,0.6,69,18,10.8,3.6
5/2/2024,14.8,5.7,0,74,19,11.3,2.8
5/3/2024,16.9,1.8,0,81,7,7.2,1.8
5/4/2024,18.6,5.7,0,90,9,8.2,1.8
5/5/2024,20.8,15.5,2.7,95,5,6.2,1.7
5/6/2024,19.1,16,1.6,100,14,8.2,1.9
5/7/2024,19.5,15.8,0.2,97,14,8.2,3.2
5/8/2024,18.2,9,0,85,25,13.9,4.1
5/9/2024,16.9,2.7,0,70,20,6.7,1.7
5/10/2024,15.7,3.6,0,84,9,6.7,1.3
5/11/2024,17.6,5.8,0,85,18,11.3,3.5
5/12/2024,13.2,6.7,2.6,95,18,13.4,5.9
5/13/2024,13.7,1.6,0,81,23,8.7,2.3
5/14/2024,13.5,1.3,0,84,27,9.3,2.1
5/15/2024,16.5,3.2,0,73,27,9.3,1.9
5/16/2024,17.2,6,0,75,32,7.2,1.7
5/17/2024,13.6,4.2,0,94,20,6.7,1.8
5/18/2024,12.7,0.4,0,84,16,7.2,2.1
5/19/2024,14.5,-0.3,0,84,23,5.1,1.3
5/20/2024,16.1,0.3,0,75,5,9.3,2.6
5/21/2024,14.3,7.7,0,92,2,6.2,2.1
5/22/2024,14.2,7.4,0,94,18,9.8,2.7
5/23/2024,15.4,8.8,0,85,16,12.3,4
5/24/2024,11.5,3,0,78,20,13.4,4.2
5/25/2024,12.5,-2.2,0,77,18,9.8,1.9
5/26/2024,13.1,1,0,78,11,7.7,2.7
5/27/2024,10,5,3.7,94,18,10.3,4.8
5/28/2024,17.2,7.4,0,91,20,7.7,2.1
5/29/2024,16.5,5.4,0,89,36,10.3,2.3
5/30/2024,18.1,7.8,0,81,36,4.6,0.5
5/31/2024,16,6.6,0,93,5,8.2,1.8
6/1/2024,20.6,10.9,0,86,5,7.2,1.7
6/2/2024,13.6,5.8,1.8,91,20,9.3,1.8
6/3/2024,11.6,2.3,0,84,18,8.7,2.6
6/4/2024,13,1.3,2.5,78,2,9.3,2.4
6/5/2024,14.2,10.5,0,92,5,8.7,1.9
6/6/2024,20,9.3,0,91,5,4.1,0.6
6/7/2024,19,9.4,0,90,9,6.2,2.2
6/8/2024,23.5,12.8,0,92,36,6.2,1.9
6/9/2024,26.3,17.1,0,83,34,11.8,3.9
6/10/2024,18.4,8.4,0,83,23,8.2,2.1
6/11/2024,15.7,7.2,0,96,9,10.3,3.5
6/12/2024,19.2,14,0,99,5,5.7,1.5
6/13/2024,25.2,18.2,0,66,11,14.9,4.2
6/14/2024,22.7,12,0.5,88,18,9.3,2.4
6/15/2024,20,5.8,0,79,25,5.7,1
6/16/2024,15,7.2,0,89,14,6.2,2.1
6/17/2024,16.6,2.6,0,92,36,9.3,1.4
6/18/2024,17.6,10.7,3.5,94,2,7.7,2.4
6/19/2024,17.5,9.6,0,92,20,12.9,1.9
6/20/2024,15.2,2.3,37,90,9,11.3,3.5
6/21/2024,16.7,12.2,16.7,95,9,11.3,2.8
6/22/2024,17,12.5,1.2,97,18,9.3,3.1
6/23/2024,15,6.3,0,80,23,11.8,3.6
6/24/2024,11.8,2.6,0,83,18,11.8,2.7
6/25/2024,10,1.4,3,86,18,6.2,2.3
6/26/2024,13.9,4,0,81,32,12.3,3
6/27/2024,17,8.6,0,71,29,10.3,2.4
6/28/2024,13.2,4.6,0,73,24,12.3,3
6/29/2024,9.2,0.2,0,73,25,12.9,3.3
6/30/2024,13.3,-0.8,0,72,34,11.8,2.8
7/1/2024,17.2,6.4,0,62,34,10.8,1.9
7/2/2024,18,1.7,0,77,35,8.7,1.9
7/3/2024,11.8,2.3,0,79,23,7.7,2.2
7/4/2024,12.6,-2.3,0,74,20,10.3,1.3
7/5/2024,11.3,-2.3,0,57,29,12.9,3.1
7/6/2024,10.7,-2.7,0,80,2,4.6,1.2
7/7/2024,9.5,1.7,0,83,20,9.8,2.3
7/8/2024,7.6,-3.2,0,76,20,8.2,2.3
7/9/2024,9.4,-5.4,0,78,18,7.2,1.8
7/10/2024,8.9,-5.7,0,83,20,5.1,0.6
7/11/2024,11.5,-4.5,0,81,18,6.7,1.3
7/12/2024,14,-1.9,0,80,23,5.7,0.9
7/13/2024,14,-3.5,0,79,32,4.6,0.5
7/14/2024,13.4,-5.2,0,86,7,6.2,1.2
7/15/2024,15.4,-1.2,0,90,2,6.2,1.9
7/16/2024,17,0.8,0,88,5,6.2,1.5
7/17/2024,18.3,4,0,87,27,6.2,0.8
7/18/2024,18.4,4.3,0,88,36,7.2,1.5
7/19/2024,13.9,6.2,0,86,16,13.4,5.9
7/20/2024,10.8,4.8,2,91,9,10.3,3.6
7/21/2024,13.2,9.8,0.2,95,23,6.2,1.4
7/22/2024,14.2,9.4,0,95,32,6.2,1.5
7/23/2024,13.1,7.3,0,99,5,5.7,1.3
7/24/2024,18.7,10.2,4,96,32,8.2,2.1
7/25/2024,20.8,5.3,0,71,25,7.2,2.2
7/26/2024,18.5,2.8,0,81,7,6.2,1.7
7/27/2024,19.7,1.2,0,73,20,9.3,2.2
7/28/2024,14,1.4,0,87,11,7.7,0.8
7/29/2024,12,-3.1,0,78,14,7.2,1.7
7/30/2024,13,-0.6,0,71,5,11.8,3.2
7/31/2024,16.5,7.3,0,86,7,7.7,3.1
8/1/2024,21.7,14.6,0,83,2,11.3,2.6
8/2/2024,28.4,19,17,60,2,13.4,4.9
8/3/2024,24,11.3,6,81,20,22.6,2.6
8/4/2024,17.3,4.5,0,71,11,8.2,1.8
8/5/2024,14.8,6.5,0,91,9,10.8,3.5
8/6/2024,17,13.8,0.2,99,25,11.8,2.6
8/7/2024,15.4,8.1,0,80,27,13.9,3.5
8/8/2024,9.9,5.9,2,86,18,15.9,3.2
8/9/2024,11.7,2.5,0,81,18,12.9,3.2
8/10/2024,15.7,2.6,0,59,34,10.8,4
8/11/2024,13.7,7.4,0,59,23,17,4.4
8/12/2024,13,1.1,0,77,23,8.7,2.2
8/13/2024,16.6,3.6,0,60,29,12.9,3.6
8/14/2024,18.2,9.2,0,67,35,7.7,2.2
8/15/2024,20.6,3.4,0,84,14,7.7,1.7
8/16/2024,12.6,7.4,0,83,17,11.8,5.3
8/17/2024,15.8,8.3,0,91,11,12.3,3.9
8/18/2024,15,5.8,0.2,95,14,8.2,3.2
8/19/2024,13.2,8.6,0,89,16,16.5,6.6
8/20/2024,11.4,2.1,12,88,11,12.3,4.9
8/21/2024,14,9.2,6,99,9,13.4,3.9
8/22/2024,11.7,6.9,1,95,20,13.9,4.9
8/23/2024,12.2,2.1,0,82,25,9.3,2.2
8/24/2024,14.1,0.1,0,81,18,9.3,2.2
8/25/2024,10,2.6,0,80,23,8.7,2.4
8/26/2024,13.5,-1.1,0,88,5,7.2,1.4
8/27/2024,17.6,0.4,0,85,23,7.2,0.4
8/28/2024,17.6,1.2,0,86,7,9.3,2.6
8/29/2024,17.7,5.6,0,87,6,10.3,3.6
8/30/2024,13,8.4,46.4,96,11,12.3,5.5
8/31/2024,11.4,8.6,21,98,11,17.5,8.5
9/1/2024,14.6,8.7,0,92,18,17,5
9/2/2024,16,8,0,90,34,10.3,2.7
9/3/2024,19,8.1,0,74,27,8.7,2.1
9/4/2024,19.2,4.5,0,72,34,8.7,1.3
9/5/2024,16.2,1,0,71,36,7.7,2.1
9/6/2024,19.1,10.2,0,66,32,16.5,4
9/7/2024,22.7,6.4,0,72,18,7.2,1.9
9/8/2024,22,4.9,0,76,9,8.2,2.6
9/9/2024,17,9.3,0.2,92,9,10.3,3.3
9/10/2024,20.6,12.7,0,96,18,15.4,1
9/11/2024,17.4,9.2,0,83,18,10.8,3
9/12/2024,18,3.3,0,76,5,7.7,2.3
9/13/2024,18.5,3.8,0,82,33,7.2,1.4
9/14/2024,16.9,5.3,0,73,18,11.3,3.5
9/15/2024,18.2,3.3,0,68,2,9.8,1.9
9/16/2024,24.7,6.7,0,73,27,9.3,2.8
9/17/2024,22,9,0,74,7,7.2,2.2
9/18/2024,26,13.3,0,75,5,8.2,3.5
9/19/2024,22.5,15.3,15.5,91,5,12.3,4.2
9/20/2024,22.9,7.7,0,74,20,7.7,1.4
9/21/2024,24.8,11,0,67,2,11.3,4.2
9/22/2024,22.8,12.2,0,86,18,18,3.5
9/23/2024,19.5,8.2,0,73,11,11.3,3.9
9/24/2024,20.8,8.3,0,66,14,16.5,5.5
9/25/2024,20.2,10.4,0,86,14,14.9,4.9
9/26/2024,19.1,7.4,0,70,18,14.4,4.8
9/27/2024,19.3,2.4,0,84,5,8.2,1.3
9/28/2024,24.2,9.3,0,76,34,9.8,2.7
9/29/2024,25.6,11,0,84,5,9.3,1.4
9/30/2024,28,15.4,3.5,90,34,14.9,3
10/1/2024,18.8,9.2,0,83,18,11.8,4.6
10/2/2024,18,7.4,0,61,18,12.9,2.3
10/3/2024,18.4,2.6,0,69,9,8.2,2.1
10/4/2024,20.3,8.5,0,65,7,10.8,3
10/5/2024,24.9,9.8,0,68,9,7.7,2.3
10/6/2024,20.6,12.8,0,85,11,11.8,5.4
10/7/2024,18.3,15.4,0,87,20,8.7,3.5
10/8/2024,20,11.6,0,90,18,11.3,4.4
10/9/2024,19.9,10.4,0,79,9,10.8,3.9
10/10/2024,20.1,11.3,0,82,9,7.7,3.3
10/11/2024,28.2,11.4,3,73,18,12.3,3.1
10/12/2024,22.1,10.8,0,79,36,7.7,2.1
10/13/2024,21.5,13.3,0,89,36,5.7,1.5
10/14/2024,20.9,12.8,5,91,9,11.3,2.8
10/15/2024,25.6,13.3,0,86,18,8.7,2.2
10/16/2024,23.3,10.1,0.5,91,5,6.7,2.1
10/17/2024,25.6,12.5,0,85,9,7.7,1.7
10/18/2024,24.5,10.8,0,77,9,7.7,3
10/19/2024,27.6,9.8,0,74,32,7.7,1.8
10/20/2024,28.3,16.6,0,67,9,9.8,3.9
10/21/2024,31.6,20.7,0,72,5,9.3,2.1
10/22/2024,26.3,17.4,0,65,16,11.8,4.1
10/23/2024,21.5,17,26.5,90,9,12.3,3.6
10/24/2024,21.1,15,0.5,98,20,12.9,3.3
10/25/2024,20.5,9.6,2,92,18,14.4,1.8
10/26/2024,24.3,4.3,0,66,29,12.9,1.4
10/27/2024,25.3,9.3,0,68,36,7.7,2.1
10/28/2024,28,15.1,0,65,34,8.7,2.2
10/29/2024,30,18.2,0,67,36,9.3,1.5
10/30/2024,28,19.8,0,72,36,7.2,2.6
10/31/2024,26.5,17.6,0,78,7,10.3,2.8
11/1/2024,29.9,19.9,6.5,78,36,10.8,2.3
11/2/2024,24.8,17.8,0.2,80,18,15.4,2.4
11/3/2024,22.2,10.3,0,84,9,13.4,5.3
11/4/2024,22.6,15.7,40.1,93,27,15.4,2.7
11/5/2024,24,10.2,0,67,9,9.8,2.8
11/6/2024,24.6,14.1,0,63,16,10.8,4
11/7/2024,21.8,14.1,0,77,16,12.9,5.1
11/8/2024,23.2,9.8,0,77,7,7.2,1.9
11/9/2024,26.4,13.3,0,74,36,7.7,2.4
11/10/2024,28.5,19.2,7.5,68,18,15.9,2.7
11/11/2024,22.5,12.5,0,70,22,17,3
11/12/2024,23.2,6.5,0,68,34,8.7,1.7
11/13/2024,25.4,8.3,0,59,2,7.7,0.9
11/14/2024,28.2,14.9,0,60,36,8.2,2.1
11/15/2024,29.5,18.2,0,66,36,9.8,1.7
11/16/2024,32,19.3,12.5,69,17,10.8,2.2
11/17/2024,22.4,14.3,6,95,18,19.5,6
11/18/2024,23,11.4,0,78,14,10.8,3.9
11/19/2024,21.7,9.2,0,75,9,10.8,3.2
11/20/2024,24.3,14.6,0,75,9,10.8,3.9
11/21/2024,24,16.5,0,75,9,10.8,3.3
11/22/2024,25.5,13.8,0,75,9,10.8,3.1
11/23/2024,26.5,17.5,0,77,7,13.4,4
11/24/2024,30.5,19,9,73,23,16.5,4.1
11/25/2024,28,19.2,0.3,86,14,11.8,3.3
11/26/2024,24.2,18.8,11,92,27,13.9,4
11/27/2024,25.6,16.4,13.5,91,20,15.4,2.8
11/28/2024,25.7,16.4,12.5,84,9,12.3,3.6
11/29/2024,26.2,16,0,71,14,11.8,4.1
11/30/2024,23.9,13.3,4.5,79,8,8.2,2.3
12/1/2024,22.5,16.9,36.5,90,18,17.5,4
12/2/2024,21.1,10.3,0,68,\N,\N,2.4
12/3/2024,22,6.7,0,63,23,8.2,2.2
12/4/2024,26,10.8,0,52,32,11.3,3
12/5/2024,31.7,18.3,7.5,57,18,11.3,3.7
12/6/2024,27.5,15.3,0,70,20,13.4,3.5
12/7/2024,19.8,9.3,0,67,18,11.8,3.7
12/8/2024,20.7,6.7,0,64,19,8.7,2.3
12/9/2024,23.6,5.6,0,70,2,6.2,1.3
12/10/2024,27.1,10.9,0,70,7,7.2,1.7
12/11/2024,28,14.5,0,71,9,11.8,3.3
12/12/2024,29.9,18.8,0,71,7,9.3,2.7
12/13/2024,26,19.3,0,80,18,12.3,3.2
12/14/2024,26.4,15.6,0,84,18,14.9,4.8
12/15/2024,26.3,15.3,0,74,16,12.9,4.1
12/16/2024,25.6,9.4,0,82,7,10.8,2.4
12/17/2024,26.3,12.6,0,75,9,9.3,2.7
12/18/2024,27.9,18.3,1,68,9,10.3,2.8
12/19/2024,27.8,17,0,73,9,6.7,1.7
12/20/2024,29.9,18.7,0,57,16,12.3,3.5
12/21/2024,22.8,8.3,0,61,16,8.2,1.8
12/22/2024,27,13.1,0,56,2,8.7,2.7
12/23/2024,30,19.8,4.5,52,32,14.4,3.1
12/24/2024,24.6,15.3,0,77,23,13.9,3.3
12/25/2024,21.4,13.9,0,78,18,11.3,4.6
12/26/2024,26.7,13.4,0,71,16,11.3,4
12/27/2024,27.5,12.3,0,72,18,11.3,3.2
12/28/2024,27.3,12.1,0,82,9,11.3,2.6
12/29/2024,27,11.5,0,75,9,8.7,2.6
12/30/2024,26.8,14,0,76,9,10.3,3.1
12/31/2024,30.1,19.6,0,72,9,8.7,2.3
