date,daily_p
01/01/00,0
01/02/00,0
01/03/00,0
01/04/00,0
01/05/00,3
01/06/00,0
01/07/00,13
01/08/00,5
01/09/00,0
01/10/00,
01/11/00,8
01/12/00,2
01/13/00,0
01/14/00,0
01/15/00,0.3
01/16/00,3
01/17/00,0
01/18/00,0
01/19/00,0
01/20/00,7
01/21/00,31.3
01/22/00,0
01/23/00,0
01/24/00,2
01/25/00,0
01/26/00,
01/27/00,0
01/28/00,
01/29/00,0
01/30/00,
01/31/00,0
02/01/00,9
02/02/00,13
02/03/00,0
02/04/00,0
02/05/00,11
02/06/00,7
02/07/00,8
02/08/00,1
02/09/00,7
02/10/00,51
02/11/00,16
02/12/00,55
02/13/00,0
02/14/00,0
02/15/00,0
02/16/00,0
02/17/00,0
02/18/00,0
02/19/00,0
02/20/00,15
02/21/00,0
02/22/00,0
02/23/00,1
02/24/00,0
02/25/00,1
02/26/00,5
02/27/00,17
02/28/00,0
02/29/00,0
03/01/00,0
03/02/00,0
03/03/00,0
03/04/00,0
03/05/00,0
03/06/00,0
03/07/00,0
03/08/00,0
03/09/00,2
03/10/00,1
03/11/00,
03/12/00,0
03/13/00,2
03/14/00,0
03/15/00,0
03/16/00,0
03/17/00,0
03/18/00,0
03/19/00,0
03/20/00,4
03/21/00,0
03/22/00,0
03/23/00,33
03/24/00,0
03/25/00,0
03/26/00,37
03/27/00,9
03/28/00,0
03/29/00,0
03/30/00,0
03/31/00,0
04/01/00,0
04/02/00,0
04/03/00,0
04/04/00,0.3
04/05/00,0
04/06/00,0
04/07/00,32
04/08/00,0
04/09/00,
04/10/00,0
04/11/00,
04/12/00,0
04/13/00,0
04/14/00,0
04/15/00,
04/16/00,
04/17/00,0
04/18/00,0
04/19/00,0
04/20/00,0
04/21/00,0
04/22/00,0
04/23/00,0
04/24/00,0
04/25/00,0
04/26/00,0
04/27/00,3
04/28/00,6
04/29/00,10
04/30/00,0
05/01/00,27
05/02/00,0
05/03/00,4
05/04/00,1
05/05/00,2
05/06/00,0.5
05/07/00,0.3
05/08/00,0
05/09/00,0
05/10/00,0
05/11/00,0
05/12/00,0
05/13/00,
05/14/00,
05/15/00,
05/16/00,0
05/17/00,0
05/18/00,0
05/19/00,0.7
05/20/00,0
05/21/00,0
05/22/00,0
05/23/00,0
05/24/00,4
05/25/00,0
05/26/00,0
05/27/00,
05/28/00,0
05/29/00,5
05/30/00,4
05/31/00,0.6
06/01/00,0
06/02/00,0
06/03/00,0
06/04/00,0
06/05/00,4
06/06/00,0
06/07/00,0
06/08/00,0
06/09/00,
06/10/00,8
06/11/00,0
06/12/00,0.6
06/13/00,0
06/14/00,4
06/15/00,15
06/16/00,10
06/17/00,0
06/18/00,8
06/19/00,24
06/20/00,
06/21/00,0
06/22/00,0
06/23/00,0
06/24/00,47
06/25/00,0.5
06/26/00,0
06/27/00,0.8
06/28/00,0
06/29/00,0
06/30/00,0
07/01/00,
07/02/00,0
07/03/00,0
07/04/00,0
07/05/00,0
07/06/00,0
07/07/00,11
07/08/00,9
07/09/00,0
07/10/00,0
07/11/00,0.5
07/12/00,0.3
07/13/00,0
07/14/00,0
07/15/00,9
07/16/00,0.8
07/17/00,
07/18/00,0.8
07/19/00,0.1
07/20/00,0.7
07/21/00,0.8
07/22/00,
07/23/00,0
07/24/00,0
07/25/00,0
07/26/00,0
07/27/00,0
07/28/00,0
07/29/00,0
07/30/00,0
07/31/00,0
08/01/00,0
08/02/00,0
08/03/00,0
08/04/00,2
08/05/00,0
08/06/00,0
08/07/00,0
08/08/00,0.3
08/09/00,0
08/10/00,0.5
08/11/00,
08/12/00,0
08/13/00,0
08/14/00,0
08/15/00,0
08/16/00,1
08/17/00,0
08/18/00,0
08/19/00,0
08/20/00,0
08/21/00,25
08/22/00,13
08/23/00,0
08/24/00,4
08/25/00,3
08/26/00,0
08/27/00,6
08/28/00,0.6
08/29/00,0
08/30/00,40
08/31/00,0.8
09/01/00,0
09/02/00,0
09/03/00,0
09/04/00,0
09/05/00,0
09/06/00,17
09/07/00,
09/08/00,13
09/09/00,0.9
09/10/00,25
09/11/00,0
09/12/00,0.6
09/13/00,0.2
09/14/00,0
09/15/00,0
09/16/00,0
09/17/00,0
09/18/00,
09/19/00,4
09/20/00,10
09/21/00,0.7
09/22/00,7
09/23/00,0
09/24/00,0.6
09/25/00,0
09/26/00,0
09/27/00,0
09/28/00,0
09/29/00,0
09/30/00,0
10/01/00,0
10/02/00,0
10/03/00,16
10/04/00,3
10/05/00,0.8
10/06/00,
10/07/00,0
10/08/00,3
10/09/00,4
10/10/00,0
10/11/00,0
10/12/00,0
10/13/00,
10/14/00,0
10/15/00,6
10/16/00,9
10/17/00,0
10/18/00,0
10/19/00,0
10/20/00,0
10/21/00,14
10/22/00,0
10/23/00,0
10/24/00,0
10/25/00,0
10/26/00,13
10/27/00,
10/28/00,0
10/29/00,0
10/30/00,0
10/31/00,0
11/01/00,
11/02/00,0
11/03/00,
11/04/00,32
11/05/00,29
11/06/00,
11/07/00,0
11/08/00,
11/09/00,0
11/10/00,
11/11/00,
11/12/00,1
11/13/00,0
11/14/00,1
11/15/00,0
11/16/00,0
11/17/00,0
11/18/00,0
11/19/00,0
11/20/00,0
11/21/00,22
11/22/00,0
11/23/00,2
11/24/00,0
11/25/00,
11/26/00,22
11/27/00,0
11/28/00,
11/29/00,
11/30/00,0
12/01/00,0
12/02/00,0
12/03/00,0
12/04/00,
12/05/00,0
12/06/00,0
12/07/00,
12/08/00,
12/09/00,0
12/10/00,
12/11/00,0
12/12/00,0
12/13/00,9
12/14/00,0
12/15/00,2
12/16/00,0
12/17/00,0
12/18/00,0
12/19/00,0
12/20/00,
12/21/00,0
12/22/00,7
12/23/00,0
12/24/00,0
12/25/00,8
12/26/00,6
12/27/00,0
12/28/00,0
12/29/00,0
12/30/00,0
12/31/00,0
01/01/01,0
01/02/01,0
01/03/01,0
01/04/01,0
01/05/01,48
01/06/01,0
01/07/01,9
01/08/01,0.8
01/09/01,22
01/10/01,0.6
01/11/01,0
01/12/01,0
01/13/01,0
01/14/01,0
01/15/01,0
01/16/01,0
01/17/01,8
01/18/01,0.2
01/19/01,0
01/20/01,0
01/21/01,0
01/22/01,15
01/23/01,0
01/24/01,0
01/25/01,0
01/26/01,15
01/27/01,21
01/28/01,0
01/29/01,0
01/30/01,0
01/31/01,3
02/01/01,0
02/02/01,8
02/03/01,0
02/04/01,0
02/05/01,0
02/06/01,0
02/07/01,0
02/08/01,5
02/09/01,18
02/10/01,0
02/11/01,0
02/12/01,0
02/13/01,0
02/14/01,0
02/15/01,0
02/16/01,0
02/17/01,0
02/18/01,0
02/19/01,0
02/20/01,0
02/21/01,0.8
02/22/01,0
02/23/01,22
02/24/01,0
02/25/01,0
02/26/01,0
02/27/01,0.5
02/28/01,57
03/01/01,0
03/02/01,0
03/03/01,0
03/04/01,17
03/05/01,0
03/06/01,0
03/07/01,0
03/08/01,0
03/09/01,0
03/10/01,0.1
03/11/01,0.7
03/12/01,0
03/13/01,0
03/14/01,0
03/15/01,3
03/16/01,0.6
03/17/01,0
03/18/01,15
03/19/01,0
03/20/01,0
03/21/01,21
03/22/01,5
03/23/01,0
03/24/01,6
03/25/01,2
03/26/01,2
03/27/01,0.6
03/28/01,0
03/29/01,0
03/30/01,0
03/31/01,0
04/01/01,0
04/02/01,0
04/03/01,0
04/04/01,0
04/05/01,0
04/06/01,0
04/07/01,0
04/08/01,0
04/09/01,0
04/10/01,0
04/11/01,0
04/12/01,0
04/13/01,11
04/14/01,0
04/15/01,0
04/16/01,0
04/17/01,0
04/18/01,5.3
04/19/01,0
04/20/01,2
04/21/01,0
04/22/01,4
04/23/01,0
04/24/01,0
04/25/01,0
04/26/01,0
04/27/01,0
04/28/01,0
04/29/01,0
04/30/01,1
05/01/01,4
05/02/01,2
05/03/01,2
05/04/01,0
05/05/01,0
05/06/01,0
05/07/01,0
05/08/01,10
05/09/01,3
05/10/01,10
05/11/01,0
05/12/01,4
05/13/01,0
05/14/01,0
05/15/01,3
05/16/01,0
05/17/01,0.8
05/18/01,0
05/19/01,0
05/20/01,4
05/21/01,28
05/22/01,0
05/23/01,0
05/24/01,0
05/25/01,53
05/26/01,0
05/27/01,0.3
05/28/01,0
05/29/01,0
05/30/01,4
05/31/01,0
06/01/01,0
06/02/01,2
06/03/01,0
06/04/01,0.7
06/05/01,0
06/06/01,0
06/07/01,0
06/08/01,4
06/09/01,3
06/10/01,0
06/11/01,10
06/12/01,5
06/13/01,59
06/14/01,4
06/15/01,0
06/16/01,57
06/17/01,0.3
06/18/01,0
06/19/01,0
06/20/01,0.2
06/21/01,0
06/22/01,0
06/23/01,0
06/24/01,0
06/25/01,0
06/26/01,0
06/27/01,0
06/28/01,0
06/29/01,0
06/30/01,0
07/01/01,0
07/02/01,0.4
07/03/01,0
07/04/01,0
07/05/01,0
07/06/01,2
07/07/01,0
07/08/01,0
07/09/01,4
07/10/01,0
07/11/01,0.2
07/12/01,0
07/13/01,0
07/14/01,0
07/15/01,0
07/16/01,0
07/17/01,14
07/18/01,0
07/19/01,30
07/20/01,1
07/21/01,4
07/22/01,0.3
07/23/01,0.3
07/24/01,0
07/25/01,0
07/26/01,0.3
07/27/01,0
07/28/01,0
07/29/01,0
07/30/01,0
07/31/01,0
08/01/01,0
08/02/01,0
08/03/01,0.6
08/04/01,0
08/05/01,3
08/06/01,12
08/07/01,0
08/08/01,0
08/09/01,0
08/10/01,0
08/11/01,0.5
08/12/01,0
08/13/01,1
08/14/01,6
08/15/01,0.8
08/16/01,4
08/17/01,25
08/18/01,16
08/19/01,1
08/20/01,0
08/21/01,0
08/22/01,0
08/23/01,0
08/24/01,0
08/25/01,0
08/26/01,42
08/27/01,3
08/28/01,0
08/29/01,0
08/30/01,0
08/31/01,20
09/01/01,0.3
09/02/01,0
09/03/01,0
09/04/01,0
09/05/01,0
09/06/01,0.2
09/07/01,22
09/08/01,0
09/09/01,0
09/10/01,0
09/11/01,0
09/12/01,0
09/13/01,2.7
09/14/01,2
09/15/01,2
09/16/01,0
09/17/01,0
09/18/01,0
09/19/01,0
09/20/01,0
09/21/01,0
09/22/01,0
09/23/01,8
09/24/01,0
09/25/01,0
09/26/01,0
09/27/01,0
09/28/01,0
09/29/01,15
09/30/01,56
10/01/01,47
10/02/01,30
10/03/01,8
10/04/01,2
10/05/01,0
10/06/01,0
10/07/01,0
10/08/01,55
10/09/01,5
10/10/01,7
10/11/01,0
10/12/01,0
10/13/01,0
10/14/01,0
10/15/01,5
10/16/01,0
10/17/01,8
10/18/01,0.5
10/19/01,16
10/20/01,10
10/21/01,20
10/22/01,0
10/23/01,0
10/24/01,0
10/25/01,8
10/26/01,1
10/27/01,0
10/28/01,3
10/29/01,0.8
10/30/01,0
10/31/01,0
11/01/01,0
11/02/01,0
11/03/01,0
11/04/01,0
11/05/01,9
11/06/01,0
11/07/01,0
11/08/01,0
11/09/01,11
11/10/01,4
11/11/01,0
11/12/01,0
11/13/01,4
11/14/01,0
11/15/01,0
11/16/01,0
11/17/01,2
11/18/01,0
11/19/01,0
11/20/01,13
11/21/01,0
11/22/01,0
11/23/01,33
11/24/01,0
11/25/01,0
11/26/01,0
11/27/01,0
11/28/01,8
11/29/01,9
11/30/01,0
12/01/01,0
12/02/01,0
12/03/01,0
12/04/01,0
12/05/01,0
12/06/01,0
12/07/01,16
12/08/01,0
12/09/01,0
12/10/01,0
12/11/01,22
12/12/01,0
12/13/01,0
12/14/01,0
12/15/01,0
12/16/01,0
12/17/01,0
12/18/01,0
12/19/01,0
12/20/01,0.5
12/21/01,0
12/22/01,0
12/23/01,0
12/24/01,0
12/25/01,0
12/26/01,0
12/27/01,0.3
12/28/01,0
12/29/01,4
12/30/01,12
12/31/01,0
01/01/02,0
01/02/02,0
01/03/02,2
01/04/02,0
01/05/02,0
01/06/02,0
01/07/02,0
01/08/02,0
01/09/02,0
01/10/02,0
01/11/02,0
01/12/02,4
01/13/02,0
01/14/02,0
01/15/02,0
01/16/02,0
01/17/02,0
01/18/02,0
01/19/02,0
01/20/02,3
01/21/02,0
01/22/02,0
01/23/02,0
01/24/02,4
01/25/02,2
01/26/02,0
01/27/02,1
01/28/02,2
01/29/02,0
01/30/02,35
01/31/02,0
02/01/02,0
02/02/02,0
02/03/02,0
02/04/02,22
02/05/02,0
02/06/02,0
02/07/02,0
02/08/02,0
02/09/02,0.3
02/10/02,0
02/11/02,0
02/12/02,0
02/13/02,0
02/14/02,8
02/15/02,0
02/16/02,0
02/17/02,0
02/18/02,0
02/19/02,0
02/20/02,0
02/21/02,0
02/22/02,0
02/23/02,0
02/24/02,0
02/25/02,0
02/26/02,67
02/27/02,36
02/28/02,0
03/01/02,0
03/02/02,0
03/03/02,48
03/04/02,0
03/05/02,0
03/06/02,0
03/07/02,41.5
03/08/02,41
03/09/02,0.8
03/10/02,27
03/11/02,0
03/12/02,0
03/13/02,18
03/14/02,48
03/15/02,18
03/16/02,7
03/17/02,0
03/18/02,3
03/19/02,5
03/20/02,1
03/21/02,0
03/22/02,0
03/23/02,0
03/24/02,0
03/25/02,0
03/26/02,0
03/27/02,0
03/28/02,5
03/29/02,79
03/30/02,12
03/31/02,18
04/01/02,6
04/02/02,0
04/03/02,0
04/04/02,0
04/05/02,0
04/06/02,5
04/07/02,0
04/08/02,0.6
04/09/02,0
04/10/02,0
04/11/02,7
04/12/02,0
04/13/02,0
04/14/02,0
04/15/02,0
04/16/02,35
04/17/02,0
04/18/02,0
04/19/02,11
04/20/02,3
04/21/02,0
04/22/02,6
04/23/02,0
04/24/02,0
04/25/02,0
04/26/02,0
04/27/02,0
04/28/02,0
04/29/02,0
04/30/02,0
05/01/02,0
05/02/02,0
05/03/02,0
05/04/02,0
05/05/02,0
05/06/02,0
05/07/02,0
05/08/02,0
05/09/02,0
05/10/02,0
05/11/02,0
05/12/02,9
05/13/02,40
05/14/02,51
05/15/02,0.5
05/16/02,0
05/17/02,63
05/18/02,1
05/19/02,0
05/20/02,0
05/21/02,0
05/22/02,0
05/23/02,0
05/24/02,0
05/25/02,0
05/26/02,25
05/27/02,2
05/28/02,0
05/29/02,0
05/30/02,0
05/31/02,0
06/01/02,0.8
06/02/02,0.8
06/03/02,0.3
06/04/02,0
06/05/02,0
06/06/02,0
06/07/02,0
06/08/02,0
06/09/02,0
06/10/02,0
06/11/02,0
06/12/02,0
06/13/02,0
06/14/02,0
06/15/02,0
06/16/02,0
06/17/02,0
06/18/02,0
06/19/02,0
06/20/02,2
06/21/02,1
06/22/02,0
06/23/02,0
06/24/02,0
06/25/02,0
06/26/02,0
06/27/02,1
06/28/02,6
06/29/02,0
06/30/02,0.1
07/01/02,0.7
07/02/02,16
07/03/02,0
07/04/02,0
07/05/02,0
07/06/02,0
07/07/02,0.8
07/08/02,0
07/09/02,0
07/10/02,0.8
07/11/02,0
07/12/02,0
07/13/02,0
07/14/02,0
07/15/02,0.5
07/16/02,0.5
07/17/02,0
07/18/02,0
07/19/02,0
07/20/02,0.8
07/21/02,16
07/22/02,0
07/23/02,0.4
07/24/02,0
07/25/02,0
07/26/02,0
07/27/02,0
07/28/02,0
07/29/02,0
07/30/02,0.2
07/31/02,1
08/01/02,1
08/02/02,0
08/03/02,0
08/04/02,0
08/05/02,0
08/06/02,0
08/07/02,2
08/08/02,7
08/09/02,0
08/10/02,0
08/11/02,0
08/12/02,0
08/13/02,0
08/14/02,0
08/15/02,0
08/16/02,2
08/17/02,13
08/18/02,38
08/19/02,0
08/20/02,0
08/21/02,0
08/22/02,0
08/23/02,0
08/24/02,0
08/25/02,0.2
08/26/02,0
08/27/02,0
08/28/02,8
08/29/02,0.5
08/30/02,4.5
08/31/02,6
09/01/02,2
09/02/02,0
09/03/02,0
09/04/02,0
09/05/02,4.8
09/06/02,0
09/07/02,0
09/08/02,0
09/09/02,0
09/10/02,0.6
09/11/02,24
09/12/02,0
09/13/02,0
09/14/02,0
09/15/02,0
09/16/02,0
09/17/02,10
09/18/02,58
09/19/02,0
09/20/02,0
09/21/02,12
09/22/02,0
09/23/02,0
09/24/02,0.9
09/25/02,0
09/26/02,0
09/27/02,5
09/28/02,0
09/29/02,0
09/30/02,0
10/01/02,0
10/02/02,4
10/03/02,0
10/04/02,0
10/05/02,0
10/06/02,9
10/07/02,0
10/08/02,0
10/09/02,0.4
10/10/02,0
10/11/02,0
10/12/02,0
10/13/02,30
10/14/02,6
10/15/02,16
10/16/02,0
10/17/02,0
10/18/02,0
10/19/02,19
10/20/02,71
10/21/02,6
10/22/02,0
10/23/02,3
10/24/02,0
10/25/02,0
10/26/02,1
10/27/02,2
10/28/02,0.2
10/29/02,0
10/30/02,0
10/31/02,0
11/01/02,0
11/02/02,4
11/03/02,0
11/04/02,0
11/05/02,0
11/06/02,0
11/07/02,5
11/08/02,0.8
11/09/02,10
11/10/02,9
11/11/02,0.5
11/12/02,0
11/13/02,0
11/14/02,3
11/15/02,0
11/16/02,18
11/17/02,23
11/18/02,0
11/19/02,0.7
11/20/02,0
11/21/02,0
11/22/02,0
11/23/02,0
11/24/02,0.1
11/25/02,0
11/26/02,3
11/27/02,0
11/28/02,0
11/29/02,0
11/30/02,0
12/01/02,0
12/02/02,0
12/03/02,0
12/04/02,0
12/05/02,0
12/06/02,0
12/07/02,0
12/08/02,0
12/09/02,0
12/10/02,5
12/11/02,0
12/12/02,0
12/13/02,0.8
12/14/02,0
12/15/02,7
12/16/02,0
12/17/02,0
12/18/02,30
12/19/02,0
12/20/02,0
12/21/02,0
12/22/02,0
12/23/02,0
12/24/02,0
12/25/02,0
12/26/02,0
12/27/02,0.1
12/28/02,0
12/29/02,2
12/30/02,0
12/31/02,0
01/01/03,0
01/02/03,0
01/03/03,0
01/04/03,0
01/05/03,0
01/06/03,0
01/07/03,0
01/08/03,8
01/09/03,12
01/10/03,8
01/11/03,0
01/12/03,0
01/13/03,0
01/14/03,3.8
01/15/03,0.8
01/16/03,0.4
01/17/03,0.1
01/18/03,2
01/19/03,0
01/20/03,0
01/21/03,0
01/22/03,1.5
01/23/03,6
01/24/03,0
01/25/03,0
01/26/03,0
01/27/03,9
01/28/03,0
01/29/03,0
01/30/03,136
01/31/03,0.3
02/01/03,0
02/02/03,3
02/03/03,0
02/04/03,0
02/05/03,0
02/06/03,8.5
02/07/03,0
02/08/03,0
02/09/03,9
02/10/03,0.6
02/11/03,0.8
02/12/03,4
02/13/03,0
02/14/03,0
02/15/03,2
02/16/03,0
02/17/03,1
02/18/03,14
02/19/03,14
02/20/03,0
02/21/03,0
02/22/03,0
02/23/03,0
02/24/03,0.5
02/25/03,0
02/26/03,25
02/27/03,0.9
02/28/03,0
03/01/03,0
03/02/03,0
03/03/03,0
03/04/03,0
03/05/03,0
03/06/03,0
03/07/03,0
03/08/03,0
03/09/03,18
03/10/03,41
03/11/03,0.5
03/12/03,0
03/13/03,0
03/14/03,0.8
03/15/03,0
03/16/03,0
03/17/03,0
03/18/03,0
03/19/03,0
03/20/03,0
03/21/03,0
03/22/03,0
03/23/03,0
03/24/03,0
03/25/03,0
03/26/03,0.8
03/27/03,0.3
03/28/03,0.5
03/29/03,0
03/30/03,2
03/31/03,0.7
04/01/03,0
04/02/03,0
04/03/03,5
04/04/03,0
04/05/03,0
04/06/03,1.5
04/07/03,0
04/08/03,32.5
04/09/03,0
04/10/03,7
04/11/03,2.5
04/12/03,0
04/13/03,0
04/14/03,0
04/15/03,0
04/16/03,0
04/17/03,0
04/18/03,41
04/19/03,1
04/20/03,0
04/21/03,0
04/22/03,0
04/23/03,0
04/24/03,13
04/25/03,0
04/26/03,0
04/27/03,0
04/28/03,0
04/29/03,0
04/30/03,0
05/01/03,0
05/02/03,0
05/03/03,0
05/04/03,0
05/05/03,0.2
05/06/03,0
05/07/03,0
05/08/03,0
05/09/03,0
05/10/03,0
05/11/03,0
05/12/03,0
05/13/03,1
05/14/03,6
05/15/03,17
05/16/03,22.5
05/17/03,0
05/18/03,0
05/19/03,9.5
05/20/03,2
05/21/03,20
05/22/03,0
05/23/03,3
05/24/03,2
05/25/03,0
05/26/03,0
05/27/03,0
05/28/03,0
05/29/03,0
05/30/03,0
05/31/03,0
06/01/03,0
06/02/03,0
06/03/03,0
06/04/03,0
06/05/03,0
06/06/03,0
06/07/03,0
06/08/03,0
06/09/03,0
06/10/03,0
06/11/03,0
06/12/03,0
06/13/03,0
06/14/03,27
06/15/03,0
06/16/03,0
06/17/03,0
06/18/03,0
06/19/03,0
06/20/03,1
06/21/03,0
06/22/03,0
06/23/03,0
06/24/03,0
06/25/03,0
06/26/03,0
06/27/03,1
06/28/03,2
06/29/03,0.3
06/30/03,15
07/01/03,0
07/02/03,0
07/03/03,0
07/04/03,0
07/05/03,0
07/06/03,0
07/07/03,5
07/08/03,17.5
07/09/03,0
07/10/03,2
07/11/03,0
07/12/03,0
07/13/03,0
07/14/03,5
07/15/03,0
07/16/03,0
07/17/03,0
07/18/03,0
07/19/03,0
07/20/03,0
07/21/03,0
07/22/03,0
07/23/03,0
07/24/03,0
07/25/03,0
07/26/03,0
07/27/03,11
07/28/03,9
07/29/03,0
07/30/03,0
07/31/03,0
08/01/03,3
08/02/03,0
08/03/03,12
08/04/03,1
08/05/03,33.5
08/06/03,11
08/07/03,0
08/08/03,9
08/09/03,0
08/10/03,0
08/11/03,0
08/12/03,2
08/13/03,0.7
08/14/03,0
08/15/03,0
08/16/03,0
08/17/03,0
08/18/03,0
08/19/03,0
08/20/03,0
08/21/03,0
08/22/03,0
08/23/03,0
08/24/03,0
08/25/03,1
08/26/03,3
08/27/03,0
08/28/03,0
08/29/03,0
08/30/03,0
08/31/03,0
09/01/03,0
09/02/03,0
09/03/03,0
09/04/03,0
09/05/03,5.5
09/06/03,0.9
09/07/03,0
09/08/03,0
09/09/03,0
09/10/03,0
09/11/03,0
09/12/03,0
09/13/03,0
09/14/03,5
09/15/03,0
09/16/03,0
09/17/03,0
09/18/03,15
09/19/03,8.5
09/20/03,0
09/21/03,3
09/22/03,0
09/23/03,10
09/24/03,0
09/25/03,0
09/26/03,0
09/27/03,3
09/28/03,0
09/29/03,0
09/30/03,0
10/01/03,0
10/02/03,0
10/03/03,0
10/04/03,0
10/05/03,0
10/06/03,0
10/07/03,45.5
10/08/03,0
10/09/03,15
10/10/03,0.3
10/11/03,0
10/12/03,0
10/13/03,0
10/14/03,0
10/15/03,0
10/16/03,0
10/17/03,62
10/18/03,9.5
10/19/03,0
10/20/03,0
10/21/03,0
10/22/03,0
10/23/03,0
10/24/03,0
10/25/03,0
10/26/03,0
10/27/03,0
10/28/03,0
10/29/03,0
10/30/03,5.5
10/31/03,0
11/01/03,0
11/02/03,0
11/03/03,0
11/04/03,0
11/05/03,0
11/06/03,0
11/07/03,0
11/08/03,10
11/09/03,0
11/10/03,0
11/11/03,16
11/12/03,15.5
11/13/03,0
11/14/03,0
11/15/03,4.2
11/16/03,0
11/17/03,60
11/18/03,3.5
11/19/03,0
11/20/03,0
11/21/03,6
11/22/03,14
11/23/03,0
11/24/03,0
11/25/03,0
11/26/03,0
11/27/03,0
11/28/03,0
11/29/03,0
11/30/03,10.5
12/01/03,39
12/02/03,25.5
12/03/03,0
12/04/03,2
12/05/03,0
12/06/03,0
12/07/03,18
12/08/03,6
12/09/03,0
12/10/03,8
12/11/03,0
12/12/03,0
12/13/03,24.5
12/14/03,2.5
12/15/03,6
12/16/03,0
12/17/03,0
12/18/03,0
12/19/03,0
12/20/03,0
12/21/03,50
12/22/03,9
12/23/03,0
12/24/03,0
12/25/03,0
12/26/03,0
12/27/03,1
12/28/03,0
12/29/03,0
12/30/03,0
12/31/03,0
01/01/04,0
01/02/04,0
01/03/04,0
01/04/04,0
01/05/04,0
01/06/04,0
01/07/04,0
01/08/04,0
01/09/04,8
01/10/04,0
01/11/04,0
01/12/04,0
01/13/04,0
01/14/04,0
01/15/04,0
01/16/04,0
01/17/04,0
01/18/04,0
01/19/04,2
01/20/04,0
01/21/04,0
01/22/04,0
01/23/04,20.5
01/24/04,0
01/25/04,0
01/26/04,0
01/27/04,0
01/28/04,0
01/29/04,1
01/30/04,2.5
01/31/04,14
02/01/04,0
02/02/04,1
02/03/04,5
02/04/04,0
02/05/04,0
02/06/04,0
02/07/04,0
02/08/04,0
02/09/04,0
02/10/04,0
02/11/04,0
02/12/04,28.5
02/13/04,0
02/14/04,0
02/15/04,0
02/16/04,5.5
02/17/04,0.7
02/18/04,0
02/19/04,5
02/20/04,5
02/21/04,0
02/22/04,0
02/23/04,0
02/24/04,0
02/25/04,0
02/26/04,0
02/27/04,0
02/28/04,0
02/29/04,0.8
03/01/04,21
03/02/04,7.5
03/03/04,0
03/04/04,0
03/05/04,0
03/06/04,0
03/07/04,0
03/08/04,0
03/09/04,0
03/10/04,0
03/11/04,0
03/12/04,0
03/13/04,0
03/14/04,0
03/15/04,0
03/16/04,0
03/17/04,0
03/18/04,20
03/19/04,6
03/20/04,0
03/21/04,0
03/22/04,0
03/23/04,0
03/24/04,0
03/25/04,0
03/26/04,0
03/27/04,0
03/28/04,0
03/29/04,0
03/30/04,0
03/31/04,2
04/01/04,0
04/02/04,0
04/03/04,0
04/04/04,0
04/05/04,4
04/06/04,0
04/07/04,0
04/08/04,6
04/09/04,0
04/10/04,1.5
04/11/04,0
04/12/04,4
04/13/04,50
04/14/04,0.5
04/15/04,0
04/16/04,1.5
04/17/04,0
04/18/04,0
04/19/04,0
04/20/04,0
04/21/04,30.5
04/22/04,7.8
04/23/04,4
04/24/04,0
04/25/04,0
04/26/04,0
04/27/04,0
04/28/04,9
04/29/04,13
04/30/04,0
05/01/04,6
05/02/04,0.7
05/03/04,0
05/04/04,0
05/05/04,0
05/06/04,0
05/07/04,0
05/08/04,0
05/09/04,0
05/10/04,0
05/11/04,0
05/12/04,0
05/13/04,0
05/14/04,0
05/15/04,0
05/16/04,0.6
05/17/04,0.3
05/18/04,0
05/19/04,0
05/20/04,0
05/21/04,0
05/22/04,0
05/23/04,0
05/24/04,0
05/25/04,1.2
05/26/04,0.1
05/27/04,0
05/28/04,0
05/29/04,0
05/30/04,0
05/31/04,1.5
06/01/04,0
06/02/04,0
06/03/04,0
06/04/04,0
06/05/04,0
06/06/04,0
06/07/04,0
06/08/04,0
06/09/04,4
06/10/04,7.5
06/11/04,0
06/12/04,0
06/13/04,0
06/14/04,0
06/15/04,0
06/16/04,0
06/17/04,0
06/18/04,0
06/19/04,0
06/20/04,24
06/21/04,0
06/22/04,0
06/23/04,0
06/24/04,0
06/25/04,9
06/26/04,0
06/27/04,0
06/28/04,0
06/29/04,0
06/30/04,0
07/01/04,0
07/02/04,0
07/03/04,0
07/04/04,6.5
07/05/04,0
07/06/04,0
07/07/04,0.2
07/08/04,0
07/09/04,5
07/10/04,1
07/11/04,0
07/12/04,0
07/13/04,0
07/14/04,0
07/15/04,0
07/16/04,0
07/17/04,0
07/18/04,0
07/19/04,0
07/20/04,0
07/21/04,2
07/22/04,5
07/23/04,17
07/24/04,5
07/25/04,11
07/26/04,0
07/27/04,0
07/28/04,18.5
07/29/04,0
07/30/04,0
07/31/04,0
08/01/04,0
08/02/04,0
08/03/04,0
08/04/04,23
08/05/04,8
08/06/04,0
08/07/04,0
08/08/04,0
08/09/04,0
08/10/04,0
08/11/04,0
08/12/04,0
08/13/04,0
08/14/04,0
08/15/04,7
08/16/04,38
08/17/04,12.5
08/18/04,0
08/19/04,28
08/20/04,50
08/21/04,5
08/22/04,0
08/23/04,0
08/24/04,0
08/25/04,0
08/26/04,0
08/27/04,0
08/28/04,0
08/29/04,0
08/30/04,0
08/31/04,0
09/01/04,3
09/02/04,0
09/03/04,0
09/04/04,3.5
09/05/04,0
09/06/04,0
09/07/04,0
09/08/04,0
09/09/04,0
09/10/04,0
09/11/04,0
09/12/04,0
09/13/04,0
09/14/04,0
09/15/04,0
09/16/04,0
09/17/04,0
09/18/04,10
09/19/04,2
09/20/04,0
09/21/04,0
09/22/04,0
09/23/04,0
09/24/04,0
09/25/04,0
09/26/04,0
09/27/04,0
09/28/04,2
09/29/04,0
09/30/04,5
10/01/04,0
10/02/04,0
10/03/04,3.5
10/04/04,0
10/05/04,0
10/06/04,0
10/07/04,0
10/08/04,3
10/09/04,0
10/10/04,9
10/11/04,1
10/12/04,12.3
10/13/04,4
10/14/04,0
10/15/04,0.8
10/16/04,0
10/17/04,0.7
10/18/04,0
10/19/04,0
10/20/04,0
10/21/04,0
10/22/04,1
10/23/04,0
10/24/04,0
10/25/04,1
10/26/04,1
10/27/04,0
10/28/04,2
10/29/04,0.5
10/30/04,0
10/31/04,1
11/01/04,0
11/02/04,2.5
11/03/04,0
11/04/04,32
11/05/04,6
11/06/04,0
11/07/04,0
11/08/04,0.5
11/09/04,1
11/10/04,3.5
11/11/04,0
11/12/04,0
11/13/04,0
11/14/04,6
11/15/04,23.5
11/16/04,0.7
11/17/04,2
11/18/04,0
11/19/04,0
11/20/04,0
11/21/04,0
11/22/04,0
11/23/04,0.8
11/24/04,0
11/25/04,0
11/26/04,0
11/27/04,0
11/28/04,0
11/29/04,0
11/30/04,0
12/01/04,0
12/02/04,0
12/03/04,8
12/04/04,0
12/05/04,1
12/06/04,0
12/07/04,0
12/08/04,0
12/09/04,0
12/10/04,0
12/11/04,0
12/12/04,0
12/13/04,0
12/14/04,0
12/15/04,13
12/16/04,0
12/17/04,3
12/18/04,6
12/19/04,0
12/20/04,0
12/21/04,0.5
12/22/04,0
12/23/04,0
12/24/04,3.5
12/25/04,0
12/26/04,0
12/27/04,0
12/28/04,0
12/29/04,0
12/30/04,0
12/31/04,0
01/01/05,0
01/02/05,0
01/03/05,9
01/04/05,0
01/05/05,0
01/06/05,1
01/07/05,25
01/08/05,3
01/09/05,0
01/10/05,0
01/11/05,0
01/12/05,11
01/13/05,0
01/14/05,5
01/15/05,0
01/16/05,0
01/17/05,0
01/18/05,0
01/19/05,2
01/20/05,0
01/21/05,0
01/22/05,0.5
01/23/05,0
01/24/05,0
01/25/05,0
01/26/05,0
01/27/05,0
01/28/05,0
01/29/05,33.5
01/30/05,30
01/31/05,23.5
02/01/05,0
02/02/05,0
02/03/05,0
02/04/05,0
02/05/05,0
02/06/05,0
02/07/05,6.5
02/08/05,4
02/09/05,0.7
02/10/05,1
02/11/05,0.8
02/12/05,0
02/13/05,0
02/14/05,0
02/15/05,0
02/16/05,0
02/17/05,0
02/18/05,0
02/19/05,0
02/20/05,0
02/21/05,26
02/22/05,0
02/23/05,0
02/24/05,1.1
02/25/05,0
02/26/05,0
02/27/05,0
02/28/05,0
03/01/05,0
03/02/05,0
03/03/05,0
03/04/05,0
03/05/05,0
03/06/05,37
03/07/05,23.8
03/08/05,0
03/09/05,0
03/10/05,0
03/11/05,0
03/12/05,0
03/13/05,0
03/14/05,0
03/15/05,0
03/16/05,0
03/17/05,8
03/18/05,0
03/19/05,
03/20/05,0
03/21/05,0
03/22/05,0
03/23/05,0
03/24/05,0
03/25/05,0
03/26/05,
03/27/05,
03/28/05,10
03/29/05,0
03/30/05,0
03/31/05,0
04/01/05,2
04/02/05,0
04/03/05,0
04/04/05,0
04/05/05,0
04/06/05,0
04/07/05,7
04/08/05,0
04/09/05,0
04/10/05,0
04/11/05,0
04/12/05,0
04/13/05,0
04/14/05,0
04/15/05,0
04/16/05,0
04/17/05,0
04/18/05,0
04/19/05,0
04/20/05,0
04/21/05,0
04/22/05,0
04/23/05,0
04/24/05,1
04/25/05,0
04/26/05,0
04/27/05,0
04/28/05,0
04/29/05,0
04/30/05,0
05/01/05,0
05/02/05,0
05/03/05,0
05/04/05,2.5
05/05/05,0
05/06/05,0
05/07/05,0
05/08/05,0
05/09/05,0
05/10/05,35.5
05/11/05,0
05/12/05,0
05/13/05,5
05/14/05,3
05/15/05,0
05/16/05,0
05/17/05,0
05/18/05,0.5
05/19/05,0
05/20/05,0
05/21/05,0
05/22/05,0
05/23/05,0
05/24/05,0
05/25/05,0
05/26/05,0
05/27/05,0
05/28/05,0
05/29/05,0
05/30/05,0
05/31/05,0.6
06/01/05,65.6
06/02/05,23
06/03/05,0.2
06/04/05,14
06/05/05,0
06/06/05,16
06/07/05,23
06/08/05,2
06/09/05,8
06/10/05,17
06/11/05,0
06/12/05,0
06/13/05,0
06/14/05,0.5
06/15/05,4
06/16/05,1
06/17/05,3.5
06/18/05,1.3
06/19/05,1
06/20/05,1
06/21/05,0.6
06/22/05,0
06/23/05,0
06/24/05,0
06/25/05,0
06/26/05,0
06/27/05,3
06/28/05,0
06/29/05,0
06/30/05,0.8
07/01/05,9.3
07/02/05,1
07/03/05,4
07/04/05,1
07/05/05,3.5
07/06/05,0
07/07/05,0
07/08/05,0
07/09/05,0
07/10/05,0
07/11/05,0
07/12/05,0
07/13/05,0
07/14/05,0
07/15/05,12
07/16/05,
07/17/05,1
07/18/05,0
07/19/05,0
07/20/05,0
07/21/05,4
07/22/05,13
07/23/05,1.7
07/24/05,5
07/25/05,0.7
07/26/05,0
07/27/05,0
07/28/05,0
07/29/05,0
07/30/05,0
07/31/05,0
08/01/05,0
08/02/05,5
08/03/05,0
08/04/05,10
08/05/05,20
08/06/05,0
08/07/05,0.5
08/08/05,0
08/09/05,0
08/10/05,0
08/11/05,0
08/12/05,0
08/13/05,0
08/14/05,2
08/15/05,6
08/16/05,3
08/17/05,0
08/18/05,0
08/19/05,0
08/20/05,0
08/21/05,9
08/22/05,17
08/23/05,92
08/24/05,0
08/25/05,0
08/26/05,0
08/27/05,0.6
08/28/05,0
08/29/05,4.5
08/30/05,0
08/31/05,0
09/01/05,0.5
09/02/05,0
09/03/05,0
09/04/05,0
09/05/05,0
09/06/05,0
09/07/05,0
09/08/05,0
09/09/05,0
09/10/05,2
09/11/05,1
09/12/05,3
09/13/05,0
09/14/05,0
09/15/05,0
09/16/05,0
09/17/05,0
09/18/05,0
09/19/05,0
09/20/05,0
09/21/05,0
09/22/05,0
09/23/05,25
09/24/05,0
09/25/05,0
09/26/05,0
09/27/05,0
09/28/05,0
09/29/05,15
09/30/05,1
10/01/05,0
10/02/05,15
10/03/05,25.5
10/04/05,0
10/05/05,0.3
10/06/05,0
10/07/05,0
10/08/05,0
10/09/05,0
10/10/05,0
10/11/05,7.5
10/12/05,1.5
10/13/05,0
10/14/05,0
10/15/05,0
10/16/05,0
10/17/05,0
10/18/05,0
10/19/05,0
10/20/05,0
10/21/05,2.5
10/22/05,0
10/23/05,0
10/24/05,0
10/25/05,2.6
10/26/05,3
10/27/05,1
10/28/05,0
10/29/05,0
10/30/05,0
10/31/05,2
11/01/05,0
11/02/05,0
11/03/05,3.5
11/04/05,0
11/05/05,0
11/06/05,0
11/07/05,0
11/08/05,0
11/09/05,0
11/10/05,0
11/11/05,0
11/12/05,0
11/13/05,0
11/14/05,31
11/15/05,0
11/16/05,0
11/17/05,37
11/18/05,0
11/19/05,0
11/20/05,9
11/21/05,0
11/22/05,0
11/23/05,0
11/24/05,0
11/25/05,0
11/26/05,0
11/27/05,0
11/28/05,0
11/29/05,13
11/30/05,0
12/01/05,0
12/02/05,0
12/03/05,5
12/04/05,0
12/05/05,0
12/06/05,0
12/07/05,0
12/08/05,0
12/09/05,0
12/10/05,0
12/11/05,0
12/12/05,0
12/13/05,0
12/14/05,0
12/15/05,0
12/16/05,3
12/17/05,0
12/18/05,10
12/19/05,11
12/20/05,0
12/21/05,11
12/22/05,0.2
12/23/05,0
12/24/05,0
12/25/05,0
12/26/05,0
12/27/05,0
12/28/05,3
12/29/05,0
12/30/05,0
12/31/05,0
01/01/06,7
01/02/06,0
01/03/06,0
01/04/06,0
01/05/06,5
01/06/06,0
01/07/06,10
01/08/06,0
01/09/06,35
01/10/06,0
01/11/06,55
01/12/06,11.5
01/13/06,0
01/14/06,125
01/15/06,0
01/16/06,0
01/17/06,0
01/18/06,0
01/19/06,0
01/20/06,11
01/21/06,0
01/22/06,0
01/23/06,0
01/24/06,12
01/25/06,0
01/26/06,0
01/27/06,0
01/28/06,0
01/29/06,0
01/30/06,0
01/31/06,0
02/01/06,0
02/02/06,0
02/03/06,0
02/04/06,34
02/05/06,0
02/06/06,0
02/07/06,0
02/08/06,0
02/09/06,0
02/10/06,0
02/11/06,0
02/12/06,0
02/13/06,0
02/14/06,0
02/15/06,0
02/16/06,0
02/17/06,0
02/18/06,0
02/19/06,0
02/20/06,0
02/21/06,0
02/22/06,1
02/23/06,36
02/24/06,3
02/25/06,4
02/26/06,7.5
02/27/06,0
02/28/06,0
03/01/06,0
03/02/06,0
03/03/06,5
03/04/06,1
03/05/06,0
03/06/06,0.5
03/07/06,12
03/08/06,0
03/09/06,0
03/10/06,0
03/11/06,0.4
03/12/06,0
03/13/06,3
03/14/06,15.5
03/15/06,1
03/16/06,4
03/17/06,0
03/18/06,0
03/19/06,0
03/20/06,0
03/21/06,0
03/22/06,0
03/23/06,0
03/24/06,0
03/25/06,0
03/26/06,0
03/27/06,0
03/28/06,0
03/29/06,0
03/30/06,0
03/31/06,0
04/01/06,0
04/02/06,0
04/03/06,13
04/04/06,21
04/05/06,0
04/06/06,0
04/07/06,0
04/08/06,0
04/09/06,0
04/10/06,0
04/11/06,0
04/12/06,0
04/13/06,30
04/14/06,0
04/15/06,0
04/16/06,0
04/17/06,0
04/18/06,0
04/19/06,0
04/20/06,16
04/21/06,2
04/22/06,0
04/23/06,0
04/24/06,0
04/25/06,0
04/26/06,0
04/27/06,0
04/28/06,13
04/29/06,0
04/30/06,13
05/01/06,0
05/02/06,0
05/03/06,0
05/04/06,0
05/05/06,0
05/06/06,0.2
05/07/06,0
05/08/06,0
05/09/06,0
05/10/06,0.9
05/11/06,0
05/12/06,0
05/13/06,0
05/14/06,0
05/15/06,0
05/16/06,0
05/17/06,0
05/18/06,0.8
05/19/06,0
05/20/06,0
05/21/06,0
05/22/06,2
05/23/06,0
05/24/06,0
05/25/06,0
05/26/06,3.3
05/27/06,0
05/28/06,0
05/29/06,0
05/30/06,0
05/31/06,0
06/01/06,0
06/02/06,9
06/03/06,7
06/04/06,0
06/05/06,0
06/06/06,0
06/07/06,0
06/08/06,24
06/09/06,0
06/10/06,0
06/11/06,0
06/12/06,0
06/13/06,0
06/14/06,0
06/15/06,0
06/16/06,0
06/17/06,8
06/18/06,0
06/19/06,5
06/20/06,0
06/21/06,0
06/22/06,0
06/23/06,0
06/24/06,16
06/25/06,16
06/26/06,2
06/27/06,0
06/28/06,0
06/29/06,0.1
06/30/06,0
07/01/06,0
07/02/06,0
07/03/06,0
07/04/06,0
07/05/06,0
07/06/06,0
07/07/06,12
07/08/06,4
07/09/06,0
07/10/06,0
07/11/06,0.8
07/12/06,0.1
07/13/06,0
07/14/06,0
07/15/06,0
07/16/06,0
07/17/06,0
07/18/06,0
07/19/06,0
07/20/06,0
07/21/06,4
07/22/06,2
07/23/06,0
07/24/06,0.5
07/25/06,8
07/26/06,18
07/27/06,0
07/28/06,19
07/29/06,0.9
07/30/06,2
07/31/06,2
08/01/06,0
08/02/06,0
08/03/06,0
08/04/06,0
08/05/06,0
08/06/06,0
08/07/06,0
08/08/06,5
08/09/06,7
08/10/06,0
08/11/06,0
08/12/06,0
08/13/06,6
08/14/06,0
08/15/06,2
08/16/06,0
08/17/06,0
08/18/06,0
08/19/06,4
08/20/06,0.2
08/21/06,0
08/22/06,0
08/23/06,0
08/24/06,0
08/25/06,0
08/26/06,0
08/27/06,0
08/28/06,0
08/29/06,0
08/30/06,0
08/31/06,0
09/01/06,8
09/02/06,15
09/03/06,3
09/04/06,4.5
09/05/06,0
09/06/06,0
09/07/06,0
09/08/06,0
09/09/06,0
09/10/06,0.5
09/11/06,0
09/12/06,0
09/13/06,0
09/14/06,0
09/15/06,0
09/16/06,0
09/17/06,0
09/18/06,0
09/19/06,0
09/20/06,0
09/21/06,0
09/22/06,12
09/23/06,0
09/24/06,0
09/25/06,0
09/26/06,0.8
09/27/06,0
09/28/06,0
09/29/06,0
09/30/06,0
10/01/06,0
10/02/06,4
10/03/06,16
10/04/06,19.5
10/05/06,0
10/06/06,0
10/07/06,0
10/08/06,0
10/09/06,0
10/10/06,38
10/11/06,0
10/12/06,0
10/13/06,3
10/14/06,0.3
10/15/06,0
10/16/06,0
10/17/06,0
10/18/06,0
10/19/06,0
10/20/06,9
10/21/06,0
10/22/06,0
10/23/06,0
10/24/06,50
10/25/06,0
10/26/06,0
10/27/06,0
10/28/06,8
10/29/06,0
10/30/06,0
10/31/06,0
11/01/06,0
11/02/06,0
11/03/06,0
11/04/06,0
11/05/06,8
11/06/06,0
11/07/06,0
11/08/06,0
11/09/06,0
11/10/06,0
11/11/06,0
11/12/06,0
11/13/06,0
11/14/06,38
11/15/06,13.5
11/16/06,0
11/17/06,0
11/18/06,0
11/19/06,0
11/20/06,0
11/21/06,5
11/22/06,0
11/23/06,3.5
11/24/06,6
11/25/06,0
11/26/06,0
11/27/06,1
11/28/06,0
11/29/06,0
11/30/06,0
12/01/06,8
12/02/06,3
12/03/06,0
12/04/06,0
12/05/06,0
12/06/06,0
12/07/06,0
12/08/06,4
12/09/06,0
12/10/06,0
12/11/06,0.7
12/12/06,0.7
12/13/06,0.2
12/14/06,2
12/15/06,0
12/16/06,22
12/17/06,0
12/18/06,0
12/19/06,38.5
12/20/06,0
12/21/06,0
12/22/06,0
12/23/06,0
12/24/06,0
12/25/06,0
12/26/06,0
12/27/06,0
12/28/06,6
12/29/06,34
12/30/06,0
12/31/06,0
01/01/07,17
01/02/07,9
01/03/07,0
01/04/07,0
01/05/07,0
01/06/07,0
01/07/07,0
01/08/07,0
01/09/07,0.5
01/10/07,0
01/11/07,0
01/12/07,0
01/13/07,0.8
01/14/07,0
01/15/07,0
01/16/07,0
01/17/07,11
01/18/07,0
01/19/07,0
01/20/07,0
01/21/07,0
01/22/07,0
01/23/07,0
01/24/07,0
01/25/07,0
01/26/07,6
01/27/07,0
01/28/07,0
01/29/07,0
01/30/07,0
01/31/07,0
02/01/07,0
02/02/07,0
02/03/07,0
02/04/07,0
02/05/07,0.6
02/06/07,1.7
02/07/07,0
02/08/07,0
02/09/07,1.8
02/10/07,0.5
02/11/07,0
02/12/07,0
02/13/07,0
02/14/07,0.8
02/15/07,17.5
02/16/07,5
02/17/07,6.5
02/18/07,0
02/19/07,0
02/20/07,0
02/21/07,6.5
02/22/07,0
02/23/07,4
02/24/07,1
02/25/07,14
02/26/07,41
02/27/07,0
02/28/07,26
03/01/07,7
03/02/07,0
03/03/07,1
03/04/07,5
03/05/07,0
03/06/07,0.5
03/07/07,40
03/08/07,6
03/09/07,3
03/10/07,6
03/11/07,0
03/12/07,0
03/13/07,0
03/14/07,1
03/15/07,0
03/16/07,20
03/17/07,1
03/18/07,0
03/19/07,0
03/20/07,0
03/21/07,0
03/22/07,15
03/23/07,0
03/24/07,0
03/25/07,0
03/26/07,5
03/27/07,0
03/28/07,0
03/29/07,5
03/30/07,6
03/31/07,0
04/01/07,10
04/02/07,0
04/03/07,0
04/04/07,0
04/05/07,0
04/06/07,0
04/07/07,3
04/08/07,0
04/09/07,3
04/10/07,1
04/11/07,40
04/12/07,0
04/13/07,0
04/14/07,8
04/15/07,11
04/16/07,14
04/17/07,16.5
04/18/07,0
04/19/07,2
04/20/07,0.2
04/21/07,0
04/22/07,62
04/23/07,0
04/24/07,0
04/25/07,2
04/26/07,0
04/27/07,0
04/28/07,0
04/29/07,0
04/30/07,1
05/01/07,25
05/02/07,0
05/03/07,4
05/04/07,1
05/05/07,0
05/06/07,0
05/07/07,4
05/08/07,8
05/09/07,0
05/10/07,0
05/11/07,0
05/12/07,0
05/13/07,0
05/14/07,0
05/15/07,3
05/16/07,0
05/17/07,0
05/18/07,0
05/19/07,0
05/20/07,0
05/21/07,0
05/22/07,2
05/23/07,0
05/24/07,0
05/25/07,0
05/26/07,0
05/27/07,2
05/28/07,10
05/29/07,3
05/30/07,0
05/31/07,1
06/01/07,1
06/02/07,0
06/03/07,0
06/04/07,0
06/05/07,0
06/06/07,0
06/07/07,0
06/08/07,0
06/09/07,0
06/10/07,0
06/11/07,0
06/12/07,0
06/13/07,1
06/14/07,2
06/15/07,0
06/16/07,0
06/17/07,0
06/18/07,0
06/19/07,0
06/20/07,0
06/21/07,0
06/22/07,3
06/23/07,0
06/24/07,0
06/25/07,0
06/26/07,0
06/27/07,0
06/28/07,0
06/29/07,0
06/30/07,0
07/01/07,0
07/02/07,0
07/03/07,0
07/04/07,0
07/05/07,0
07/06/07,0
07/07/07,0
07/08/07,0
07/09/07,0
07/10/07,0
07/11/07,0
07/12/07,0
07/13/07,18
07/14/07,19
07/15/07,0
07/16/07,0
07/17/07,0
07/18/07,0
07/19/07,0
07/20/07,0
07/21/07,4
07/22/07,21.5
07/23/07,0
07/24/07,0
07/25/07,0
07/26/07,0
07/27/07,0
07/28/07,0
07/29/07,0
07/30/07,0
07/31/07,0
08/01/07,0
08/02/07,2
08/03/07,21
08/04/07,0.5
08/05/07,2
08/06/07,0
08/07/07,0
08/08/07,0
08/09/07,0
08/10/07,4
08/11/07,0
08/12/07,16
08/13/07,0
08/14/07,7
08/15/07,0
08/16/07,2
08/17/07,0
08/18/07,0
08/19/07,0
08/20/07,0
08/21/07,0
08/22/07,0
08/23/07,0
08/24/07,0
08/25/07,0
08/26/07,0
08/27/07,0
08/28/07,0
08/29/07,0
08/30/07,0
08/31/07,0
09/01/07,0
09/02/07,0
09/03/07,0
09/04/07,0
09/05/07,0
09/06/07,0
09/07/07,0
09/08/07,0
09/09/07,11
09/10/07,14
09/11/07,22
09/12/07,6
09/13/07,30
09/14/07,13
09/15/07,2
09/16/07,0
09/17/07,7
09/18/07,31
09/19/07,0
09/20/07,0
09/21/07,0
09/22/07,0
09/23/07,14
09/24/07,0
09/25/07,0
09/26/07,0
09/27/07,0
09/28/07,0
09/29/07,0
09/30/07,1
10/01/07,17
10/02/07,18
10/03/07,0
10/04/07,0
10/05/07,2
10/06/07,0
10/07/07,0
10/08/07,2.5
10/09/07,10
10/10/07,0
10/11/07,1
10/12/07,8
10/13/07,0
10/14/07,0
10/15/07,0
10/16/07,0
10/17/07,0
10/18/07,0
10/19/07,10
10/20/07,0
10/21/07,0
10/22/07,0
10/23/07,0
10/24/07,0
10/25/07,16
10/26/07,0
10/27/07,0
10/28/07,0
10/29/07,0
10/30/07,23
10/31/07,0
11/01/07,0
11/02/07,0
11/03/07,0
11/04/07,1
11/05/07,0
11/06/07,0
11/07/07,0
11/08/07,0
11/09/07,13.5
11/10/07,6.5
11/11/07,0.5
11/12/07,0
11/13/07,17
11/14/07,5
11/15/07,0
11/16/07,0
11/17/07,11
11/18/07,0
11/19/07,0
11/20/07,0
11/21/07,0
11/22/07,4
11/23/07,0
11/24/07,0
11/25/07,0
11/26/07,0
11/27/07,0
11/28/07,0
11/29/07,0
11/30/07,0
12/01/07,0
12/02/07,0
12/03/07,16
12/04/07,5
12/05/07,0
12/06/07,1
12/07/07,0
12/08/07,0
12/09/07,12
12/10/07,0
12/11/07,0
12/12/07,0
12/13/07,0
12/14/07,0
12/15/07,0
12/16/07,0
12/17/07,0
12/18/07,0
12/19/07,0
12/20/07,0
12/21/07,0.3
12/22/07,0
12/23/07,0
12/24/07,0
12/25/07,0
12/26/07,0
12/27/07,1
12/28/07,0
12/29/07,0
12/30/07,0
12/31/07,0
01/01/08,0
01/02/08,7
01/03/08,0
01/04/08,0
01/05/08,0
01/06/08,0
01/07/08,0
01/08/08,0
01/09/08,0.2
01/10/08,0
01/11/08,0
01/12/08,0
01/13/08,0
01/14/08,0
01/15/08,16
01/16/08,0
01/17/08,0
01/18/08,0
01/19/08,0
01/20/08,0
01/21/08,7.5
01/22/08,0
01/23/08,0
01/24/08,0
01/25/08,0
01/26/08,0
01/27/08,2
01/28/08,3
01/29/08,3.5
01/30/08,0
01/31/08,0
02/01/08,0
02/02/08,0
02/03/08,0
02/04/08,0
02/05/08,0
02/06/08,5
02/07/08,0
02/08/08,63.5
02/09/08,2
02/10/08,0
02/11/08,0
02/12/08,0
02/13/08,0
02/14/08,0
02/15/08,21
02/16/08,0
02/17/08,0
02/18/08,0
02/19/08,6
02/20/08,0
02/21/08,0
02/22/08,0
02/23/08,4
02/24/08,0
02/25/08,87.5
02/26/08,36.5
02/27/08,0
02/28/08,17
02/29/08,25
03/01/08,20
03/02/08,35
03/03/08,12.5
03/04/08,2
03/05/08,0
03/06/08,3.5
03/07/08,2
03/08/08,0
03/09/08,1
03/10/08,0
03/11/08,0
03/12/08,0
03/13/08,0
03/14/08,0
03/15/08,0
03/16/08,0
03/17/08,0
03/18/08,0
03/19/08,35
03/20/08,0
03/21/08,0
03/22/08,0
03/23/08,0
03/24/08,0
03/25/08,9
03/26/08,0
03/27/08,0
03/28/08,0
03/29/08,0
03/30/08,0
03/31/08,2
04/01/08,8
04/02/08,0
04/03/08,0
04/04/08,0
04/05/08,0
04/06/08,0
04/07/08,0
04/08/08,0
04/09/08,0
04/10/08,7
04/11/08,5.5
04/12/08,0
04/13/08,0
04/14/08,0
04/15/08,0
04/16/08,0
04/17/08,0
04/18/08,0
04/19/08,0
04/20/08,0
04/21/08,0
04/22/08,0
04/23/08,0
04/24/08,0
04/25/08,0
04/26/08,0
04/27/08,0
04/28/08,2
04/29/08,0
04/30/08,0
05/01/08,0
05/02/08,0
05/03/08,0
05/04/08,0
05/05/08,0
05/06/08,0
05/07/08,0
05/08/08,0
05/09/08,0
05/10/08,0
05/11/08,0
05/12/08,0
05/13/08,0
05/14/08,0
05/15/08,0
05/16/08,0
05/17/08,18
05/18/08,22
05/19/08,0
05/20/08,7
05/21/08,0
05/22/08,1
05/23/08,11.5
05/24/08,4
05/25/08,1
05/26/08,0
05/27/08,0
05/28/08,0
05/29/08,0
05/30/08,0
05/31/08,0
06/01/08,0
06/02/08,0
06/03/08,0
06/04/08,2
06/05/08,0.1
06/06/08,0
06/07/08,0
06/08/08,0
06/09/08,6
06/10/08,0
06/11/08,0
06/12/08,0
06/13/08,0
06/14/08,2
06/15/08,0
06/16/08,0
06/17/08,0
06/18/08,0
06/19/08,24
06/20/08,10
06/21/08,0
06/22/08,0
06/23/08,0
06/24/08,0
06/25/08,0
06/26/08,0
06/27/08,0
06/28/08,0
06/29/08,0
06/30/08,0
07/01/08,0
07/02/08,0
07/03/08,0
07/04/08,0.7
07/05/08,0
07/06/08,7
07/07/08,28
07/08/08,0
07/09/08,0
07/10/08,0
07/11/08,16
07/12/08,3
07/13/08,0
07/14/08,0
07/15/08,0
07/16/08,0
07/17/08,0
07/18/08,0
07/19/08,0
07/20/08,0.5
07/21/08,12
07/22/08,0
07/23/08,0
07/24/08,0
07/25/08,0
07/26/08,0
07/27/08,0
07/28/08,0
07/29/08,0
07/30/08,0
07/31/08,0
08/01/08,10
08/02/08,8
08/03/08,0
08/04/08,2
08/05/08,0
08/06/08,0
08/07/08,0
08/08/08,0
08/09/08,0
08/10/08,0
08/11/08,0
08/12/08,0
08/13/08,0
08/14/08,0
08/15/08,0.8
08/16/08,5
08/17/08,0
08/18/08,0
08/19/08,0
08/20/08,14
08/21/08,0
08/22/08,0
08/23/08,0
08/24/08,0
08/25/08,0
08/26/08,18
08/27/08,19
08/28/08,0
08/29/08,0
08/30/08,0
08/31/08,0
09/01/08,0
09/02/08,0
09/03/08,0
09/04/08,1
09/05/08,0
09/06/08,0
09/07/08,0
09/08/08,0
09/09/08,0
09/10/08,0
09/11/08,5
09/12/08,0
09/13/08,0.6
09/14/08,0
09/15/08,0
09/16/08,0
09/17/08,0
09/18/08,0
09/19/08,14
09/20/08,5
09/21/08,0
09/22/08,0
09/23/08,0
09/24/08,0
09/25/08,0
09/26/08,0
09/27/08,0
09/28/08,8
09/29/08,0.8
09/30/08,0.7
10/01/08,1.5
10/02/08,0
10/03/08,1
10/04/08,0
10/05/08,0
10/06/08,0.7
10/07/08,0
10/08/08,0
10/09/08,0
10/10/08,0
10/11/08,0
10/12/08,0
10/13/08,0
10/14/08,0
10/15/08,0
10/16/08,0
10/17/08,0
10/18/08,0
10/19/08,0
10/20/08,3
10/21/08,0
10/22/08,0
10/23/08,0
10/24/08,0
10/25/08,0
10/26/08,2
10/27/08,0
10/28/08,8.5
10/29/08,10.5
10/30/08,0
10/31/08,0
11/01/08,0.6
11/02/08,0
11/03/08,15
11/04/08,0
11/05/08,0
11/06/08,0
11/07/08,9
11/08/08,5
11/09/08,0.8
11/10/08,0
11/11/08,40
11/12/08,0
11/13/08,0
11/14/08,0
11/15/08,0.2
11/16/08,0
11/17/08,0.5
11/18/08,0
11/19/08,0
11/20/08,0
11/21/08,0
11/22/08,0
11/23/08,0
11/24/08,0
11/25/08,0
11/26/08,0
11/27/08,0
11/28/08,22
11/29/08,0
11/30/08,1.5
12/01/08,0
12/02/08,0
12/03/08,0
12/04/08,0
12/05/08,0
12/06/08,0
12/07/08,0
12/08/08,1
12/09/08,0.8
12/10/08,0
12/11/08,0
12/12/08,0
12/13/08,0
12/14/08,0
12/15/08,0
12/16/08,0
12/17/08,0
12/18/08,0
12/19/08,0
12/20/08,2
12/21/08,0
12/22/08,0
12/23/08,0
12/24/08,3
12/25/08,0
12/26/08,0
12/27/08,4
12/28/08,0
12/29/08,0
12/30/08,3
12/31/08,0
01/01/09,0
01/02/09,0
01/03/09,0
01/04/09,0
01/05/09,0
01/06/09,5
01/07/09,0
01/08/09,0
01/09/09,0
01/10/09,0
01/11/09,0
01/12/09,0
01/13/09,0
01/14/09,0
01/15/09,0
01/16/09,0
01/17/09,0
01/18/09,0
01/19/09,0
01/20/09,0
01/21/09,0
01/22/09,0
01/23/09,0
01/24/09,0
01/25/09,0
01/26/09,0
01/27/09,0
01/28/09,0
01/29/09,0.3
01/30/09,0
01/31/09,0.1
02/01/09,0
02/02/09,7
02/03/09,0
02/04/09,0
02/05/09,8
02/06/09,0
02/07/09,0
02/08/09,0
02/09/09,0
02/10/09,23
02/11/09,0
02/12/09,0
02/13/09,0
02/14/09,0
02/15/09,0
02/16/09,7
02/17/09,0
02/18/09,0
02/19/09,0
02/20/09,0.6
02/21/09,0
02/22/09,4
02/23/09,0
02/24/09,0
02/25/09,0
02/26/09,0
02/27/09,0
02/28/09,0
03/01/09,21
03/02/09,0
03/03/09,11
03/04/09,11
03/05/09,0
03/06/09,63
03/07/09,5
03/08/09,2
03/09/09,1
03/10/09,0
03/11/09,1
03/12/09,0.8
03/13/09,0
03/14/09,0
03/15/09,0.9
03/16/09,0
03/17/09,0
03/18/09,0
03/19/09,0
03/20/09,0
03/21/09,0
03/22/09,0
03/23/09,0
03/24/09,0
03/25/09,0
03/26/09,0
03/27/09,0
03/28/09,0
03/29/09,1
03/30/09,3
03/31/09,0
04/01/09,0
04/02/09,0
04/03/09,56
04/04/09,0
04/05/09,0
04/06/09,0
04/07/09,0
04/08/09,0
04/09/09,0
04/10/09,0
04/11/09,0
04/12/09,0
04/13/09,0
04/14/09,0
04/15/09,0
04/16/09,0
04/17/09,3
04/18/09,0
04/19/09,0.3
04/20/09,0
04/21/09,0
04/22/09,0
04/23/09,0
04/24/09,0
04/25/09,0
04/26/09,0
04/27/09,0
04/28/09,0
04/29/09,0
04/30/09,0
05/01/09,0
05/02/09,0
05/03/09,0
05/04/09,0
05/05/09,0
05/06/09,0
05/07/09,0
05/08/09,0
05/09/09,0
05/10/09,12
05/11/09,9
05/12/09,26
05/13/09,6
05/14/09,1
05/15/09,0
05/16/09,0
05/17/09,0
05/18/09,0
05/19/09,0
05/20/09,0
05/21/09,0
05/22/09,0
05/23/09,0
05/24/09,25
05/25/09,19
05/26/09,0
05/27/09,0
05/28/09,0
05/29/09,0
05/30/09,0
05/31/09,3
06/01/09,5
06/02/09,0
06/03/09,0
06/04/09,1
06/05/09,0.8
06/06/09,0
06/07/09,0
06/08/09,0
06/09/09,0
06/10/09,0
06/11/09,0
06/12/09,0
06/13/09,0
06/14/09,0
06/15/09,0
06/16/09,0
06/17/09,0
06/18/09,0
06/19/09,0
06/20/09,0
06/21/09,0
06/22/09,0
06/23/09,0
06/24/09,0
06/25/09,0
06/26/09,0
06/27/09,0
06/28/09,6
06/29/09,103
06/30/09,1
07/01/09,0
07/02/09,0
07/03/09,0
07/04/09,0.3
07/05/09,12
07/06/09,1
07/07/09,0
07/08/09,0
07/09/09,0
07/10/09,0
07/11/09,0
07/12/09,0
07/13/09,0
07/14/09,0
07/15/09,0
07/16/09,0
07/17/09,0
07/18/09,0
07/19/09,0
07/20/09,7
07/21/09,65
07/22/09,0
07/23/09,0
07/24/09,0
07/25/09,0
07/26/09,0
07/27/09,0
07/28/09,0
07/29/09,0
07/30/09,0
07/31/09,0
08/01/09,0
08/02/09,0
08/03/09,0
08/04/09,0
08/05/09,0
08/06/09,0
08/07/09,0
08/08/09,0
08/09/09,0
08/10/09,0
08/11/09,0
08/12/09,0
08/13/09,0
08/14/09,0
08/15/09,4
08/16/09,3
08/17/09,0
08/18/09,0
08/19/09,0
08/20/09,0
08/21/09,0
08/22/09,0
08/23/09,0
08/24/09,0
08/25/09,0
08/26/09,0
08/27/09,0
08/28/09,0
08/29/09,0
08/30/09,25
08/31/09,0.3
09/01/09,0
09/02/09,0
09/03/09,0
09/04/09,0
09/05/09,0
09/06/09,16
09/07/09,24
09/08/09,4
09/09/09,0
09/10/09,0
09/11/09,0
09/12/09,0
09/13/09,0
09/14/09,0
09/15/09,0
09/16/09,0
09/17/09,5
09/18/09,2
09/19/09,
09/20/09,
09/21/09,0
09/22/09,0.1
09/23/09,0
09/24/09,0
09/25/09,0
09/26/09,0
09/27/09,0
09/28/09,0
09/29/09,0
09/30/09,0
10/01/09,0
10/02/09,0
10/03/09,0
10/04/09,0
10/05/09,0
10/06/09,0
10/07/09,0
10/08/09,0
10/09/09,0
10/10/09,43
10/11/09,0.8
10/12/09,0
10/13/09,0
10/14/09,0
10/15/09,1
10/16/09,0
10/17/09,0
10/18/09,0
10/19/09,0
10/20/09,0
10/21/09,0
10/22/09,0
10/23/09,11
10/24/09,0
10/25/09,0
10/26/09,0
10/27/09,0
10/28/09,0
10/29/09,4
10/30/09,0
10/31/09,0
11/01/09,26
11/02/09,68
11/03/09,0
11/04/09,0
11/05/09,0
11/06/09,0
11/07/09,0
11/08/09,0
11/09/09,0
11/10/09,0
11/11/09,0
11/12/09,3
11/13/09,10
11/14/09,0
11/15/09,0
11/16/09,0
11/17/09,0
11/18/09,43
11/19/09,0
11/20/09,0
11/21/09,0
11/22/09,0.5
11/23/09,0
11/24/09,13
11/25/09,0
11/26/09,0
11/27/09,0
11/28/09,1
11/29/09,26
11/30/09,0
12/01/09,0
12/02/09,8
12/03/09,0
12/04/09,0
12/05/09,0
12/06/09,0
12/07/09,0
12/08/09,20
12/09/09,0
12/10/09,51
12/11/09,0
12/12/09,0
12/13/09,2
12/14/09,0
12/15/09,0
12/16/09,0
12/17/09,0
12/18/09,1
12/19/09,21
12/20/09,2
12/21/09,0
12/22/09,0
12/23/09,0
12/24/09,
12/25/09,0.7
12/26/09,0
12/27/09,2
12/28/09,1
12/29/09,5
12/30/09,0
12/31/09,0
01/01/10,0
01/02/10,0
01/03/10,0
01/04/10,0
01/05/10,0
01/06/10,0
01/07/10,0
01/08/10,0
01/09/10,0
01/10/10,0
01/11/10,19
01/12/10,0
01/13/10,0
01/14/10,0
01/15/10,0
01/16/10,0
01/17/10,0
01/18/10,1
01/19/10,0
01/20/10,0
01/21/10,0
01/22/10,0
01/23/10,0
01/24/10,1
01/25/10,0
01/26/10,0
01/27/10,0
01/28/10,0
01/29/10,0
01/30/10,1
01/31/10,10
02/01/10,0
02/02/10,9
02/03/10,17
02/04/10,0
02/05/10,24
02/06/10,0
02/07/10,10.2
02/08/10,0
02/09/10,11
02/10/10,0
02/11/10,0
02/12/10,0
02/13/10,0.5
02/14/10,0
02/15/10,0
02/16/10,0
02/17/10,0
02/18/10,0
02/19/10,50
02/20/10,0
02/21/10,1
02/22/10,11
02/23/10,0
02/24/10,0
02/25/10,0
02/26/10,0
02/27/10,0
02/28/10,0
03/01/10,0
03/02/10,0
03/03/10,8.3
03/04/10,5
03/05/10,0
03/06/10,0
03/07/10,0
03/08/10,0
03/09/10,1
03/10/10,5
03/11/10,0
03/12/10,0
03/13/10,
03/14/10,
03/15/10,
03/16/10,0
03/17/10,14
03/18/10,
03/19/10,
03/20/10,5
03/21/10,
03/22/10,
03/23/10,
03/24/10,
03/25/10,
03/26/10,
03/27/10,
03/28/10,
03/29/10,18
03/30/10,
03/31/10,
04/01/10,
04/02/10,0
04/03/10,0
04/04/10,0
04/05/10,0
04/06/10,0
04/07/10,0
04/08/10,0
04/09/10,0
04/10/10,0
04/11/10,0
04/12/10,0
04/13/10,0.3
04/14/10,23
04/15/10,26
04/16/10,
04/17/10,
04/18/10,8
04/19/10,
04/20/10,
04/21/10,
04/22/10,5
04/23/10,
04/24/10,0.4
04/25/10,
04/26/10,
04/27/10,
04/28/10,
04/29/10,
04/30/10,
05/01/10,0
05/02/10,0
05/03/10,0
05/04/10,0
05/05/10,1
05/06/10,0
05/07/10,0
05/08/10,0
05/09/10,0
05/10/10,0
05/11/10,
05/12/10,0
05/13/10,
05/14/10,10
05/15/10,6
05/16/10,
05/17/10,
05/18/10,
05/19/10,0
05/20/10,0
05/21/10,4.6
05/22/10,
05/23/10,30
05/24/10,26.5
05/25/10,0
05/26/10,0
05/27/10,0
05/28/10,7
05/29/10,0
05/30/10,
05/31/10,0
06/01/10,0
06/02/10,0
06/03/10,0
06/04/10,0
06/05/10,0
06/06/10,0
06/07/10,0
06/08/10,0
06/09/10,0
06/10/10,0
06/11/10,0
06/12/10,22
06/13/10,12
06/14/10,48
06/15/10,0
06/16/10,0
06/17/10,0
06/18/10,8
06/19/10,0
06/20/10,0
06/21/10,0
06/22/10,0
06/23/10,0
06/24/10,0
06/25/10,0
06/26/10,7
06/27/10,0
06/28/10,0
06/29/10,0
06/30/10,0
07/01/10,0
07/02/10,8
07/03/10,0
07/04/10,5
07/05/10,5
07/06/10,19
07/07/10,0
07/08/10,0
07/09/10,0
07/10/10,0
07/11/10,0
07/12/10,0
07/13/10,0
07/14/10,0
07/15/10,2
07/16/10,0
07/17/10,0.6
07/18/10,30
07/19/10,12
07/20/10,0
07/21/10,0
07/22/10,0
07/23/10,0
07/24/10,11
07/25/10,0
07/26/10,0
07/27/10,0
07/28/10,0
07/29/10,5
07/30/10,13
07/31/10,0
08/01/10,0
08/02/10,2
08/03/10,3
08/04/10,0
08/05/10,0
08/06/10,0
08/07/10,0
08/08/10,0
08/09/10,0
08/10/10,0
08/11/10,12
08/12/10,0
08/13/10,0.6
08/14/10,0
08/15/10,0
08/16/10,0
08/17/10,0
08/18/10,0
08/19/10,0
08/20/10,0
08/21/10,0
08/22/10,3
08/23/10,3
08/24/10,0
08/25/10,0
08/26/10,0
08/27/10,0
08/28/10,0
08/29/10,0
08/30/10,13
08/31/10,16
09/01/10,0
09/02/10,0
09/03/10,45
09/04/10,0
09/05/10,0
09/06/10,0
09/07/10,0
09/08/10,0
09/09/10,0
09/10/10,10
09/11/10,0
09/12/10,0
09/13/10,5
09/14/10,0
09/15/10,3
09/16/10,4
09/17/10,0
09/18/10,0
09/19/10,0
09/20/10,4
09/21/10,0
09/22/10,0
09/23/10,0
09/24/10,0
09/25/10,0
09/26/10,0
09/27/10,0
09/28/10,22
09/29/10,2
09/30/10,0
10/01/10,0
10/02/10,0
10/03/10,0
10/04/10,0
10/05/10,0
10/06/10,0
10/07/10,0
10/08/10,0
10/09/10,0
10/10/10,0
10/11/10,0
10/12/10,0
10/13/10,1
10/14/10,18
10/15/10,0
10/16/10,1
10/17/10,0.6
10/18/10,0
10/19/10,0
10/20/10,0
10/21/10,10
10/22/10,0
10/23/10,0
10/24/10,0
10/25/10,0
10/26/10,0
10/27/10,
10/28/10,0
10/29/10,22
10/30/10,20
10/31/10,0
11/01/10,0
11/02/10,6
11/03/10,2
11/04/10,26
11/05/10,0
11/06/10,0
11/07/10,9
11/08/10,1
11/09/10,0
11/10/10,0
11/11/10,0
11/12/10,0
11/13/10,0
11/14/10,0
11/15/10,0
11/16/10,0
11/17/10,0
11/18/10,0
11/19/10,0
11/20/10,0
11/21/10,5
11/22/10,0
11/23/10,0
11/24/10,0
11/25/10,5
11/26/10,2
11/27/10,0
11/28/10,0
11/29/10,7
11/30/10,0
12/01/10,3
12/02/10,0
12/03/10,0
12/04/10,
12/05/10,
12/06/10,0
12/07/10,2
12/08/10,0
12/09/10,0
12/10/10,0
12/11/10,
12/12/10,
12/13/10,0
12/14/10,0
12/15/10,0
12/16/10,0
12/17/10,0
12/18/10,
12/19/10,
12/20/10,0
12/21/10,0
12/22/10,0
12/23/10,0
12/24/10,
12/25/10,
12/26/10,
12/27/10,0
12/28/10,0
12/29/10,0
12/30/10,0
12/31/10,
01/01/11,
01/02/11,0
01/03/11,0
01/04/11,0
01/05/11,1
01/06/11,0
01/07/11,2
01/08/11,56
01/09/11,0
01/10/11,0
01/11/11,0
01/12/11,0
01/13/11,5
01/14/11,0
01/15/11,27
01/16/11,10
01/17/11,0
01/18/11,15
01/19/11,2
01/20/11,0
01/21/11,0
01/22/11,0
01/23/11,0
01/24/11,0
01/25/11,7
01/26/11,2
01/27/11,0
01/28/11,0
01/29/11,0
01/30/11,0.8
01/31/11,39
02/01/11,0
02/02/11,0
02/03/11,8
02/04/11,0
02/05/11,0
02/06/11,0
02/07/11,0.6
02/08/11,0
02/09/11,0
02/10/11,0
02/11/11,0
02/12/11,0
02/13/11,0
02/14/11,0
02/15/11,0
02/16/11,0
02/17/11,15
02/18/11,31
02/19/11,4
02/20/11,0
02/21/11,0
02/22/11,0
02/23/11,9
02/24/11,2
02/25/11,0
02/26/11,0
02/27/11,0
02/28/11,0
03/01/11,0
03/02/11,0
03/03/11,0
03/04/11,
03/05/11,
03/06/11,
03/07/11,
03/08/11,
03/09/11,0
03/10/11,0
03/11/11,16
03/12/11,
03/13/11,
03/14/11,0
03/15/11,0
03/16/11,0
03/17/11,2
03/18/11,
03/19/11,
03/20/11,
03/21/11,0
03/22/11,3
03/23/11,
03/24/11,
03/25/11,
03/26/11,
03/27/11,
03/28/11,0
03/29/11,0
03/30/11,0
03/31/11,0
04/01/11,
04/02/11,
04/03/11,
04/04/11,0
04/05/11,0
04/06/11,0
04/07/11,0
04/08/11,
04/09/11,
04/10/11,
04/11/11,0
04/12/11,0
04/13/11,11
04/14/11,0
04/15/11,
04/16/11,
04/17/11,16
04/18/11,0
04/19/11,0
04/20/11,
04/21/11,
04/22/11,
04/23/11,
04/24/11,
04/25/11,
04/26/11,0
04/27/11,0
04/28/11,1
04/29/11,
04/30/11,
05/01/11,
05/02/11,0
05/03/11,0
05/04/11,0
05/05/11,0
05/06/11,
05/07/11,
05/08/11,
05/09/11,0
05/10/11,0
05/11/11,0
05/12/11,0
05/13/11,
05/14/11,
05/15/11,
05/16/11,0
05/17/11,0
05/18/11,0
05/19/11,0
05/20/11,
05/21/11,
05/22/11,
05/23/11,0
05/24/11,
05/25/11,3
05/26/11,0
05/27/11,
05/28/11,
05/29/11,
05/30/11,0
05/31/11,0
06/01/11,0
06/02/11,0
06/03/11,
06/04/11,
06/05/11,
06/06/11,
06/07/11,0
06/08/11,0
06/09/11,0
06/10/11,
06/11/11,
06/12/11,
06/13/11,0
06/14/11,1
06/15/11,31
06/16/11,7
06/17/11,
06/18/11,
06/19/11,
06/20/11,
06/21/11,0
06/22/11,15
06/23/11,36
06/24/11,
06/25/11,
06/26/11,
06/27/11,0
06/28/11,0
06/29/11,1
06/30/11,
07/01/11,
07/02/11,
07/03/11,2
07/04/11,0
07/05/11,0
07/06/11,0
07/07/11,0
07/08/11,
07/09/11,
07/10/11,
07/11/11,0
07/12/11,0
07/13/11,0
07/14/11,0
07/15/11,
07/16/11,
07/17/11,
07/18/11,
07/19/11,
07/20/11,
07/21/11,
07/22/11,
07/23/11,
07/24/11,
07/25/11,
07/26/11,
07/27/11,
07/28/11,
07/29/11,
07/30/11,
07/31/11,
08/01/11,0
08/02/11,1
08/03/11,5
08/04/11,0
08/05/11,
08/06/11,
08/07/11,
08/08/11,0
08/09/11,0
08/10/11,0
08/11/11,0
08/12/11,
08/13/11,
08/14/11,
08/15/11,2
08/16/11,20
08/17/11,0
08/18/11,1
08/19/11,
08/20/11,
08/21/11,
08/22/11,
08/23/11,0
08/24/11,0
08/25/11,0
08/26/11,
08/27/11,
08/28/11,
08/29/11,0
08/30/11,0
08/31/11,0
09/01/11,0
09/02/11,
09/03/11,
09/04/11,
09/05/11,0
09/06/11,0
09/07/11,0
09/08/11,0
09/09/11,
09/10/11,
09/11/11,
09/12/11,0
09/13/11,0
09/14/11,0
09/15/11,0
09/16/11,
09/17/11,
09/18/11,
09/19/11,0
09/20/11,0
09/21/11,0
09/22/11,0
09/23/11,
09/24/11,
09/25/11,
09/26/11,0
09/27/11,0
09/28/11,16
09/29/11,0
09/30/11,
10/01/11,
10/02/11,10
10/03/11,0
10/04/11,0
10/05/11,0
10/06/11,3
10/07/11,
10/08/11,
10/09/11,
10/10/11,1
10/11/11,0.5
10/12/11,12
10/13/11,2
10/14/11,
10/15/11,
10/16/11,
10/17/11,0
10/18/11,2
10/19/11,0
10/20/11,0
10/21/11,
10/22/11,
10/23/11,
10/24/11,0
10/25/11,
10/26/11,0
10/27/11,0
10/28/11,
10/29/11,
10/30/11,
10/31/11,0
11/01/11,0
11/02/11,0
11/03/11,7
11/04/11,
11/05/11,
11/06/11,
11/07/11,0
11/08/11,14
11/09/11,7
11/10/11,0
11/11/11,
11/12/11,
11/13/11,
11/14/11,
11/15/11,
11/16/11,
11/17/11,
11/18/11,
11/19/11,
11/20/11,
11/21/11,
11/22/11,
11/23/11,
11/24/11,
11/25/11,
11/26/11,
11/27/11,
11/28/11,
11/29/11,21
11/30/11,0
12/01/11,0
12/02/11,
12/03/11,
12/04/11,
12/05/11,32
12/06/11,0
12/07/11,
12/08/11,
12/09/11,
12/10/11,
12/11/11,
12/12/11,5
12/13/11,0
12/14/11,0
12/15/11,0
12/16/11,
12/17/11,
12/18/11,
12/19/11,
12/20/11,0
12/21/11,5
12/22/11,0
12/23/11,
12/24/11,
12/25/11,
12/26/11,
12/27/11,0
12/28/11,0
12/29/11,0
12/30/11,
12/31/11,
01/01/12,
01/02/12,
01/03/12,0
01/04/12,0
01/05/12,0
01/06/12,
01/07/12,
01/08/12,
01/09/12,0
01/10/12,41
01/11/12,0
01/12/12,0
01/13/12,
01/14/12,
01/15/12,
01/16/12,0
01/17/12,0
01/18/12,0
01/19/12,0
01/20/12,
01/21/12,
01/22/12,
01/23/12,0
01/24/12,16
01/25/12,0
01/26/12,0
01/27/12,
01/28/12,
01/29/12,
01/30/12,2
01/31/12,3
02/01/12,0
02/02/12,0.8
02/03/12,
02/04/12,
02/05/12,
02/06/12,0
02/07/12,3
02/08/12,0
02/09/12,0
02/10/12,
02/11/12,
02/12/12,0
02/13/12,0
02/14/12,0
02/15/12,0
02/16/12,0
02/17/12,
02/18/12,
02/19/12,0
02/20/12,8
02/21/12,0
02/22/12,11
02/23/12,0
02/24/12,
02/25/12,
02/26/12,
02/27/12,18
02/28/12,0
02/29/12,0
03/01/12,0
03/02/12,
03/03/12,
03/04/12,0
03/05/12,11
03/06/12,0
03/07/12,6
03/08/12,0
03/09/12,
03/10/12,
03/11/12,
03/12/12,
03/13/12,
03/14/12,
03/15/12,
03/16/12,
03/17/12,
03/18/12,
03/19/12,
03/20/12,
03/21/12,
03/22/12,
03/23/12,
03/24/12,
03/25/12,
03/26/12,
03/27/12,
03/28/12,
03/29/12,
03/30/12,
03/31/12,
04/01/12,
04/02/12,
04/03/12,0
04/04/12,58
04/05/12,
04/06/12,
04/07/12,
04/08/12,
04/09/12,0
04/10/12,0.7
04/11/12,1
04/12/12,0
04/13/12,
04/14/12,
04/15/12,
04/16/12,0.5
04/17/12,0
04/18/12,6
04/19/12,0
04/20/12,
04/21/12,
04/22/12,
04/23/12,0
04/24/12,0
04/25/12,5
04/26/12,3
04/27/12,
04/28/12,
04/29/12,
04/30/12,
05/01/12,
05/02/12,0
05/03/12,0
05/04/12,
05/05/12,
05/06/12,
05/07/12,0
05/08/12,22
05/09/12,6
05/10/12,1
05/11/12,
05/12/12,
05/13/12,
05/14/12,0
05/15/12,0
05/16/12,0
05/17/12,4
05/18/12,
05/19/12,
05/20/12,
05/21/12,10
05/22/12,0
05/23/12,0
05/24/12,
05/25/12,
05/26/12,
05/27/12,
05/28/12,1
05/29/12,0
05/30/12,0
05/31/12,0
06/01/12,
06/02/12,
06/03/12,6
06/04/12,3
06/05/12,
06/06/12,
06/07/12,0
06/08/12,
06/09/12,
06/10/12,
06/11/12,0
06/12/12,0
06/13/12,0
06/14/12,0
06/15/12,
06/16/12,
06/17/12,
06/18/12,0
06/19/12,
06/20/12,
06/21/12,0
06/22/12,
06/23/12,
06/24/12,
06/25/12,0
06/26/12,0
06/27/12,9
06/28/12,0
06/29/12,
06/30/12,
07/01/12,
07/02/12,0
07/03/12,0
07/04/12,0
07/05/12,0
07/06/12,
07/07/12,
07/08/12,
07/09/12,
07/10/12,
07/11/12,0
07/12/12,0
07/13/12,
07/14/12,
07/15/12,
07/16/12,0
07/17/12,0
07/18/12,0
07/19/12,0
07/20/12,
07/21/12,
07/22/12,
07/23/12,0
07/24/12,0
07/25/12,0
07/26/12,0
07/27/12,
07/28/12,
07/29/12,
07/30/12,0
07/31/12,11
08/01/12,0
08/02/12,0
08/03/12,
08/04/12,
08/05/12,
08/06/12,0
08/07/12,15
08/08/12,2
08/09/12,0
08/10/12,
08/11/12,
08/12/12,
08/13/12,0
08/14/12,52
08/15/12,5
08/16/12,0
08/17/12,
08/18/12,
08/19/12,
08/20/12,8
08/21/12,0
08/22/12,0
08/23/12,34
08/24/12,
08/25/12,
08/26/12,
08/27/12,0
08/28/12,0
08/29/12,0
08/30/12,0
08/31/12,
09/01/12,
09/02/12,
09/03/12,10
09/04/12,
09/05/12,
09/06/12,
09/07/12,
09/08/12,
09/09/12,
09/10/12,
09/11/12,
09/12/12,0
09/13/12,0
09/14/12,
09/15/12,
09/16/12,13
09/17/12,0
09/18/12,0
09/19/12,5
09/20/12,0
09/21/12,
09/22/12,
09/23/12,
09/24/12,0
09/25/12,0
09/26/12,0
09/27/12,0
09/28/12,
09/29/12,
09/30/12,
10/01/12,0
10/02/12,5
10/03/12,0
10/04/12,0
10/05/12,
10/06/12,
10/07/12,3
10/08/12,0
10/09/12,0
10/10/12,0
10/11/12,0
10/12/12,
10/13/12,
10/14/12,
10/15/12,6
10/16/12,6
10/17/12,0.6
10/18/12,0
10/19/12,
10/20/12,
10/21/12,2
10/22/12,32
10/23/12,0.6
10/24/12,0
10/25/12,0
10/26/12,
10/27/12,
10/28/12,
10/29/12,12
10/30/12,0
10/31/12,0
11/01/12,0
11/02/12,
11/03/12,
11/04/12,
11/05/12,22
11/06/12,0
11/07/12,0
11/08/12,2
11/09/12,6
11/10/12,
11/11/12,
11/12/12,0
11/13/12,0
11/14/12,0
11/15/12,0
11/16/12,
11/17/12,
11/18/12,
11/19/12,0
11/20/12,0
11/21/12,2
11/22/12,4
11/23/12,
11/24/12,
11/25/12,
11/26/12,0
11/27/12,0
11/28/12,0
11/29/12,1
11/30/12,2
12/01/12,0
12/02/12,0
12/03/12,10
12/04/12,0
12/05/12,7
12/06/12,10
12/07/12,0
12/08/12,0
12/09/12,0
12/10/12,5
12/11/12,0
12/12/12,0.1
12/13/12,0
12/14/12,0
12/15/12,0
12/16/12,32
12/17/12,0
12/18/12,0
12/19/12,22
12/20/12,0
12/21/12,0
12/22/12,0
12/23/12,0
12/24/12,43
12/25/12,0
12/26/12,0
12/27/12,4
12/28/12,0.2
12/29/12,4
12/30/12,0
12/31/12,2
01/01/13,1
01/02/13,0
01/03/13,0
01/04/13,9
01/05/13,12
01/06/13,0
01/07/13,0
01/08/13,0
01/09/13,0
01/10/13,0
01/11/13,0
01/12/13,0
01/13/13,0
01/14/13,0
01/15/13,0
01/16/13,37
01/17/13,0
01/18/13,0.7
01/19/13,0
01/20/13,0
01/21/13,0
01/22/13,0
01/23/13,0
01/24/13,5
01/25/13,0
01/26/13,0
01/27/13,0
01/28/13,0
01/29/13,0.4
01/30/13,0.2
01/31/13,0
02/01/13,22
02/02/13,0
02/03/13,0
02/04/13,0
02/05/13,0
02/06/13,0
02/07/13,0
02/08/13,0
02/09/13,0
02/10/13,0
02/11/13,0
02/12/13,0
02/13/13,0
02/14/13,0
02/15/13,0
02/16/13,0
02/17/13,1
02/18/13,0
02/19/13,0
02/20/13,0
02/21/13,0
02/22/13,0
02/23/13,18
02/24/13,1
02/25/13,0
02/26/13,0
02/27/13,0
02/28/13,0.4
03/01/13,57
03/02/13,3
03/03/13,0.6
03/04/13,0
03/05/13,0
03/06/13,0
03/07/13,3
03/08/13,0
03/09/13,0.3
03/10/13,0
03/11/13,0
03/12/13,0
03/13/13,0.6
03/14/13,0
03/15/13,1
03/16/13,0
03/17/13,0
03/18/13,0
03/19/13,0.9
03/20/13,4
03/21/13,0
03/22/13,0
03/23/13,0
03/24/13,5
03/25/13,0
03/26/13,0
03/27/13,0
03/28/13,0
03/29/13,0
03/30/13,0
03/31/13,0
04/01/13,0
04/02/13,9
04/03/13,6
04/04/13,0
04/05/13,3
04/06/13,2
04/07/13,0
04/08/13,0
04/09/13,0
04/10/13,3
04/11/13,4
04/12/13,0
04/13/13,0
04/14/13,0
04/15/13,0
04/16/13,0
04/17/13,0
04/18/13,0
04/19/13,0
04/20/13,0
04/21/13,0
04/22/13,0
04/23/13,0
04/24/13,0
04/25/13,0
04/26/13,0
04/27/13,14
04/28/13,13
04/29/13,0.3
04/30/13,0
05/01/13,12
05/02/13,0
05/03/13,3
05/04/13,0
05/05/13,0
05/06/13,11
05/07/13,0
05/08/13,0
05/09/13,0
05/10/13,0
05/11/13,0
05/12/13,0
05/13/13,0
05/14/13,0
05/15/13,0
05/16/13,0
05/17/13,0
05/18/13,1
05/19/13,4
05/20/13,4
05/21/13,0.2
05/22/13,0
05/23/13,0
05/24/13,0
05/25/13,0
05/26/13,0
05/27/13,0
05/28/13,17
05/29/13,0
05/30/13,0
05/31/13,0
06/01/13,0
06/02/13,0
06/03/13,0
06/04/13,0
06/05/13,0.6
06/06/13,0
06/07/13,0
06/08/13,0
06/09/13,0
06/10/13,0
06/11/13,0
06/12/13,0
06/13/13,0
06/14/13,0
06/15/13,9
06/16/13,5
06/17/13,0
06/18/13,0
06/19/13,0
06/20/13,0
06/21/13,0
06/22/13,0
06/23/13,0
06/24/13,0
06/25/13,0
06/26/13,0
06/27/13,0
06/28/13,0
06/29/13,0
06/30/13,0
07/01/13,0
07/02/13,0
07/03/13,0
07/04/13,0.3
07/05/13,0.5
07/06/13,1.4
07/07/13,0
07/08/13,0
07/09/13,5
07/10/13,2
07/11/13,0.3
07/12/13,0
07/13/13,4
07/14/13,2
07/15/13,0
07/16/13,0
07/17/13,2
07/18/13,2
07/19/13,0
07/20/13,1
07/21/13,18
07/22/13,5
07/23/13,0
07/24/13,0
07/25/13,0
07/26/13,0
07/27/13,0
07/28/13,0
07/29/13,0
07/30/13,0
07/31/13,0
08/01/13,0
08/02/13,0
08/03/13,0
08/04/13,0
08/05/13,0
08/06/13,0
08/07/13,0
08/08/13,0
08/09/13,0
08/10/13,0
08/11/13,5
08/12/13,3
08/13/13,0.4
08/14/13,0
08/15/13,0
08/16/13,0
08/17/13,0
08/18/13,0
08/19/13,0
08/20/13,0
08/21/13,0
08/22/13,0.8
08/23/13,0
08/24/13,0
08/25/13,4
08/26/13,0
08/27/13,0
08/28/13,0
08/29/13,0
08/30/13,0
08/31/13,0
09/01/13,0
09/02/13,0
09/03/13,0
09/04/13,0.5
09/05/13,0
09/06/13,0.3
09/07/13,9
09/08/13,0
09/09/13,0
09/10/13,0
09/11/13,26
09/12/13,16
09/13/13,0.6
09/14/13,0
09/15/13,14
09/16/13,18
09/17/13,5
09/18/13,0
09/19/13,0
09/20/13,0
09/21/13,0
09/22/13,0
09/23/13,0
09/24/13,0
09/25/13,0
09/26/13,0
09/27/13,0
09/28/13,23
09/29/13,23
09/30/13,2
10/01/13,0
10/02/13,0
10/03/13,0
10/04/13,0
10/05/13,1
10/06/13,0
10/07/13,0
10/08/13,0
10/09/13,11
10/10/13,0
10/11/13,0
10/12/13,0.4
10/13/13,0
10/14/13,0
10/15/13,0
10/16/13,0
10/17/13,0
10/18/13,9
10/19/13,6
10/20/13,9
10/21/13,0
10/22/13,13
10/23/13,10
10/24/13,0
10/25/13,0.8
10/26/13,0
10/27/13,0
10/28/13,0
10/29/13,0
10/30/13,0
10/31/13,3
11/01/13,7
11/02/13,0
11/03/13,0
11/04/13,0
11/05/13,0
11/06/13,0
11/07/13,3
11/08/13,0
11/09/13,0
11/10/13,7
11/11/13,0
11/12/13,0
11/13/13,0
11/14/13,23
11/15/13,1
11/16/13,0
11/17/13,0
11/18/13,0
11/19/13,0
11/20/13,0
11/21/13,0
11/22/13,0
11/23/13,0
11/24/13,40
11/25/13,1
11/26/13,0.6
11/27/13,1
11/28/13,2
11/29/13,0.7
11/30/13,1
12/01/13,9
12/02/13,2
12/03/13,0
12/04/13,0
12/05/13,0
12/06/13,0
12/07/13,0
12/08/13,24
12/09/13,0
12/10/13,0
12/11/13,0
12/12/13,0
12/13/13,0
12/14/13,0
12/15/13,0
12/16/13,0
12/17/13,8
12/18/13,0
12/19/13,0
12/20/13,0
12/21/13,0
12/22/13,0
12/23/13,0
12/24/13,0.3
12/25/13,0
12/26/13,3
12/27/13,0
12/28/13,0
12/29/13,0
12/30/13,0
12/31/13,0
01/01/14,0
01/02/14,0
01/03/14,0
01/04/14,0
01/05/14,0
01/06/14,0
01/07/14,0
01/08/14,0
01/09/14,15
01/10/14,0
01/11/14,0
01/12/14,0
01/13/14,0
01/14/14,0
01/15/14,0
01/16/14,8
01/17/14,0
01/18/14,0
01/19/14,0
01/20/14,33
01/21/14,0
01/22/14,26
01/23/14,79
01/24/14,0
01/25/14,0
01/26/14,0
01/27/14,0
01/28/14,16
01/29/14,0
01/30/14,0
01/31/14,0
02/01/14,0
02/02/14,0
02/03/14,0
02/04/14,0
02/05/14,38
02/06/14,0
02/07/14,0.3
02/08/14,9
02/09/14,
02/10/14,0
02/11/14,20
02/12/14,0
02/13/14,0
02/14/14,0
02/15/14,0
02/16/14,0.9
02/17/14,0
02/18/14,19
02/19/14,12
02/20/14,23
02/21/14,0
02/22/14,0
02/23/14,0
02/24/14,0.3
02/25/14,0
02/26/14,0
02/27/14,0.6
02/28/14,0
03/01/14,0
03/02/14,0
03/03/14,1
03/04/14,2
03/05/14,1
03/06/14,0
03/07/14,0
03/08/14,0
03/09/14,13
03/10/14,0
03/11/14,0
03/12/14,0
03/13/14,0
03/14/14,72
03/15/14,0.6
03/16/14,0
03/17/14,0
03/18/14,0
03/19/14,0
03/20/14,0.4
03/21/14,1
03/22/14,0
03/23/14,0
03/24/14,0
03/25/14,0
03/26/14,0
03/27/14,26
03/28/14,0
03/29/14,0
03/30/14,17
03/31/14,0
04/01/14,0
04/02/14,0
04/03/14,2
04/04/14,0
04/05/14,0
04/06/14,0.5
04/07/14,33
04/08/14,0
04/09/14,0
04/10/14,0
04/11/14,0
04/12/14,12
04/13/14,0
04/14/14,0
04/15/14,0
04/16/14,0
04/17/14,0
04/18/14,0
04/19/14,0
04/20/14,0
04/21/14,0
04/22/14,0
04/23/14,0
04/24/14,0
04/25/14,0
04/26/14,0.2
04/27/14,0
04/28/14,0
04/29/14,0.5
04/30/14,66
05/01/14,0
05/02/14,5
05/03/14,43
05/04/14,0
05/05/14,0
05/06/14,0
05/07/14,2
05/08/14,3
05/09/14,0
05/10/14,5
05/11/14,0
05/12/14,0
05/13/14,0
05/14/14,1
05/15/14,0
05/16/14,10
05/17/14,0
05/18/14,0.7
05/19/14,0
05/20/14,0
05/21/14,17
05/22/14,1
05/23/14,0
05/24/14,0
05/25/14,0
05/26/14,0
05/27/14,0
05/28/14,0.6
05/29/14,0
05/30/14,5
05/31/14,8
06/01/14,0
06/02/14,0
06/03/14,0
06/04/14,4
06/05/14,0
06/06/14,0
06/07/14,16
06/08/14,0.5
06/09/14,0
06/10/14,0
06/11/14,14
06/12/14,28
06/13/14,0
06/14/14,0
06/15/14,1
06/16/14,0
06/17/14,0
06/18/14,6
06/19/14,0
06/20/14,0
06/21/14,0
06/22/14,1
06/23/14,0
06/24/14,0
06/25/14,0
06/26/14,0
06/27/14,0
06/28/14,0
06/29/14,0
06/30/14,0
07/01/14,0
07/02/14,0
07/03/14,0
07/04/14,0
07/05/14,15
07/06/14,1
07/07/14,0
07/08/14,0
07/09/14,0
07/10/14,0
07/11/14,0
07/12/14,14
07/13/14,0
07/14/14,22
07/15/14,2
07/16/14,0
07/17/14,0
07/18/14,0
07/19/14,0
07/20/14,0
07/21/14,2
07/22/14,6
07/23/14,0
07/24/14,0
07/25/14,0
07/26/14,0
07/27/14,0
07/28/14,0
07/29/14,0
07/30/14,0
07/31/14,37
08/01/14,0
08/02/14,1
08/03/14,0
08/04/14,0
08/05/14,0
08/06/14,0
08/07/14,0
08/08/14,0
08/09/14,0
08/10/14,0
08/11/14,0
08/12/14,0
08/13/14,0
08/14/14,0
08/15/14,0
08/16/14,0
08/17/14,0
08/18/14,0
08/19/14,0
08/20/14,0
08/21/14,4
08/22/14,14
08/23/14,38
08/24/14,25
08/25/14,11
08/26/14,4
08/27/14,0
08/28/14,0
08/29/14,0
08/30/14,0
08/31/14,0
09/01/14,0
09/02/14,4
09/03/14,0
09/04/14,1
09/05/14,27
09/06/14,14
09/07/14,0
09/08/14,3
09/09/14,0
09/10/14,0
09/11/14,0
09/12/14,0
09/13/14,0
09/14/14,0
09/15/14,0
09/16/14,0
09/17/14,0
09/18/14,0
09/19/14,0
09/20/14,0
09/21/14,0
09/22/14,0
09/23/14,6
09/24/14,0
09/25/14,0
09/26/14,0.4
09/27/14,0
09/28/14,6
09/29/14,0
09/30/14,1
10/01/14,0
10/02/14,0
10/03/14,0
10/04/14,3
10/05/14,54
10/06/14,4
10/07/14,0
10/08/14,0
10/09/14,0.4
10/10/14,0
10/11/14,0
10/12/14,0.4
10/13/14,2
10/14/14,0
10/15/14,0.3
10/16/14,0
10/17/14,0
10/18/14,0
10/19/14,0
10/20/14,0
10/21/14,0
10/22/14,0
10/23/14,2
10/24/14,0
10/25/14,0
10/26/14,0.1
10/27/14,8
10/28/14,26
10/29/14,4
10/30/14,0.4
10/31/14,0
11/01/14,0
11/02/14,0
11/03/14,7
11/04/14,0
11/05/14,0
11/06/14,0
11/07/14,0
11/08/14,0
11/09/14,0
11/10/14,3
11/11/14,23
11/12/14,0
11/13/14,0
11/14/14,0
11/15/14,0
11/16/14,0
11/17/14,0
11/18/14,2
11/19/14,8
11/20/14,0
11/21/14,1
11/22/14,0
11/23/14,1
11/24/14,0
11/25/14,0
11/26/14,0
11/27/14,0
11/28/14,0
11/29/14,13
11/30/14,1
12/01/14,0
12/02/14,0
12/03/14,0
12/04/14,0
12/05/14,0
12/06/14,18
12/07/14,6
12/08/14,0
12/09/14,10
12/10/14,0
12/11/14,0
12/12/14,0
12/13/14,0
12/14/14,0
12/15/14,0
12/16/14,1
12/17/14,0
12/18/14,0
12/19/14,10
12/20/14,0
12/21/14,0
12/22/14,
12/23/14,0
12/24/14,0
12/25/14,0
12/26/14,0
12/27/14,0
12/28/14,0
12/29/14,6
12/30/14,0
12/31/14,18
01/01/15,2
01/02/15,0
01/03/15,0
01/04/15,0
01/05/15,0
01/06/15,0
01/07/15,0
01/08/15,0
01/09/15,10
01/10/15,0
01/11/15,0
01/12/15,0
01/13/15,0
01/14/15,4
01/15/15,0
01/16/15,28
01/17/15,0
01/18/15,0
01/19/15,0
01/20/15,0
01/21/15,0
01/22/15,0
01/23/15,0
01/24/15,0
01/25/15,17
01/26/15,10
01/27/15,9
01/28/15,0
01/29/15,0
01/30/15,0
01/31/15,0
02/01/15,0
02/02/15,0
02/03/15,0
02/04/15,6
02/05/15,0
02/06/15,0
02/07/15,0
02/08/15,12
02/09/15,0
02/10/15,0
02/11/15,0
02/12/15,0.6
02/13/15,0
02/14/15,0
02/15/15,0
02/16/15,0
02/17/15,0.6
02/18/15,35
02/19/15,0
02/20/15,0
02/21/15,0
02/22/15,0
02/23/15,0
02/24/15,6
02/25/15,0
02/26/15,0
02/27/15,0
02/28/15,0
03/01/15,0.5
03/02/15,0
03/03/15,30
03/04/15,3
03/05/15,0
03/06/15,0
03/07/15,0
03/08/15,0
03/09/15,0
03/10/15,0
03/11/15,0
03/12/15,0
03/13/15,0
03/14/15,0
03/15/15,0
03/16/15,0
03/17/15,0
03/18/15,0
03/19/15,0
03/20/15,0
03/21/15,6
03/22/15,0
03/23/15,0
03/24/15,2
03/25/15,0
03/26/15,0
03/27/15,0
03/28/15,0
03/29/15,0
03/30/15,7
03/31/15,0
04/01/15,0
04/02/15,0
04/03/15,0
04/04/15,0
04/05/15,0
04/06/15,0
04/07/15,0
04/08/15,0
04/09/15,12
04/10/15,0.3
04/11/15,0
04/12/15,0
04/13/15,22
04/14/15,0
04/15/15,0
04/16/15,18
04/17/15,0
04/18/15,0
04/19/15,0
04/20/15,0
04/21/15,0
04/22/15,0
04/23/15,0
04/24/15,0
04/25/15,0
04/26/15,0
04/27/15,0
04/28/15,2
04/29/15,57
04/30/15,1
05/01/15,2
05/02/15,12
05/03/15,0
05/04/15,0
05/05/15,5
05/06/15,0
05/07/15,0
05/08/15,0
05/09/15,0
05/10/15,0
05/11/15,0
05/12/15,0
05/13/15,0
05/14/15,0
05/15/15,0
05/16/15,0
05/17/15,0
05/18/15,0
05/19/15,0
05/20/15,0
05/21/15,0
05/22/15,31
05/23/15,0.4
05/24/15,0
05/25/15,0
05/26/15,0
05/27/15,0
05/28/15,0
05/29/15,0
05/30/15,0
05/31/15,0
06/01/15,0
06/02/15,0
06/03/15,0
06/04/15,0
06/05/15,0.1
06/06/15,0
06/07/15,0
06/08/15,0
06/09/15,0
06/10/15,0
06/11/15,0
06/12/15,0
06/13/15,0.6
06/14/15,0
06/15/15,0
06/16/15,0
06/17/15,0
06/18/15,0
06/19/15,0
06/20/15,4
06/21/15,0
06/22/15,0
06/23/15,0
06/24/15,0
06/25/15,8
06/26/15,0
06/27/15,2
06/28/15,0.8
06/29/15,0
06/30/15,0
07/01/15,0
07/02/15,0.7
07/03/15,4
07/04/15,0
07/05/15,0
07/06/15,0
07/07/15,0
07/08/15,0
07/09/15,0
07/10/15,0
07/11/15,3
07/12/15,0
07/13/15,0
07/14/15,0
07/15/15,0
07/16/15,0
07/17/15,0
07/18/15,0
07/19/15,0
07/20/15,0
07/21/15,0
07/22/15,0
07/23/15,0
07/24/15,0
07/25/15,0
07/26/15,0
07/27/15,0
07/28/15,36
07/29/15,0
07/30/15,61
07/31/15,21
08/01/15,0
08/02/15,0
08/03/15,0
08/04/15,0
08/05/15,43
08/06/15,0
08/07/15,0
08/08/15,47
08/09/15,71
08/10/15,10
08/11/15,0
08/12/15,0
08/13/15,15
08/14/15,0
08/15/15,0
08/16/15,0
08/17/15,0
08/18/15,0
08/19/15,0
08/20/15,0
08/21/15,0
08/22/15,4
08/23/15,0
08/24/15,0
08/25/15,0.2
08/26/15,0
08/27/15,0
08/28/15,0
08/29/15,0
08/30/15,0
08/31/15,0
09/01/15,0
09/02/15,0
09/03/15,0
09/04/15,0
09/05/15,0
09/06/15,0
09/07/15,0
09/08/15,0
09/09/15,0
09/10/15,0
09/11/15,0
09/12/15,0
09/13/15,0
09/14/15,0
09/15/15,0
09/16/15,0
09/17/15,0
09/18/15,0
09/19/15,0
09/20/15,0
09/21/15,6
09/22/15,1
09/23/15,7
09/24/15,0
09/25/15,0
09/26/15,0
09/27/15,3
09/28/15,3
09/29/15,2
09/30/15,0
10/01/15,10
10/02/15,2
10/03/15,1
10/04/15,0
10/05/15,0.3
10/06/15,12
10/07/15,0
10/08/15,0
10/09/15,0
10/10/15,0
10/11/15,0
10/12/15,0
10/13/15,0
10/14/15,0
10/15/15,4
10/16/15,0
10/17/15,0
10/18/15,0
10/19/15,14
10/20/15,0
10/21/15,4
10/22/15,0
10/23/15,0
10/24/15,0.5
10/25/15,0.6
10/26/15,0
10/27/15,0
10/28/15,16
10/29/15,0
10/30/15,0
10/31/15,0
11/01/15,0
11/02/15,0
11/03/15,0
11/04/15,0
11/05/15,0
11/06/15,0
11/07/15,0
11/08/15,0
11/09/15,4
11/10/15,0
11/11/15,0
11/12/15,47
11/13/15,2
11/14/15,0
11/15/15,0
11/16/15,2
11/17/15,15
11/18/15,0
11/19/15,0
11/20/15,0
11/21/15,0
11/22/15,0
11/23/15,0
11/24/15,0
11/25/15,0
11/26/15,3
11/27/15,16
11/28/15,0.6
11/29/15,0
11/30/15,0
12/01/15,0
12/02/15,0
12/03/15,0
12/04/15,0
12/05/15,0
12/06/15,0
12/07/15,0
12/08/15,0
12/09/15,0
12/10/15,0
12/11/15,0
12/12/15,0
12/13/15,3
12/14/15,21
12/15/15,0
12/16/15,0
12/17/15,0
12/18/15,0
12/19/15,0
12/20/15,0
12/21/15,1
12/22/15,1
12/23/15,0
12/24/15,0
12/25/15,0
12/26/15,0
12/27/15,0
12/28/15,0
12/29/15,0
12/30/15,2
12/31/15,0
01/01/16,0
01/02/16,0
01/03/16,0
01/04/16,12
01/05/16,0
01/06/16,0
01/07/16,0
01/08/16,0
01/09/16,0
01/10/16,0
01/11/16,0
01/12/16,0
01/13/16,0
01/14/16,0
01/15/16,0
01/16/16,0
01/17/16,0
01/18/16,0
01/19/16,0
01/20/16,0.3
01/21/16,6
01/22/16,27
01/23/16,0
01/24/16,9
01/25/16,1
01/26/16,0
01/27/16,0
01/28/16,0
01/29/16,21
01/30/16,1
01/31/16,0
02/01/16,0
02/02/16,0
02/03/16,0
02/04/16,0
02/05/16,18
02/06/16,0
02/07/16,12
02/08/16,0
02/09/16,0
02/10/16,0
02/11/16,48
02/12/16,31
02/13/16,0
02/14/16,0
02/15/16,0
02/16/16,29
02/17/16,0
02/18/16,0.4
02/19/16,0
02/20/16,0
02/21/16,0
02/22/16,0
02/23/16,0
02/24/16,3
02/25/16,0
02/26/16,0
02/27/16,0
02/28/16,0
02/29/16,0
03/01/16,0
03/02/16,0
03/03/16,0
03/04/16,28
03/05/16,9
03/06/16,2
03/07/16,0
03/08/16,0
03/09/16,0
03/10/16,0
03/11/16,0
03/12/16,0
03/13/16,0
03/14/16,0
03/15/16,0
03/16/16,0
03/17/16,41
03/18/16,0
03/19/16,0
03/20/16,0
03/21/16,0
03/22/16,0
03/23/16,0
03/24/16,0
03/25/16,0
03/26/16,0
03/27/16,6
03/28/16,4
03/29/16,0
03/30/16,0
03/31/16,0
04/01/16,4
04/02/16,13
04/03/16,0
04/04/16,10
04/05/16,0
04/06/16,0
04/07/16,0
04/08/16,8
04/09/16,0
04/10/16,0
04/11/16,0
04/12/16,0
04/13/16,2
04/14/16,4
04/15/16,34
04/16/16,0
04/17/16,0
04/18/16,28
04/19/16,9
04/20/16,0
04/21/16,0
04/22/16,0
04/23/16,3
04/24/16,0
04/25/16,1
04/26/16,15
04/27/16,5
04/28/16,0
04/29/16,0.3
04/30/16,0
05/01/16,0.9
05/02/16,0
05/03/16,0
05/04/16,0.2
05/05/16,0
05/06/16,0
05/07/16,0
05/08/16,0
05/09/16,2
05/10/16,0
05/11/16,0
05/12/16,0
05/13/16,0
05/14/16,0
05/15/16,5
05/16/16,0
05/17/16,0
05/18/16,0
05/19/16,0.7
05/20/16,6
05/21/16,3
05/22/16,0
05/23/16,0
05/24/16,0
05/25/16,0
05/26/16,0
05/27/16,0
05/28/16,0
05/29/16,80
05/30/16,38
05/31/16,0
06/01/16,7
06/02/16,8
06/03/16,1
06/04/16,0.7
06/05/16,0
06/06/16,0
06/07/16,0
06/08/16,0
06/09/16,1
06/10/16,0.2
06/11/16,0
06/12/16,0
06/13/16,0
06/14/16,0
06/15/16,0
06/16/16,0
06/17/16,0
06/18/16,0
06/19/16,0
06/20/16,0
06/21/16,0
06/22/16,0
06/23/16,0
06/24/16,0
06/25/16,0
06/26/16,0
06/27/16,12
06/28/16,0.8
06/29/16,1
06/30/16,5
07/01/16,12
07/02/16,4
07/03/16,0
07/04/16,0
07/05/16,0
07/06/16,0
07/07/16,0
07/08/16,0
07/09/16,0
07/10/16,0
07/11/16,4
07/12/16,0
07/13/16,0
07/14/16,1
07/15/16,19
07/16/16,4
07/17/16,0
07/18/16,0
07/19/16,0
07/20/16,0
07/21/16,0
07/22/16,0
07/23/16,0
07/24/16,0
07/25/16,22
07/26/16,12
07/27/16,0
07/28/16,0
07/29/16,0
07/30/16,1
07/31/16,3
08/01/16,0
08/02/16,0
08/03/16,0
08/04/16,0
08/05/16,0
08/06/16,0
08/07/16,0
08/08/16,12
08/09/16,0
08/10/16,0
08/11/16,0
08/12/16,0
08/13/16,0
08/14/16,0
08/15/16,0
08/16/16,0.5
08/17/16,0
08/18/16,0
08/19/16,0
08/20/16,0
08/21/16,0
08/22/16,0
08/23/16,0
08/24/16,0
08/25/16,0
08/26/16,4
08/27/16,0
08/28/16,0
08/29/16,0
08/30/16,0
08/31/16,0
09/01/16,0
09/02/16,0
09/03/16,0.6
09/04/16,0
09/05/16,59
09/06/16,15
09/07/16,0.7
09/08/16,0
09/09/16,0
09/10/16,0
09/11/16,0.6
09/12/16,33
09/13/16,15
09/14/16,0
09/15/16,0
09/16/16,0
09/17/16,0
09/18/16,1
09/19/16,0
09/20/16,0
09/21/16,0.5
09/22/16,0
09/23/16,0
09/24/16,0
09/25/16,0
09/26/16,0
09/27/16,0.6
09/28/16,1
09/29/16,0
09/30/16,0
10/01/16,0
10/02/16,0
10/03/16,0
10/04/16,0
10/05/16,5
10/06/16,0
10/07/16,4
10/08/16,0
10/09/16,0
10/10/16,0
10/11/16,0
10/12/16,0.5
10/13/16,0.3
10/14/16,5
10/15/16,10
10/16/16,0
10/17/16,0
10/18/16,0
10/19/16,2
10/20/16,0
10/21/16,0
10/22/16,0
10/23/16,0
10/24/16,0
10/25/16,0.2
10/26/16,4
10/27/16,0
10/28/16,0
10/29/16,0
10/30/16,0
10/31/16,29
11/01/16,0
11/02/16,8
11/03/16,0
11/04/16,0
11/05/16,0
11/06/16,0
11/07/16,0
11/08/16,0
11/09/16,7
11/10/16,0
11/11/16,0
11/12/16,0.4
11/13/16,3
11/14/16,5
11/15/16,0
11/16/16,0
11/17/16,0
11/18/16,0
11/19/16,0
11/20/16,0
11/21/16,0
11/22/16,0
11/23/16,0
11/24/16,0
11/25/16,0
11/26/16,0
11/27/16,0
11/28/16,0
11/29/16,0
11/30/16,0
12/01/16,0
12/02/16,0
12/03/16,0
12/04/16,0
12/05/16,9
12/06/16,0
12/07/16,0
12/08/16,0
12/09/16,0
12/10/16,0
12/11/16,0
12/12/16,0
12/13/16,0.1
12/14/16,0
12/15/16,0
12/16/16,0
12/17/16,0
12/18/16,6
12/19/16,0
12/20/16,0
12/21/16,1
12/22/16,0
12/23/16,0
12/24/16,0
12/25/16,4
12/26/16,0
12/27/16,0
12/28/16,0
12/29/16,0
12/30/16,0
12/31/16,25
01/01/17,0
01/02/17,90
01/03/17,20.5
01/04/17,0
01/05/17,0
01/06/17,0
01/07/17,23
01/08/17,0
01/09/17,2
01/10/17,0
01/11/17,7.5
01/12/17,2
01/13/17,0
01/14/17,0
01/15/17,0
01/16/17,0
01/17/17,0
01/18/17,0
01/19/17,35
01/20/17,0
01/21/17,3.5
01/22/17,5
01/23/17,0
01/24/17,1
01/25/17,0
01/26/17,0
01/27/17,0
01/28/17,0
01/29/17,0
01/30/17,0
01/31/17,0.5
02/01/17,0.9
02/02/17,1
02/03/17,0
02/04/17,28
02/05/17,63
02/06/17,0
02/07/17,0
02/08/17,0
02/09/17,0
02/10/17,0
02/11/17,0
02/12/17,0
02/13/17,1
02/14/17,3
02/15/17,0.6
02/16/17,32
02/17/17,
02/18/17,0
02/19/17,0
02/20/17,0
02/21/17,0
02/22/17,0
02/23/17,0
02/24/17,0
02/25/17,0
02/26/17,45
02/27/17,60
02/28/17,0
03/01/17,0.4
03/02/17,46
03/03/17,0
03/04/17,0
03/05/17,3
03/06/17,7
03/07/17,0
03/08/17,82
03/09/17,0
03/10/17,0
03/11/17,1
03/12/17,0
03/13/17,0
03/14/17,0
03/15/17,11
03/16/17,0.5
03/17/17,0
03/18/17,0
03/19/17,0
03/20/17,0
03/21/17,0
03/22/17,0
03/23/17,0
03/24/17,0
03/25/17,0
03/26/17,0
03/27/17,0
03/28/17,0.8
03/29/17,0.8
03/30/17,0
03/31/17,0
04/01/17,0
04/02/17,3
04/03/17,0
04/04/17,1
04/05/17,0
04/06/17,0
04/07/17,0.2
04/08/17,18
04/09/17,35
04/10/17,16
04/11/17,0
04/12/17,0
04/13/17,0
04/14/17,0
04/15/17,1
04/16/17,0
04/17/17,0
04/18/17,0
04/19/17,5
04/20/17,0.1
04/21/17,0
04/22/17,0
04/23/17,9
04/24/17,4
04/25/17,28
04/26/17,1
04/27/17,0
04/28/17,0
04/29/17,0
04/30/17,0
05/01/17,0
05/02/17,0
05/03/17,0
05/04/17,0
05/05/17,0
05/06/17,0
05/07/17,5
05/08/17,0
05/09/17,0
05/10/17,0
05/11/17,0.5
05/12/17,0.5
05/13/17,0.4
05/14/17,0
05/15/17,0
05/16/17,0
05/17/17,0
05/18/17,3
05/19/17,19
05/20/17,0.8
05/21/17,4
05/22/17,0
05/23/17,0
05/24/17,0.5
05/25/17,0.5
05/26/17,0
05/27/17,0
05/28/17,0
05/29/17,0
05/30/17,0
05/31/17,0
06/01/17,0
06/02/17,0
06/03/17,0
06/04/17,0
06/05/17,0
06/06/17,0
06/07/17,0
06/08/17,0
06/09/17,0
06/10/17,0
06/11/17,0
06/12/17,0
06/13/17,
06/14/17,0
06/15/17,4
06/16/17,2
06/17/17,48
06/18/17,0
06/19/17,0
06/20/17,0
06/21/17,0
06/22/17,4
06/23/17,12
06/24/17,1
06/25/17,0
06/26/17,29
06/27/17,2
06/28/17,0
06/29/17,0
06/30/17,0
07/01/17,0
07/02/17,0
07/03/17,0
07/04/17,0
07/05/17,10
07/06/17,2
07/07/17,23
07/08/17,3
07/09/17,0
07/10/17,0
07/11/17,0
07/12/17,40
07/13/17,0.7
07/14/17,4
07/15/17,11
07/16/17,0.5
07/17/17,0
07/18/17,0
07/19/17,0
07/20/17,0.5
07/21/17,0
07/22/17,0
07/23/17,4
07/24/17,0
07/25/17,0.5
07/26/17,2
07/27/17,2
07/28/17,0
07/29/17,4
07/30/17,7
07/31/17,0.7
08/01/17,0
08/02/17,0
08/03/17,0
08/04/17,0
08/05/17,0
08/06/17,0
08/07/17,28
08/08/17,21
08/09/17,0
08/10/17,0.5
08/11/17,32
08/12/17,19
08/13/17,0
08/14/17,0
08/15/17,2
08/16/17,0
08/17/17,0
08/18/17,0
08/19/17,0
08/20/17,0
08/21/17,0
08/22/17,0
08/23/17,0
08/24/17,0
08/25/17,13
08/26/17,0
08/27/17,1
08/28/17,0.7
08/29/17,5
08/30/17,0
08/31/17,0
09/01/17,0
09/02/17,20
09/03/17,55
09/04/17,0
09/05/17,0
09/06/17,0
09/07/17,0
09/08/17,6
09/09/17,3
09/10/17,13
09/11/17,1
09/12/17,0
09/13/17,0
09/14/17,0
09/15/17,0
09/16/17,0
09/17/17,0
09/18/17,0
09/19/17,0
09/20/17,2
09/21/17,0
09/22/17,0
09/23/17,0
09/24/17,0
09/25/17,0
09/26/17,0.8
09/27/17,0
09/28/17,0
09/29/17,0.5
09/30/17,30
10/01/17,39
10/02/17,4
10/03/17,0
10/04/17,4
10/05/17,0
10/06/17,0
10/07/17,0
10/08/17,42
10/09/17,0
10/10/17,0
10/11/17,0
10/12/17,0
10/13/17,0
10/14/17,0
10/15/17,0
10/16/17,0
10/17/17,0
10/18/17,17
10/19/17,0
10/20/17,0
10/21/17,0
10/22/17,0
10/23/17,0
10/24/17,0
10/25/17,0
10/26/17,0
10/27/17,0.3
10/28/17,0
10/29/17,27
10/30/17,0
10/31/17,0
11/01/17,0
11/02/17,0.2
11/03/17,0
11/04/17,0
11/05/17,44
11/06/17,1
11/07/17,10
11/08/17,11
11/09/17,0
11/10/17,0
11/11/17,0
11/12/17,0
11/13/17,2
11/14/17,0.4
11/15/17,19
11/16/17,0
11/17/17,0
11/18/17,0
11/19/17,2
11/20/17,2
11/21/17,0
11/22/17,0
11/23/17,0
11/24/17,0
11/25/17,0
11/26/17,0
11/27/17,0
11/28/17,0
11/29/17,0
11/30/17,0
12/01/17,0
12/02/17,0
12/03/17,0
12/04/17,0
12/05/17,0
12/06/17,10
12/07/17,0
12/08/17,44
12/09/17,0
12/10/17,0
12/11/17,0
12/12/17,0
12/13/17,9
12/14/17,0
12/15/17,0
12/16/17,30
12/17/17,0
12/18/17,0
12/19/17,0
12/20/17,0
12/21/17,0
12/22/17,49
12/23/17,0
12/24/17,0
12/25/17,0
12/26/17,0
12/27/17,0
12/28/17,0
12/29/17,0
12/30/17,0
12/31/17,0
01/01/18,0
01/02/18,0.5
01/03/18,0
01/04/18,51
01/05/18,0
01/06/18,0
01/07/18,0
01/08/18,0
01/09/18,0
01/10/18,0
01/11/18,8
01/12/18,0
01/13/18,3
01/14/18,0
01/15/18,0
01/16/18,0
01/17/18,0
01/18/18,0
01/19/18,0
01/20/18,0
01/21/18,0
01/22/18,0
01/23/18,41
01/24/18,0
01/25/18,0
01/26/18,0
01/27/18,5
01/28/18,0
01/29/18,0
01/30/18,7
01/31/18,1
02/01/18,27
02/02/18,0
02/03/18,0
02/04/18,0
02/05/18,0
02/06/18,0
02/07/18,0
02/08/18,19
02/09/18,0
02/10/18,0
02/11/18,0
02/12/18,0
02/13/18,0
02/14/18,0
02/15/18,0
02/16/18,0
02/17/18,0
02/18/18,5
02/19/18,0
02/20/18,9
02/21/18,0
02/22/18,0
02/23/18,0
02/24/18,0
02/25/18,0
02/26/18,0
02/27/18,0
02/28/18,0
03/01/18,0
03/02/18,0
03/03/18,0
03/04/18,12
03/05/18,0
03/06/18,0
03/07/18,0
03/08/18,0
03/09/18,0
03/10/18,22
03/11/18,0
03/12/18,0
03/13/18,0
03/14/18,25
03/15/18,0
03/16/18,0
03/17/18,40
03/18/18,30
03/19/18,0
03/20/18,0
03/21/18,0
03/22/18,0
03/23/18,1
03/24/18,0.5
03/25/18,0
03/26/18,0
03/27/18,0
03/28/18,0
03/29/18,0
03/30/18,0
03/31/18,0
04/01/18,0
04/02/18,0
04/03/18,0
04/04/18,0
04/05/18,0
04/06/18,4
04/07/18,0
04/08/18,0
04/09/18,3
04/10/18,0.5
04/11/18,31
04/12/18,0
04/13/18,0
04/14/18,0
04/15/18,0
04/16/18,0
04/17/18,3
04/18/18,15
04/19/18,0
04/20/18,0
04/21/18,0
04/22/18,0
04/23/18,0
04/24/18,28
04/25/18,3
04/26/18,22
04/27/18,10
04/28/18,15
04/29/18,0
04/30/18,0
05/01/18,0
05/02/18,0.3
05/03/18,0
05/04/18,7
05/05/18,0
05/06/18,0
05/07/18,2
05/08/18,9
05/09/18,0
05/10/18,0.8
05/11/18,0
05/12/18,0
05/13/18,0
05/14/18,1
05/15/18,0
05/16/18,0
05/17/18,1
05/18/18,0.2
05/19/18,0
05/20/18,0
05/21/18,2
05/22/18,0
05/23/18,0
05/24/18,0
05/25/18,0
05/26/18,0
05/27/18,0
05/28/18,48
05/29/18,47
05/30/18,0
05/31/18,0
06/01/18,3
06/02/18,0
06/03/18,0.1
06/04/18,0
06/05/18,0
06/06/18,1
06/07/18,0.5
06/08/18,0
06/09/18,0
06/10/18,0
06/11/18,0.5
06/12/18,63
06/13/18,0
06/14/18,2
06/15/18,0
06/16/18,0
06/17/18,0
06/18/18,0
06/19/18,0
06/20/18,0
06/21/18,0
06/22/18,0
06/23/18,0
06/24/18,0
06/25/18,0
06/26/18,0
06/27/18,0
06/28/18,0
06/29/18,0
06/30/18,0
07/01/18,2
07/02/18,0.4
07/03/18,0
07/04/18,0.5
07/05/18,1
07/06/18,5
07/07/18,8
07/08/18,0
07/09/18,0
07/10/18,0
07/11/18,0
07/12/18,0
07/13/18,0
07/14/18,0
07/15/18,0
07/16/18,0
07/17/18,6
07/18/18,16
07/19/18,3
07/20/18,6
07/21/18,0
07/22/18,0
07/23/18,0
07/24/18,0
07/25/18,0
07/26/18,0
07/27/18,1
07/28/18,0.9
07/29/18,0
07/30/18,0
07/31/18,0
08/01/18,0
08/02/18,0
08/03/18,0
08/04/18,0
08/05/18,0
08/06/18,0
08/07/18,3
08/08/18,11
08/09/18,0
08/10/18,0.4
08/11/18,0.2
08/12/18,0
08/13/18,13
08/14/18,0
08/15/18,0
08/16/18,0
08/17/18,0
08/18/18,11
08/19/18,1
08/20/18,0
08/21/18,0
08/22/18,0
08/23/18,0
08/24/18,0
08/25/18,0
08/26/18,0
08/27/18,0
08/28/18,0
08/29/18,0
08/30/18,0
08/31/18,0
09/01/18,0
09/02/18,0
09/03/18,0
09/04/18,0
09/05/18,0
09/06/18,0
09/07/18,0
09/08/18,0
09/09/18,5
09/10/18,0
09/11/18,1
09/12/18,0
09/13/18,0
09/14/18,0
09/15/18,0
09/16/18,2
09/17/18,0
09/18/18,4
09/19/18,0
09/20/18,0
09/21/18,0
09/22/18,24
09/23/18,0
09/24/18,0
09/25/18,0
09/26/18,0
09/27/18,0.7
09/28/18,40
09/29/18,4
09/30/18,0
10/01/18,0
10/02/18,0
10/03/18,0
10/04/18,0
10/05/18,0
10/06/18,0
10/07/18,0
10/08/18,20
10/09/18,0
10/10/18,0
10/11/18,0
10/12/18,0
10/13/18,0
10/14/18,0
10/15/18,0
10/16/18,0
10/17/18,0
10/18/18,0
10/19/18,0
10/20/18,0
10/21/18,0
10/22/18,0
10/23/18,0
10/24/18,2
10/25/18,0
10/26/18,0
10/27/18,0
10/28/18,0
10/29/18,3
10/30/18,23
10/31/18,0
11/01/18,2
11/02/18,5
11/03/18,0
11/04/18,0
11/05/18,0
11/06/18,0
11/07/18,0
11/08/18,0
11/09/18,45
11/10/18,0
11/11/18,1
11/12/18,0.2
11/13/18,5
11/14/18,0
11/15/18,0
11/16/18,0
11/17/18,22
11/18/18,0
11/19/18,0
11/20/18,0
11/21/18,0
11/22/18,1
11/23/18,0
11/24/18,0
11/25/18,0
11/26/18,1
11/27/18,0
11/28/18,0
11/29/18,0
11/30/18,0
12/01/18,0
12/02/18,0
12/03/18,0
12/04/18,0
12/05/18,0
12/06/18,0
12/07/18,0
12/08/18,0
12/09/18,16
12/10/18,0
12/11/18,0
12/12/18,0
12/13/18,10
12/14/18,0
12/15/18,0
12/16/18,0.3
12/17/18,0
12/18/18,0
12/19/18,0
12/20/18,32
12/21/18,0.6
12/22/18,0
12/23/18,0
12/24/18,0
12/25/18,0
12/26/18,0
12/27/18,30
12/28/18,7
12/29/18,30
12/30/18,0
12/31/18,2
01/01/19,8
01/02/19,14
01/03/19,0
01/04/19,0
01/05/19,0.8
01/06/19,0
01/07/19,1
01/08/19,30
01/09/19,0
01/10/19,0.7
01/11/19,0
01/12/19,0.1
01/13/19,0
01/14/19,0
01/15/19,0
01/16/19,0.1
01/17/19,0
01/18/19,0
01/19/19,0
01/20/19,0
01/21/19,0
01/22/19,7
01/23/19,0
01/24/19,0
01/25/19,0.2
01/26/19,0
01/27/19,0
01/28/19,0
01/29/19,1
01/30/19,0
01/31/19,0
02/01/19,0
02/02/19,0
02/03/19,0
02/04/19,0
02/05/19,0
02/06/19,0
02/07/19,0
02/08/19,0
02/09/19,0
02/10/19,9
02/11/19,0
02/12/19,0
02/13/19,0
02/14/19,0
02/15/19,0
02/16/19,0
02/17/19,0
02/18/19,16
02/19/19,0
02/20/19,27
02/21/19,26
02/22/19,1
02/23/19,0
02/24/19,0
02/25/19,1
02/26/19,0.3
02/27/19,0
02/28/19,0
03/01/19,48
03/02/19,0.3
03/03/19,3
03/04/19,0
03/05/19,1
03/06/19,0
03/07/19,13
03/08/19,0
03/09/19,0
03/10/19,0
03/11/19,0
03/12/19,6
03/13/19,4
03/14/19,0
03/15/19,0.8
03/16/19,0.5
03/17/19,7
03/18/19,0
03/19/19,0
03/20/19,0
03/21/19,0
03/22/19,0
03/23/19,11
03/24/19,4
03/25/19,0.1
03/26/19,0
03/27/19,0
03/28/19,0
03/29/19,0
03/30/19,0
03/31/19,0
04/01/19,0
04/02/19,3
04/03/19,0
04/04/19,30
04/05/19,0
04/06/19,0
04/07/19,0
04/08/19,0
04/09/19,0
04/10/19,0
04/11/19,0
04/12/19,0
04/13/19,0
04/14/19,4
04/15/19,0
04/16/19,0
04/17/19,0
04/18/19,0
04/19/19,0
04/20/19,0
04/21/19,0
04/22/19,0
04/23/19,0
04/24/19,0
04/25/19,0
04/26/19,26
04/27/19,0.1
04/28/19,0
04/29/19,0
04/30/19,0
05/01/19,0
05/02/19,0
05/03/19,0
05/04/19,0
05/05/19,0
05/06/19,0
05/07/19,0
05/08/19,0.8
05/09/19,39
05/10/19,1
05/11/19,0
05/12/19,0
05/13/19,0
05/14/19,0
05/15/19,0
05/16/19,0
05/17/19,0
05/18/19,0.3
05/19/19,0
05/20/19,0
05/21/19,0
05/22/19,0
05/23/19,0
05/24/19,0
05/25/19,0
05/26/19,0
05/27/19,0
05/28/19,0
05/29/19,0
05/30/19,0
05/31/19,0
06/01/19,0
06/02/19,0
06/03/19,0
06/04/19,0
06/05/19,0
06/06/19,5
06/07/19,0
06/08/19,0
06/09/19,0
06/10/19,0
06/11/19,27
06/12/19,1
06/13/19,45
06/14/19,0
06/15/19,0
06/16/19,0
06/17/19,96
06/18/19,7
06/19/19,0
06/20/19,0
06/21/19,0
06/22/19,0.6
06/23/19,0.6
06/24/19,7
06/25/19,0
06/26/19,0
06/27/19,0
06/28/19,0
06/29/19,11
06/30/19,0
07/01/19,0
07/02/19,0
07/03/19,0
07/04/19,1
07/05/19,0
07/06/19,0
07/07/19,0
07/08/19,0
07/09/19,0
07/10/19,0
07/11/19,0
07/12/19,0
07/13/19,0
07/14/19,0.5
07/15/19,2
07/16/19,0
07/17/19,0
07/18/19,0
07/19/19,0
07/20/19,0.2
07/21/19,19
07/22/19,0
07/23/19,0
07/24/19,0
07/25/19,14
07/26/19,5
07/27/19,0
07/28/19,0
07/29/19,0
07/30/19,0
07/31/19,0
08/01/19,2
08/02/19,0
08/03/19,0
08/04/19,0
08/05/19,0
08/06/19,0
08/07/19,0
08/08/19,0
08/09/19,0
08/10/19,0
08/11/19,0
08/12/19,3
08/13/19,0
08/14/19,0
08/15/19,0
08/16/19,0
08/17/19,0
08/18/19,0
08/19/19,0
08/20/19,0
08/21/19,0
08/22/19,0
08/23/19,0
08/24/19,0
08/25/19,0
08/26/19,0
08/27/19,0
08/28/19,8
08/29/19,2
08/30/19,0
08/31/19,2
09/01/19,1
09/02/19,1
09/03/19,0
09/04/19,0
09/05/19,0
09/06/19,6
09/07/19,3
09/08/19,0
09/09/19,3
09/10/19,0
09/11/19,0
09/12/19,0
09/13/19,0
09/14/19,0
09/15/19,0
09/16/19,0
09/17/19,0
09/18/19,0
09/19/19,0
09/20/19,0
09/21/19,0
09/22/19,0
09/23/19,0
09/24/19,0
09/25/19,0
09/26/19,0
09/27/19,0
09/28/19,0
09/29/19,0
09/30/19,0.6
10/01/19,0
10/02/19,0
10/03/19,0
10/04/19,3
10/05/19,0
10/06/19,0
10/07/19,0
10/08/19,0
10/09/19,0
10/10/19,8
10/11/19,0
10/12/19,0
10/13/19,0
10/14/19,0
10/15/19,0
10/16/19,0
10/17/19,14
10/18/19,0
10/19/19,0
10/20/19,2
10/21/19,4
10/22/19,1
10/23/19,0.5
10/24/19,0
10/25/19,0
10/26/19,3
10/27/19,3
10/28/19,24
10/29/19,0
10/30/19,0
10/31/19,0
11/01/19,0
11/02/19,0
11/03/19,0
11/04/19,13
11/05/19,0
11/06/19,0
11/07/19,0
11/08/19,3
11/09/19,0
11/10/19,0
11/11/19,0
11/12/19,6
11/13/19,0
11/14/19,0
11/15/19,0.5
11/16/19,0
11/17/19,4
11/18/19,0
11/19/19,0
11/20/19,5
11/21/19,11
11/22/19,0
11/23/19,0
11/24/19,0
11/25/19,6
11/26/19,0
11/27/19,0
11/28/19,0
11/29/19,1
11/30/19,0
12/01/19,0
12/02/19,0
12/03/19,12
12/04/19,4
12/05/19,0
12/06/19,0
12/07/19,0
12/08/19,0
12/09/19,0
12/10/19,0
12/11/19,9
12/12/19,0
12/13/19,0
12/14/19,0
12/15/19,0
12/16/19,0
12/17/19,0
12/18/19,0
12/19/19,0
12/20/19,9
12/21/19,1
12/22/19,0
12/23/19,0
12/24/19,0.1
12/25/19,0.5
12/26/19,2
12/27/19,47
12/28/19,10
12/29/19,0
12/30/19,4
12/31/19,0
01/01/20,6
01/02/20,0
01/03/20,0
01/04/20,6
01/05/20,16
01/06/20,0
01/07/20,0
01/08/20,8
01/09/20,0
01/10/20,0
01/11/20,0
01/12/20,0
01/13/20,0
01/14/20,0
01/15/20,0
01/16/20,0
01/17/20,0
01/18/20,0
01/19/20,0
01/20/20,0
01/21/20,0
01/22/20,0
01/23/20,0
01/24/20,0
01/25/20,0
01/26/20,0
01/27/20,0
01/28/20,5
01/29/20,0
01/30/20,0
01/31/20,0
02/01/20,0
02/02/20,0
02/03/20,0
02/04/20,2
02/05/20,13
02/06/20,15
02/07/20,0
02/08/20,0
02/09/20,0
02/10/20,0
02/11/20,0
02/12/20,0
02/13/20,15
02/14/20,0
02/15/20,0
02/16/20,15
02/17/20,22
02/18/20,0
02/19/20,0.9
02/20/20,6
02/21/20,0
02/22/20,0
02/23/20,0
02/24/20,19
02/25/20,0
02/26/20,0
02/27/20,0
02/28/20,0
02/29/20,0
03/01/20,0
03/02/20,0
03/03/20,0
03/04/20,0
03/05/20,0
03/06/20,0
03/07/20,0
03/08/20,0.5
03/09/20,0
03/10/20,0
03/11/20,0
03/12/20,1
03/13/20,32
03/14/20,0
03/15/20,0
03/16/20,0
03/17/20,3
03/18/20,78
03/19/20,0
03/20/20,0
03/21/20,0
03/22/20,0
03/23/20,0
03/24/20,18
03/25/20,0
03/26/20,0
03/27/20,0
03/28/20,0
03/29/20,4
03/30/20,5
03/31/20,11
04/01/20,11
04/02/20,0
04/03/20,0
04/04/20,0
04/05/20,0
04/06/20,0.5
04/07/20,0
04/08/20,0
04/09/20,0
04/10/20,0
04/11/20,0
04/12/20,1
04/13/20,29
04/14/20,0
04/15/20,0
04/16/20,0
04/17/20,0
04/18/20,0
04/19/20,0
04/20/20,0
04/21/20,0
04/22/20,0
04/23/20,1
04/24/20,11
04/25/20,1
04/26/20,0
04/27/20,12
04/28/20,26
04/29/20,0
04/30/20,8
05/01/20,0
05/02/20,0
05/03/20,8
05/04/20,4
05/05/20,9
05/06/20,0
05/07/20,0
05/08/20,0
05/09/20,0
05/10/20,0
05/11/20,0
05/12/20,0
05/13/20,0.5
05/14/20,0
05/15/20,0
05/16/20,0
05/17/20,0
05/18/20,0
05/19/20,0
05/20/20,9
05/21/20,1
05/22/20,0
05/23/20,0
05/24/20,5
05/25/20,0
05/26/20,0
05/27/20,0
05/28/20,0
05/29/20,0
05/30/20,5
05/31/20,4
06/01/20,0
06/02/20,0
06/03/20,0
06/04/20,0
06/05/20,0
06/06/20,0
06/07/20,1
06/08/20,3
06/09/20,1
06/10/20,0
06/11/20,0
06/12/20,0
06/13/20,0
06/14/20,0
06/15/20,3
06/16/20,0.8
06/17/20,11
06/18/20,1
06/19/20,0
06/20/20,0
06/21/20,0
06/22/20,4
06/23/20,0
06/24/20,0
06/25/20,0
06/26/20,0
06/27/20,1
06/28/20,0
06/29/20,4
06/30/20,8
07/01/20,0
07/02/20,0
07/03/20,0.4
07/04/20,0.5
07/05/20,0
07/06/20,0
07/07/20,0.1
07/08/20,0
07/09/20,0
07/10/20,1
07/11/20,0
07/12/20,0
07/13/20,0
07/14/20,0
07/15/20,0
07/16/20,0
07/17/20,0
07/18/20,14
07/19/20,1
07/20/20,2
07/21/20,13
07/22/20,28
07/23/20,12
07/24/20,0
07/25/20,0
07/26/20,0
07/27/20,0
07/28/20,0.6
07/29/20,0
07/30/20,0
07/31/20,0
08/01/20,5
08/02/20,0
08/03/20,0
08/04/20,0
08/05/20,0
08/06/20,0
08/07/20,0
08/08/20,0
08/09/20,4
08/10/20,0
08/11/20,0
08/12/20,0
08/13/20,0
08/14/20,0
08/15/20,0
08/16/20,0
08/17/20,0
08/18/20,0
08/19/20,0.6
08/20/20,0
08/21/20,0
08/22/20,0
08/23/20,0
08/24/20,0
08/25/20,33
08/26/20,6
08/27/20,0
08/28/20,0
08/29/20,0
08/30/20,0
08/31/20,0
09/01/20,0
09/02/20,14
09/03/20,0
09/04/20,0
09/05/20,0
09/06/20,0
09/07/20,0
09/08/20,0
09/09/20,0
09/10/20,1
09/11/20,0
09/12/20,0
09/13/20,0
09/14/20,0
09/15/20,0
09/16/20,0
09/17/20,0
09/18/20,0
09/19/20,0
09/20/20,0
09/21/20,0
09/22/20,0
09/23/20,0
09/24/20,0
09/25/20,0
09/26/20,0
09/27/20,20
09/28/20,0
09/29/20,0
09/30/20,0
10/01/20,0
10/02/20,0
10/03/20,0
10/04/20,21
10/05/20,0
10/06/20,0
10/07/20,0
10/08/20,0
10/09/20,0
10/10/20,8
10/11/20,11
10/12/20,0
10/13/20,0
10/14/20,0
10/15/20,0
10/16/20,0
10/17/20,0
10/18/20,30
10/19/20,1
10/20/20,0
10/21/20,5
10/22/20,5
10/23/20,0.4
10/24/20,0.5
10/25/20,31
10/26/20,0
10/27/20,0
10/28/20,1
10/29/20,0
10/30/20,0
10/31/20,0
11/01/20,0
11/02/20,0
11/03/20,0
11/04/20,0
11/05/20,0
11/06/20,6
11/07/20,5
11/08/20,0
11/09/20,0
11/10/20,0
11/11/20,0
11/12/20,0
11/13/20,0
11/14/20,22
11/15/20,0
11/16/20,0
11/17/20,0
11/18/20,0
11/19/20,0
11/20/20,0
11/21/20,0
11/22/20,0
11/23/20,1
11/24/20,16
11/25/20,0
11/26/20,0
11/27/20,0
11/28/20,0
11/29/20,0
11/30/20,0
12/01/20,0
12/02/20,1
12/03/20,0.9
12/04/20,0
12/05/20,0
12/06/20,0
12/07/20,0
12/08/20,0
12/09/20,0
12/10/20,3
12/11/20,0
12/12/20,4
12/13/20,8
12/14/20,0
12/15/20,0
12/16/20,0
12/17/20,0
12/18/20,0
12/19/20,2
12/20/20,0
12/21/20,0
12/22/20,0
12/23/20,0
12/24/20,0
12/25/20,0
12/26/20,0
12/27/20,0.5
12/28/20,0
12/29/20,3
12/30/20,0
12/31/20,0
01/01/21,0
01/02/21,0
01/03/21,0
01/04/21,0
01/05/21,87
01/06/21,53
01/07/21,2
01/08/21,0
01/09/21,0
01/10/21,66
01/11/21,0
01/12/21,0
01/13/21,0
01/14/21,0
01/15/21,0.8
01/16/21,32
01/17/21,1
01/18/21,0
01/19/21,0
01/20/21,0
01/21/21,0
01/22/21,0
01/23/21,0
01/24/21,0
01/25/21,0
01/26/21,3
01/27/21,5
01/28/21,2
01/29/21,0
01/30/21,0
01/31/21,0
02/01/21,0.7
02/02/21,0
02/03/21,0
02/04/21,0
02/05/21,0
02/06/21,0
02/07/21,6
02/08/21,0
02/09/21,0
02/10/21,0.5
02/11/21,21
02/12/21,35
02/13/21,2
02/14/21,39
02/15/21,1
02/16/21,17
02/17/21,2
02/18/21,0
02/19/21,0
02/20/21,0
02/21/21,0.2
02/22/21,0
02/23/21,0
02/24/21,0
02/25/21,0
02/26/21,0
02/27/21,0
02/28/21,0
03/01/21,0
03/02/21,0
03/03/21,0
03/04/21,2
03/05/21,0
03/06/21,0
03/07/21,0.1
03/08/21,0
03/09/21,0
03/10/21,0
03/11/21,0
03/12/21,0
03/13/21,0
03/14/21,0
03/15/21,0
03/16/21,16
03/17/21,2
03/18/21,0
03/19/21,4
03/20/21,8
03/21/21,0
03/22/21,0
03/23/21,0
03/24/21,0
03/25/21,8
03/26/21,43
03/27/21,31
03/28/21,0.5
03/29/21,0
03/30/21,0
03/31/21,0
04/01/21,0
04/02/21,1
04/03/21,0
04/04/21,15
04/05/21,0
04/06/21,0
04/07/21,0
04/08/21,18
04/09/21,0
04/10/21,55
04/11/21,2
04/12/21,0
04/13/21,0
04/14/21,0
04/15/21,0
04/16/21,0
04/17/21,0
04/18/21,0
04/19/21,0
04/20/21,0
04/21/21,0
04/22/21,0
04/23/21,8
04/24/21,1
04/25/21,0
04/26/21,0
04/27/21,0
04/28/21,0
04/29/21,0
04/30/21,0
05/01/21,0
05/02/21,5
05/03/21,31
05/04/21,0
05/05/21,0
05/06/21,0
05/07/21,0
05/08/21,0
05/09/21,0
05/10/21,0.8
05/11/21,0
05/12/21,0
05/13/21,0
05/14/21,0
05/15/21,0
05/16/21,0
05/17/21,0
05/18/21,0
05/19/21,0
05/20/21,0
05/21/21,8
05/22/21,33
05/23/21,5
05/24/21,0
05/25/21,0
05/26/21,0
05/27/21,0
05/28/21,0
05/29/21,0
05/30/21,
05/31/21,2
06/01/21,0.6
06/02/21,0
06/03/21,0
06/04/21,0
06/05/21,0
06/06/21,0
06/07/21,0
06/08/21,0
06/09/21,2
06/10/21,0
06/11/21,0
06/12/21,0
06/13/21,0
06/14/21,0
06/15/21,0.3
06/16/21,1
06/17/21,0.8
06/18/21,0
06/19/21,0
06/20/21,0
06/21/21,0
06/22/21,0
06/23/21,7
06/24/21,0
06/25/21,0
06/26/21,11
06/27/21,26
06/28/21,10
06/29/21,0
06/30/21,0
07/01/21,0
07/02/21,0
07/03/21,0
07/04/21,0
07/05/21,0
07/06/21,0.5
07/07/21,3
07/08/21,0
07/09/21,1
07/10/21,0
07/11/21,0
07/12/21,0
07/13/21,0
07/14/21,0
07/15/21,0
07/16/21,0
07/17/21,11
07/18/21,2
07/19/21,0
07/20/21,0
07/21/21,0
07/22/21,0
07/23/21,0
07/24/21,8
07/25/21,0
07/26/21,0
07/27/21,8
07/28/21,0
07/29/21,0
07/30/21,0
07/31/21,0
08/01/21,0
08/02/21,0
08/03/21,0
08/04/21,0
08/05/21,0
08/06/21,0
08/07/21,0.8
08/08/21,18
08/09/21,0
08/10/21,0
08/11/21,0
08/12/21,0
08/13/21,0
08/14/21,0
08/15/21,0
08/16/21,0
08/17/21,0
08/18/21,0
08/19/21,0.5
08/20/21,0
08/21/21,0.3
08/22/21,1
08/23/21,0
08/24/21,0
08/25/21,0
08/26/21,2
08/27/21,0
08/28/21,0
08/29/21,0
08/30/21,0
08/31/21,23
09/01/21,0
09/02/21,0
09/03/21,0
09/04/21,6
09/05/21,0
09/06/21,0
09/07/21,22
09/08/21,69
09/09/21,6
09/10/21,0.4
09/11/21,0
09/12/21,0
09/13/21,0
09/14/21,0
09/15/21,0
09/16/21,0
09/17/21,0
09/18/21,0
09/19/21,3
09/20/21,0.9
09/21/21,0
09/22/21,0
09/23/21,0
09/24/21,0
09/25/21,0
09/26/21,4
09/27/21,2
09/28/21,0
09/29/21,0
09/30/21,0.7
10/01/21,0
10/02/21,4
10/03/21,0
10/04/21,0
10/05/21,0
10/06/21,0
10/07/21,0
10/08/21,0
10/09/21,0
10/10/21,5
10/11/21,2
10/12/21,0
10/13/21,0
10/14/21,0.5
10/15/21,0
10/16/21,0
10/17/21,0
10/18/21,0
10/19/21,0
10/20/21,0
10/21/21,18
10/22/21,4
10/23/21,5
10/24/21,0
10/25/21,0
10/26/21,0
10/27/21,0
10/28/21,0
10/29/21,0
10/30/21,0
10/31/21,0
11/01/21,8
11/02/21,0.2
11/03/21,0
11/04/21,0
11/05/21,0
11/06/21,0
11/07/21,0
11/08/21,0
11/09/21,0
11/10/21,0
11/11/21,0
11/12/21,0
11/13/21,8
11/14/21,0
11/15/21,0
11/16/21,0
11/17/21,0
11/18/21,0
11/19/21,0
11/20/21,3
11/21/21,0
11/22/21,0
11/23/21,0
11/24/21,0
11/25/21,0
11/26/21,0
11/27/21,0
11/28/21,6
11/29/21,4
11/30/21,0
12/01/21,0
12/02/21,0
12/03/21,3
12/04/21,0
12/05/21,0
12/06/21,0
12/07/21,0
12/08/21,0
12/09/21,0
12/10/21,0
12/11/21,5
12/12/21,1.4
12/13/21,0
12/14/21,3
12/15/21,0.6
12/16/21,0
12/17/21,0
12/18/21,0
12/19/21,0
12/20/21,0
12/21/21,0
12/22/21,12
12/23/21,0
12/24/21,5
12/25/21,0
12/26/21,0
12/27/21,0
12/28/21,0
12/29/21,0
12/30/21,0
12/31/21,0
01/01/22,0
01/02/22,3
01/03/22,0
01/04/22,0
01/05/22,0
01/06/22,0
01/07/22,0
01/08/22,0
01/09/22,0
01/10/22,0
01/11/22,0
01/12/22,0
01/13/22,0
01/14/22,0
01/15/22,15
01/16/22,0
01/17/22,2
01/18/22,2.2
01/19/22,0
01/20/22,7
01/21/22,7
01/22/22,22
01/23/22,0
01/24/22,0
01/25/22,0
01/26/22,0
01/27/22,0
01/28/22,0
01/29/22,0
01/30/22,10
01/31/22,0
02/01/22,0
02/02/22,3
02/03/22,2
02/04/22,8
02/05/22,37
02/06/22,5
02/07/22,0
02/08/22,0
02/09/22,0
02/10/22,0
02/11/22,0.5
02/12/22,0
02/13/22,0.5
02/14/22,0
02/15/22,0
02/16/22,0
02/17/22,0
02/18/22,0
02/19/22,0
02/20/22,0
02/21/22,0
02/22/22,0
02/23/22,0
02/24/22,9
02/25/22,0
02/26/22,32
02/27/22,10
02/28/22,0
03/01/22,0.2
03/02/22,0
03/03/22,0
03/04/22,0
03/05/22,0
03/06/22,23
03/07/22,0
03/08/22,0
03/09/22,0
03/10/22,0
03/11/22,0
03/12/22,0
03/13/22,0
03/14/22,0
03/15/22,0
03/16/22,0
03/17/22,6
03/18/22,0
03/19/22,0
03/20/22,0
03/21/22,26
03/22/22,0
03/23/22,0.2
03/24/22,4
03/25/22,7
03/26/22,0
03/27/22,0
03/28/22,0
03/29/22,11
03/30/22,0
03/31/22,0
04/01/22,0
04/02/22,0
04/03/22,0
04/04/22,0
04/05/22,0
04/06/22,0
04/07/22,0
04/08/22,0
04/09/22,0
04/10/22,6
04/11/22,3
04/12/22,0.8
04/13/22,0
04/14/22,0
04/15/22,0
04/16/22,0
04/17/22,0
04/18/22,1
04/19/22,0
04/20/22,0
04/21/22,0
04/22/22,0
04/23/22,0
04/24/22,46
04/25/22,0
04/26/22,81
04/27/22,0
04/28/22,0
04/29/22,0
04/30/22,0
05/01/22,0
05/02/22,0
05/03/22,0
05/04/22,0
05/05/22,0
05/06/22,0
05/07/22,0
05/08/22,0
05/09/22,0
05/10/22,0
05/11/22,0
05/12/22,0
05/13/22,0
05/14/22,0
05/15/22,8
05/16/22,6
05/17/22,0
05/18/22,0
05/19/22,0
05/20/22,0
05/21/22,0
05/22/22,0
05/23/22,0.2
05/24/22,1
05/25/22,2
05/26/22,0
05/27/22,0
05/28/22,0
05/29/22,0
05/30/22,2
05/31/22,0
06/01/22,0.2
06/02/22,0
06/03/22,0
06/04/22,0
06/05/22,0
06/06/22,0
06/07/22,0
06/08/22,0
06/09/22,0
06/10/22,0
06/11/22,0
06/12/22,0
06/13/22,0
06/14/22,0
06/15/22,0.2
06/16/22,0
06/17/22,0
06/18/22,0
06/19/22,0
06/20/22,0
06/21/22,0
06/22/22,0
06/23/22,0
06/24/22,0
06/25/22,0
06/26/22,0
06/27/22,0
06/28/22,0
06/29/22,0.6
06/30/22,0
07/01/22,0.9
07/02/22,0
07/03/22,0
07/04/22,0
07/05/22,0
07/06/22,4
07/07/22,0
07/08/22,0.5
07/09/22,3
07/10/22,0
07/11/22,0
07/12/22,0
07/13/22,0
07/14/22,5
07/15/22,0
07/16/22,0
07/17/22,0
07/18/22,0
07/19/22,0
07/20/22,0
07/21/22,0
07/22/22,0
07/23/22,0.1
07/24/22,6
07/25/22,8
07/26/22,0.3
07/27/22,13
07/28/22,0.2
07/29/22,0
07/30/22,0
07/31/22,0
08/01/22,0
08/02/22,0.7
08/03/22,0
08/04/22,0
08/05/22,0
08/06/22,0
08/07/22,0
08/08/22,0
08/09/22,0
08/10/22,0
08/11/22,0
08/12/22,0
08/13/22,0
08/14/22,22
08/15/22,0
08/16/22,10
08/17/22,6
08/18/22,0
08/19/22,0
08/20/22,0
08/21/22,0
08/22/22,0
08/23/22,0
08/24/22,0
08/25/22,0.2
08/26/22,23
08/27/22,0
08/28/22,0
08/29/22,0
08/30/22,0
08/31/22,0
09/01/22,0
09/02/22,0
09/03/22,0
09/04/22,0
09/05/22,0
09/06/22,0
09/07/22,0
09/08/22,5
09/09/22,0
09/10/22,0
09/11/22,0
09/12/22,0
09/13/22,0
09/14/22,0
09/15/22,0
09/16/22,0
09/17/22,0
09/18/22,8
09/19/22,5
09/20/22,0
09/21/22,0
09/22/22,6
09/23/22,0
09/24/22,0
09/25/22,0
09/26/22,0
09/27/22,0
09/28/22,0
09/29/22,0
09/30/22,0
10/01/22,0
10/02/22,0
10/03/22,0
10/04/22,0
10/05/22,0
10/06/22,1
10/07/22,12
10/08/22,3
10/09/22,0.5
10/10/22,0
10/11/22,0
10/12/22,3
10/13/22,0
10/14/22,0
10/15/22,0
10/16/22,0
10/17/22,0
10/18/22,1
10/19/22,0
10/20/22,0
10/21/22,9
10/22/22,0.6
10/23/22,0
10/24/22,0
10/25/22,0
10/26/22,12
10/27/22,0
10/28/22,4
10/29/22,4
10/30/22,2
10/31/22,0.2
11/01/22,0
11/02/22,0
11/03/22,0
11/04/22,0
11/05/22,0
11/06/22,0
11/07/22,0
11/08/22,0
11/09/22,0
11/10/22,0
11/11/22,0
11/12/22,28
11/13/22,43
11/14/22,0
11/15/22,0
11/16/22,2
11/17/22,0
11/18/22,0
11/19/22,0
11/20/22,7
11/21/22,0
11/22/22,0
11/23/22,0
11/24/22,0
11/25/22,0
11/26/22,0
11/27/22,0
11/28/22,0
11/29/22,0
11/30/22,98
12/01/22,1
12/02/22,0
12/03/22,0
12/04/22,0
12/05/22,0
12/06/22,0
12/07/22,0.8
12/08/22,0
12/09/22,0
12/10/22,1
12/11/22,23
12/12/22,0
12/13/22,0
12/14/22,5
12/15/22,0
12/16/22,0
12/17/22,0
12/18/22,0
12/19/22,0
12/20/22,0
12/21/22,0
12/22/22,0
12/23/22,37
12/24/22,2
12/25/22,0
12/26/22,0
12/27/22,0
12/28/22,0
12/29/22,0
12/30/22,0
12/31/22,0
01/01/23,16.5
01/02/23,0
01/03/23,0
01/04/23,0
01/05/23,0
01/06/23,0
01/07/23,0
01/08/23,0
01/09/23,0
01/10/23,0
01/11/23,16.8
01/12/23,2
01/13/23,0
01/14/23,0
01/15/23,0
01/16/23,0
01/17/23,0
01/18/23,0
01/19/23,0
01/20/23,0
01/21/23,0
01/22/23,0
01/23/23,0
01/24/23,0
01/25/23,0
01/26/23,0
01/27/23,0
01/28/23,0
01/29/23,0
01/30/23,0
01/31/23,0
02/01/23,0
02/02/23,0.8
02/03/23,0
02/04/23,0
02/05/23,0
02/06/23,1
02/07/23,23.5
02/08/23,0.6
02/09/23,0
02/10/23,0
02/11/23,0
02/12/23,59
02/13/23,0
02/14/23,0
02/15/23,0
02/16/23,28
02/17/23,6.8
02/18/23,0
02/19/23,0
02/20/23,0
02/21/23,0
02/22/23,0
02/23/23,27
02/24/23,0
02/25/23,0
02/26/23,0
02/27/23,0
02/28/23,0
03/01/23,2
03/02/23,0
03/03/23,5.5
03/04/23,0
03/05/23,0
03/06/23,0
03/07/23,0
03/08/23,0
03/09/23,12.5
03/10/23,0
03/11/23,0
03/12/23,0
03/13/23,0
03/14/23,0
03/15/23,7.5
03/16/23,0
03/17/23,0
03/18/23,4.5
03/19/23,0.2
03/20/23,0
03/21/23,0
03/22/23,0
03/23/23,9
03/24/23,0
03/25/23,0.1
03/26/23,0
03/27/23,0
03/28/23,4
03/29/23,0
03/30/23,0
03/31/23,0.5
04/01/23,0
04/02/23,0
04/03/23,0
04/04/23,0
04/05/23,0
04/06/23,0
04/07/23,0
04/08/23,0
04/09/23,0
04/10/23,0
04/11/23,11
04/12/23,0
04/13/23,0
04/14/23,0
04/15/23,0
04/16/23,0
04/17/23,6
04/18/23,1
04/19/23,0.2
04/20/23,0
04/21/23,0
04/22/23,0
04/23/23,0
04/24/23,0
04/25/23,0
04/26/23,0
04/27/23,0
04/28/23,0
04/29/23,0
04/30/23,18
05/01/23,0
05/02/23,0
05/03/23,0
05/04/23,0
05/05/23,0
05/06/23,10.5
05/07/23,2
05/08/23,0
05/09/23,0
05/10/23,0
05/11/23,0
05/12/23,0
05/13/23,0
05/14/23,0
05/15/23,0
05/16/23,0
05/17/23,0
05/18/23,0
05/19/23,0.6
05/20/23,0
05/21/23,0
05/22/23,16.5
05/23/23,8
05/24/23,21
05/25/23,52.5
05/26/23,0
05/27/23,0
05/28/23,0
05/29/23,0
05/30/23,0
05/31/23,0
06/01/23,0
06/02/23,20.5
06/03/23,0
06/04/23,0
06/05/23,0
06/06/23,0
06/07/23,0
06/08/23,0.7
06/09/23,0
06/10/23,0
06/11/23,0
06/12/23,0
06/13/23,0
06/14/23,0
06/15/23,0
06/16/23,0
06/17/23,0.3
06/18/23,0
06/19/23,0
06/20/23,0
06/21/23,0
06/22/23,0
06/23/23,5
06/24/23,1
06/25/23,0
06/26/23,0
06/27/23,1.5
06/28/23,0
06/29/23,0
06/30/23,0
07/01/23,0
07/02/23,12
07/03/23,4.5
07/04/23,23.6
07/05/23,0
07/06/23,0
07/07/23,0
07/08/23,2.5
07/09/23,3
07/10/23,0
07/11/23,0
07/12/23,0
07/13/23,0
07/14/23,0
07/15/23,0
07/16/23,0
07/17/23,0
07/18/23,0
07/19/23,0
07/20/23,0
07/21/23,0
07/22/23,8.8
07/23/23,0
07/24/23,0
07/25/23,7.5
07/26/23,0
07/27/23,0.5
07/28/23,0
07/29/23,0
07/30/23,0
07/31/23,0
08/01/23,0
08/02/23,0
08/03/23,0
08/04/23,0
08/05/23,0
08/06/23,0
08/07/23,0
08/08/23,0
08/09/23,0
08/10/23,6
08/11/23,0
08/12/23,0
08/13/23,0
08/14/23,0
08/15/23,0
08/16/23,28.5
08/17/23,13.5
08/18/23,0
08/19/23,0
08/20/23,0
08/21/23,2
08/22/23,0
08/23/23,0
08/24/23,0
08/25/23,0
08/26/23,0
08/27/23,0
08/28/23,0
08/29/23,0
08/30/23,1.5
08/31/23,0
09/01/23,0
09/02/23,0
09/03/23,0
09/04/23,0
09/05/23,0
09/06/23,0
09/07/23,21
09/08/23,0
09/09/23,0
09/10/23,0
09/11/23,5
09/12/23,0
09/13/23,0
09/14/23,0
09/15/23,0
09/16/23,0
09/17/23,0
09/18/23,0
09/19/23,0
09/20/23,0
09/21/23,0
09/22/23,0
09/23/23,0
09/24/23,0
09/25/23,0
09/26/23,0
09/27/23,0
09/28/23,1
09/29/23,3
09/30/23,0
10/01/23,0
10/02/23,0
10/03/23,4
10/04/23,0
10/05/23,0
10/06/23,0
10/07/23,0
10/08/23,0
10/09/23,0
10/10/23,0
10/11/23,0
10/12/23,0
10/13/23,0
10/14/23,0
10/15/23,0
10/16/23,0.3
10/17/23,0
10/18/23,0
10/19/23,0
10/20/23,0
10/21/23,20
10/22/23,0
10/23/23,0
10/24/23,0
10/25/23,0
10/26/23,0
10/27/23,0
10/28/23,2
10/29/23,4
10/30/23,0
10/31/23,0
11/01/23,0
11/02/23,13
11/03/23,1
11/04/23,0
11/05/23,0
11/06/23,0
11/07/23,1
11/08/23,0
11/09/23,0
11/10/23,8
11/11/23,0
11/12/23,0.6
11/13/23,0
11/14/23,0
11/15/23,4
11/16/23,0
11/17/23,8
11/18/23,0
11/19/23,0
11/20/23,0
11/21/23,0
11/22/23,5
11/23/23,0
11/24/23,0
11/25/23,0
11/26/23,0
11/27/23,0
11/28/23,37
11/29/23,3
11/30/23,19
12/01/23,62
12/02/23,1
12/03/23,0
12/04/23,0
12/05/23,0
12/06/23,46
12/07/23,0
12/08/23,0
12/09/23,4
12/10/23,0
12/11/23,0
12/12/23,20
12/13/23,0
12/14/23,36
12/15/23,0
12/16/23,18
12/17/23,0
12/18/23,0
12/19/23,0
12/20/23,3
12/21/23,0
12/22/23,1
12/23/23,3
12/24/23,11
12/25/23,0
12/26/23,0
12/27/23,3
12/28/23,2
12/29/23,0
12/30/23,0
12/31/23,0.2
01/01/24,0.1
01/02/24,0
01/03/24,0
01/04/24,0
01/05/24,23
01/06/24,12
01/07/24,0
01/08/24,9
01/09/24,1
01/10/24,0
01/11/24,0
01/12/24,0
01/13/24,0
01/14/24,0
01/15/24,0
01/16/24,0
01/17/24,0
01/18/24,0
01/19/24,0
01/20/24,0
01/21/24,0
01/22/24,0
01/23/24,0
01/24/24,0
01/25/24,0
01/26/24,0
01/27/24,0
01/28/24,0
01/29/24,0
01/30/24,0
01/31/24,0
02/01/24,0
02/02/24,0
02/03/24,0
02/04/24,0
02/05/24,2
02/06/24,12
02/07/24,10
02/08/24,0.5
02/09/24,33
02/10/24,5
02/11/24,9
02/12/24,0
02/13/24,0
02/14/24,0
02/15/24,0
02/16/24,0
02/17/24,0
02/18/24,0
02/19/24,0
02/20/24,0
02/21/24,0
02/22/24,0
02/23/24,0
02/24/24,0
02/25/24,0
02/26/24,8
02/27/24,0
02/28/24,3
02/29/24,0
03/01/24,8
03/02/24,1
03/03/24,0
03/04/24,4
03/05/24,0
03/06/24,0
03/07/24,3
03/08/24,3
03/09/24,0
03/10/24,8
03/11/24,25
03/12/24,9
03/13/24,0
03/14/24,0
03/15/24,0
03/16/24,0
03/17/24,29
03/18/24,5
03/19/24,25
03/20/24,7
03/21/24,0
03/22/24,0
03/23/24,0
03/24/24,0
03/25/24,0
03/26/24,0
03/27/24,0
03/28/24,0
03/29/24,3
03/30/24,0
03/31/24,0
04/01/24,4
04/02/24,0.5
04/03/24,0
04/04/24,0
04/05/24,0
04/06/24,0
04/07/24,0
04/08/24,0
04/09/24,0
04/10/24,0
04/11/24,0
04/12/24,4
04/13/24,18
04/14/24,18
04/15/24,76
04/16/24,2
04/17/24,0
04/18/24,0
04/19/24,0
04/20/24,0
04/21/24,0
04/22/24,0.9
04/23/24,0
04/24/24,0
04/25/24,1
04/26/24,24
04/27/24,0
04/28/24,0
04/29/24,1
04/30/24,0.5
05/01/24,0
05/02/24,0
05/03/24,0
05/04/24,0
05/05/24,7
05/06/24,0
05/07/24,2
05/08/24,0
05/09/24,0
05/10/24,0
05/11/24,0
05/12/24,0
05/13/24,0
05/14/24,0
05/15/24,0
05/16/24,0.5
05/17/24,0
05/18/24,0.7
05/19/24,1
05/20/24,0
05/21/24,0
05/22/24,0
05/23/24,0
05/24/24,2
05/25/24,1
05/26/24,0
05/27/24,0
05/28/24,0
05/29/24,0
05/30/24,0
05/31/24,0
06/01/24,0
06/02/24,0
06/03/24,0
06/04/24,0
06/05/24,0
06/06/24,0
06/07/24,2
06/08/24,0
06/09/24,0
06/10/24,0
06/11/24,0.7
06/12/24,0
06/13/24,0
06/14/24,0
06/15/24,0
06/16/24,0
06/17/24,0
06/18/24,5
06/19/24,0
06/20/24,5
06/21/24,9
06/22/24,0
06/23/24,0
06/24/24,0
06/25/24,0
06/26/24,3
06/27/24,7
06/28/24,0
06/29/24,1
06/30/24,0
07/01/24,0
07/02/24,0
07/03/24,0
07/04/24,0
07/05/24,0
07/06/24,0
07/07/24,0.5
07/08/24,0
07/09/24,0
07/10/24,0
07/11/24,0
07/12/24,0
07/13/24,0
07/14/24,0
07/15/24,0
07/16/24,0
07/17/24,0
07/18/24,0
07/19/24,0
07/20/24,14
07/21/24,0.3
07/22/24,0
07/23/24,0
07/24/24,11
07/25/24,0
07/26/24,0
07/27/24,0
07/28/24,0
07/29/24,0
07/30/24,0
07/31/24,0
08/01/24,0
08/02/24,18
08/03/24,0
08/04/24,0
08/05/24,5
08/06/24,2
08/07/24,13
08/08/24,5
08/09/24,0
08/10/24,0
08/11/24,0.6
08/12/24,0
08/13/24,0
08/14/24,0
08/15/24,0
08/16/24,0
08/17/24,0
08/18/24,1
08/19/24,0
08/20/24,0
08/21/24,27
08/22/24,5
08/23/24,0.1
08/24/24,0
08/25/24,0
08/26/24,0
08/27/24,0
08/28/24,0
08/29/24,0
08/30/24,0
08/31/24,26
